Added Component: Designator=C1(CAP_C_0805)
Add component (AddParameter): Name = "Category"; Value = "Capacitor"; VariantName = "[No Variations]"
Add component (AddParameter): Name = "ComponentLink1Description"; Value = "SVN Datasheet"; VariantName = "[No Variations]"
Add component (AddParameter): Name = "ComponentLink1URL"; Value = "https://chn-vm-apps.microchip.com/mchprepo/parts/Datasheets/general_B11.pdf"; VariantName = "[No Variations]"
Add component (AddParameter): Name = "ComponentLink2Description"; Value = "Local Datasheet"; VariantName = "[No Variations]"
Add component (AddParameter): Name = "ComponentLink2URL"; Value = "C:\ALTIUM_WORK\00001_MCHP-CDB\Datasheets\general_B11.pdf"; VariantName = "[No Variations]"
Add component (AddParameter): Name = "ComponentLink3Description"; Value = "Open Symbol"; VariantName = "[No Variations]"
Add component (AddParameter): Name = "ComponentLink3URL"; Value = "C:\ALTIUM_WORK\00001_MCHP-CDB\Library\LibraryRefs\Capacitor NP.SchLib"; VariantName = "[No Variations]"
Add component (AddParameter): Name = "ComponentLink4Description"; Value = "Open Footprint"; VariantName = "[No Variations]"
Add component (AddParameter): Name = "ComponentLink4URL"; Value = "C:\ALTIUM_WORK\00001_MCHP-CDB\Library\Footprints\CAP_C_0805.PcbLib"; VariantName = "[No Variations]"
Add component (AddParameter): Name = "ComponentLink5Description"; Value = "Open Footprint 2"; VariantName = "[No Variations]"
Add component (AddParameter): Name = "ComponentLink6Description"; Value = "Open Footprint 3"; VariantName = "[No Variations]"
Add component (AddParameter): Name = "ComponentLink7Description"; Value = "Open Footprint 4"; VariantName = "[No Variations]"
Add component (AddParameter): Name = "Description_"; Value = "CAP CER 0.1uF 100V 10% X7R SMD 0805"; VariantName = "[No Variations]"
Add component (AddParameter): Name = "Dev Tools Status"; Value = "Production"; VariantName = "[No Variations]"
Add component (AddParameter): Name = "Manufacturer 1"; Value = "AVX"; VariantName = "[No Variations]"
Add component (AddParameter): Name = "Manufacturer 2"; Value = "TDK"; VariantName = "[No Variations]"
Add component (AddParameter): Name = "Manufacturer 3"; Value = "KEMET"; VariantName = "[No Variations]"
Add component (AddParameter): Name = "Manufacturer Part Number 1"; Value = "08051C104K4T2A"; VariantName = "[No Variations]"
Add component (AddParameter): Name = "Manufacturer Part Number 2"; Value = "C2012X7R2A104K"; VariantName = "[No Variations]"
Add component (AddParameter): Name = "Manufacturer Part Number 3"; Value = "C0805C104K1RACTU"; VariantName = "[No Variations]"
Add component (AddParameter): Name = "MCHP-ID"; Value = "CAP0528"; VariantName = "[No Variations]"
Add component (AddParameter): Name = "Operating Temperature"; Value = "-55C to +125C"; VariantName = "[No Variations]"
Add component (AddParameter): Name = "Package"; Value = "0805"; VariantName = "[No Variations]"
Add component (AddParameter): Name = "Populated"; Value = "Yes"; VariantName = "[No Variations]"
Add component (AddParameter): Name = "Quantity Override"; Value = "1"; VariantName = "[No Variations]"
Add component (AddParameter): Name = "Revision"; Value = "1"; VariantName = "[No Variations]"
Add component (AddParameter): Name = "Status"; Value = "MCL Design"; VariantName = "[No Variations]"
Add component (AddParameter): Name = "Supplier 1"; Value = "Digi-Key"; VariantName = "[No Variations]"
Add component (AddParameter): Name = "Supplier 2"; Value = "Digi-Key"; VariantName = "[No Variations]"
Add component (AddParameter): Name = "Supplier 3"; Value = "Digi-Key"; VariantName = "[No Variations]"
Add component (AddParameter): Name = "Supplier Part Number 1"; Value = "478-4525-1-ND"; VariantName = "[No Variations]"
Add component (AddParameter): Name = "Supplier Part Number 2"; Value = "445-1418-1-ND"; VariantName = "[No Variations]"
Add component (AddParameter): Name = "Supplier Part Number 3"; Value = "399-3486-2-ND"; VariantName = "[No Variations]"
Add component (AddParameter): Name = "Symbol"; Value = "Capacitor NP"; VariantName = "[No Variations]"
Add component (AddParameter): Name = "Temperature Coeffcient"; Value = "X7R"; VariantName = "[No Variations]"
Add component (AddParameter): Name = "Tolerance"; Value = "10%"; VariantName = "[No Variations]"
Add component (AddParameter): Name = "Type"; Value = "Ceramic"; VariantName = "[No Variations]"
Add component (AddParameter): Name = "Value"; Value = "0.1uF"; VariantName = "[No Variations]"
Add component (AddParameter): Name = "Voltage"; Value = "100V"; VariantName = "[No Variations]"
Added Component: Designator=C2(CAP_C_0603)
Add component (AddParameter): Name = "BOM Notes"; Value = ""; VariantName = "[No Variations]"
Add component (AddParameter): Name = "Category"; Value = "Capacitor"; VariantName = "[No Variations]"
Add component (AddParameter): Name = "ComponentLink1Description"; Value = "SVN Datasheet"; VariantName = "[No Variations]"
Add component (AddParameter): Name = "ComponentLink1URL"; Value = "https://chn-vm-apps.microchip.com/mchprepo/parts/Datasheets/MLCC_ordering_code.pdf"; VariantName = "[No Variations]"
Add component (AddParameter): Name = "ComponentLink2Description"; Value = "Local Datasheet"; VariantName = "[No Variations]"
Add component (AddParameter): Name = "ComponentLink2URL"; Value = "C:\ALTIUM_WORK\00001_MCHP-CDB\Datasheets\MLCC_ordering_code.pdf"; VariantName = "[No Variations]"
Add component (AddParameter): Name = "ComponentLink3Description"; Value = "Open Symbol"; VariantName = "[No Variations]"
Add component (AddParameter): Name = "ComponentLink3URL"; Value = "C:\ALTIUM_WORK\00001_MCHP-CDB\Library\LibraryRefs\Capacitor NP.SchLib"; VariantName = "[No Variations]"
Add component (AddParameter): Name = "ComponentLink4Description"; Value = "Open Footprint"; VariantName = "[No Variations]"
Add component (AddParameter): Name = "ComponentLink4URL"; Value = "C:\ALTIUM_WORK\00001_MCHP-CDB\Library\Footprints\CAP_C_0603.PcbLib"; VariantName = "[No Variations]"
Add component (AddParameter): Name = "ComponentLink5Description"; Value = "Open Footprint 2"; VariantName = "[No Variations]"
Add component (AddParameter): Name = "ComponentLink6Description"; Value = "Open Footprint 3"; VariantName = "[No Variations]"
Add component (AddParameter): Name = "ComponentLink7Description"; Value = "Open Footprint 4"; VariantName = "[No Variations]"
Add component (AddParameter): Name = "Description_"; Value = "CAP CER 15pF 50V 5% NP0 SMD 0603"; VariantName = "[No Variations]"
Add component (AddParameter): Name = "Dev Tools Status"; Value = "Production"; VariantName = "[No Variations]"
Add component (AddParameter): Name = "Manufacturer 1"; Value = "Yageo"; VariantName = "[No Variations]"
Add component (AddParameter): Name = "Manufacturer 2"; Value = "TDK"; VariantName = "[No Variations]"
Add component (AddParameter): Name = "Manufacturer 3"; Value = "Panasonic"; VariantName = "[No Variations]"
Add component (AddParameter): Name = "Manufacturer Part Number 1"; Value = "CC0603JRNP09BN150"; VariantName = "[No Variations]"
Add component (AddParameter): Name = "Manufacturer Part Number 2"; Value = "C1608C0G1H150J080AA"; VariantName = "[No Variations]"
Add component (AddParameter): Name = "Manufacturer Part Number 3"; Value = "ECJ-1VC1H150J"; VariantName = "[No Variations]"
Add component (AddParameter): Name = "MCHP-ID"; Value = "CAP0121"; VariantName = "[No Variations]"
Add component (AddParameter): Name = "Operating Temperature"; Value = "-55C to +125C"; VariantName = "[No Variations]"
Add component (AddParameter): Name = "Package"; Value = "0603"; VariantName = "[No Variations]"
Add component (AddParameter): Name = "Populated"; Value = "DNP"; VariantName = "[No Variations]"
Add component (AddParameter): Name = "Quantity Override"; Value = "1"; VariantName = "[No Variations]"
Add component (AddParameter): Name = "Revision"; Value = "1"; VariantName = "[No Variations]"
Add component (AddParameter): Name = "Status"; Value = "MCL Design"; VariantName = "[No Variations]"
Add component (AddParameter): Name = "Supplier 1"; Value = "Digi-Key"; VariantName = "[No Variations]"
Add component (AddParameter): Name = "Supplier 2"; Value = "Digi-Key"; VariantName = "[No Variations]"
Add component (AddParameter): Name = "Supplier 3"; Value = "Digi-Key"; VariantName = "[No Variations]"
Add component (AddParameter): Name = "Supplier Part Number 1"; Value = "311-1060-1-ND"; VariantName = "[No Variations]"
Add component (AddParameter): Name = "Supplier Part Number 2"; Value = "445-1271-1-ND"; VariantName = "[No Variations]"
Add component (AddParameter): Name = "Supplier Part Number 3"; Value = "PCC150ACVTR-ND"; VariantName = "[No Variations]"
Add component (AddParameter): Name = "Symbol"; Value = "Capacitor NP"; VariantName = "[No Variations]"
Add component (AddParameter): Name = "Temperature Coefficient"; Value = "NP0"; VariantName = "[No Variations]"
Add component (AddParameter): Name = "Tolerance"; Value = "5%"; VariantName = "[No Variations]"
Add component (AddParameter): Name = "Type"; Value = "Ceramic"; VariantName = "[No Variations]"
Add component (AddParameter): Name = "Value"; Value = "15pF"; VariantName = "[No Variations]"
Add component (AddParameter): Name = "Voltage"; Value = "50V"; VariantName = "[No Variations]"
Added Component: Designator=C3(CAP_RAD_P5D10H25)
Add component (AddParameter): Name = "Category"; Value = "Capacitor"; VariantName = "[No Variations]"
Add component (AddParameter): Name = "ComponentLink1Description"; Value = "SVN Datasheet"; VariantName = "[No Variations]"
Add component (AddParameter): Name = "ComponentLink1URL"; Value = "https://chn-vm-apps.microchip.com/mchprepo/parts/Datasheets/e_zlh"; VariantName = "[No Variations]"
Add component (AddParameter): Name = "ComponentLink2Description"; Value = "Local Datasheet"; VariantName = "[No Variations]"
Add component (AddParameter): Name = "ComponentLink2URL"; Value = "C:\ALTIUM_WORK\00001_MCHP-CDB\Datasheets\e_zlh"; VariantName = "[No Variations]"
Add component (AddParameter): Name = "ComponentLink3Description"; Value = "Open Symbol"; VariantName = "[No Variations]"
Add component (AddParameter): Name = "ComponentLink3URL"; Value = "C:\ALTIUM_WORK\00001_MCHP-CDB\Library\LibraryRefs\Capacitor POL.SchLib"; VariantName = "[No Variations]"
Add component (AddParameter): Name = "ComponentLink4Description"; Value = "Open Footprint"; VariantName = "[No Variations]"
Add component (AddParameter): Name = "ComponentLink4URL"; Value = "C:\ALTIUM_WORK\00001_MCHP-CDB\Library\Footprints\CAP_RAD_P5D10H25.PcbLib"; VariantName = "[No Variations]"
Add component (AddParameter): Name = "ComponentLink5Description"; Value = "Open Footprint 2"; VariantName = "[No Variations]"
Add component (AddParameter): Name = "ComponentLink6Description"; Value = "Open Footprint 3"; VariantName = "[No Variations]"
Add component (AddParameter): Name = "ComponentLink7Description"; Value = "Open Footprint 4"; VariantName = "[No Variations]"
Add component (AddParameter): Name = "Description_"; Value = "CAP ALU 330uF 63V 20% RAD P5.0D10L25"; VariantName = "[No Variations]"
Add component (AddParameter): Name = "Dev Tools Status"; Value = "Design"; VariantName = "[No Variations]"
Add component (AddParameter): Name = "Manufacturer 1"; Value = "Rubycon"; VariantName = "[No Variations]"
Add component (AddParameter): Name = "Manufacturer Part Number 1"; Value = "63ZLH330MEFC10X23"; VariantName = "[No Variations]"
Add component (AddParameter): Name = "MCHP-ID"; Value = "CAP2080"; VariantName = "[No Variations]"
Add component (AddParameter): Name = "Operating Temperature"; Value = "-40°C ~ 105°C"; VariantName = "[No Variations]"
Add component (AddParameter): Name = "Owner"; Value = "Narasimha Murthy"; VariantName = "[No Variations]"
Add component (AddParameter): Name = "Package"; Value = "P5D10H25"; VariantName = "[No Variations]"
Add component (AddParameter): Name = "Populated"; Value = "YES"; VariantName = "[No Variations]"
Add component (AddParameter): Name = "Quantity Override"; Value = "1"; VariantName = "[No Variations]"
Add component (AddParameter): Name = "Revision"; Value = "1"; VariantName = "[No Variations]"
Add component (AddParameter): Name = "Status"; Value = "MCL Design"; VariantName = "[No Variations]"
Add component (AddParameter): Name = "Supplier 1"; Value = "Digi-Key"; VariantName = "[No Variations]"
Add component (AddParameter): Name = "Supplier Part Number 1"; Value = "1189-1766-ND"; VariantName = "[No Variations]"
Add component (AddParameter): Name = "Symbol"; Value = "Capacitor POL"; VariantName = "[No Variations]"
Add component (AddParameter): Name = "Tolerance"; Value = "±20%"; VariantName = "[No Variations]"
Add component (AddParameter): Name = "Type"; Value = "Aluminum"; VariantName = "[No Variations]"
Add component (AddParameter): Name = "Value"; Value = "330uF"; VariantName = "[No Variations]"
Add component (AddParameter): Name = "Voltage"; Value = "63V"; VariantName = "[No Variations]"
Added Component: Designator=C4(CAP_RAD_P5D10H25)
Add component (AddParameter): Name = "Category"; Value = "Capacitor"; VariantName = "[No Variations]"
Add component (AddParameter): Name = "ComponentLink1Description"; Value = "SVN Datasheet"; VariantName = "[No Variations]"
Add component (AddParameter): Name = "ComponentLink1URL"; Value = "https://chn-vm-apps.microchip.com/mchprepo/parts/Datasheets/e_zlh"; VariantName = "[No Variations]"
Add component (AddParameter): Name = "ComponentLink2Description"; Value = "Local Datasheet"; VariantName = "[No Variations]"
Add component (AddParameter): Name = "ComponentLink2URL"; Value = "C:\ALTIUM_WORK\00001_MCHP-CDB\Datasheets\e_zlh"; VariantName = "[No Variations]"
Add component (AddParameter): Name = "ComponentLink3Description"; Value = "Open Symbol"; VariantName = "[No Variations]"
Add component (AddParameter): Name = "ComponentLink3URL"; Value = "C:\ALTIUM_WORK\00001_MCHP-CDB\Library\LibraryRefs\Capacitor POL.SchLib"; VariantName = "[No Variations]"
Add component (AddParameter): Name = "ComponentLink4Description"; Value = "Open Footprint"; VariantName = "[No Variations]"
Add component (AddParameter): Name = "ComponentLink4URL"; Value = "C:\ALTIUM_WORK\00001_MCHP-CDB\Library\Footprints\CAP_RAD_P5D10H25.PcbLib"; VariantName = "[No Variations]"
Add component (AddParameter): Name = "ComponentLink5Description"; Value = "Open Footprint 2"; VariantName = "[No Variations]"
Add component (AddParameter): Name = "ComponentLink6Description"; Value = "Open Footprint 3"; VariantName = "[No Variations]"
Add component (AddParameter): Name = "ComponentLink7Description"; Value = "Open Footprint 4"; VariantName = "[No Variations]"
Add component (AddParameter): Name = "Description_"; Value = "CAP ALU 330uF 63V 20% RAD P5.0D10L25"; VariantName = "[No Variations]"
Add component (AddParameter): Name = "Dev Tools Status"; Value = "Design"; VariantName = "[No Variations]"
Add component (AddParameter): Name = "Manufacturer 1"; Value = "Rubycon"; VariantName = "[No Variations]"
Add component (AddParameter): Name = "Manufacturer Part Number 1"; Value = "63ZLH330MEFC10X23"; VariantName = "[No Variations]"
Add component (AddParameter): Name = "MCHP-ID"; Value = "CAP2080"; VariantName = "[No Variations]"
Add component (AddParameter): Name = "Operating Temperature"; Value = "-40°C ~ 105°C"; VariantName = "[No Variations]"
Add component (AddParameter): Name = "Owner"; Value = "Narasimha Murthy"; VariantName = "[No Variations]"
Add component (AddParameter): Name = "Package"; Value = "P5D10H25"; VariantName = "[No Variations]"
Add component (AddParameter): Name = "Populated"; Value = "YES"; VariantName = "[No Variations]"
Add component (AddParameter): Name = "Quantity Override"; Value = "1"; VariantName = "[No Variations]"
Add component (AddParameter): Name = "Revision"; Value = "1"; VariantName = "[No Variations]"
Add component (AddParameter): Name = "Status"; Value = "MCL Design"; VariantName = "[No Variations]"
Add component (AddParameter): Name = "Supplier 1"; Value = "Digi-Key"; VariantName = "[No Variations]"
Add component (AddParameter): Name = "Supplier Part Number 1"; Value = "1189-1766-ND"; VariantName = "[No Variations]"
Add component (AddParameter): Name = "Symbol"; Value = "Capacitor POL"; VariantName = "[No Variations]"
Add component (AddParameter): Name = "Tolerance"; Value = "±20%"; VariantName = "[No Variations]"
Add component (AddParameter): Name = "Type"; Value = "Aluminum"; VariantName = "[No Variations]"
Add component (AddParameter): Name = "Value"; Value = "330uF"; VariantName = "[No Variations]"
Add component (AddParameter): Name = "Voltage"; Value = "63V"; VariantName = "[No Variations]"
Added Component: Designator=C5(CAP_RAD_P5D10H25)
Add component (AddParameter): Name = "Category"; Value = "Capacitor"; VariantName = "[No Variations]"
Add component (AddParameter): Name = "ComponentLink1Description"; Value = "SVN Datasheet"; VariantName = "[No Variations]"
Add component (AddParameter): Name = "ComponentLink1URL"; Value = "https://chn-vm-apps.microchip.com/mchprepo/parts/Datasheets/e_zlh"; VariantName = "[No Variations]"
Add component (AddParameter): Name = "ComponentLink2Description"; Value = "Local Datasheet"; VariantName = "[No Variations]"
Add component (AddParameter): Name = "ComponentLink2URL"; Value = "C:\ALTIUM_WORK\00001_MCHP-CDB\Datasheets\e_zlh"; VariantName = "[No Variations]"
Add component (AddParameter): Name = "ComponentLink3Description"; Value = "Open Symbol"; VariantName = "[No Variations]"
Add component (AddParameter): Name = "ComponentLink3URL"; Value = "C:\ALTIUM_WORK\00001_MCHP-CDB\Library\LibraryRefs\Capacitor POL.SchLib"; VariantName = "[No Variations]"
Add component (AddParameter): Name = "ComponentLink4Description"; Value = "Open Footprint"; VariantName = "[No Variations]"
Add component (AddParameter): Name = "ComponentLink4URL"; Value = "C:\ALTIUM_WORK\00001_MCHP-CDB\Library\Footprints\CAP_RAD_P5D10H25.PcbLib"; VariantName = "[No Variations]"
Add component (AddParameter): Name = "ComponentLink5Description"; Value = "Open Footprint 2"; VariantName = "[No Variations]"
Add component (AddParameter): Name = "ComponentLink6Description"; Value = "Open Footprint 3"; VariantName = "[No Variations]"
Add component (AddParameter): Name = "ComponentLink7Description"; Value = "Open Footprint 4"; VariantName = "[No Variations]"
Add component (AddParameter): Name = "Description_"; Value = "CAP ALU 330uF 63V 20% RAD P5.0D10L25"; VariantName = "[No Variations]"
Add component (AddParameter): Name = "Dev Tools Status"; Value = "Design"; VariantName = "[No Variations]"
Add component (AddParameter): Name = "Manufacturer 1"; Value = "Rubycon"; VariantName = "[No Variations]"
Add component (AddParameter): Name = "Manufacturer Part Number 1"; Value = "63ZLH330MEFC10X23"; VariantName = "[No Variations]"
Add component (AddParameter): Name = "MCHP-ID"; Value = "CAP2080"; VariantName = "[No Variations]"
Add component (AddParameter): Name = "Operating Temperature"; Value = "-40°C ~ 105°C"; VariantName = "[No Variations]"
Add component (AddParameter): Name = "Owner"; Value = "Narasimha Murthy"; VariantName = "[No Variations]"
Add component (AddParameter): Name = "Package"; Value = "P5D10H25"; VariantName = "[No Variations]"
Add component (AddParameter): Name = "Populated"; Value = "YES"; VariantName = "[No Variations]"
Add component (AddParameter): Name = "Quantity Override"; Value = "1"; VariantName = "[No Variations]"
Add component (AddParameter): Name = "Revision"; Value = "1"; VariantName = "[No Variations]"
Add component (AddParameter): Name = "Status"; Value = "MCL Design"; VariantName = "[No Variations]"
Add component (AddParameter): Name = "Supplier 1"; Value = "Digi-Key"; VariantName = "[No Variations]"
Add component (AddParameter): Name = "Supplier Part Number 1"; Value = "1189-1766-ND"; VariantName = "[No Variations]"
Add component (AddParameter): Name = "Symbol"; Value = "Capacitor POL"; VariantName = "[No Variations]"
Add component (AddParameter): Name = "Tolerance"; Value = "±20%"; VariantName = "[No Variations]"
Add component (AddParameter): Name = "Type"; Value = "Aluminum"; VariantName = "[No Variations]"
Add component (AddParameter): Name = "Value"; Value = "330uF"; VariantName = "[No Variations]"
Add component (AddParameter): Name = "Voltage"; Value = "63V"; VariantName = "[No Variations]"
Added Component: Designator=C6(CAP_C_0805)
Add component (AddParameter): Name = "Category"; Value = "Capacitor"; VariantName = "[No Variations]"
Add component (AddParameter): Name = "ComponentLink1Description"; Value = "SVN Datasheet"; VariantName = "[No Variations]"
Add component (AddParameter): Name = "ComponentLink1URL"; Value = "https://chn-vm-apps.microchip.com/mchprepo/parts/Datasheets/general_B11.pdf"; VariantName = "[No Variations]"
Add component (AddParameter): Name = "ComponentLink2Description"; Value = "Local Datasheet"; VariantName = "[No Variations]"
Add component (AddParameter): Name = "ComponentLink2URL"; Value = "C:\ALTIUM_WORK\00001_MCHP-CDB\Datasheets\general_B11.pdf"; VariantName = "[No Variations]"
Add component (AddParameter): Name = "ComponentLink3Description"; Value = "Open Symbol"; VariantName = "[No Variations]"
Add component (AddParameter): Name = "ComponentLink3URL"; Value = "C:\ALTIUM_WORK\00001_MCHP-CDB\Library\LibraryRefs\Capacitor NP.SchLib"; VariantName = "[No Variations]"
Add component (AddParameter): Name = "ComponentLink4Description"; Value = "Open Footprint"; VariantName = "[No Variations]"
Add component (AddParameter): Name = "ComponentLink4URL"; Value = "C:\ALTIUM_WORK\00001_MCHP-CDB\Library\Footprints\CAP_C_0805.PcbLib"; VariantName = "[No Variations]"
Add component (AddParameter): Name = "ComponentLink5Description"; Value = "Open Footprint 2"; VariantName = "[No Variations]"
Add component (AddParameter): Name = "ComponentLink6Description"; Value = "Open Footprint 3"; VariantName = "[No Variations]"
Add component (AddParameter): Name = "ComponentLink7Description"; Value = "Open Footprint 4"; VariantName = "[No Variations]"
Add component (AddParameter): Name = "Description_"; Value = "CAP CER 0.1uF 100V 10% X7R SMD 0805"; VariantName = "[No Variations]"
Add component (AddParameter): Name = "Dev Tools Status"; Value = "Production"; VariantName = "[No Variations]"
Add component (AddParameter): Name = "Manufacturer 1"; Value = "AVX"; VariantName = "[No Variations]"
Add component (AddParameter): Name = "Manufacturer 2"; Value = "TDK"; VariantName = "[No Variations]"
Add component (AddParameter): Name = "Manufacturer 3"; Value = "KEMET"; VariantName = "[No Variations]"
Add component (AddParameter): Name = "Manufacturer Part Number 1"; Value = "08051C104K4T2A"; VariantName = "[No Variations]"
Add component (AddParameter): Name = "Manufacturer Part Number 2"; Value = "C2012X7R2A104K"; VariantName = "[No Variations]"
Add component (AddParameter): Name = "Manufacturer Part Number 3"; Value = "C0805C104K1RACTU"; VariantName = "[No Variations]"
Add component (AddParameter): Name = "MCHP-ID"; Value = "CAP0528"; VariantName = "[No Variations]"
Add component (AddParameter): Name = "Operating Temperature"; Value = "-55C to +125C"; VariantName = "[No Variations]"
Add component (AddParameter): Name = "Package"; Value = "0805"; VariantName = "[No Variations]"
Add component (AddParameter): Name = "Populated"; Value = "Yes"; VariantName = "[No Variations]"
Add component (AddParameter): Name = "Quantity Override"; Value = "1"; VariantName = "[No Variations]"
Add component (AddParameter): Name = "Revision"; Value = "1"; VariantName = "[No Variations]"
Add component (AddParameter): Name = "Status"; Value = "MCL Design"; VariantName = "[No Variations]"
Add component (AddParameter): Name = "Supplier 1"; Value = "Digi-Key"; VariantName = "[No Variations]"
Add component (AddParameter): Name = "Supplier 2"; Value = "Digi-Key"; VariantName = "[No Variations]"
Add component (AddParameter): Name = "Supplier 3"; Value = "Digi-Key"; VariantName = "[No Variations]"
Add component (AddParameter): Name = "Supplier Part Number 1"; Value = "478-4525-1-ND"; VariantName = "[No Variations]"
Add component (AddParameter): Name = "Supplier Part Number 2"; Value = "445-1418-1-ND"; VariantName = "[No Variations]"
Add component (AddParameter): Name = "Supplier Part Number 3"; Value = "399-3486-2-ND"; VariantName = "[No Variations]"
Add component (AddParameter): Name = "Symbol"; Value = "Capacitor NP"; VariantName = "[No Variations]"
Add component (AddParameter): Name = "Temperature Coeffcient"; Value = "X7R"; VariantName = "[No Variations]"
Add component (AddParameter): Name = "Tolerance"; Value = "10%"; VariantName = "[No Variations]"
Add component (AddParameter): Name = "Type"; Value = "Ceramic"; VariantName = "[No Variations]"
Add component (AddParameter): Name = "Value"; Value = "0.1uF"; VariantName = "[No Variations]"
Add component (AddParameter): Name = "Voltage"; Value = "100V"; VariantName = "[No Variations]"
Added Component: Designator=C7(CAP_C_1210)
Add component (AddParameter): Name = "BOM Notes"; Value = ""; VariantName = "[No Variations]"
Add component (AddParameter): Name = "Category"; Value = "Capacitor"; VariantName = "[No Variations]"
Add component (AddParameter): Name = "ComponentLink1Description"; Value = "SVN Datasheet"; VariantName = "[No Variations]"
Add component (AddParameter): Name = "ComponentLink1URL"; Value = "https://chn-vm-apps.microchip.com/mchprepo/parts/Datasheets/CL32B106KMVNNWE_Spec.pdf"; VariantName = "[No Variations]"
Add component (AddParameter): Name = "ComponentLink2Description"; Value = "Local Datasheet"; VariantName = "[No Variations]"
Add component (AddParameter): Name = "ComponentLink2URL"; Value = "C:\ALTIUM_WORK\00001_MCHP-CDB\Datasheets\CL32B106KMVNNWE_Spec.pdf"; VariantName = "[No Variations]"
Add component (AddParameter): Name = "ComponentLink3Description"; Value = "Open Symbol"; VariantName = "[No Variations]"
Add component (AddParameter): Name = "ComponentLink3URL"; Value = "C:\ALTIUM_WORK\00001_MCHP-CDB\Library\LibraryRefs\Capacitor NP.SchLib"; VariantName = "[No Variations]"
Add component (AddParameter): Name = "ComponentLink4Description"; Value = "Open Footprint"; VariantName = "[No Variations]"
Add component (AddParameter): Name = "ComponentLink4URL"; Value = "C:\ALTIUM_WORK\00001_MCHP-CDB\Library\Footprints\CAP_C_1210.PcbLib"; VariantName = "[No Variations]"
Add component (AddParameter): Name = "ComponentLink5Description"; Value = "Open Footprint 2"; VariantName = "[No Variations]"
Add component (AddParameter): Name = "ComponentLink6Description"; Value = "Open Footprint 3"; VariantName = "[No Variations]"
Add component (AddParameter): Name = "ComponentLink7Description"; Value = "Open Footprint 4"; VariantName = "[No Variations]"
Add component (AddParameter): Name = "Description_"; Value = "CAP CER 10uF 63V 10% X7R SMD 1210"; VariantName = "[No Variations]"
Add component (AddParameter): Name = "Dev Tools Status"; Value = "Design"; VariantName = "[No Variations]"
Add component (AddParameter): Name = "Manufacturer 1"; Value = "Samsung Electro-Mechanics"; VariantName = "[No Variations]"
Add component (AddParameter): Name = "Manufacturer Part Number 1"; Value = "CL32B106KMVNNWE"; VariantName = "[No Variations]"
Add component (AddParameter): Name = "MCHP-ID"; Value = "CAP2578"; VariantName = "[No Variations]"
Add component (AddParameter): Name = "Operating Temperature"; Value = "-55C to +125C"; VariantName = "[No Variations]"
Add component (AddParameter): Name = "Owner"; Value = "Narasimha Murthy"; VariantName = "[No Variations]"
Add component (AddParameter): Name = "Package"; Value = "1210"; VariantName = "[No Variations]"
Add component (AddParameter): Name = "Populated"; Value = "YES"; VariantName = "[No Variations]"
Add component (AddParameter): Name = "Quantity Override"; Value = "1"; VariantName = "[No Variations]"
Add component (AddParameter): Name = "Revision"; Value = "1"; VariantName = "[No Variations]"
Add component (AddParameter): Name = "Status"; Value = "MCL Design"; VariantName = "[No Variations]"
Add component (AddParameter): Name = "Supplier 1"; Value = "Digi-Key"; VariantName = "[No Variations]"
Add component (AddParameter): Name = "Supplier Part Number 1"; Value = "1276-7053-1-ND"; VariantName = "[No Variations]"
Add component (AddParameter): Name = "Symbol"; Value = "Capacitor NP"; VariantName = "[No Variations]"
Add component (AddParameter): Name = "Temperature Coefficient"; Value = "X7R"; VariantName = "[No Variations]"
Add component (AddParameter): Name = "Tolerance"; Value = "10%"; VariantName = "[No Variations]"
Add component (AddParameter): Name = "Type"; Value = "Ceramic"; VariantName = "[No Variations]"
Add component (AddParameter): Name = "Value"; Value = "10uF"; VariantName = "[No Variations]"
Add component (AddParameter): Name = "Voltage"; Value = "63V"; VariantName = "[No Variations]"
Added Component: Designator=C8(CAP_C_1210)
Add component (AddParameter): Name = "BOM Notes"; Value = ""; VariantName = "[No Variations]"
Add component (AddParameter): Name = "Category"; Value = "Capacitor"; VariantName = "[No Variations]"
Add component (AddParameter): Name = "ComponentLink1Description"; Value = "SVN Datasheet"; VariantName = "[No Variations]"
Add component (AddParameter): Name = "ComponentLink1URL"; Value = "https://chn-vm-apps.microchip.com/mchprepo/parts/Datasheets/CL32B106KMVNNWE_Spec.pdf"; VariantName = "[No Variations]"
Add component (AddParameter): Name = "ComponentLink2Description"; Value = "Local Datasheet"; VariantName = "[No Variations]"
Add component (AddParameter): Name = "ComponentLink2URL"; Value = "C:\ALTIUM_WORK\00001_MCHP-CDB\Datasheets\CL32B106KMVNNWE_Spec.pdf"; VariantName = "[No Variations]"
Add component (AddParameter): Name = "ComponentLink3Description"; Value = "Open Symbol"; VariantName = "[No Variations]"
Add component (AddParameter): Name = "ComponentLink3URL"; Value = "C:\ALTIUM_WORK\00001_MCHP-CDB\Library\LibraryRefs\Capacitor NP.SchLib"; VariantName = "[No Variations]"
Add component (AddParameter): Name = "ComponentLink4Description"; Value = "Open Footprint"; VariantName = "[No Variations]"
Add component (AddParameter): Name = "ComponentLink4URL"; Value = "C:\ALTIUM_WORK\00001_MCHP-CDB\Library\Footprints\CAP_C_1210.PcbLib"; VariantName = "[No Variations]"
Add component (AddParameter): Name = "ComponentLink5Description"; Value = "Open Footprint 2"; VariantName = "[No Variations]"
Add component (AddParameter): Name = "ComponentLink6Description"; Value = "Open Footprint 3"; VariantName = "[No Variations]"
Add component (AddParameter): Name = "ComponentLink7Description"; Value = "Open Footprint 4"; VariantName = "[No Variations]"
Add component (AddParameter): Name = "Description_"; Value = "CAP CER 10uF 63V 10% X7R SMD 1210"; VariantName = "[No Variations]"
Add component (AddParameter): Name = "Dev Tools Status"; Value = "Design"; VariantName = "[No Variations]"
Add component (AddParameter): Name = "Manufacturer 1"; Value = "Samsung Electro-Mechanics"; VariantName = "[No Variations]"
Add component (AddParameter): Name = "Manufacturer Part Number 1"; Value = "CL32B106KMVNNWE"; VariantName = "[No Variations]"
Add component (AddParameter): Name = "MCHP-ID"; Value = "CAP2578"; VariantName = "[No Variations]"
Add component (AddParameter): Name = "Operating Temperature"; Value = "-55C to +125C"; VariantName = "[No Variations]"
Add component (AddParameter): Name = "Owner"; Value = "Narasimha Murthy"; VariantName = "[No Variations]"
Add component (AddParameter): Name = "Package"; Value = "1210"; VariantName = "[No Variations]"
Add component (AddParameter): Name = "Populated"; Value = "YES"; VariantName = "[No Variations]"
Add component (AddParameter): Name = "Quantity Override"; Value = "1"; VariantName = "[No Variations]"
Add component (AddParameter): Name = "Revision"; Value = "1"; VariantName = "[No Variations]"
Add component (AddParameter): Name = "Status"; Value = "MCL Design"; VariantName = "[No Variations]"
Add component (AddParameter): Name = "Supplier 1"; Value = "Digi-Key"; VariantName = "[No Variations]"
Add component (AddParameter): Name = "Supplier Part Number 1"; Value = "1276-7053-1-ND"; VariantName = "[No Variations]"
Add component (AddParameter): Name = "Symbol"; Value = "Capacitor NP"; VariantName = "[No Variations]"
Add component (AddParameter): Name = "Temperature Coefficient"; Value = "X7R"; VariantName = "[No Variations]"
Add component (AddParameter): Name = "Tolerance"; Value = "10%"; VariantName = "[No Variations]"
Add component (AddParameter): Name = "Type"; Value = "Ceramic"; VariantName = "[No Variations]"
Add component (AddParameter): Name = "Value"; Value = "10uF"; VariantName = "[No Variations]"
Add component (AddParameter): Name = "Voltage"; Value = "63V"; VariantName = "[No Variations]"
Added Component: Designator=C9(CAP_C_0603)
Add component (AddParameter): Name = "Category"; Value = "Capacitor"; VariantName = "[No Variations]"
Add component (AddParameter): Name = "ComponentLink1Description"; Value = "SVN Datasheet"; VariantName = "[No Variations]"
Add component (AddParameter): Name = "ComponentLink1URL"; Value = "https://chn-vm-apps.microchip.com/mchprepo/parts/Datasheets/nmc2.pdf"; VariantName = "[No Variations]"
Add component (AddParameter): Name = "ComponentLink2Description"; Value = "Local Datasheet"; VariantName = "[No Variations]"
Add component (AddParameter): Name = "ComponentLink2URL"; Value = "C:\ALTIUM_WORK\00001_MCHP-CDB\Datasheets\nmc2.pdf"; VariantName = "[No Variations]"
Add component (AddParameter): Name = "ComponentLink3Description"; Value = "Open Symbol"; VariantName = "[No Variations]"
Add component (AddParameter): Name = "ComponentLink3URL"; Value = "C:\ALTIUM_WORK\00001_MCHP-CDB\Library\LibraryRefs\Capacitor NP.SchLib"; VariantName = "[No Variations]"
Add component (AddParameter): Name = "ComponentLink4Description"; Value = "Open Footprint"; VariantName = "[No Variations]"
Add component (AddParameter): Name = "ComponentLink4URL"; Value = "C:\ALTIUM_WORK\00001_MCHP-CDB\Library\Footprints\CAP_C_0603.PcbLib"; VariantName = "[No Variations]"
Add component (AddParameter): Name = "ComponentLink5Description"; Value = "Open Footprint 2"; VariantName = "[No Variations]"
Add component (AddParameter): Name = "ComponentLink6Description"; Value = "Open Footprint 3"; VariantName = "[No Variations]"
Add component (AddParameter): Name = "ComponentLink7Description"; Value = "Open Footprint 4"; VariantName = "[No Variations]"
Add component (AddParameter): Name = "Description_"; Value = "CAP CER 0.1uF 16V 10% X7R SMD 0603"; VariantName = "[No Variations]"
Add component (AddParameter): Name = "Dev Tools Status"; Value = "Production"; VariantName = "[No Variations]"
Add component (AddParameter): Name = "Manufacturer 1"; Value = "Taiyo Yuden"; VariantName = "[No Variations]"
Add component (AddParameter): Name = "Manufacturer 2"; Value = "Wurth Electronics Inc"; VariantName = "[No Variations]"
Add component (AddParameter): Name = "Manufacturer 3"; Value = "Samsung"; VariantName = "[No Variations]"
Add component (AddParameter): Name = "Manufacturer 4"; Value = "AVX"; VariantName = "[No Variations]"
Add component (AddParameter): Name = "Manufacturer 5"; Value = "Murata"; VariantName = "[No Variations]"
Add component (AddParameter): Name = "Manufacturer 6"; Value = "Yageo"; VariantName = "[No Variations]"
Add component (AddParameter): Name = "Manufacturer 7"; Value = "Taiyo Yuden"; VariantName = "[No Variations]"
Add component (AddParameter): Name = "Manufacturer 8"; Value = "Murata Electronics North America"; VariantName = "[No Variations]"
Add component (AddParameter): Name = "Manufacturer Part Number 1"; Value = "EMK107B7104KA-T"; VariantName = "[No Variations]"
Add component (AddParameter): Name = "Manufacturer Part Number 2"; Value = "885012206046"; VariantName = "[No Variations]"
Add component (AddParameter): Name = "Manufacturer Part Number 3"; Value = "CL10B104KO8NNNC"; VariantName = "[No Variations]"
Add component (AddParameter): Name = "Manufacturer Part Number 4"; Value = "0603YC104KAT2A"; VariantName = "[No Variations]"
Add component (AddParameter): Name = "Manufacturer Part Number 5"; Value = "GRM188R71C104KA01D"; VariantName = "[No Variations]"
Add component (AddParameter): Name = "Manufacturer Part Number 6"; Value = "CC0603KRX7R7BB104"; VariantName = "[No Variations]"
Add component (AddParameter): Name = "Manufacturer Part Number 7"; Value = "EMK107B7104KA-T"; VariantName = "[No Variations]"
Add component (AddParameter): Name = "Manufacturer Part Number 8"; Value = "GCM188R71C104KA37D"; VariantName = "[No Variations]"
Add component (AddParameter): Name = "MCHP-ID"; Value = "CAP0011"; VariantName = "[No Variations]"
Add component (AddParameter): Name = "Operating Temperature"; Value = "-55C to +125C"; VariantName = "[No Variations]"
Add component (AddParameter): Name = "Owner"; Value = "Cristian Papuc"; VariantName = "[No Variations]"
Add component (AddParameter): Name = "Package"; Value = "0603"; VariantName = "[No Variations]"
Add component (AddParameter): Name = "Populated"; Value = "YES"; VariantName = "[No Variations]"
Add component (AddParameter): Name = "Quantity Override"; Value = "1"; VariantName = "[No Variations]"
Add component (AddParameter): Name = "Revision"; Value = "3"; VariantName = "[No Variations]"
Add component (AddParameter): Name = "Status"; Value = "MCL Design"; VariantName = "[No Variations]"
Add component (AddParameter): Name = "Supplier 1"; Value = "Digi-Key"; VariantName = "[No Variations]"
Add component (AddParameter): Name = "Supplier 2"; Value = "Digi-Key"; VariantName = "[No Variations]"
Add component (AddParameter): Name = "Supplier 3"; Value = "Digi-Key"; VariantName = "[No Variations]"
Add component (AddParameter): Name = "Supplier 4"; Value = "Digi-Key"; VariantName = "[No Variations]"
Add component (AddParameter): Name = "Supplier 5"; Value = "Digi-Key"; VariantName = "[No Variations]"
Add component (AddParameter): Name = "Supplier 6"; Value = "Digi-Key"; VariantName = "[No Variations]"
Add component (AddParameter): Name = "Supplier 7"; Value = "Newark"; VariantName = "[No Variations]"
Add component (AddParameter): Name = "Supplier 8"; Value = "Digi-Key"; VariantName = "[No Variations]"
Add component (AddParameter): Name = "Supplier Part Number 1"; Value = "587-1240-1-ND"; VariantName = "[No Variations]"
Add component (AddParameter): Name = "Supplier Part Number 2"; Value = "732-7965-1-ND"; VariantName = "[No Variations]"
Add component (AddParameter): Name = "Supplier Part Number 3"; Value = "1276-1005-1-ND"; VariantName = "[No Variations]"
Add component (AddParameter): Name = "Supplier Part Number 4"; Value = "478-1239-1-ND"; VariantName = "[No Variations]"
Add component (AddParameter): Name = "Supplier Part Number 5"; Value = "490-1532-1-ND"; VariantName = "[No Variations]"
Add component (AddParameter): Name = "Supplier Part Number 6"; Value = "311-1088-1-ND"; VariantName = "[No Variations]"
Add component (AddParameter): Name = "Supplier Part Number 7"; Value = "86H5248"; VariantName = "[No Variations]"
Add component (AddParameter): Name = "Supplier Part Number 8"; Value = "490-4774-1-ND"; VariantName = "[No Variations]"
Add component (AddParameter): Name = "Symbol"; Value = "Capacitor NP"; VariantName = "[No Variations]"
Add component (AddParameter): Name = "Temperature Coeffcient"; Value = "X7R"; VariantName = "[No Variations]"
Add component (AddParameter): Name = "Tolerance"; Value = "10%"; VariantName = "[No Variations]"
Add component (AddParameter): Name = "Type"; Value = "Ceramic"; VariantName = "[No Variations]"
Add component (AddParameter): Name = "Value"; Value = "0.1uF"; VariantName = "[No Variations]"
Add component (AddParameter): Name = "Voltage"; Value = "16V"; VariantName = "[No Variations]"
Added Component: Designator=C10(CAP_C_1210)
Add component (AddParameter): Name = "BOM Notes"; Value = ""; VariantName = "[No Variations]"
Add component (AddParameter): Name = "Category"; Value = "Capacitor"; VariantName = "[No Variations]"
Add component (AddParameter): Name = "ComponentLink1Description"; Value = "SVN Datasheet"; VariantName = "[No Variations]"
Add component (AddParameter): Name = "ComponentLink1URL"; Value = "https://chn-vm-apps.microchip.com/mchprepo/parts/Datasheets/CL32B106KMVNNWE_Spec.pdf"; VariantName = "[No Variations]"
Add component (AddParameter): Name = "ComponentLink2Description"; Value = "Local Datasheet"; VariantName = "[No Variations]"
Add component (AddParameter): Name = "ComponentLink2URL"; Value = "C:\ALTIUM_WORK\00001_MCHP-CDB\Datasheets\CL32B106KMVNNWE_Spec.pdf"; VariantName = "[No Variations]"
Add component (AddParameter): Name = "ComponentLink3Description"; Value = "Open Symbol"; VariantName = "[No Variations]"
Add component (AddParameter): Name = "ComponentLink3URL"; Value = "C:\ALTIUM_WORK\00001_MCHP-CDB\Library\LibraryRefs\Capacitor NP.SchLib"; VariantName = "[No Variations]"
Add component (AddParameter): Name = "ComponentLink4Description"; Value = "Open Footprint"; VariantName = "[No Variations]"
Add component (AddParameter): Name = "ComponentLink4URL"; Value = "C:\ALTIUM_WORK\00001_MCHP-CDB\Library\Footprints\CAP_C_1210.PcbLib"; VariantName = "[No Variations]"
Add component (AddParameter): Name = "ComponentLink5Description"; Value = "Open Footprint 2"; VariantName = "[No Variations]"
Add component (AddParameter): Name = "ComponentLink6Description"; Value = "Open Footprint 3"; VariantName = "[No Variations]"
Add component (AddParameter): Name = "ComponentLink7Description"; Value = "Open Footprint 4"; VariantName = "[No Variations]"
Add component (AddParameter): Name = "Description_"; Value = "CAP CER 10uF 63V 10% X7R SMD 1210"; VariantName = "[No Variations]"
Add component (AddParameter): Name = "Dev Tools Status"; Value = "Design"; VariantName = "[No Variations]"
Add component (AddParameter): Name = "Manufacturer 1"; Value = "Samsung Electro-Mechanics"; VariantName = "[No Variations]"
Add component (AddParameter): Name = "Manufacturer Part Number 1"; Value = "CL32B106KMVNNWE"; VariantName = "[No Variations]"
Add component (AddParameter): Name = "MCHP-ID"; Value = "CAP2578"; VariantName = "[No Variations]"
Add component (AddParameter): Name = "Operating Temperature"; Value = "-55C to +125C"; VariantName = "[No Variations]"
Add component (AddParameter): Name = "Owner"; Value = "Narasimha Murthy"; VariantName = "[No Variations]"
Add component (AddParameter): Name = "Package"; Value = "1210"; VariantName = "[No Variations]"
Add component (AddParameter): Name = "Populated"; Value = "YES"; VariantName = "[No Variations]"
Add component (AddParameter): Name = "Quantity Override"; Value = "1"; VariantName = "[No Variations]"
Add component (AddParameter): Name = "Revision"; Value = "1"; VariantName = "[No Variations]"
Add component (AddParameter): Name = "Status"; Value = "MCL Design"; VariantName = "[No Variations]"
Add component (AddParameter): Name = "Supplier 1"; Value = "Digi-Key"; VariantName = "[No Variations]"
Add component (AddParameter): Name = "Supplier Part Number 1"; Value = "1276-7053-1-ND"; VariantName = "[No Variations]"
Add component (AddParameter): Name = "Symbol"; Value = "Capacitor NP"; VariantName = "[No Variations]"
Add component (AddParameter): Name = "Temperature Coefficient"; Value = "X7R"; VariantName = "[No Variations]"
Add component (AddParameter): Name = "Tolerance"; Value = "10%"; VariantName = "[No Variations]"
Add component (AddParameter): Name = "Type"; Value = "Ceramic"; VariantName = "[No Variations]"
Add component (AddParameter): Name = "Value"; Value = "10uF"; VariantName = "[No Variations]"
Add component (AddParameter): Name = "Voltage"; Value = "63V"; VariantName = "[No Variations]"
Added Component: Designator=C11(CAP_C_0603)
Add component (AddParameter): Name = "Category"; Value = "Capacitor"; VariantName = "[No Variations]"
Add component (AddParameter): Name = "ComponentLink1Description"; Value = "SVN Datasheet"; VariantName = "[No Variations]"
Add component (AddParameter): Name = "ComponentLink1URL"; Value = "https://chn-vm-apps.microchip.com/mchprepo/parts/Datasheets/nmc2.pdf"; VariantName = "[No Variations]"
Add component (AddParameter): Name = "ComponentLink2Description"; Value = "Local Datasheet"; VariantName = "[No Variations]"
Add component (AddParameter): Name = "ComponentLink2URL"; Value = "C:\ALTIUM_WORK\00001_MCHP-CDB\Datasheets\nmc2.pdf"; VariantName = "[No Variations]"
Add component (AddParameter): Name = "ComponentLink3Description"; Value = "Open Symbol"; VariantName = "[No Variations]"
Add component (AddParameter): Name = "ComponentLink3URL"; Value = "C:\ALTIUM_WORK\00001_MCHP-CDB\Library\LibraryRefs\Capacitor NP.SchLib"; VariantName = "[No Variations]"
Add component (AddParameter): Name = "ComponentLink4Description"; Value = "Open Footprint"; VariantName = "[No Variations]"
Add component (AddParameter): Name = "ComponentLink4URL"; Value = "C:\ALTIUM_WORK\00001_MCHP-CDB\Library\Footprints\CAP_C_0603.PcbLib"; VariantName = "[No Variations]"
Add component (AddParameter): Name = "ComponentLink5Description"; Value = "Open Footprint 2"; VariantName = "[No Variations]"
Add component (AddParameter): Name = "ComponentLink6Description"; Value = "Open Footprint 3"; VariantName = "[No Variations]"
Add component (AddParameter): Name = "ComponentLink7Description"; Value = "Open Footprint 4"; VariantName = "[No Variations]"
Add component (AddParameter): Name = "Description_"; Value = "CAP CER 0.1uF 16V 10% X7R SMD 0603"; VariantName = "[No Variations]"
Add component (AddParameter): Name = "Dev Tools Status"; Value = "Production"; VariantName = "[No Variations]"
Add component (AddParameter): Name = "Manufacturer 1"; Value = "Taiyo Yuden"; VariantName = "[No Variations]"
Add component (AddParameter): Name = "Manufacturer 2"; Value = "Wurth Electronics Inc"; VariantName = "[No Variations]"
Add component (AddParameter): Name = "Manufacturer 3"; Value = "Samsung"; VariantName = "[No Variations]"
Add component (AddParameter): Name = "Manufacturer 4"; Value = "AVX"; VariantName = "[No Variations]"
Add component (AddParameter): Name = "Manufacturer 5"; Value = "Murata"; VariantName = "[No Variations]"
Add component (AddParameter): Name = "Manufacturer 6"; Value = "Yageo"; VariantName = "[No Variations]"
Add component (AddParameter): Name = "Manufacturer 7"; Value = "Taiyo Yuden"; VariantName = "[No Variations]"
Add component (AddParameter): Name = "Manufacturer 8"; Value = "Murata Electronics North America"; VariantName = "[No Variations]"
Add component (AddParameter): Name = "Manufacturer Part Number 1"; Value = "EMK107B7104KA-T"; VariantName = "[No Variations]"
Add component (AddParameter): Name = "Manufacturer Part Number 2"; Value = "885012206046"; VariantName = "[No Variations]"
Add component (AddParameter): Name = "Manufacturer Part Number 3"; Value = "CL10B104KO8NNNC"; VariantName = "[No Variations]"
Add component (AddParameter): Name = "Manufacturer Part Number 4"; Value = "0603YC104KAT2A"; VariantName = "[No Variations]"
Add component (AddParameter): Name = "Manufacturer Part Number 5"; Value = "GRM188R71C104KA01D"; VariantName = "[No Variations]"
Add component (AddParameter): Name = "Manufacturer Part Number 6"; Value = "CC0603KRX7R7BB104"; VariantName = "[No Variations]"
Add component (AddParameter): Name = "Manufacturer Part Number 7"; Value = "EMK107B7104KA-T"; VariantName = "[No Variations]"
Add component (AddParameter): Name = "Manufacturer Part Number 8"; Value = "GCM188R71C104KA37D"; VariantName = "[No Variations]"
Add component (AddParameter): Name = "MCHP-ID"; Value = "CAP0011"; VariantName = "[No Variations]"
Add component (AddParameter): Name = "Operating Temperature"; Value = "-55C to +125C"; VariantName = "[No Variations]"
Add component (AddParameter): Name = "Owner"; Value = "Cristian Papuc"; VariantName = "[No Variations]"
Add component (AddParameter): Name = "Package"; Value = "0603"; VariantName = "[No Variations]"
Add component (AddParameter): Name = "Populated"; Value = "YES"; VariantName = "[No Variations]"
Add component (AddParameter): Name = "Quantity Override"; Value = "1"; VariantName = "[No Variations]"
Add component (AddParameter): Name = "Revision"; Value = "3"; VariantName = "[No Variations]"
Add component (AddParameter): Name = "Status"; Value = "MCL Design"; VariantName = "[No Variations]"
Add component (AddParameter): Name = "Supplier 1"; Value = "Digi-Key"; VariantName = "[No Variations]"
Add component (AddParameter): Name = "Supplier 2"; Value = "Digi-Key"; VariantName = "[No Variations]"
Add component (AddParameter): Name = "Supplier 3"; Value = "Digi-Key"; VariantName = "[No Variations]"
Add component (AddParameter): Name = "Supplier 4"; Value = "Digi-Key"; VariantName = "[No Variations]"
Add component (AddParameter): Name = "Supplier 5"; Value = "Digi-Key"; VariantName = "[No Variations]"
Add component (AddParameter): Name = "Supplier 6"; Value = "Digi-Key"; VariantName = "[No Variations]"
Add component (AddParameter): Name = "Supplier 7"; Value = "Newark"; VariantName = "[No Variations]"
Add component (AddParameter): Name = "Supplier 8"; Value = "Digi-Key"; VariantName = "[No Variations]"
Add component (AddParameter): Name = "Supplier Part Number 1"; Value = "587-1240-1-ND"; VariantName = "[No Variations]"
Add component (AddParameter): Name = "Supplier Part Number 2"; Value = "732-7965-1-ND"; VariantName = "[No Variations]"
Add component (AddParameter): Name = "Supplier Part Number 3"; Value = "1276-1005-1-ND"; VariantName = "[No Variations]"
Add component (AddParameter): Name = "Supplier Part Number 4"; Value = "478-1239-1-ND"; VariantName = "[No Variations]"
Add component (AddParameter): Name = "Supplier Part Number 5"; Value = "490-1532-1-ND"; VariantName = "[No Variations]"
Add component (AddParameter): Name = "Supplier Part Number 6"; Value = "311-1088-1-ND"; VariantName = "[No Variations]"
Add component (AddParameter): Name = "Supplier Part Number 7"; Value = "86H5248"; VariantName = "[No Variations]"
Add component (AddParameter): Name = "Supplier Part Number 8"; Value = "490-4774-1-ND"; VariantName = "[No Variations]"
Add component (AddParameter): Name = "Symbol"; Value = "Capacitor NP"; VariantName = "[No Variations]"
Add component (AddParameter): Name = "Temperature Coeffcient"; Value = "X7R"; VariantName = "[No Variations]"
Add component (AddParameter): Name = "Tolerance"; Value = "10%"; VariantName = "[No Variations]"
Add component (AddParameter): Name = "Type"; Value = "Ceramic"; VariantName = "[No Variations]"
Add component (AddParameter): Name = "Value"; Value = "0.1uF"; VariantName = "[No Variations]"
Add component (AddParameter): Name = "Voltage"; Value = "16V"; VariantName = "[No Variations]"
Added Component: Designator=C12(CAP_C_1210)
Add component (AddParameter): Name = "BOM Notes"; Value = ""; VariantName = "[No Variations]"
Add component (AddParameter): Name = "Category"; Value = "Capacitor"; VariantName = "[No Variations]"
Add component (AddParameter): Name = "ComponentLink1Description"; Value = "SVN Datasheet"; VariantName = "[No Variations]"
Add component (AddParameter): Name = "ComponentLink1URL"; Value = "https://chn-vm-apps.microchip.com/mchprepo/parts/Datasheets/CL32B106KMVNNWE_Spec.pdf"; VariantName = "[No Variations]"
Add component (AddParameter): Name = "ComponentLink2Description"; Value = "Local Datasheet"; VariantName = "[No Variations]"
Add component (AddParameter): Name = "ComponentLink2URL"; Value = "C:\ALTIUM_WORK\00001_MCHP-CDB\Datasheets\CL32B106KMVNNWE_Spec.pdf"; VariantName = "[No Variations]"
Add component (AddParameter): Name = "ComponentLink3Description"; Value = "Open Symbol"; VariantName = "[No Variations]"
Add component (AddParameter): Name = "ComponentLink3URL"; Value = "C:\ALTIUM_WORK\00001_MCHP-CDB\Library\LibraryRefs\Capacitor NP.SchLib"; VariantName = "[No Variations]"
Add component (AddParameter): Name = "ComponentLink4Description"; Value = "Open Footprint"; VariantName = "[No Variations]"
Add component (AddParameter): Name = "ComponentLink4URL"; Value = "C:\ALTIUM_WORK\00001_MCHP-CDB\Library\Footprints\CAP_C_1210.PcbLib"; VariantName = "[No Variations]"
Add component (AddParameter): Name = "ComponentLink5Description"; Value = "Open Footprint 2"; VariantName = "[No Variations]"
Add component (AddParameter): Name = "ComponentLink6Description"; Value = "Open Footprint 3"; VariantName = "[No Variations]"
Add component (AddParameter): Name = "ComponentLink7Description"; Value = "Open Footprint 4"; VariantName = "[No Variations]"
Add component (AddParameter): Name = "Description_"; Value = "CAP CER 10uF 63V 10% X7R SMD 1210"; VariantName = "[No Variations]"
Add component (AddParameter): Name = "Dev Tools Status"; Value = "Design"; VariantName = "[No Variations]"
Add component (AddParameter): Name = "Manufacturer 1"; Value = "Samsung Electro-Mechanics"; VariantName = "[No Variations]"
Add component (AddParameter): Name = "Manufacturer Part Number 1"; Value = "CL32B106KMVNNWE"; VariantName = "[No Variations]"
Add component (AddParameter): Name = "MCHP-ID"; Value = "CAP2578"; VariantName = "[No Variations]"
Add component (AddParameter): Name = "Operating Temperature"; Value = "-55C to +125C"; VariantName = "[No Variations]"
Add component (AddParameter): Name = "Owner"; Value = "Narasimha Murthy"; VariantName = "[No Variations]"
Add component (AddParameter): Name = "Package"; Value = "1210"; VariantName = "[No Variations]"
Add component (AddParameter): Name = "Populated"; Value = "YES"; VariantName = "[No Variations]"
Add component (AddParameter): Name = "Quantity Override"; Value = "1"; VariantName = "[No Variations]"
Add component (AddParameter): Name = "Revision"; Value = "1"; VariantName = "[No Variations]"
Add component (AddParameter): Name = "Status"; Value = "MCL Design"; VariantName = "[No Variations]"
Add component (AddParameter): Name = "Supplier 1"; Value = "Digi-Key"; VariantName = "[No Variations]"
Add component (AddParameter): Name = "Supplier Part Number 1"; Value = "1276-7053-1-ND"; VariantName = "[No Variations]"
Add component (AddParameter): Name = "Symbol"; Value = "Capacitor NP"; VariantName = "[No Variations]"
Add component (AddParameter): Name = "Temperature Coefficient"; Value = "X7R"; VariantName = "[No Variations]"
Add component (AddParameter): Name = "Tolerance"; Value = "10%"; VariantName = "[No Variations]"
Add component (AddParameter): Name = "Type"; Value = "Ceramic"; VariantName = "[No Variations]"
Add component (AddParameter): Name = "Value"; Value = "10uF"; VariantName = "[No Variations]"
Add component (AddParameter): Name = "Voltage"; Value = "63V"; VariantName = "[No Variations]"
Added Component: Designator=C13(CAP_C_0603)
Add component (AddParameter): Name = "Category"; Value = "Capacitor"; VariantName = "[No Variations]"
Add component (AddParameter): Name = "ComponentLink1Description"; Value = "SVN Datasheet"; VariantName = "[No Variations]"
Add component (AddParameter): Name = "ComponentLink1URL"; Value = "https://chn-vm-apps.microchip.com/mchprepo/parts/Datasheets/nmc2.pdf"; VariantName = "[No Variations]"
Add component (AddParameter): Name = "ComponentLink2Description"; Value = "Local Datasheet"; VariantName = "[No Variations]"
Add component (AddParameter): Name = "ComponentLink2URL"; Value = "C:\ALTIUM_WORK\00001_MCHP-CDB\Datasheets\nmc2.pdf"; VariantName = "[No Variations]"
Add component (AddParameter): Name = "ComponentLink3Description"; Value = "Open Symbol"; VariantName = "[No Variations]"
Add component (AddParameter): Name = "ComponentLink3URL"; Value = "C:\ALTIUM_WORK\00001_MCHP-CDB\Library\LibraryRefs\Capacitor NP.SchLib"; VariantName = "[No Variations]"
Add component (AddParameter): Name = "ComponentLink4Description"; Value = "Open Footprint"; VariantName = "[No Variations]"
Add component (AddParameter): Name = "ComponentLink4URL"; Value = "C:\ALTIUM_WORK\00001_MCHP-CDB\Library\Footprints\CAP_C_0603.PcbLib"; VariantName = "[No Variations]"
Add component (AddParameter): Name = "ComponentLink5Description"; Value = "Open Footprint 2"; VariantName = "[No Variations]"
Add component (AddParameter): Name = "ComponentLink6Description"; Value = "Open Footprint 3"; VariantName = "[No Variations]"
Add component (AddParameter): Name = "ComponentLink7Description"; Value = "Open Footprint 4"; VariantName = "[No Variations]"
Add component (AddParameter): Name = "Description_"; Value = "CAP CER 0.1uF 16V 10% X7R SMD 0603"; VariantName = "[No Variations]"
Add component (AddParameter): Name = "Dev Tools Status"; Value = "Production"; VariantName = "[No Variations]"
Add component (AddParameter): Name = "Manufacturer 1"; Value = "Taiyo Yuden"; VariantName = "[No Variations]"
Add component (AddParameter): Name = "Manufacturer 2"; Value = "Wurth Electronics Inc"; VariantName = "[No Variations]"
Add component (AddParameter): Name = "Manufacturer 3"; Value = "Samsung"; VariantName = "[No Variations]"
Add component (AddParameter): Name = "Manufacturer 4"; Value = "AVX"; VariantName = "[No Variations]"
Add component (AddParameter): Name = "Manufacturer 5"; Value = "Murata"; VariantName = "[No Variations]"
Add component (AddParameter): Name = "Manufacturer 6"; Value = "Yageo"; VariantName = "[No Variations]"
Add component (AddParameter): Name = "Manufacturer 7"; Value = "Taiyo Yuden"; VariantName = "[No Variations]"
Add component (AddParameter): Name = "Manufacturer 8"; Value = "Murata Electronics North America"; VariantName = "[No Variations]"
Add component (AddParameter): Name = "Manufacturer Part Number 1"; Value = "EMK107B7104KA-T"; VariantName = "[No Variations]"
Add component (AddParameter): Name = "Manufacturer Part Number 2"; Value = "885012206046"; VariantName = "[No Variations]"
Add component (AddParameter): Name = "Manufacturer Part Number 3"; Value = "CL10B104KO8NNNC"; VariantName = "[No Variations]"
Add component (AddParameter): Name = "Manufacturer Part Number 4"; Value = "0603YC104KAT2A"; VariantName = "[No Variations]"
Add component (AddParameter): Name = "Manufacturer Part Number 5"; Value = "GRM188R71C104KA01D"; VariantName = "[No Variations]"
Add component (AddParameter): Name = "Manufacturer Part Number 6"; Value = "CC0603KRX7R7BB104"; VariantName = "[No Variations]"
Add component (AddParameter): Name = "Manufacturer Part Number 7"; Value = "EMK107B7104KA-T"; VariantName = "[No Variations]"
Add component (AddParameter): Name = "Manufacturer Part Number 8"; Value = "GCM188R71C104KA37D"; VariantName = "[No Variations]"
Add component (AddParameter): Name = "MCHP-ID"; Value = "CAP0011"; VariantName = "[No Variations]"
Add component (AddParameter): Name = "Operating Temperature"; Value = "-55C to +125C"; VariantName = "[No Variations]"
Add component (AddParameter): Name = "Owner"; Value = "Cristian Papuc"; VariantName = "[No Variations]"
Add component (AddParameter): Name = "Package"; Value = "0603"; VariantName = "[No Variations]"
Add component (AddParameter): Name = "Populated"; Value = "YES"; VariantName = "[No Variations]"
Add component (AddParameter): Name = "Quantity Override"; Value = "1"; VariantName = "[No Variations]"
Add component (AddParameter): Name = "Revision"; Value = "3"; VariantName = "[No Variations]"
Add component (AddParameter): Name = "Status"; Value = "MCL Design"; VariantName = "[No Variations]"
Add component (AddParameter): Name = "Supplier 1"; Value = "Digi-Key"; VariantName = "[No Variations]"
Add component (AddParameter): Name = "Supplier 2"; Value = "Digi-Key"; VariantName = "[No Variations]"
Add component (AddParameter): Name = "Supplier 3"; Value = "Digi-Key"; VariantName = "[No Variations]"
Add component (AddParameter): Name = "Supplier 4"; Value = "Digi-Key"; VariantName = "[No Variations]"
Add component (AddParameter): Name = "Supplier 5"; Value = "Digi-Key"; VariantName = "[No Variations]"
Add component (AddParameter): Name = "Supplier 6"; Value = "Digi-Key"; VariantName = "[No Variations]"
Add component (AddParameter): Name = "Supplier 7"; Value = "Newark"; VariantName = "[No Variations]"
Add component (AddParameter): Name = "Supplier 8"; Value = "Digi-Key"; VariantName = "[No Variations]"
Add component (AddParameter): Name = "Supplier Part Number 1"; Value = "587-1240-1-ND"; VariantName = "[No Variations]"
Add component (AddParameter): Name = "Supplier Part Number 2"; Value = "732-7965-1-ND"; VariantName = "[No Variations]"
Add component (AddParameter): Name = "Supplier Part Number 3"; Value = "1276-1005-1-ND"; VariantName = "[No Variations]"
Add component (AddParameter): Name = "Supplier Part Number 4"; Value = "478-1239-1-ND"; VariantName = "[No Variations]"
Add component (AddParameter): Name = "Supplier Part Number 5"; Value = "490-1532-1-ND"; VariantName = "[No Variations]"
Add component (AddParameter): Name = "Supplier Part Number 6"; Value = "311-1088-1-ND"; VariantName = "[No Variations]"
Add component (AddParameter): Name = "Supplier Part Number 7"; Value = "86H5248"; VariantName = "[No Variations]"
Add component (AddParameter): Name = "Supplier Part Number 8"; Value = "490-4774-1-ND"; VariantName = "[No Variations]"
Add component (AddParameter): Name = "Symbol"; Value = "Capacitor NP"; VariantName = "[No Variations]"
Add component (AddParameter): Name = "Temperature Coeffcient"; Value = "X7R"; VariantName = "[No Variations]"
Add component (AddParameter): Name = "Tolerance"; Value = "10%"; VariantName = "[No Variations]"
Add component (AddParameter): Name = "Type"; Value = "Ceramic"; VariantName = "[No Variations]"
Add component (AddParameter): Name = "Value"; Value = "0.1uF"; VariantName = "[No Variations]"
Add component (AddParameter): Name = "Voltage"; Value = "16V"; VariantName = "[No Variations]"
Added Component: Designator=C15(CAP_C_1210)
Add component (AddParameter): Name = "BOM Notes"; Value = ""; VariantName = "[No Variations]"
Add component (AddParameter): Name = "Category"; Value = "Capacitor"; VariantName = "[No Variations]"
Add component (AddParameter): Name = "ComponentLink1Description"; Value = "SVN Datasheet"; VariantName = "[No Variations]"
Add component (AddParameter): Name = "ComponentLink1URL"; Value = "https://chn-vm-apps.microchip.com/mchprepo/parts/Datasheets/CL32B106KMVNNWE_Spec.pdf"; VariantName = "[No Variations]"
Add component (AddParameter): Name = "ComponentLink2Description"; Value = "Local Datasheet"; VariantName = "[No Variations]"
Add component (AddParameter): Name = "ComponentLink2URL"; Value = "C:\ALTIUM_WORK\00001_MCHP-CDB\Datasheets\CL32B106KMVNNWE_Spec.pdf"; VariantName = "[No Variations]"
Add component (AddParameter): Name = "ComponentLink3Description"; Value = "Open Symbol"; VariantName = "[No Variations]"
Add component (AddParameter): Name = "ComponentLink3URL"; Value = "C:\ALTIUM_WORK\00001_MCHP-CDB\Library\LibraryRefs\Capacitor NP.SchLib"; VariantName = "[No Variations]"
Add component (AddParameter): Name = "ComponentLink4Description"; Value = "Open Footprint"; VariantName = "[No Variations]"
Add component (AddParameter): Name = "ComponentLink4URL"; Value = "C:\ALTIUM_WORK\00001_MCHP-CDB\Library\Footprints\CAP_C_1210.PcbLib"; VariantName = "[No Variations]"
Add component (AddParameter): Name = "ComponentLink5Description"; Value = "Open Footprint 2"; VariantName = "[No Variations]"
Add component (AddParameter): Name = "ComponentLink6Description"; Value = "Open Footprint 3"; VariantName = "[No Variations]"
Add component (AddParameter): Name = "ComponentLink7Description"; Value = "Open Footprint 4"; VariantName = "[No Variations]"
Add component (AddParameter): Name = "Description_"; Value = "CAP CER 10uF 63V 10% X7R SMD 1210"; VariantName = "[No Variations]"
Add component (AddParameter): Name = "Dev Tools Status"; Value = "Design"; VariantName = "[No Variations]"
Add component (AddParameter): Name = "Manufacturer 1"; Value = "Samsung Electro-Mechanics"; VariantName = "[No Variations]"
Add component (AddParameter): Name = "Manufacturer Part Number 1"; Value = "CL32B106KMVNNWE"; VariantName = "[No Variations]"
Add component (AddParameter): Name = "MCHP-ID"; Value = "CAP2578"; VariantName = "[No Variations]"
Add component (AddParameter): Name = "Operating Temperature"; Value = "-55C to +125C"; VariantName = "[No Variations]"
Add component (AddParameter): Name = "Owner"; Value = "Narasimha Murthy"; VariantName = "[No Variations]"
Add component (AddParameter): Name = "Package"; Value = "1210"; VariantName = "[No Variations]"
Add component (AddParameter): Name = "Populated"; Value = "YES"; VariantName = "[No Variations]"
Add component (AddParameter): Name = "Quantity Override"; Value = "1"; VariantName = "[No Variations]"
Add component (AddParameter): Name = "Revision"; Value = "1"; VariantName = "[No Variations]"
Add component (AddParameter): Name = "Status"; Value = "MCL Design"; VariantName = "[No Variations]"
Add component (AddParameter): Name = "Supplier 1"; Value = "Digi-Key"; VariantName = "[No Variations]"
Add component (AddParameter): Name = "Supplier Part Number 1"; Value = "1276-7053-1-ND"; VariantName = "[No Variations]"
Add component (AddParameter): Name = "Symbol"; Value = "Capacitor NP"; VariantName = "[No Variations]"
Add component (AddParameter): Name = "Temperature Coefficient"; Value = "X7R"; VariantName = "[No Variations]"
Add component (AddParameter): Name = "Tolerance"; Value = "10%"; VariantName = "[No Variations]"
Add component (AddParameter): Name = "Type"; Value = "Ceramic"; VariantName = "[No Variations]"
Add component (AddParameter): Name = "Value"; Value = "10uF"; VariantName = "[No Variations]"
Add component (AddParameter): Name = "Voltage"; Value = "63V"; VariantName = "[No Variations]"
Added Component: Designator=C21(CAP_C_1210)
Add component (AddParameter): Name = "BOM Notes"; Value = ""; VariantName = "[No Variations]"
Add component (AddParameter): Name = "Category"; Value = "Capacitor"; VariantName = "[No Variations]"
Add component (AddParameter): Name = "ComponentLink1Description"; Value = "SVN Datasheet"; VariantName = "[No Variations]"
Add component (AddParameter): Name = "ComponentLink1URL"; Value = "https://chn-vm-apps.microchip.com/mchprepo/parts/Datasheets/CL32B106KMVNNWE_Spec.pdf"; VariantName = "[No Variations]"
Add component (AddParameter): Name = "ComponentLink2Description"; Value = "Local Datasheet"; VariantName = "[No Variations]"
Add component (AddParameter): Name = "ComponentLink2URL"; Value = "C:\ALTIUM_WORK\00001_MCHP-CDB\Datasheets\CL32B106KMVNNWE_Spec.pdf"; VariantName = "[No Variations]"
Add component (AddParameter): Name = "ComponentLink3Description"; Value = "Open Symbol"; VariantName = "[No Variations]"
Add component (AddParameter): Name = "ComponentLink3URL"; Value = "C:\ALTIUM_WORK\00001_MCHP-CDB\Library\LibraryRefs\Capacitor NP.SchLib"; VariantName = "[No Variations]"
Add component (AddParameter): Name = "ComponentLink4Description"; Value = "Open Footprint"; VariantName = "[No Variations]"
Add component (AddParameter): Name = "ComponentLink4URL"; Value = "C:\ALTIUM_WORK\00001_MCHP-CDB\Library\Footprints\CAP_C_1210.PcbLib"; VariantName = "[No Variations]"
Add component (AddParameter): Name = "ComponentLink5Description"; Value = "Open Footprint 2"; VariantName = "[No Variations]"
Add component (AddParameter): Name = "ComponentLink6Description"; Value = "Open Footprint 3"; VariantName = "[No Variations]"
Add component (AddParameter): Name = "ComponentLink7Description"; Value = "Open Footprint 4"; VariantName = "[No Variations]"
Add component (AddParameter): Name = "Description_"; Value = "CAP CER 10uF 63V 10% X7R SMD 1210"; VariantName = "[No Variations]"
Add component (AddParameter): Name = "Dev Tools Status"; Value = "Design"; VariantName = "[No Variations]"
Add component (AddParameter): Name = "Manufacturer 1"; Value = "Samsung Electro-Mechanics"; VariantName = "[No Variations]"
Add component (AddParameter): Name = "Manufacturer Part Number 1"; Value = "CL32B106KMVNNWE"; VariantName = "[No Variations]"
Add component (AddParameter): Name = "MCHP-ID"; Value = "CAP2578"; VariantName = "[No Variations]"
Add component (AddParameter): Name = "Operating Temperature"; Value = "-55C to +125C"; VariantName = "[No Variations]"
Add component (AddParameter): Name = "Owner"; Value = "Narasimha Murthy"; VariantName = "[No Variations]"
Add component (AddParameter): Name = "Package"; Value = "1210"; VariantName = "[No Variations]"
Add component (AddParameter): Name = "Populated"; Value = "YES"; VariantName = "[No Variations]"
Add component (AddParameter): Name = "Quantity Override"; Value = "1"; VariantName = "[No Variations]"
Add component (AddParameter): Name = "Revision"; Value = "1"; VariantName = "[No Variations]"
Add component (AddParameter): Name = "Status"; Value = "MCL Design"; VariantName = "[No Variations]"
Add component (AddParameter): Name = "Supplier 1"; Value = "Digi-Key"; VariantName = "[No Variations]"
Add component (AddParameter): Name = "Supplier Part Number 1"; Value = "1276-7053-1-ND"; VariantName = "[No Variations]"
Add component (AddParameter): Name = "Symbol"; Value = "Capacitor NP"; VariantName = "[No Variations]"
Add component (AddParameter): Name = "Temperature Coefficient"; Value = "X7R"; VariantName = "[No Variations]"
Add component (AddParameter): Name = "Tolerance"; Value = "10%"; VariantName = "[No Variations]"
Add component (AddParameter): Name = "Type"; Value = "Ceramic"; VariantName = "[No Variations]"
Add component (AddParameter): Name = "Value"; Value = "10uF"; VariantName = "[No Variations]"
Add component (AddParameter): Name = "Voltage"; Value = "63V"; VariantName = "[No Variations]"
Added Component: Designator=C22(CAP_C_0603)
Add component (AddParameter): Name = "Category"; Value = "Capacitor"; VariantName = "[No Variations]"
Add component (AddParameter): Name = "ComponentLink1Description"; Value = "SVN Datasheet"; VariantName = "[No Variations]"
Add component (AddParameter): Name = "ComponentLink1URL"; Value = "https://chn-vm-apps.microchip.com/mchprepo/parts/Datasheets/KEM_C1003_C0G_SMD.pdf"; VariantName = "[No Variations]"
Add component (AddParameter): Name = "ComponentLink2Description"; Value = "Local Datasheet"; VariantName = "[No Variations]"
Add component (AddParameter): Name = "ComponentLink2URL"; Value = "C:\ALTIUM_WORK\00001_MCHP-CDB\Datasheets\KEM_C1003_C0G_SMD.pdf"; VariantName = "[No Variations]"
Add component (AddParameter): Name = "ComponentLink3Description"; Value = "Open Symbol"; VariantName = "[No Variations]"
Add component (AddParameter): Name = "ComponentLink3URL"; Value = "C:\ALTIUM_WORK\00001_MCHP-CDB\Library\LibraryRefs\Capacitor NP.SchLib"; VariantName = "[No Variations]"
Add component (AddParameter): Name = "ComponentLink4Description"; Value = "Open Footprint"; VariantName = "[No Variations]"
Add component (AddParameter): Name = "ComponentLink4URL"; Value = "C:\ALTIUM_WORK\00001_MCHP-CDB\Library\Footprints\CAP_C_0603.PcbLib"; VariantName = "[No Variations]"
Add component (AddParameter): Name = "ComponentLink5Description"; Value = "Open Footprint 2"; VariantName = "[No Variations]"
Add component (AddParameter): Name = "ComponentLink6Description"; Value = "Open Footprint 3"; VariantName = "[No Variations]"
Add component (AddParameter): Name = "ComponentLink7Description"; Value = "Open Footprint 4"; VariantName = "[No Variations]"
Add component (AddParameter): Name = "Description_"; Value = "CAP CER 120pF 100V 5% C0G SMD 0603"; VariantName = "[No Variations]"
Add component (AddParameter): Name = "Dev Tools Status"; Value = "Production"; VariantName = "[No Variations]"
Add component (AddParameter): Name = "Manufacturer 1"; Value = "KEMET"; VariantName = "[No Variations]"
Add component (AddParameter): Name = "Manufacturer Part Number 1"; Value = "C0603C121J1GACTU"; VariantName = "[No Variations]"
Add component (AddParameter): Name = "MCHP-ID"; Value = "CAP1113"; VariantName = "[No Variations]"
Add component (AddParameter): Name = "Operating Temperature"; Value = "-55C to +125C"; VariantName = "[No Variations]"
Add component (AddParameter): Name = "Owner"; Value = "Mihai T(M91442)"; VariantName = "[No Variations]"
Add component (AddParameter): Name = "Package"; Value = "0603"; VariantName = "[No Variations]"
Add component (AddParameter): Name = "Populated"; Value = "YES"; VariantName = "[No Variations]"
Add component (AddParameter): Name = "Quantity Override"; Value = "1"; VariantName = "[No Variations]"
Add component (AddParameter): Name = "Revision"; Value = "0"; VariantName = "[No Variations]"
Add component (AddParameter): Name = "Status"; Value = "MCL Design"; VariantName = "[No Variations]"
Add component (AddParameter): Name = "Supplier 1"; Value = "Digi-Key"; VariantName = "[No Variations]"
Add component (AddParameter): Name = "Supplier 2"; Value = "Farnell"; VariantName = "[No Variations]"
Add component (AddParameter): Name = "Supplier Part Number 1"; Value = "C0603C121J1GACTU-ND"; VariantName = "[No Variations]"
Add component (AddParameter): Name = "Supplier Part Number 2"; Value = "1865507"; VariantName = "[No Variations]"
Add component (AddParameter): Name = "Symbol"; Value = "Capacitor NP"; VariantName = "[No Variations]"
Add component (AddParameter): Name = "Temperature Coeffcient"; Value = "C0G, NP0"; VariantName = "[No Variations]"
Add component (AddParameter): Name = "Tolerance"; Value = "5%"; VariantName = "[No Variations]"
Add component (AddParameter): Name = "Type"; Value = "Ceramic"; VariantName = "[No Variations]"
Add component (AddParameter): Name = "Value"; Value = "120pF"; VariantName = "[No Variations]"
Add component (AddParameter): Name = "Voltage"; Value = "100V"; VariantName = "[No Variations]"
Added Component: Designator=C29(CAP_C_0603)
Add component (AddParameter): Name = "BOM Notes"; Value = ""; VariantName = "[No Variations]"
Add component (AddParameter): Name = "Category"; Value = "Capacitor"; VariantName = "[No Variations]"
Add component (AddParameter): Name = "ComponentLink1Description"; Value = "SVN Datasheet"; VariantName = "[No Variations]"
Add component (AddParameter): Name = "ComponentLink1URL"; Value = "https://chn-vm-apps.microchip.com/mchprepo/parts/Datasheets/ga31gautomotivemlcc-1763406.pdf"; VariantName = "[No Variations]"
Add component (AddParameter): Name = "ComponentLink2Description"; Value = "Local Datasheet"; VariantName = "[No Variations]"
Add component (AddParameter): Name = "ComponentLink2URL"; Value = "C:\ALTIUM_WORK\00001_MCHP-CDB\Datasheets\ga31gautomotivemlcc-1763406.pdf"; VariantName = "[No Variations]"
Add component (AddParameter): Name = "ComponentLink3Description"; Value = "Open Symbol"; VariantName = "[No Variations]"
Add component (AddParameter): Name = "ComponentLink3URL"; Value = "C:\ALTIUM_WORK\00001_MCHP-CDB\Library\LibraryRefs\Capacitor NP.SchLib"; VariantName = "[No Variations]"
Add component (AddParameter): Name = "ComponentLink4Description"; Value = "Open Footprint"; VariantName = "[No Variations]"
Add component (AddParameter): Name = "ComponentLink4URL"; Value = "C:\ALTIUM_WORK\00001_MCHP-CDB\Library\Footprints\CAP_C_0603.PcbLib"; VariantName = "[No Variations]"
Add component (AddParameter): Name = "ComponentLink5Description"; Value = "Open Footprint 2"; VariantName = "[No Variations]"
Add component (AddParameter): Name = "ComponentLink6Description"; Value = "Open Footprint 3"; VariantName = "[No Variations]"
Add component (AddParameter): Name = "ComponentLink7Description"; Value = "Open Footprint 4"; VariantName = "[No Variations]"
Add component (AddParameter): Name = "Description_"; Value = "CAP CER 0.1uF 50V 10% X7R SMD 0603 AEC-Q200"; VariantName = "[No Variations]"
Add component (AddParameter): Name = "Dev Tools Status"; Value = "Design"; VariantName = "[No Variations]"
Add component (AddParameter): Name = "Manufacturer 1"; Value = "Vishay"; VariantName = "[No Variations]"
Add component (AddParameter): Name = "Manufacturer Part Number 1"; Value = "GA0603Y104KBAAT31G"; VariantName = "[No Variations]"
Add component (AddParameter): Name = "MCHP-ID"; Value = "CAP2666"; VariantName = "[No Variations]"
Add component (AddParameter): Name = "Operating Temperature"; Value = "-55°C ~ 125°C"; VariantName = "[No Variations]"
Add component (AddParameter): Name = "Owner"; Value = "Cristina Salanti"; VariantName = "[No Variations]"
Add component (AddParameter): Name = "Package"; Value = "0603"; VariantName = "[No Variations]"
Add component (AddParameter): Name = "Populated"; Value = "YES"; VariantName = "[No Variations]"
Add component (AddParameter): Name = "Quantity Override"; Value = "1"; VariantName = "[No Variations]"
Add component (AddParameter): Name = "Revision"; Value = "1"; VariantName = "[No Variations]"
Add component (AddParameter): Name = "Status"; Value = "MCL Design"; VariantName = "[No Variations]"
Add component (AddParameter): Name = "Supplier 1"; Value = "Mouser Electronics"; VariantName = "[No Variations]"
Add component (AddParameter): Name = "Supplier Part Number 1"; Value = "77-GA603Y104KBAAT31G"; VariantName = "[No Variations]"
Add component (AddParameter): Name = "Symbol"; Value = "Capacitor NP"; VariantName = "[No Variations]"
Add component (AddParameter): Name = "Temperature Coefficient"; Value = "X7R"; VariantName = "[No Variations]"
Add component (AddParameter): Name = "Tolerance"; Value = "10%"; VariantName = "[No Variations]"
Add component (AddParameter): Name = "Type"; Value = "Ceramic"; VariantName = "[No Variations]"
Add component (AddParameter): Name = "Value"; Value = "0.1uF"; VariantName = "[No Variations]"
Add component (AddParameter): Name = "Voltage"; Value = "50V"; VariantName = "[No Variations]"
Added Component: Designator=C33(CAP_C_0603)
Add component (AddParameter): Name = "BOM Notes"; Value = ""; VariantName = "[No Variations]"
Add component (AddParameter): Name = "Category"; Value = "Capacitor"; VariantName = "[No Variations]"
Add component (AddParameter): Name = "ComponentLink1Description"; Value = "SVN Datasheet"; VariantName = "[No Variations]"
Add component (AddParameter): Name = "ComponentLink1URL"; Value = "https://chn-vm-apps.microchip.com/mchprepo/parts/Datasheets/ga31gautomotivemlcc-1763406.pdf"; VariantName = "[No Variations]"
Add component (AddParameter): Name = "ComponentLink2Description"; Value = "Local Datasheet"; VariantName = "[No Variations]"
Add component (AddParameter): Name = "ComponentLink2URL"; Value = "C:\ALTIUM_WORK\00001_MCHP-CDB\Datasheets\ga31gautomotivemlcc-1763406.pdf"; VariantName = "[No Variations]"
Add component (AddParameter): Name = "ComponentLink3Description"; Value = "Open Symbol"; VariantName = "[No Variations]"
Add component (AddParameter): Name = "ComponentLink3URL"; Value = "C:\ALTIUM_WORK\00001_MCHP-CDB\Library\LibraryRefs\Capacitor NP.SchLib"; VariantName = "[No Variations]"
Add component (AddParameter): Name = "ComponentLink4Description"; Value = "Open Footprint"; VariantName = "[No Variations]"
Add component (AddParameter): Name = "ComponentLink4URL"; Value = "C:\ALTIUM_WORK\00001_MCHP-CDB\Library\Footprints\CAP_C_0603.PcbLib"; VariantName = "[No Variations]"
Add component (AddParameter): Name = "ComponentLink5Description"; Value = "Open Footprint 2"; VariantName = "[No Variations]"
Add component (AddParameter): Name = "ComponentLink6Description"; Value = "Open Footprint 3"; VariantName = "[No Variations]"
Add component (AddParameter): Name = "ComponentLink7Description"; Value = "Open Footprint 4"; VariantName = "[No Variations]"
Add component (AddParameter): Name = "Description_"; Value = "CAP CER 0.1uF 50V 10% X7R SMD 0603 AEC-Q200"; VariantName = "[No Variations]"
Add component (AddParameter): Name = "Dev Tools Status"; Value = "Design"; VariantName = "[No Variations]"
Add component (AddParameter): Name = "Manufacturer 1"; Value = "Vishay"; VariantName = "[No Variations]"
Add component (AddParameter): Name = "Manufacturer Part Number 1"; Value = "GA0603Y104KBAAT31G"; VariantName = "[No Variations]"
Add component (AddParameter): Name = "MCHP-ID"; Value = "CAP2666"; VariantName = "[No Variations]"
Add component (AddParameter): Name = "Operating Temperature"; Value = "-55°C ~ 125°C"; VariantName = "[No Variations]"
Add component (AddParameter): Name = "Owner"; Value = "Cristina Salanti"; VariantName = "[No Variations]"
Add component (AddParameter): Name = "Package"; Value = "0603"; VariantName = "[No Variations]"
Add component (AddParameter): Name = "Populated"; Value = "YES"; VariantName = "[No Variations]"
Add component (AddParameter): Name = "Quantity Override"; Value = "1"; VariantName = "[No Variations]"
Add component (AddParameter): Name = "Revision"; Value = "1"; VariantName = "[No Variations]"
Add component (AddParameter): Name = "Status"; Value = "MCL Design"; VariantName = "[No Variations]"
Add component (AddParameter): Name = "Supplier 1"; Value = "Mouser Electronics"; VariantName = "[No Variations]"
Add component (AddParameter): Name = "Supplier Part Number 1"; Value = "77-GA603Y104KBAAT31G"; VariantName = "[No Variations]"
Add component (AddParameter): Name = "Symbol"; Value = "Capacitor NP"; VariantName = "[No Variations]"
Add component (AddParameter): Name = "Temperature Coefficient"; Value = "X7R"; VariantName = "[No Variations]"
Add component (AddParameter): Name = "Tolerance"; Value = "10%"; VariantName = "[No Variations]"
Add component (AddParameter): Name = "Type"; Value = "Ceramic"; VariantName = "[No Variations]"
Add component (AddParameter): Name = "Value"; Value = "0.1uF"; VariantName = "[No Variations]"
Add component (AddParameter): Name = "Voltage"; Value = "50V"; VariantName = "[No Variations]"
Added Component: Designator=C33(CAP_C_0603)
Add component (AddParameter): Name = "Category"; Value = "Capacitor"; VariantName = "[No Variations]"
Add component (AddParameter): Name = "ComponentLink1Description"; Value = "SVN Datasheet"; VariantName = "[No Variations]"
Add component (AddParameter): Name = "ComponentLink1URL"; Value = "https://chn-vm-apps.microchip.com/mchprepo/parts/Datasheets/smccp.pdf"; VariantName = "[No Variations]"
Add component (AddParameter): Name = "ComponentLink2Description"; Value = "Local Datasheet"; VariantName = "[No Variations]"
Add component (AddParameter): Name = "ComponentLink2URL"; Value = "C:\ALTIUM_WORK\00001_MCHP-CDB\Datasheets\smccp.pdf"; VariantName = "[No Variations]"
Add component (AddParameter): Name = "ComponentLink3Description"; Value = "Open Symbol"; VariantName = "[No Variations]"
Add component (AddParameter): Name = "ComponentLink3URL"; Value = "C:\ALTIUM_WORK\00001_MCHP-CDB\Library\LibraryRefs\Capacitor NP.SchLib"; VariantName = "[No Variations]"
Add component (AddParameter): Name = "ComponentLink4Description"; Value = "Open Footprint"; VariantName = "[No Variations]"
Add component (AddParameter): Name = "ComponentLink4URL"; Value = "C:\ALTIUM_WORK\00001_MCHP-CDB\Library\Footprints\CAP_C_0603.PcbLib"; VariantName = "[No Variations]"
Add component (AddParameter): Name = "ComponentLink5Description"; Value = "Open Footprint 2"; VariantName = "[No Variations]"
Add component (AddParameter): Name = "ComponentLink6Description"; Value = "Open Footprint 3"; VariantName = "[No Variations]"
Add component (AddParameter): Name = "ComponentLink7Description"; Value = "Open Footprint 4"; VariantName = "[No Variations]"
Add component (AddParameter): Name = "Description_"; Value = "CAP CER 1000pF 50V 5% C0G SMD 0603"; VariantName = "[No Variations]"
Add component (AddParameter): Name = "Dev Tools Status"; Value = "Production"; VariantName = "[No Variations]"
Add component (AddParameter): Name = "Manufacturer 1"; Value = "AVX"; VariantName = "[No Variations]"
Add component (AddParameter): Name = "Manufacturer 2"; Value = "TDK"; VariantName = "[No Variations]"
Add component (AddParameter): Name = "Manufacturer 3"; Value = "Murata Electronics North America"; VariantName = "[No Variations]"
Add component (AddParameter): Name = "Manufacturer Part Number 1"; Value = "06035A102JAT2A"; VariantName = "[No Variations]"
Add component (AddParameter): Name = "Manufacturer Part Number 2"; Value = "C1608C0G1H102J"; VariantName = "[No Variations]"
Add component (AddParameter): Name = "Manufacturer Part Number 3"; Value = "GCM1885C1H102JA16D"; VariantName = "[No Variations]"
Add component (AddParameter): Name = "MCHP-ID"; Value = "CAP0594"; VariantName = "[No Variations]"
Add component (AddParameter): Name = "Operating Temperature"; Value = "-55C to +125C"; VariantName = "[No Variations]"
Add component (AddParameter): Name = "Package"; Value = "0603"; VariantName = "[No Variations]"
Add component (AddParameter): Name = "Populated"; Value = "DNP"; VariantName = "[No Variations]"
Add component (AddParameter): Name = "Quantity Override"; Value = "1"; VariantName = "[No Variations]"
Add component (AddParameter): Name = "Revision"; Value = "1"; VariantName = "[No Variations]"
Add component (AddParameter): Name = "Status"; Value = "MCL Design"; VariantName = "[No Variations]"
Add component (AddParameter): Name = "Supplier 1"; Value = "Digi-Key"; VariantName = "[No Variations]"
Add component (AddParameter): Name = "Supplier 2"; Value = "Digi-Key"; VariantName = "[No Variations]"
Add component (AddParameter): Name = "Supplier 3"; Value = "Digi-Key"; VariantName = "[No Variations]"
Add component (AddParameter): Name = "Supplier Part Number 1"; Value = "478-1187-2-ND"; VariantName = "[No Variations]"
Add component (AddParameter): Name = "Supplier Part Number 2"; Value = "445-1293-2-ND"; VariantName = "[No Variations]"
Add component (AddParameter): Name = "Supplier Part Number 3"; Value = "490-4768-1-ND"; VariantName = "[No Variations]"
Add component (AddParameter): Name = "Symbol"; Value = "Capacitor NP"; VariantName = "[No Variations]"
Add component (AddParameter): Name = "Temperature Coeffcient"; Value = "C0G"; VariantName = "[No Variations]"
Add component (AddParameter): Name = "Tolerance"; Value = "5%"; VariantName = "[No Variations]"
Add component (AddParameter): Name = "Type"; Value = "Ceramic"; VariantName = "[No Variations]"
Add component (AddParameter): Name = "Value"; Value = "1000pF"; VariantName = "[No Variations]"
Add component (AddParameter): Name = "Voltage"; Value = "50V"; VariantName = "[No Variations]"
Added Component: Designator=C39(CAP_C_0603)
Add component (AddParameter): Name = "Category"; Value = "Capacitor"; VariantName = "[No Variations]"
Add component (AddParameter): Name = "ComponentLink1Description"; Value = "SVN Datasheet"; VariantName = "[No Variations]"
Add component (AddParameter): Name = "ComponentLink1URL"; Value = "https://chn-vm-apps.microchip.com/mchprepo/parts/Datasheets/nmc2.pdf"; VariantName = "[No Variations]"
Add component (AddParameter): Name = "ComponentLink2Description"; Value = "Local Datasheet"; VariantName = "[No Variations]"
Add component (AddParameter): Name = "ComponentLink2URL"; Value = "C:\ALTIUM_WORK\00001_MCHP-CDB\Datasheets\nmc2.pdf"; VariantName = "[No Variations]"
Add component (AddParameter): Name = "ComponentLink3Description"; Value = "Open Symbol"; VariantName = "[No Variations]"
Add component (AddParameter): Name = "ComponentLink3URL"; Value = "C:\ALTIUM_WORK\00001_MCHP-CDB\Library\LibraryRefs\Capacitor NP.SchLib"; VariantName = "[No Variations]"
Add component (AddParameter): Name = "ComponentLink4Description"; Value = "Open Footprint"; VariantName = "[No Variations]"
Add component (AddParameter): Name = "ComponentLink4URL"; Value = "C:\ALTIUM_WORK\00001_MCHP-CDB\Library\Footprints\CAP_C_0603.PcbLib"; VariantName = "[No Variations]"
Add component (AddParameter): Name = "ComponentLink5Description"; Value = "Open Footprint 2"; VariantName = "[No Variations]"
Add component (AddParameter): Name = "ComponentLink6Description"; Value = "Open Footprint 3"; VariantName = "[No Variations]"
Add component (AddParameter): Name = "ComponentLink7Description"; Value = "Open Footprint 4"; VariantName = "[No Variations]"
Add component (AddParameter): Name = "Description_"; Value = "CAP CER 0.1uF 16V 10% X7R SMD 0603"; VariantName = "[No Variations]"
Add component (AddParameter): Name = "Dev Tools Status"; Value = "Production"; VariantName = "[No Variations]"
Add component (AddParameter): Name = "Manufacturer 1"; Value = "Taiyo Yuden"; VariantName = "[No Variations]"
Add component (AddParameter): Name = "Manufacturer 2"; Value = "Wurth Electronics Inc"; VariantName = "[No Variations]"
Add component (AddParameter): Name = "Manufacturer 3"; Value = "Samsung"; VariantName = "[No Variations]"
Add component (AddParameter): Name = "Manufacturer 4"; Value = "AVX"; VariantName = "[No Variations]"
Add component (AddParameter): Name = "Manufacturer 5"; Value = "Murata"; VariantName = "[No Variations]"
Add component (AddParameter): Name = "Manufacturer 6"; Value = "Yageo"; VariantName = "[No Variations]"
Add component (AddParameter): Name = "Manufacturer 7"; Value = "Taiyo Yuden"; VariantName = "[No Variations]"
Add component (AddParameter): Name = "Manufacturer 8"; Value = "Murata Electronics North America"; VariantName = "[No Variations]"
Add component (AddParameter): Name = "Manufacturer Part Number 1"; Value = "EMK107B7104KA-T"; VariantName = "[No Variations]"
Add component (AddParameter): Name = "Manufacturer Part Number 2"; Value = "885012206046"; VariantName = "[No Variations]"
Add component (AddParameter): Name = "Manufacturer Part Number 3"; Value = "CL10B104KO8NNNC"; VariantName = "[No Variations]"
Add component (AddParameter): Name = "Manufacturer Part Number 4"; Value = "0603YC104KAT2A"; VariantName = "[No Variations]"
Add component (AddParameter): Name = "Manufacturer Part Number 5"; Value = "GRM188R71C104KA01D"; VariantName = "[No Variations]"
Add component (AddParameter): Name = "Manufacturer Part Number 6"; Value = "CC0603KRX7R7BB104"; VariantName = "[No Variations]"
Add component (AddParameter): Name = "Manufacturer Part Number 7"; Value = "EMK107B7104KA-T"; VariantName = "[No Variations]"
Add component (AddParameter): Name = "Manufacturer Part Number 8"; Value = "GCM188R71C104KA37D"; VariantName = "[No Variations]"
Add component (AddParameter): Name = "MCHP-ID"; Value = "CAP0011"; VariantName = "[No Variations]"
Add component (AddParameter): Name = "Operating Temperature"; Value = "-55C to +125C"; VariantName = "[No Variations]"
Add component (AddParameter): Name = "Owner"; Value = "Cristian Papuc"; VariantName = "[No Variations]"
Add component (AddParameter): Name = "Package"; Value = "0603"; VariantName = "[No Variations]"
Add component (AddParameter): Name = "Populated"; Value = "Yes"; VariantName = "[No Variations]"
Add component (AddParameter): Name = "Quantity Override"; Value = "1"; VariantName = "[No Variations]"
Add component (AddParameter): Name = "Revision"; Value = "3"; VariantName = "[No Variations]"
Add component (AddParameter): Name = "Status"; Value = "MCL Design"; VariantName = "[No Variations]"
Add component (AddParameter): Name = "Supplier 1"; Value = "Digi-Key"; VariantName = "[No Variations]"
Add component (AddParameter): Name = "Supplier 2"; Value = "Digi-Key"; VariantName = "[No Variations]"
Add component (AddParameter): Name = "Supplier 3"; Value = "Digi-Key"; VariantName = "[No Variations]"
Add component (AddParameter): Name = "Supplier 4"; Value = "Digi-Key"; VariantName = "[No Variations]"
Add component (AddParameter): Name = "Supplier 5"; Value = "Digi-Key"; VariantName = "[No Variations]"
Add component (AddParameter): Name = "Supplier 6"; Value = "Digi-Key"; VariantName = "[No Variations]"
Add component (AddParameter): Name = "Supplier 7"; Value = "Newark"; VariantName = "[No Variations]"
Add component (AddParameter): Name = "Supplier 8"; Value = "Digi-Key"; VariantName = "[No Variations]"
Add component (AddParameter): Name = "Supplier Part Number 1"; Value = "587-1240-1-ND"; VariantName = "[No Variations]"
Add component (AddParameter): Name = "Supplier Part Number 2"; Value = "732-7965-1-ND"; VariantName = "[No Variations]"
Add component (AddParameter): Name = "Supplier Part Number 3"; Value = "1276-1005-1-ND"; VariantName = "[No Variations]"
Add component (AddParameter): Name = "Supplier Part Number 4"; Value = "478-1239-1-ND"; VariantName = "[No Variations]"
Add component (AddParameter): Name = "Supplier Part Number 5"; Value = "490-1532-1-ND"; VariantName = "[No Variations]"
Add component (AddParameter): Name = "Supplier Part Number 6"; Value = "311-1088-1-ND"; VariantName = "[No Variations]"
Add component (AddParameter): Name = "Supplier Part Number 7"; Value = "86H5248"; VariantName = "[No Variations]"
Add component (AddParameter): Name = "Supplier Part Number 8"; Value = "490-4774-1-ND"; VariantName = "[No Variations]"
Add component (AddParameter): Name = "Symbol"; Value = "Capacitor NP"; VariantName = "[No Variations]"
Add component (AddParameter): Name = "Temperature Coeffcient"; Value = "X7R"; VariantName = "[No Variations]"
Add component (AddParameter): Name = "Tolerance"; Value = "10%"; VariantName = "[No Variations]"
Add component (AddParameter): Name = "Type"; Value = "Ceramic"; VariantName = "[No Variations]"
Add component (AddParameter): Name = "Value"; Value = "0.1uF"; VariantName = "[No Variations]"
Add component (AddParameter): Name = "Voltage"; Value = "16V"; VariantName = "[No Variations]"
Added Component: Designator=C46(CAP_C_0603)
Add component (AddParameter): Name = "Category"; Value = "Capacitor"; VariantName = "[No Variations]"
Add component (AddParameter): Name = "ComponentLink1Description"; Value = "SVN Datasheet"; VariantName = "[No Variations]"
Add component (AddParameter): Name = "ComponentLink1URL"; Value = "https://chn-vm-apps.microchip.com/mchprepo/parts/Datasheets/smccp.pdf"; VariantName = "[No Variations]"
Add component (AddParameter): Name = "ComponentLink2Description"; Value = "Local Datasheet"; VariantName = "[No Variations]"
Add component (AddParameter): Name = "ComponentLink2URL"; Value = "C:\ALTIUM_WORK\00001_MCHP-CDB\Datasheets\smccp.pdf"; VariantName = "[No Variations]"
Add component (AddParameter): Name = "ComponentLink3Description"; Value = "Open Symbol"; VariantName = "[No Variations]"
Add component (AddParameter): Name = "ComponentLink3URL"; Value = "C:\ALTIUM_WORK\00001_MCHP-CDB\Library\LibraryRefs\Capacitor NP.SchLib"; VariantName = "[No Variations]"
Add component (AddParameter): Name = "ComponentLink4Description"; Value = "Open Footprint"; VariantName = "[No Variations]"
Add component (AddParameter): Name = "ComponentLink4URL"; Value = "C:\ALTIUM_WORK\00001_MCHP-CDB\Library\Footprints\CAP_C_0603.PcbLib"; VariantName = "[No Variations]"
Add component (AddParameter): Name = "ComponentLink5Description"; Value = "Open Footprint 2"; VariantName = "[No Variations]"
Add component (AddParameter): Name = "ComponentLink6Description"; Value = "Open Footprint 3"; VariantName = "[No Variations]"
Add component (AddParameter): Name = "ComponentLink7Description"; Value = "Open Footprint 4"; VariantName = "[No Variations]"
Add component (AddParameter): Name = "Description_"; Value = "CAP CER 1000pF 50V 5% C0G SMD 0603"; VariantName = "[No Variations]"
Add component (AddParameter): Name = "Dev Tools Status"; Value = "Production"; VariantName = "[No Variations]"
Add component (AddParameter): Name = "Manufacturer 1"; Value = "AVX"; VariantName = "[No Variations]"
Add component (AddParameter): Name = "Manufacturer 2"; Value = "TDK"; VariantName = "[No Variations]"
Add component (AddParameter): Name = "Manufacturer 3"; Value = "Murata Electronics North America"; VariantName = "[No Variations]"
Add component (AddParameter): Name = "Manufacturer Part Number 1"; Value = "06035A102JAT2A"; VariantName = "[No Variations]"
Add component (AddParameter): Name = "Manufacturer Part Number 2"; Value = "C1608C0G1H102J"; VariantName = "[No Variations]"
Add component (AddParameter): Name = "Manufacturer Part Number 3"; Value = "GCM1885C1H102JA16D"; VariantName = "[No Variations]"
Add component (AddParameter): Name = "MCHP-ID"; Value = "CAP0594"; VariantName = "[No Variations]"
Add component (AddParameter): Name = "Operating Temperature"; Value = "-55C to +125C"; VariantName = "[No Variations]"
Add component (AddParameter): Name = "Package"; Value = "0603"; VariantName = "[No Variations]"
Add component (AddParameter): Name = "Populated"; Value = "Yes"; VariantName = "[No Variations]"
Add component (AddParameter): Name = "Quantity Override"; Value = "1"; VariantName = "[No Variations]"
Add component (AddParameter): Name = "Revision"; Value = "1"; VariantName = "[No Variations]"
Add component (AddParameter): Name = "Status"; Value = "MCL Design"; VariantName = "[No Variations]"
Add component (AddParameter): Name = "Supplier 1"; Value = "Digi-Key"; VariantName = "[No Variations]"
Add component (AddParameter): Name = "Supplier 2"; Value = "Digi-Key"; VariantName = "[No Variations]"
Add component (AddParameter): Name = "Supplier 3"; Value = "Digi-Key"; VariantName = "[No Variations]"
Add component (AddParameter): Name = "Supplier Part Number 1"; Value = "478-1187-2-ND"; VariantName = "[No Variations]"
Add component (AddParameter): Name = "Supplier Part Number 2"; Value = "445-1293-2-ND"; VariantName = "[No Variations]"
Add component (AddParameter): Name = "Supplier Part Number 3"; Value = "490-4768-1-ND"; VariantName = "[No Variations]"
Add component (AddParameter): Name = "Symbol"; Value = "Capacitor NP"; VariantName = "[No Variations]"
Add component (AddParameter): Name = "Temperature Coeffcient"; Value = "C0G"; VariantName = "[No Variations]"
Add component (AddParameter): Name = "Tolerance"; Value = "5%"; VariantName = "[No Variations]"
Add component (AddParameter): Name = "Type"; Value = "Ceramic"; VariantName = "[No Variations]"
Add component (AddParameter): Name = "Value"; Value = "1000pF"; VariantName = "[No Variations]"
Add component (AddParameter): Name = "Voltage"; Value = "50V"; VariantName = "[No Variations]"
Added Component: Designator=C47(CAP_C_0603)
Add component (AddParameter): Name = "Category"; Value = "Capacitor"; VariantName = "[No Variations]"
Add component (AddParameter): Name = "ComponentLink1Description"; Value = "SVN Datasheet"; VariantName = "[No Variations]"
Add component (AddParameter): Name = "ComponentLink1URL"; Value = "https://chn-vm-apps.microchip.com/mchprepo/parts/Datasheets/smccp.pdf"; VariantName = "[No Variations]"
Add component (AddParameter): Name = "ComponentLink2Description"; Value = "Local Datasheet"; VariantName = "[No Variations]"
Add component (AddParameter): Name = "ComponentLink2URL"; Value = "C:\ALTIUM_WORK\00001_MCHP-CDB\Datasheets\smccp.pdf"; VariantName = "[No Variations]"
Add component (AddParameter): Name = "ComponentLink3Description"; Value = "Open Symbol"; VariantName = "[No Variations]"
Add component (AddParameter): Name = "ComponentLink3URL"; Value = "C:\ALTIUM_WORK\00001_MCHP-CDB\Library\LibraryRefs\Capacitor NP.SchLib"; VariantName = "[No Variations]"
Add component (AddParameter): Name = "ComponentLink4Description"; Value = "Open Footprint"; VariantName = "[No Variations]"
Add component (AddParameter): Name = "ComponentLink4URL"; Value = "C:\ALTIUM_WORK\00001_MCHP-CDB\Library\Footprints\CAP_C_0603.PcbLib"; VariantName = "[No Variations]"
Add component (AddParameter): Name = "ComponentLink5Description"; Value = "Open Footprint 2"; VariantName = "[No Variations]"
Add component (AddParameter): Name = "ComponentLink6Description"; Value = "Open Footprint 3"; VariantName = "[No Variations]"
Add component (AddParameter): Name = "ComponentLink7Description"; Value = "Open Footprint 4"; VariantName = "[No Variations]"
Add component (AddParameter): Name = "Description_"; Value = "CAP CER 1000pF 50V 5% C0G SMD 0603"; VariantName = "[No Variations]"
Add component (AddParameter): Name = "Dev Tools Status"; Value = "Production"; VariantName = "[No Variations]"
Add component (AddParameter): Name = "Manufacturer 1"; Value = "AVX"; VariantName = "[No Variations]"
Add component (AddParameter): Name = "Manufacturer 2"; Value = "TDK"; VariantName = "[No Variations]"
Add component (AddParameter): Name = "Manufacturer 3"; Value = "Murata Electronics North America"; VariantName = "[No Variations]"
Add component (AddParameter): Name = "Manufacturer Part Number 1"; Value = "06035A102JAT2A"; VariantName = "[No Variations]"
Add component (AddParameter): Name = "Manufacturer Part Number 2"; Value = "C1608C0G1H102J"; VariantName = "[No Variations]"
Add component (AddParameter): Name = "Manufacturer Part Number 3"; Value = "GCM1885C1H102JA16D"; VariantName = "[No Variations]"
Add component (AddParameter): Name = "MCHP-ID"; Value = "CAP0594"; VariantName = "[No Variations]"
Add component (AddParameter): Name = "Operating Temperature"; Value = "-55C to +125C"; VariantName = "[No Variations]"
Add component (AddParameter): Name = "Package"; Value = "0603"; VariantName = "[No Variations]"
Add component (AddParameter): Name = "Populated"; Value = "DNP"; VariantName = "[No Variations]"
Add component (AddParameter): Name = "Quantity Override"; Value = "1"; VariantName = "[No Variations]"
Add component (AddParameter): Name = "Revision"; Value = "1"; VariantName = "[No Variations]"
Add component (AddParameter): Name = "Status"; Value = "MCL Design"; VariantName = "[No Variations]"
Add component (AddParameter): Name = "Supplier 1"; Value = "Digi-Key"; VariantName = "[No Variations]"
Add component (AddParameter): Name = "Supplier 2"; Value = "Digi-Key"; VariantName = "[No Variations]"
Add component (AddParameter): Name = "Supplier 3"; Value = "Digi-Key"; VariantName = "[No Variations]"
Add component (AddParameter): Name = "Supplier Part Number 1"; Value = "478-1187-2-ND"; VariantName = "[No Variations]"
Add component (AddParameter): Name = "Supplier Part Number 2"; Value = "445-1293-2-ND"; VariantName = "[No Variations]"
Add component (AddParameter): Name = "Supplier Part Number 3"; Value = "490-4768-1-ND"; VariantName = "[No Variations]"
Add component (AddParameter): Name = "Symbol"; Value = "Capacitor NP"; VariantName = "[No Variations]"
Add component (AddParameter): Name = "Temperature Coeffcient"; Value = "C0G"; VariantName = "[No Variations]"
Add component (AddParameter): Name = "Tolerance"; Value = "5%"; VariantName = "[No Variations]"
Add component (AddParameter): Name = "Type"; Value = "Ceramic"; VariantName = "[No Variations]"
Add component (AddParameter): Name = "Value"; Value = "1000pF"; VariantName = "[No Variations]"
Add component (AddParameter): Name = "Voltage"; Value = "50V"; VariantName = "[No Variations]"
Added Component: Designator=C48(CAP_C_1206)
Add component (AddParameter): Name = "BOM Notes"; Value = ""; VariantName = "[No Variations]"
Add component (AddParameter): Name = "Category"; Value = "Capacitor"; VariantName = "[No Variations]"
Add component (AddParameter): Name = "ComponentLink1Description"; Value = "SVN Datasheet"; VariantName = "[No Variations]"
Add component (AddParameter): Name = "ComponentLink1URL"; Value = "https://chn-vm-apps.microchip.com/mchprepo/parts/Datasheets/mlcc_commercial_general_en.pdf"; VariantName = "[No Variations]"
Add component (AddParameter): Name = "ComponentLink2Description"; Value = "Local Datasheet"; VariantName = "[No Variations]"
Add component (AddParameter): Name = "ComponentLink2URL"; Value = "C:\ALTIUM_WORK\00001_MCHP-CDB\Datasheets\mlcc_commercial_general_en.pdf"; VariantName = "[No Variations]"
Add component (AddParameter): Name = "ComponentLink3Description"; Value = "Open Symbol"; VariantName = "[No Variations]"
Add component (AddParameter): Name = "ComponentLink3URL"; Value = "C:\ALTIUM_WORK\00001_MCHP-CDB\Library\LibraryRefs\Capacitor NP.SchLib"; VariantName = "[No Variations]"
Add component (AddParameter): Name = "ComponentLink4Description"; Value = "Open Footprint"; VariantName = "[No Variations]"
Add component (AddParameter): Name = "ComponentLink4URL"; Value = "C:\ALTIUM_WORK\00001_MCHP-CDB\Library\Footprints\CAP_C_1206.PcbLib"; VariantName = "[No Variations]"
Add component (AddParameter): Name = "ComponentLink5Description"; Value = "Open Footprint 2"; VariantName = "[No Variations]"
Add component (AddParameter): Name = "ComponentLink6Description"; Value = "Open Footprint 3"; VariantName = "[No Variations]"
Add component (AddParameter): Name = "ComponentLink7Description"; Value = "Open Footprint 4"; VariantName = "[No Variations]"
Add component (AddParameter): Name = "Description_"; Value = "CAP CER 4.7uF 50V 10% X7R SMD 1206"; VariantName = "[No Variations]"
Add component (AddParameter): Name = "Dev Tools Status"; Value = "Production"; VariantName = "[No Variations]"
Add component (AddParameter): Name = "Manufacturer 1"; Value = "TDK Corporation"; VariantName = "[No Variations]"
Add component (AddParameter): Name = "Manufacturer Part Number 1"; Value = "C3216X7R1H475K160AC"; VariantName = "[No Variations]"
Add component (AddParameter): Name = "MCHP-ID"; Value = "CAP1292"; VariantName = "[No Variations]"
Add component (AddParameter): Name = "Operating Temperature"; Value = "-55C to +125C"; VariantName = "[No Variations]"
Add component (AddParameter): Name = "Owner"; Value = "Jairuz Agang-ang"; VariantName = "[No Variations]"
Add component (AddParameter): Name = "Package"; Value = "1206"; VariantName = "[No Variations]"
Add component (AddParameter): Name = "Populated"; Value = "YES"; VariantName = "[No Variations]"
Add component (AddParameter): Name = "Quantity Override"; Value = "1"; VariantName = "[No Variations]"
Add component (AddParameter): Name = "Revision"; Value = "1"; VariantName = "[No Variations]"
Add component (AddParameter): Name = "Status"; Value = "MCL Design"; VariantName = "[No Variations]"
Add component (AddParameter): Name = "Supplier 1"; Value = "Digi-Key"; VariantName = "[No Variations]"
Add component (AddParameter): Name = "Supplier Part Number 1"; Value = "445-8032-1-ND"; VariantName = "[No Variations]"
Add component (AddParameter): Name = "Symbol"; Value = "Capacitor NP"; VariantName = "[No Variations]"
Add component (AddParameter): Name = "Temperature Coeffcient"; Value = "X7R"; VariantName = "[No Variations]"
Add component (AddParameter): Name = "Tolerance"; Value = "10%"; VariantName = "[No Variations]"
Add component (AddParameter): Name = "Type"; Value = "Ceramic"; VariantName = "[No Variations]"
Add component (AddParameter): Name = "Value"; Value = "4.7uF"; VariantName = "[No Variations]"
Add component (AddParameter): Name = "Voltage"; Value = "50V"; VariantName = "[No Variations]"
Added Component: Designator=C49(CAP_C_1206)
Add component (AddParameter): Name = "BOM Notes"; Value = ""; VariantName = "[No Variations]"
Add component (AddParameter): Name = "Category"; Value = "Capacitor"; VariantName = "[No Variations]"
Add component (AddParameter): Name = "ComponentLink1Description"; Value = "SVN Datasheet"; VariantName = "[No Variations]"
Add component (AddParameter): Name = "ComponentLink1URL"; Value = "https://chn-vm-apps.microchip.com/mchprepo/parts/Datasheets/mlcc_commercial_general_en.pdf"; VariantName = "[No Variations]"
Add component (AddParameter): Name = "ComponentLink2Description"; Value = "Local Datasheet"; VariantName = "[No Variations]"
Add component (AddParameter): Name = "ComponentLink2URL"; Value = "C:\ALTIUM_WORK\00001_MCHP-CDB\Datasheets\mlcc_commercial_general_en.pdf"; VariantName = "[No Variations]"
Add component (AddParameter): Name = "ComponentLink3Description"; Value = "Open Symbol"; VariantName = "[No Variations]"
Add component (AddParameter): Name = "ComponentLink3URL"; Value = "C:\ALTIUM_WORK\00001_MCHP-CDB\Library\LibraryRefs\Capacitor NP.SchLib"; VariantName = "[No Variations]"
Add component (AddParameter): Name = "ComponentLink4Description"; Value = "Open Footprint"; VariantName = "[No Variations]"
Add component (AddParameter): Name = "ComponentLink4URL"; Value = "C:\ALTIUM_WORK\00001_MCHP-CDB\Library\Footprints\CAP_C_1206.PcbLib"; VariantName = "[No Variations]"
Add component (AddParameter): Name = "ComponentLink5Description"; Value = "Open Footprint 2"; VariantName = "[No Variations]"
Add component (AddParameter): Name = "ComponentLink6Description"; Value = "Open Footprint 3"; VariantName = "[No Variations]"
Add component (AddParameter): Name = "ComponentLink7Description"; Value = "Open Footprint 4"; VariantName = "[No Variations]"
Add component (AddParameter): Name = "Description_"; Value = "CAP CER 4.7uF 50V 10% X7R SMD 1206"; VariantName = "[No Variations]"
Add component (AddParameter): Name = "Dev Tools Status"; Value = "Production"; VariantName = "[No Variations]"
Add component (AddParameter): Name = "Manufacturer 1"; Value = "TDK Corporation"; VariantName = "[No Variations]"
Add component (AddParameter): Name = "Manufacturer Part Number 1"; Value = "C3216X7R1H475K160AC"; VariantName = "[No Variations]"
Add component (AddParameter): Name = "MCHP-ID"; Value = "CAP1292"; VariantName = "[No Variations]"
Add component (AddParameter): Name = "Operating Temperature"; Value = "-55C to +125C"; VariantName = "[No Variations]"
Add component (AddParameter): Name = "Owner"; Value = "Jairuz Agang-ang"; VariantName = "[No Variations]"
Add component (AddParameter): Name = "Package"; Value = "1206"; VariantName = "[No Variations]"
Add component (AddParameter): Name = "Populated"; Value = "YES"; VariantName = "[No Variations]"
Add component (AddParameter): Name = "Quantity Override"; Value = "1"; VariantName = "[No Variations]"
Add component (AddParameter): Name = "Revision"; Value = "1"; VariantName = "[No Variations]"
Add component (AddParameter): Name = "Status"; Value = "MCL Design"; VariantName = "[No Variations]"
Add component (AddParameter): Name = "Supplier 1"; Value = "Digi-Key"; VariantName = "[No Variations]"
Add component (AddParameter): Name = "Supplier Part Number 1"; Value = "445-8032-1-ND"; VariantName = "[No Variations]"
Add component (AddParameter): Name = "Symbol"; Value = "Capacitor NP"; VariantName = "[No Variations]"
Add component (AddParameter): Name = "Temperature Coeffcient"; Value = "X7R"; VariantName = "[No Variations]"
Add component (AddParameter): Name = "Tolerance"; Value = "10%"; VariantName = "[No Variations]"
Add component (AddParameter): Name = "Type"; Value = "Ceramic"; VariantName = "[No Variations]"
Add component (AddParameter): Name = "Value"; Value = "4.7uF"; VariantName = "[No Variations]"
Add component (AddParameter): Name = "Voltage"; Value = "50V"; VariantName = "[No Variations]"
Added Component: Designator=C50(CAP_C_1210)
Add component (AddParameter): Name = "BOM Notes"; Value = ""; VariantName = "[No Variations]"
Add component (AddParameter): Name = "Category"; Value = "Capacitor"; VariantName = "[No Variations]"
Add component (AddParameter): Name = "ComponentLink1Description"; Value = "SVN Datasheet"; VariantName = "[No Variations]"
Add component (AddParameter): Name = "ComponentLink1URL"; Value = "https://chn-vm-apps.microchip.com/mchprepo/parts/Datasheets/CL32B106KMVNNWE_Spec.pdf"; VariantName = "[No Variations]"
Add component (AddParameter): Name = "ComponentLink2Description"; Value = "Local Datasheet"; VariantName = "[No Variations]"
Add component (AddParameter): Name = "ComponentLink2URL"; Value = "C:\ALTIUM_WORK\00001_MCHP-CDB\Datasheets\CL32B106KMVNNWE_Spec.pdf"; VariantName = "[No Variations]"
Add component (AddParameter): Name = "ComponentLink3Description"; Value = "Open Symbol"; VariantName = "[No Variations]"
Add component (AddParameter): Name = "ComponentLink3URL"; Value = "C:\ALTIUM_WORK\00001_MCHP-CDB\Library\LibraryRefs\Capacitor NP.SchLib"; VariantName = "[No Variations]"
Add component (AddParameter): Name = "ComponentLink4Description"; Value = "Open Footprint"; VariantName = "[No Variations]"
Add component (AddParameter): Name = "ComponentLink4URL"; Value = "C:\ALTIUM_WORK\00001_MCHP-CDB\Library\Footprints\CAP_C_1210.PcbLib"; VariantName = "[No Variations]"
Add component (AddParameter): Name = "ComponentLink5Description"; Value = "Open Footprint 2"; VariantName = "[No Variations]"
Add component (AddParameter): Name = "ComponentLink6Description"; Value = "Open Footprint 3"; VariantName = "[No Variations]"
Add component (AddParameter): Name = "ComponentLink7Description"; Value = "Open Footprint 4"; VariantName = "[No Variations]"
Add component (AddParameter): Name = "Description_"; Value = "CAP CER 10uF 63V 10% X7R SMD 1210"; VariantName = "[No Variations]"
Add component (AddParameter): Name = "Dev Tools Status"; Value = "Design"; VariantName = "[No Variations]"
Add component (AddParameter): Name = "Manufacturer 1"; Value = "Samsung Electro-Mechanics"; VariantName = "[No Variations]"
Add component (AddParameter): Name = "Manufacturer Part Number 1"; Value = "CL32B106KMVNNWE"; VariantName = "[No Variations]"
Add component (AddParameter): Name = "MCHP-ID"; Value = "CAP2578"; VariantName = "[No Variations]"
Add component (AddParameter): Name = "Operating Temperature"; Value = "-55C to +125C"; VariantName = "[No Variations]"
Add component (AddParameter): Name = "Owner"; Value = "Narasimha Murthy"; VariantName = "[No Variations]"
Add component (AddParameter): Name = "Package"; Value = "1210"; VariantName = "[No Variations]"
Add component (AddParameter): Name = "Populated"; Value = "YES"; VariantName = "[No Variations]"
Add component (AddParameter): Name = "Quantity Override"; Value = "1"; VariantName = "[No Variations]"
Add component (AddParameter): Name = "Revision"; Value = "1"; VariantName = "[No Variations]"
Add component (AddParameter): Name = "Status"; Value = "MCL Design"; VariantName = "[No Variations]"
Add component (AddParameter): Name = "Supplier 1"; Value = "Digi-Key"; VariantName = "[No Variations]"
Add component (AddParameter): Name = "Supplier Part Number 1"; Value = "1276-7053-1-ND"; VariantName = "[No Variations]"
Add component (AddParameter): Name = "Symbol"; Value = "Capacitor NP"; VariantName = "[No Variations]"
Add component (AddParameter): Name = "Temperature Coefficient"; Value = "X7R"; VariantName = "[No Variations]"
Add component (AddParameter): Name = "Tolerance"; Value = "10%"; VariantName = "[No Variations]"
Add component (AddParameter): Name = "Type"; Value = "Ceramic"; VariantName = "[No Variations]"
Add component (AddParameter): Name = "Value"; Value = "10uF"; VariantName = "[No Variations]"
Add component (AddParameter): Name = "Voltage"; Value = "63V"; VariantName = "[No Variations]"
Added Component: Designator=C51(CAP_C_0805)
Add component (AddParameter): Name = "Category"; Value = "Capacitor"; VariantName = "[No Variations]"
Add component (AddParameter): Name = "ComponentLink1Description"; Value = "SVN Datasheet"; VariantName = "[No Variations]"
Add component (AddParameter): Name = "ComponentLink1URL"; Value = "https://chn-vm-apps.microchip.com/mchprepo/parts/Datasheets/flexiterm.pdf"; VariantName = "[No Variations]"
Add component (AddParameter): Name = "ComponentLink2Description"; Value = "Local Datasheet"; VariantName = "[No Variations]"
Add component (AddParameter): Name = "ComponentLink2URL"; Value = "C:\ALTIUM_WORK\00001_MCHP-CDB\Datasheets\flexiterm.pdf"; VariantName = "[No Variations]"
Add component (AddParameter): Name = "ComponentLink3Description"; Value = "Open Symbol"; VariantName = "[No Variations]"
Add component (AddParameter): Name = "ComponentLink3URL"; Value = "C:\ALTIUM_WORK\00001_MCHP-CDB\Library\LibraryRefs\Capacitor NP.SchLib"; VariantName = "[No Variations]"
Add component (AddParameter): Name = "ComponentLink4Description"; Value = "Open Footprint"; VariantName = "[No Variations]"
Add component (AddParameter): Name = "ComponentLink4URL"; Value = "C:\ALTIUM_WORK\00001_MCHP-CDB\Library\Footprints\CAP_C_0805.PcbLib"; VariantName = "[No Variations]"
Add component (AddParameter): Name = "ComponentLink5Description"; Value = "Open Footprint 2"; VariantName = "[No Variations]"
Add component (AddParameter): Name = "ComponentLink6Description"; Value = "Open Footprint 3"; VariantName = "[No Variations]"
Add component (AddParameter): Name = "ComponentLink7Description"; Value = "Open Footprint 4"; VariantName = "[No Variations]"
Add component (AddParameter): Name = "Description_"; Value = "CAP CER 1uF 25V 10% X7R SMD 0805"; VariantName = "[No Variations]"
Add component (AddParameter): Name = "Dev Tools Status"; Value = "Production"; VariantName = "[No Variations]"
Add component (AddParameter): Name = "Manufacturer 1"; Value = "AVX"; VariantName = "[No Variations]"
Add component (AddParameter): Name = "Manufacturer 2"; Value = "KEMET"; VariantName = "[No Variations]"
Add component (AddParameter): Name = "Manufacturer 3"; Value = "TDK Corporation"; VariantName = "[No Variations]"
Add component (AddParameter): Name = "Manufacturer Part Number 1"; Value = "08053C105K4Z2A"; VariantName = "[No Variations]"
Add component (AddParameter): Name = "Manufacturer Part Number 2"; Value = "C0805C105K3RACTU"; VariantName = "[No Variations]"
Add component (AddParameter): Name = "Manufacturer Part Number 3"; Value = "C2012X7R1E105K125AB"; VariantName = "[No Variations]"
Add component (AddParameter): Name = "MCHP-ID"; Value = "CAP1211"; VariantName = "[No Variations]"
Add component (AddParameter): Name = "Operating Temperature"; Value = "-55C to +125C"; VariantName = "[No Variations]"
Add component (AddParameter): Name = "Owner"; Value = "Tad Ahlvers"; VariantName = "[No Variations]"
Add component (AddParameter): Name = "Package"; Value = "0805"; VariantName = "[No Variations]"
Add component (AddParameter): Name = "Populated"; Value = "YES"; VariantName = "[No Variations]"
Add component (AddParameter): Name = "Quantity Override"; Value = "1"; VariantName = "[No Variations]"
Add component (AddParameter): Name = "Revision"; Value = "1"; VariantName = "[No Variations]"
Add component (AddParameter): Name = "Status"; Value = "MCL Design"; VariantName = "[No Variations]"
Add component (AddParameter): Name = "Supplier 1"; Value = "Digi-Key"; VariantName = "[No Variations]"
Add component (AddParameter): Name = "Supplier 2"; Value = "Digi-Key"; VariantName = "[No Variations]"
Add component (AddParameter): Name = "Supplier 3"; Value = "Digi-Key"; VariantName = "[No Variations]"
Add component (AddParameter): Name = "Supplier Part Number 1"; Value = "478-6357-2-ND"; VariantName = "[No Variations]"
Add component (AddParameter): Name = "Supplier Part Number 2"; Value = "C0805C105K3RACTU-ND"; VariantName = "[No Variations]"
Add component (AddParameter): Name = "Supplier Part Number 3"; Value = "445-1354-1-ND"; VariantName = "[No Variations]"
Add component (AddParameter): Name = "Symbol"; Value = "Capacitor NP"; VariantName = "[No Variations]"
Add component (AddParameter): Name = "Temperature Coeffcient"; Value = "X7R"; VariantName = "[No Variations]"
Add component (AddParameter): Name = "Tolerance"; Value = "10%"; VariantName = "[No Variations]"
Add component (AddParameter): Name = "Type"; Value = "Ceramic"; VariantName = "[No Variations]"
Add component (AddParameter): Name = "Value"; Value = "1uF"; VariantName = "[No Variations]"
Add component (AddParameter): Name = "Voltage"; Value = "25V"; VariantName = "[No Variations]"
Added Component: Designator=C52(CAP_C_0603)
Add component (AddParameter): Name = "Category"; Value = "Capacitor"; VariantName = "[No Variations]"
Add component (AddParameter): Name = "ComponentLink1Description"; Value = "SVN Datasheet"; VariantName = "[No Variations]"
Add component (AddParameter): Name = "ComponentLink1URL"; Value = "https://chn-vm-apps.microchip.com/mchprepo/parts/Datasheets/smccp.pdf"; VariantName = "[No Variations]"
Add component (AddParameter): Name = "ComponentLink2Description"; Value = "Local Datasheet"; VariantName = "[No Variations]"
Add component (AddParameter): Name = "ComponentLink2URL"; Value = "C:\ALTIUM_WORK\00001_MCHP-CDB\Datasheets\smccp.pdf"; VariantName = "[No Variations]"
Add component (AddParameter): Name = "ComponentLink3Description"; Value = "Open Symbol"; VariantName = "[No Variations]"
Add component (AddParameter): Name = "ComponentLink3URL"; Value = "C:\ALTIUM_WORK\00001_MCHP-CDB\Library\LibraryRefs\Capacitor NP.SchLib"; VariantName = "[No Variations]"
Add component (AddParameter): Name = "ComponentLink4Description"; Value = "Open Footprint"; VariantName = "[No Variations]"
Add component (AddParameter): Name = "ComponentLink4URL"; Value = "C:\ALTIUM_WORK\00001_MCHP-CDB\Library\Footprints\CAP_C_0603.PcbLib"; VariantName = "[No Variations]"
Add component (AddParameter): Name = "ComponentLink5Description"; Value = "Open Footprint 2"; VariantName = "[No Variations]"
Add component (AddParameter): Name = "ComponentLink6Description"; Value = "Open Footprint 3"; VariantName = "[No Variations]"
Add component (AddParameter): Name = "ComponentLink7Description"; Value = "Open Footprint 4"; VariantName = "[No Variations]"
Add component (AddParameter): Name = "Description_"; Value = "CAP CER 1000pF 50V 5% C0G SMD 0603"; VariantName = "[No Variations]"
Add component (AddParameter): Name = "Dev Tools Status"; Value = "Production"; VariantName = "[No Variations]"
Add component (AddParameter): Name = "Manufacturer 1"; Value = "AVX"; VariantName = "[No Variations]"
Add component (AddParameter): Name = "Manufacturer 2"; Value = "TDK"; VariantName = "[No Variations]"
Add component (AddParameter): Name = "Manufacturer 3"; Value = "Murata Electronics North America"; VariantName = "[No Variations]"
Add component (AddParameter): Name = "Manufacturer Part Number 1"; Value = "06035A102JAT2A"; VariantName = "[No Variations]"
Add component (AddParameter): Name = "Manufacturer Part Number 2"; Value = "C1608C0G1H102J"; VariantName = "[No Variations]"
Add component (AddParameter): Name = "Manufacturer Part Number 3"; Value = "GCM1885C1H102JA16D"; VariantName = "[No Variations]"
Add component (AddParameter): Name = "MCHP-ID"; Value = "CAP0594"; VariantName = "[No Variations]"
Add component (AddParameter): Name = "Operating Temperature"; Value = "-55C to +125C"; VariantName = "[No Variations]"
Add component (AddParameter): Name = "Package"; Value = "0603"; VariantName = "[No Variations]"
Add component (AddParameter): Name = "Populated"; Value = "DNP"; VariantName = "[No Variations]"
Add component (AddParameter): Name = "Quantity Override"; Value = "1"; VariantName = "[No Variations]"
Add component (AddParameter): Name = "Revision"; Value = "1"; VariantName = "[No Variations]"
Add component (AddParameter): Name = "Status"; Value = "MCL Design"; VariantName = "[No Variations]"
Add component (AddParameter): Name = "Supplier 1"; Value = "Digi-Key"; VariantName = "[No Variations]"
Add component (AddParameter): Name = "Supplier 2"; Value = "Digi-Key"; VariantName = "[No Variations]"
Add component (AddParameter): Name = "Supplier 3"; Value = "Digi-Key"; VariantName = "[No Variations]"
Add component (AddParameter): Name = "Supplier Part Number 1"; Value = "478-1187-2-ND"; VariantName = "[No Variations]"
Add component (AddParameter): Name = "Supplier Part Number 2"; Value = "445-1293-2-ND"; VariantName = "[No Variations]"
Add component (AddParameter): Name = "Supplier Part Number 3"; Value = "490-4768-1-ND"; VariantName = "[No Variations]"
Add component (AddParameter): Name = "Symbol"; Value = "Capacitor NP"; VariantName = "[No Variations]"
Add component (AddParameter): Name = "Temperature Coeffcient"; Value = "C0G"; VariantName = "[No Variations]"
Add component (AddParameter): Name = "Tolerance"; Value = "5%"; VariantName = "[No Variations]"
Add component (AddParameter): Name = "Type"; Value = "Ceramic"; VariantName = "[No Variations]"
Add component (AddParameter): Name = "Value"; Value = "1000pF"; VariantName = "[No Variations]"
Add component (AddParameter): Name = "Voltage"; Value = "50V"; VariantName = "[No Variations]"
Added Component: Designator=C53(CAP_C_0603)
Add component (AddParameter): Name = "Category"; Value = "Capacitor"; VariantName = "[No Variations]"
Add component (AddParameter): Name = "ComponentLink1Description"; Value = "SVN Datasheet"; VariantName = "[No Variations]"
Add component (AddParameter): Name = "ComponentLink1URL"; Value = "https://chn-vm-apps.microchip.com/mchprepo/parts/Datasheets/nmc2.pdf"; VariantName = "[No Variations]"
Add component (AddParameter): Name = "ComponentLink2Description"; Value = "Local Datasheet"; VariantName = "[No Variations]"
Add component (AddParameter): Name = "ComponentLink2URL"; Value = "C:\ALTIUM_WORK\00001_MCHP-CDB\Datasheets\nmc2.pdf"; VariantName = "[No Variations]"
Add component (AddParameter): Name = "ComponentLink3Description"; Value = "Open Symbol"; VariantName = "[No Variations]"
Add component (AddParameter): Name = "ComponentLink3URL"; Value = "C:\ALTIUM_WORK\00001_MCHP-CDB\Library\LibraryRefs\Capacitor NP.SchLib"; VariantName = "[No Variations]"
Add component (AddParameter): Name = "ComponentLink4Description"; Value = "Open Footprint"; VariantName = "[No Variations]"
Add component (AddParameter): Name = "ComponentLink4URL"; Value = "C:\ALTIUM_WORK\00001_MCHP-CDB\Library\Footprints\CAP_C_0603.PcbLib"; VariantName = "[No Variations]"
Add component (AddParameter): Name = "ComponentLink5Description"; Value = "Open Footprint 2"; VariantName = "[No Variations]"
Add component (AddParameter): Name = "ComponentLink6Description"; Value = "Open Footprint 3"; VariantName = "[No Variations]"
Add component (AddParameter): Name = "ComponentLink7Description"; Value = "Open Footprint 4"; VariantName = "[No Variations]"
Add component (AddParameter): Name = "Description_"; Value = "CAP CER 0.1uF 16V 10% X7R SMD 0603"; VariantName = "[No Variations]"
Add component (AddParameter): Name = "Dev Tools Status"; Value = "Production"; VariantName = "[No Variations]"
Add component (AddParameter): Name = "Manufacturer 1"; Value = "Taiyo Yuden"; VariantName = "[No Variations]"
Add component (AddParameter): Name = "Manufacturer 2"; Value = "Wurth Electronics Inc"; VariantName = "[No Variations]"
Add component (AddParameter): Name = "Manufacturer 3"; Value = "Samsung"; VariantName = "[No Variations]"
Add component (AddParameter): Name = "Manufacturer 4"; Value = "AVX"; VariantName = "[No Variations]"
Add component (AddParameter): Name = "Manufacturer 5"; Value = "Murata"; VariantName = "[No Variations]"
Add component (AddParameter): Name = "Manufacturer 6"; Value = "Yageo"; VariantName = "[No Variations]"
Add component (AddParameter): Name = "Manufacturer 7"; Value = "Taiyo Yuden"; VariantName = "[No Variations]"
Add component (AddParameter): Name = "Manufacturer 8"; Value = "Murata Electronics North America"; VariantName = "[No Variations]"
Add component (AddParameter): Name = "Manufacturer Part Number 1"; Value = "EMK107B7104KA-T"; VariantName = "[No Variations]"
Add component (AddParameter): Name = "Manufacturer Part Number 2"; Value = "885012206046"; VariantName = "[No Variations]"
Add component (AddParameter): Name = "Manufacturer Part Number 3"; Value = "CL10B104KO8NNNC"; VariantName = "[No Variations]"
Add component (AddParameter): Name = "Manufacturer Part Number 4"; Value = "0603YC104KAT2A"; VariantName = "[No Variations]"
Add component (AddParameter): Name = "Manufacturer Part Number 5"; Value = "GRM188R71C104KA01D"; VariantName = "[No Variations]"
Add component (AddParameter): Name = "Manufacturer Part Number 6"; Value = "CC0603KRX7R7BB104"; VariantName = "[No Variations]"
Add component (AddParameter): Name = "Manufacturer Part Number 7"; Value = "EMK107B7104KA-T"; VariantName = "[No Variations]"
Add component (AddParameter): Name = "Manufacturer Part Number 8"; Value = "GCM188R71C104KA37D"; VariantName = "[No Variations]"
Add component (AddParameter): Name = "MCHP-ID"; Value = "CAP0011"; VariantName = "[No Variations]"
Add component (AddParameter): Name = "Operating Temperature"; Value = "-55C to +125C"; VariantName = "[No Variations]"
Add component (AddParameter): Name = "Owner"; Value = "Cristian Papuc"; VariantName = "[No Variations]"
Add component (AddParameter): Name = "Package"; Value = "0603"; VariantName = "[No Variations]"
Add component (AddParameter): Name = "Populated"; Value = "YES"; VariantName = "[No Variations]"
Add component (AddParameter): Name = "Quantity Override"; Value = "1"; VariantName = "[No Variations]"
Add component (AddParameter): Name = "Revision"; Value = "3"; VariantName = "[No Variations]"
Add component (AddParameter): Name = "Status"; Value = "MCL Design"; VariantName = "[No Variations]"
Add component (AddParameter): Name = "Supplier 1"; Value = "Digi-Key"; VariantName = "[No Variations]"
Add component (AddParameter): Name = "Supplier 2"; Value = "Digi-Key"; VariantName = "[No Variations]"
Add component (AddParameter): Name = "Supplier 3"; Value = "Digi-Key"; VariantName = "[No Variations]"
Add component (AddParameter): Name = "Supplier 4"; Value = "Digi-Key"; VariantName = "[No Variations]"
Add component (AddParameter): Name = "Supplier 5"; Value = "Digi-Key"; VariantName = "[No Variations]"
Add component (AddParameter): Name = "Supplier 6"; Value = "Digi-Key"; VariantName = "[No Variations]"
Add component (AddParameter): Name = "Supplier 7"; Value = "Newark"; VariantName = "[No Variations]"
Add component (AddParameter): Name = "Supplier 8"; Value = "Digi-Key"; VariantName = "[No Variations]"
Add component (AddParameter): Name = "Supplier Part Number 1"; Value = "587-1240-1-ND"; VariantName = "[No Variations]"
Add component (AddParameter): Name = "Supplier Part Number 2"; Value = "732-7965-1-ND"; VariantName = "[No Variations]"
Add component (AddParameter): Name = "Supplier Part Number 3"; Value = "1276-1005-1-ND"; VariantName = "[No Variations]"
Add component (AddParameter): Name = "Supplier Part Number 4"; Value = "478-1239-1-ND"; VariantName = "[No Variations]"
Add component (AddParameter): Name = "Supplier Part Number 5"; Value = "490-1532-1-ND"; VariantName = "[No Variations]"
Add component (AddParameter): Name = "Supplier Part Number 6"; Value = "311-1088-1-ND"; VariantName = "[No Variations]"
Add component (AddParameter): Name = "Supplier Part Number 7"; Value = "86H5248"; VariantName = "[No Variations]"
Add component (AddParameter): Name = "Supplier Part Number 8"; Value = "490-4774-1-ND"; VariantName = "[No Variations]"
Add component (AddParameter): Name = "Symbol"; Value = "Capacitor NP"; VariantName = "[No Variations]"
Add component (AddParameter): Name = "Temperature Coeffcient"; Value = "X7R"; VariantName = "[No Variations]"
Add component (AddParameter): Name = "Tolerance"; Value = "10%"; VariantName = "[No Variations]"
Add component (AddParameter): Name = "Type"; Value = "Ceramic"; VariantName = "[No Variations]"
Add component (AddParameter): Name = "Value"; Value = "0.1uF"; VariantName = "[No Variations]"
Add component (AddParameter): Name = "Voltage"; Value = "16V"; VariantName = "[No Variations]"
Added Component: Designator=C54(CAP_C_0603)
Add component (AddParameter): Name = "Category"; Value = "Capacitor"; VariantName = "[No Variations]"
Add component (AddParameter): Name = "ComponentLink1Description"; Value = "SVN Datasheet"; VariantName = "[No Variations]"
Add component (AddParameter): Name = "ComponentLink1URL"; Value = "https://chn-vm-apps.microchip.com/mchprepo/parts/Datasheets/L0005E.pdf"; VariantName = "[No Variations]"
Add component (AddParameter): Name = "ComponentLink2Description"; Value = "Local Datasheet"; VariantName = "[No Variations]"
Add component (AddParameter): Name = "ComponentLink2URL"; Value = "C:\ALTIUM_WORK\00001_MCHP-CDB\Datasheets\L0005E.pdf"; VariantName = "[No Variations]"
Add component (AddParameter): Name = "ComponentLink3Description"; Value = "Open Symbol"; VariantName = "[No Variations]"
Add component (AddParameter): Name = "ComponentLink3URL"; Value = "C:\ALTIUM_WORK\00001_MCHP-CDB\Library\LibraryRefs\Capacitor NP.SchLib"; VariantName = "[No Variations]"
Add component (AddParameter): Name = "ComponentLink4Description"; Value = "Open Footprint"; VariantName = "[No Variations]"
Add component (AddParameter): Name = "ComponentLink4URL"; Value = "C:\ALTIUM_WORK\00001_MCHP-CDB\Library\Footprints\CAP_C_0603.PcbLib"; VariantName = "[No Variations]"
Add component (AddParameter): Name = "ComponentLink5Description"; Value = "Open Footprint 2"; VariantName = "[No Variations]"
Add component (AddParameter): Name = "ComponentLink6Description"; Value = "Open Footprint 3"; VariantName = "[No Variations]"
Add component (AddParameter): Name = "ComponentLink7Description"; Value = "Open Footprint 4"; VariantName = "[No Variations]"
Add component (AddParameter): Name = "Description_"; Value = "CAP CER 10000pF 16V 10% X7R SMD 0603"; VariantName = "[No Variations]"
Add component (AddParameter): Name = "Dev Tools Status"; Value = "Production"; VariantName = "[No Variations]"
Add component (AddParameter): Name = "Manufacturer 1"; Value = "Wurth Electronics Inc"; VariantName = "[No Variations]"
Add component (AddParameter): Name = "Manufacturer 2"; Value = "Samsung"; VariantName = "[No Variations]"
Add component (AddParameter): Name = "Manufacturer 3"; Value = "Murata"; VariantName = "[No Variations]"
Add component (AddParameter): Name = "Manufacturer 4"; Value = "Panasonic"; VariantName = "[No Variations]"
Add component (AddParameter): Name = "Manufacturer 5"; Value = "Johanson Dielectrics"; VariantName = "[No Variations]"
Add component (AddParameter): Name = "Manufacturer 6"; Value = "Yageo"; VariantName = "[No Variations]"
Add component (AddParameter): Name = "Manufacturer Part Number 1"; Value = "885012206040"; VariantName = "[No Variations]"
Add component (AddParameter): Name = "Manufacturer Part Number 2"; Value = "CL10B103KO8NNNC"; VariantName = "[No Variations]"
Add component (AddParameter): Name = "Manufacturer Part Number 3"; Value = "GRM188R71C103KA01D"; VariantName = "[No Variations]"
Add component (AddParameter): Name = "Manufacturer Part Number 4"; Value = "ECJ-1VB1C103K"; VariantName = "[No Variations]"
Add component (AddParameter): Name = "Manufacturer Part Number 5"; Value = "160R14W103KV4T"; VariantName = "[No Variations]"
Add component (AddParameter): Name = "Manufacturer Part Number 6"; Value = "CC0603KRX7R7BB103"; VariantName = "[No Variations]"
Add component (AddParameter): Name = "MCHP-ID"; Value = "CAP0451"; VariantName = "[No Variations]"
Add component (AddParameter): Name = "Operating Temperature"; Value = "-55C to +125C"; VariantName = "[No Variations]"
Add component (AddParameter): Name = "Package"; Value = "0603"; VariantName = "[No Variations]"
Add component (AddParameter): Name = "Populated"; Value = "YES"; VariantName = "[No Variations]"
Add component (AddParameter): Name = "Quantity Override"; Value = "1"; VariantName = "[No Variations]"
Add component (AddParameter): Name = "Revision"; Value = "1"; VariantName = "[No Variations]"
Add component (AddParameter): Name = "Status"; Value = "MCL Design"; VariantName = "[No Variations]"
Add component (AddParameter): Name = "Supplier 1"; Value = "Digi-Key"; VariantName = "[No Variations]"
Add component (AddParameter): Name = "Supplier 2"; Value = "Digi-Key"; VariantName = "[No Variations]"
Add component (AddParameter): Name = "Supplier 3"; Value = "Digi-Key"; VariantName = "[No Variations]"
Add component (AddParameter): Name = "Supplier 4"; Value = "Digi-Key"; VariantName = "[No Variations]"
Add component (AddParameter): Name = "Supplier 5"; Value = "Digi-Key"; VariantName = "[No Variations]"
Add component (AddParameter): Name = "Supplier 6"; Value = "Digi-Key"; VariantName = "[No Variations]"
Add component (AddParameter): Name = "Supplier Part Number 1"; Value = "732-7959-1-ND"; VariantName = "[No Variations]"
Add component (AddParameter): Name = "Supplier Part Number 2"; Value = "1276-1926-1-ND"; VariantName = "[No Variations]"
Add component (AddParameter): Name = "Supplier Part Number 3"; Value = "490-1525-1-ND"; VariantName = "[No Variations]"
Add component (AddParameter): Name = "Supplier Part Number 4"; Value = "PCC1750CT-ND"; VariantName = "[No Variations]"
Add component (AddParameter): Name = "Supplier Part Number 5"; Value = "709-1152-2-ND"; VariantName = "[No Variations]"
Add component (AddParameter): Name = "Supplier Part Number 6"; Value = "311-3369-1-ND"; VariantName = "[No Variations]"
Add component (AddParameter): Name = "Symbol"; Value = "Capacitor NP"; VariantName = "[No Variations]"
Add component (AddParameter): Name = "Temperature Coeffcient"; Value = "X7R"; VariantName = "[No Variations]"
Add component (AddParameter): Name = "Tolerance"; Value = "10%"; VariantName = "[No Variations]"
Add component (AddParameter): Name = "Type"; Value = "Ceramic"; VariantName = "[No Variations]"
Add component (AddParameter): Name = "Value"; Value = "10000pF"; VariantName = "[No Variations]"
Add component (AddParameter): Name = "Voltage"; Value = "16V"; VariantName = "[No Variations]"
Added Component: Designator=C55(CAP_C_0603)
Add component (AddParameter): Name = "Category"; Value = "Capacitor"; VariantName = "[No Variations]"
Add component (AddParameter): Name = "ComponentLink1Description"; Value = "SVN Datasheet"; VariantName = "[No Variations]"
Add component (AddParameter): Name = "ComponentLink1URL"; Value = "https://chn-vm-apps.microchip.com/mchprepo/parts/Datasheets/smccp.pdf"; VariantName = "[No Variations]"
Add component (AddParameter): Name = "ComponentLink2Description"; Value = "Local Datasheet"; VariantName = "[No Variations]"
Add component (AddParameter): Name = "ComponentLink2URL"; Value = "C:\ALTIUM_WORK\00001_MCHP-CDB\Datasheets\smccp.pdf"; VariantName = "[No Variations]"
Add component (AddParameter): Name = "ComponentLink3Description"; Value = "Open Symbol"; VariantName = "[No Variations]"
Add component (AddParameter): Name = "ComponentLink3URL"; Value = "C:\ALTIUM_WORK\00001_MCHP-CDB\Library\LibraryRefs\Capacitor NP.SchLib"; VariantName = "[No Variations]"
Add component (AddParameter): Name = "ComponentLink4Description"; Value = "Open Footprint"; VariantName = "[No Variations]"
Add component (AddParameter): Name = "ComponentLink4URL"; Value = "C:\ALTIUM_WORK\00001_MCHP-CDB\Library\Footprints\CAP_C_0603.PcbLib"; VariantName = "[No Variations]"
Add component (AddParameter): Name = "ComponentLink5Description"; Value = "Open Footprint 2"; VariantName = "[No Variations]"
Add component (AddParameter): Name = "ComponentLink6Description"; Value = "Open Footprint 3"; VariantName = "[No Variations]"
Add component (AddParameter): Name = "ComponentLink7Description"; Value = "Open Footprint 4"; VariantName = "[No Variations]"
Add component (AddParameter): Name = "Description_"; Value = "CAP CER 1000pF 50V 5% C0G SMD 0603"; VariantName = "[No Variations]"
Add component (AddParameter): Name = "Dev Tools Status"; Value = "Production"; VariantName = "[No Variations]"
Add component (AddParameter): Name = "Manufacturer 1"; Value = "AVX"; VariantName = "[No Variations]"
Add component (AddParameter): Name = "Manufacturer 2"; Value = "TDK"; VariantName = "[No Variations]"
Add component (AddParameter): Name = "Manufacturer 3"; Value = "Murata Electronics North America"; VariantName = "[No Variations]"
Add component (AddParameter): Name = "Manufacturer Part Number 1"; Value = "06035A102JAT2A"; VariantName = "[No Variations]"
Add component (AddParameter): Name = "Manufacturer Part Number 2"; Value = "C1608C0G1H102J"; VariantName = "[No Variations]"
Add component (AddParameter): Name = "Manufacturer Part Number 3"; Value = "GCM1885C1H102JA16D"; VariantName = "[No Variations]"
Add component (AddParameter): Name = "MCHP-ID"; Value = "CAP0594"; VariantName = "[No Variations]"
Add component (AddParameter): Name = "Operating Temperature"; Value = "-55C to +125C"; VariantName = "[No Variations]"
Add component (AddParameter): Name = "Package"; Value = "0603"; VariantName = "[No Variations]"
Add component (AddParameter): Name = "Populated"; Value = "Yes"; VariantName = "[No Variations]"
Add component (AddParameter): Name = "Quantity Override"; Value = "1"; VariantName = "[No Variations]"
Add component (AddParameter): Name = "Revision"; Value = "1"; VariantName = "[No Variations]"
Add component (AddParameter): Name = "Status"; Value = "MCL Design"; VariantName = "[No Variations]"
Add component (AddParameter): Name = "Supplier 1"; Value = "Digi-Key"; VariantName = "[No Variations]"
Add component (AddParameter): Name = "Supplier 2"; Value = "Digi-Key"; VariantName = "[No Variations]"
Add component (AddParameter): Name = "Supplier 3"; Value = "Digi-Key"; VariantName = "[No Variations]"
Add component (AddParameter): Name = "Supplier Part Number 1"; Value = "478-1187-2-ND"; VariantName = "[No Variations]"
Add component (AddParameter): Name = "Supplier Part Number 2"; Value = "445-1293-2-ND"; VariantName = "[No Variations]"
Add component (AddParameter): Name = "Supplier Part Number 3"; Value = "490-4768-1-ND"; VariantName = "[No Variations]"
Add component (AddParameter): Name = "Symbol"; Value = "Capacitor NP"; VariantName = "[No Variations]"
Add component (AddParameter): Name = "Temperature Coeffcient"; Value = "C0G"; VariantName = "[No Variations]"
Add component (AddParameter): Name = "Tolerance"; Value = "5%"; VariantName = "[No Variations]"
Add component (AddParameter): Name = "Type"; Value = "Ceramic"; VariantName = "[No Variations]"
Add component (AddParameter): Name = "Value"; Value = "1000pF"; VariantName = "[No Variations]"
Add component (AddParameter): Name = "Voltage"; Value = "50V"; VariantName = "[No Variations]"
Added Component: Designator=C56(CAP_C_0805)
Add component (AddParameter): Name = "Category"; Value = "Capacitor"; VariantName = "[No Variations]"
Add component (AddParameter): Name = "ComponentLink1Description"; Value = "SVN Datasheet"; VariantName = "[No Variations]"
Add component (AddParameter): Name = "ComponentLink1URL"; Value = "https://chn-vm-apps.microchip.com/mchprepo/parts/Datasheets/flexiterm.pdf"; VariantName = "[No Variations]"
Add component (AddParameter): Name = "ComponentLink2Description"; Value = "Local Datasheet"; VariantName = "[No Variations]"
Add component (AddParameter): Name = "ComponentLink2URL"; Value = "C:\ALTIUM_WORK\00001_MCHP-CDB\Datasheets\flexiterm.pdf"; VariantName = "[No Variations]"
Add component (AddParameter): Name = "ComponentLink3Description"; Value = "Open Symbol"; VariantName = "[No Variations]"
Add component (AddParameter): Name = "ComponentLink3URL"; Value = "C:\ALTIUM_WORK\00001_MCHP-CDB\Library\LibraryRefs\Capacitor NP.SchLib"; VariantName = "[No Variations]"
Add component (AddParameter): Name = "ComponentLink4Description"; Value = "Open Footprint"; VariantName = "[No Variations]"
Add component (AddParameter): Name = "ComponentLink4URL"; Value = "C:\ALTIUM_WORK\00001_MCHP-CDB\Library\Footprints\CAP_C_0805.PcbLib"; VariantName = "[No Variations]"
Add component (AddParameter): Name = "ComponentLink5Description"; Value = "Open Footprint 2"; VariantName = "[No Variations]"
Add component (AddParameter): Name = "ComponentLink6Description"; Value = "Open Footprint 3"; VariantName = "[No Variations]"
Add component (AddParameter): Name = "ComponentLink7Description"; Value = "Open Footprint 4"; VariantName = "[No Variations]"
Add component (AddParameter): Name = "Description_"; Value = "CAP CER 1uF 25V 10% X7R SMD 0805"; VariantName = "[No Variations]"
Add component (AddParameter): Name = "Dev Tools Status"; Value = "Production"; VariantName = "[No Variations]"
Add component (AddParameter): Name = "Manufacturer 1"; Value = "AVX"; VariantName = "[No Variations]"
Add component (AddParameter): Name = "Manufacturer 2"; Value = "KEMET"; VariantName = "[No Variations]"
Add component (AddParameter): Name = "Manufacturer 3"; Value = "TDK Corporation"; VariantName = "[No Variations]"
Add component (AddParameter): Name = "Manufacturer Part Number 1"; Value = "08053C105K4Z2A"; VariantName = "[No Variations]"
Add component (AddParameter): Name = "Manufacturer Part Number 2"; Value = "C0805C105K3RACTU"; VariantName = "[No Variations]"
Add component (AddParameter): Name = "Manufacturer Part Number 3"; Value = "C2012X7R1E105K125AB"; VariantName = "[No Variations]"
Add component (AddParameter): Name = "MCHP-ID"; Value = "CAP1211"; VariantName = "[No Variations]"
Add component (AddParameter): Name = "Operating Temperature"; Value = "-55C to +125C"; VariantName = "[No Variations]"
Add component (AddParameter): Name = "Owner"; Value = "Tad Ahlvers"; VariantName = "[No Variations]"
Add component (AddParameter): Name = "Package"; Value = "0805"; VariantName = "[No Variations]"
Add component (AddParameter): Name = "Populated"; Value = "YES"; VariantName = "[No Variations]"
Add component (AddParameter): Name = "Quantity Override"; Value = "1"; VariantName = "[No Variations]"
Add component (AddParameter): Name = "Revision"; Value = "1"; VariantName = "[No Variations]"
Add component (AddParameter): Name = "Status"; Value = "MCL Design"; VariantName = "[No Variations]"
Add component (AddParameter): Name = "Supplier 1"; Value = "Digi-Key"; VariantName = "[No Variations]"
Add component (AddParameter): Name = "Supplier 2"; Value = "Digi-Key"; VariantName = "[No Variations]"
Add component (AddParameter): Name = "Supplier 3"; Value = "Digi-Key"; VariantName = "[No Variations]"
Add component (AddParameter): Name = "Supplier Part Number 1"; Value = "478-6357-2-ND"; VariantName = "[No Variations]"
Add component (AddParameter): Name = "Supplier Part Number 2"; Value = "C0805C105K3RACTU-ND"; VariantName = "[No Variations]"
Add component (AddParameter): Name = "Supplier Part Number 3"; Value = "445-1354-1-ND"; VariantName = "[No Variations]"
Add component (AddParameter): Name = "Symbol"; Value = "Capacitor NP"; VariantName = "[No Variations]"
Add component (AddParameter): Name = "Temperature Coeffcient"; Value = "X7R"; VariantName = "[No Variations]"
Add component (AddParameter): Name = "Tolerance"; Value = "10%"; VariantName = "[No Variations]"
Add component (AddParameter): Name = "Type"; Value = "Ceramic"; VariantName = "[No Variations]"
Add component (AddParameter): Name = "Value"; Value = "1uF"; VariantName = "[No Variations]"
Add component (AddParameter): Name = "Voltage"; Value = "25V"; VariantName = "[No Variations]"
Added Component: Designator=C57(CAP_C_0603)
Add component (AddParameter): Name = "Category"; Value = "Capacitor"; VariantName = "[No Variations]"
Add component (AddParameter): Name = "ComponentLink1Description"; Value = "SVN Datasheet"; VariantName = "[No Variations]"
Add component (AddParameter): Name = "ComponentLink1URL"; Value = "https://chn-vm-apps.microchip.com/mchprepo/parts/Datasheets/nmc2.pdf"; VariantName = "[No Variations]"
Add component (AddParameter): Name = "ComponentLink2Description"; Value = "Local Datasheet"; VariantName = "[No Variations]"
Add component (AddParameter): Name = "ComponentLink2URL"; Value = "C:\ALTIUM_WORK\00001_MCHP-CDB\Datasheets\nmc2.pdf"; VariantName = "[No Variations]"
Add component (AddParameter): Name = "ComponentLink3Description"; Value = "Open Symbol"; VariantName = "[No Variations]"
Add component (AddParameter): Name = "ComponentLink3URL"; Value = "C:\ALTIUM_WORK\00001_MCHP-CDB\Library\LibraryRefs\Capacitor NP.SchLib"; VariantName = "[No Variations]"
Add component (AddParameter): Name = "ComponentLink4Description"; Value = "Open Footprint"; VariantName = "[No Variations]"
Add component (AddParameter): Name = "ComponentLink4URL"; Value = "C:\ALTIUM_WORK\00001_MCHP-CDB\Library\Footprints\CAP_C_0603.PcbLib"; VariantName = "[No Variations]"
Add component (AddParameter): Name = "ComponentLink5Description"; Value = "Open Footprint 2"; VariantName = "[No Variations]"
Add component (AddParameter): Name = "ComponentLink6Description"; Value = "Open Footprint 3"; VariantName = "[No Variations]"
Add component (AddParameter): Name = "ComponentLink7Description"; Value = "Open Footprint 4"; VariantName = "[No Variations]"
Add component (AddParameter): Name = "Description_"; Value = "CAP CER 0.1uF 16V 10% X7R SMD 0603"; VariantName = "[No Variations]"
Add component (AddParameter): Name = "Dev Tools Status"; Value = "Production"; VariantName = "[No Variations]"
Add component (AddParameter): Name = "Manufacturer 1"; Value = "Taiyo Yuden"; VariantName = "[No Variations]"
Add component (AddParameter): Name = "Manufacturer 2"; Value = "Wurth Electronics Inc"; VariantName = "[No Variations]"
Add component (AddParameter): Name = "Manufacturer 3"; Value = "Samsung"; VariantName = "[No Variations]"
Add component (AddParameter): Name = "Manufacturer 4"; Value = "AVX"; VariantName = "[No Variations]"
Add component (AddParameter): Name = "Manufacturer 5"; Value = "Murata"; VariantName = "[No Variations]"
Add component (AddParameter): Name = "Manufacturer 6"; Value = "Yageo"; VariantName = "[No Variations]"
Add component (AddParameter): Name = "Manufacturer 7"; Value = "Taiyo Yuden"; VariantName = "[No Variations]"
Add component (AddParameter): Name = "Manufacturer 8"; Value = "Murata Electronics North America"; VariantName = "[No Variations]"
Add component (AddParameter): Name = "Manufacturer Part Number 1"; Value = "EMK107B7104KA-T"; VariantName = "[No Variations]"
Add component (AddParameter): Name = "Manufacturer Part Number 2"; Value = "885012206046"; VariantName = "[No Variations]"
Add component (AddParameter): Name = "Manufacturer Part Number 3"; Value = "CL10B104KO8NNNC"; VariantName = "[No Variations]"
Add component (AddParameter): Name = "Manufacturer Part Number 4"; Value = "0603YC104KAT2A"; VariantName = "[No Variations]"
Add component (AddParameter): Name = "Manufacturer Part Number 5"; Value = "GRM188R71C104KA01D"; VariantName = "[No Variations]"
Add component (AddParameter): Name = "Manufacturer Part Number 6"; Value = "CC0603KRX7R7BB104"; VariantName = "[No Variations]"
Add component (AddParameter): Name = "Manufacturer Part Number 7"; Value = "EMK107B7104KA-T"; VariantName = "[No Variations]"
Add component (AddParameter): Name = "Manufacturer Part Number 8"; Value = "GCM188R71C104KA37D"; VariantName = "[No Variations]"
Add component (AddParameter): Name = "MCHP-ID"; Value = "CAP0011"; VariantName = "[No Variations]"
Add component (AddParameter): Name = "Operating Temperature"; Value = "-55C to +125C"; VariantName = "[No Variations]"
Add component (AddParameter): Name = "Owner"; Value = "Cristian Papuc"; VariantName = "[No Variations]"
Add component (AddParameter): Name = "Package"; Value = "0603"; VariantName = "[No Variations]"
Add component (AddParameter): Name = "Populated"; Value = "YES"; VariantName = "[No Variations]"
Add component (AddParameter): Name = "Quantity Override"; Value = "1"; VariantName = "[No Variations]"
Add component (AddParameter): Name = "Revision"; Value = "3"; VariantName = "[No Variations]"
Add component (AddParameter): Name = "Status"; Value = "MCL Design"; VariantName = "[No Variations]"
Add component (AddParameter): Name = "Supplier 1"; Value = "Digi-Key"; VariantName = "[No Variations]"
Add component (AddParameter): Name = "Supplier 2"; Value = "Digi-Key"; VariantName = "[No Variations]"
Add component (AddParameter): Name = "Supplier 3"; Value = "Digi-Key"; VariantName = "[No Variations]"
Add component (AddParameter): Name = "Supplier 4"; Value = "Digi-Key"; VariantName = "[No Variations]"
Add component (AddParameter): Name = "Supplier 5"; Value = "Digi-Key"; VariantName = "[No Variations]"
Add component (AddParameter): Name = "Supplier 6"; Value = "Digi-Key"; VariantName = "[No Variations]"
Add component (AddParameter): Name = "Supplier 7"; Value = "Newark"; VariantName = "[No Variations]"
Add component (AddParameter): Name = "Supplier 8"; Value = "Digi-Key"; VariantName = "[No Variations]"
Add component (AddParameter): Name = "Supplier Part Number 1"; Value = "587-1240-1-ND"; VariantName = "[No Variations]"
Add component (AddParameter): Name = "Supplier Part Number 2"; Value = "732-7965-1-ND"; VariantName = "[No Variations]"
Add component (AddParameter): Name = "Supplier Part Number 3"; Value = "1276-1005-1-ND"; VariantName = "[No Variations]"
Add component (AddParameter): Name = "Supplier Part Number 4"; Value = "478-1239-1-ND"; VariantName = "[No Variations]"
Add component (AddParameter): Name = "Supplier Part Number 5"; Value = "490-1532-1-ND"; VariantName = "[No Variations]"
Add component (AddParameter): Name = "Supplier Part Number 6"; Value = "311-1088-1-ND"; VariantName = "[No Variations]"
Add component (AddParameter): Name = "Supplier Part Number 7"; Value = "86H5248"; VariantName = "[No Variations]"
Add component (AddParameter): Name = "Supplier Part Number 8"; Value = "490-4774-1-ND"; VariantName = "[No Variations]"
Add component (AddParameter): Name = "Symbol"; Value = "Capacitor NP"; VariantName = "[No Variations]"
Add component (AddParameter): Name = "Temperature Coeffcient"; Value = "X7R"; VariantName = "[No Variations]"
Add component (AddParameter): Name = "Tolerance"; Value = "10%"; VariantName = "[No Variations]"
Add component (AddParameter): Name = "Type"; Value = "Ceramic"; VariantName = "[No Variations]"
Add component (AddParameter): Name = "Value"; Value = "0.1uF"; VariantName = "[No Variations]"
Add component (AddParameter): Name = "Voltage"; Value = "16V"; VariantName = "[No Variations]"
Added Component: Designator=C58(CAP_C_0603)
Add component (AddParameter): Name = "Category"; Value = "Capacitor"; VariantName = "[No Variations]"
Add component (AddParameter): Name = "ComponentLink1Description"; Value = "SVN Datasheet"; VariantName = "[No Variations]"
Add component (AddParameter): Name = "ComponentLink1URL"; Value = "https://chn-vm-apps.microchip.com/mchprepo/parts/Datasheets/L0005E.pdf"; VariantName = "[No Variations]"
Add component (AddParameter): Name = "ComponentLink2Description"; Value = "Local Datasheet"; VariantName = "[No Variations]"
Add component (AddParameter): Name = "ComponentLink2URL"; Value = "C:\ALTIUM_WORK\00001_MCHP-CDB\Datasheets\L0005E.pdf"; VariantName = "[No Variations]"
Add component (AddParameter): Name = "ComponentLink3Description"; Value = "Open Symbol"; VariantName = "[No Variations]"
Add component (AddParameter): Name = "ComponentLink3URL"; Value = "C:\ALTIUM_WORK\00001_MCHP-CDB\Library\LibraryRefs\Capacitor NP.SchLib"; VariantName = "[No Variations]"
Add component (AddParameter): Name = "ComponentLink4Description"; Value = "Open Footprint"; VariantName = "[No Variations]"
Add component (AddParameter): Name = "ComponentLink4URL"; Value = "C:\ALTIUM_WORK\00001_MCHP-CDB\Library\Footprints\CAP_C_0603.PcbLib"; VariantName = "[No Variations]"
Add component (AddParameter): Name = "ComponentLink5Description"; Value = "Open Footprint 2"; VariantName = "[No Variations]"
Add component (AddParameter): Name = "ComponentLink6Description"; Value = "Open Footprint 3"; VariantName = "[No Variations]"
Add component (AddParameter): Name = "ComponentLink7Description"; Value = "Open Footprint 4"; VariantName = "[No Variations]"
Add component (AddParameter): Name = "Description_"; Value = "CAP CER 10000pF 16V 10% X7R SMD 0603"; VariantName = "[No Variations]"
Add component (AddParameter): Name = "Dev Tools Status"; Value = "Production"; VariantName = "[No Variations]"
Add component (AddParameter): Name = "Manufacturer 1"; Value = "Wurth Electronics Inc"; VariantName = "[No Variations]"
Add component (AddParameter): Name = "Manufacturer 2"; Value = "Samsung"; VariantName = "[No Variations]"
Add component (AddParameter): Name = "Manufacturer 3"; Value = "Murata"; VariantName = "[No Variations]"
Add component (AddParameter): Name = "Manufacturer 4"; Value = "Panasonic"; VariantName = "[No Variations]"
Add component (AddParameter): Name = "Manufacturer 5"; Value = "Johanson Dielectrics"; VariantName = "[No Variations]"
Add component (AddParameter): Name = "Manufacturer 6"; Value = "Yageo"; VariantName = "[No Variations]"
Add component (AddParameter): Name = "Manufacturer Part Number 1"; Value = "885012206040"; VariantName = "[No Variations]"
Add component (AddParameter): Name = "Manufacturer Part Number 2"; Value = "CL10B103KO8NNNC"; VariantName = "[No Variations]"
Add component (AddParameter): Name = "Manufacturer Part Number 3"; Value = "GRM188R71C103KA01D"; VariantName = "[No Variations]"
Add component (AddParameter): Name = "Manufacturer Part Number 4"; Value = "ECJ-1VB1C103K"; VariantName = "[No Variations]"
Add component (AddParameter): Name = "Manufacturer Part Number 5"; Value = "160R14W103KV4T"; VariantName = "[No Variations]"
Add component (AddParameter): Name = "Manufacturer Part Number 6"; Value = "CC0603KRX7R7BB103"; VariantName = "[No Variations]"
Add component (AddParameter): Name = "MCHP-ID"; Value = "CAP0451"; VariantName = "[No Variations]"
Add component (AddParameter): Name = "Operating Temperature"; Value = "-55C to +125C"; VariantName = "[No Variations]"
Add component (AddParameter): Name = "Package"; Value = "0603"; VariantName = "[No Variations]"
Add component (AddParameter): Name = "Populated"; Value = "YES"; VariantName = "[No Variations]"
Add component (AddParameter): Name = "Quantity Override"; Value = "1"; VariantName = "[No Variations]"
Add component (AddParameter): Name = "Revision"; Value = "1"; VariantName = "[No Variations]"
Add component (AddParameter): Name = "Status"; Value = "MCL Design"; VariantName = "[No Variations]"
Add component (AddParameter): Name = "Supplier 1"; Value = "Digi-Key"; VariantName = "[No Variations]"
Add component (AddParameter): Name = "Supplier 2"; Value = "Digi-Key"; VariantName = "[No Variations]"
Add component (AddParameter): Name = "Supplier 3"; Value = "Digi-Key"; VariantName = "[No Variations]"
Add component (AddParameter): Name = "Supplier 4"; Value = "Digi-Key"; VariantName = "[No Variations]"
Add component (AddParameter): Name = "Supplier 5"; Value = "Digi-Key"; VariantName = "[No Variations]"
Add component (AddParameter): Name = "Supplier 6"; Value = "Digi-Key"; VariantName = "[No Variations]"
Add component (AddParameter): Name = "Supplier Part Number 1"; Value = "732-7959-1-ND"; VariantName = "[No Variations]"
Add component (AddParameter): Name = "Supplier Part Number 2"; Value = "1276-1926-1-ND"; VariantName = "[No Variations]"
Add component (AddParameter): Name = "Supplier Part Number 3"; Value = "490-1525-1-ND"; VariantName = "[No Variations]"
Add component (AddParameter): Name = "Supplier Part Number 4"; Value = "PCC1750CT-ND"; VariantName = "[No Variations]"
Add component (AddParameter): Name = "Supplier Part Number 5"; Value = "709-1152-2-ND"; VariantName = "[No Variations]"
Add component (AddParameter): Name = "Supplier Part Number 6"; Value = "311-3369-1-ND"; VariantName = "[No Variations]"
Add component (AddParameter): Name = "Symbol"; Value = "Capacitor NP"; VariantName = "[No Variations]"
Add component (AddParameter): Name = "Temperature Coeffcient"; Value = "X7R"; VariantName = "[No Variations]"
Add component (AddParameter): Name = "Tolerance"; Value = "10%"; VariantName = "[No Variations]"
Add component (AddParameter): Name = "Type"; Value = "Ceramic"; VariantName = "[No Variations]"
Add component (AddParameter): Name = "Value"; Value = "10000pF"; VariantName = "[No Variations]"
Add component (AddParameter): Name = "Voltage"; Value = "16V"; VariantName = "[No Variations]"
Added Component: Designator=C59(CAP_C_0603)
Add component (AddParameter): Name = "Category"; Value = "Capacitor"; VariantName = "[No Variations]"
Add component (AddParameter): Name = "ComponentLink1Description"; Value = "SVN Datasheet"; VariantName = "[No Variations]"
Add component (AddParameter): Name = "ComponentLink1URL"; Value = "https://chn-vm-apps.microchip.com/mchprepo/parts/Datasheets/smccp.pdf"; VariantName = "[No Variations]"
Add component (AddParameter): Name = "ComponentLink2Description"; Value = "Local Datasheet"; VariantName = "[No Variations]"
Add component (AddParameter): Name = "ComponentLink2URL"; Value = "C:\ALTIUM_WORK\00001_MCHP-CDB\Datasheets\smccp.pdf"; VariantName = "[No Variations]"
Add component (AddParameter): Name = "ComponentLink3Description"; Value = "Open Symbol"; VariantName = "[No Variations]"
Add component (AddParameter): Name = "ComponentLink3URL"; Value = "C:\ALTIUM_WORK\00001_MCHP-CDB\Library\LibraryRefs\Capacitor NP.SchLib"; VariantName = "[No Variations]"
Add component (AddParameter): Name = "ComponentLink4Description"; Value = "Open Footprint"; VariantName = "[No Variations]"
Add component (AddParameter): Name = "ComponentLink4URL"; Value = "C:\ALTIUM_WORK\00001_MCHP-CDB\Library\Footprints\CAP_C_0603.PcbLib"; VariantName = "[No Variations]"
Add component (AddParameter): Name = "ComponentLink5Description"; Value = "Open Footprint 2"; VariantName = "[No Variations]"
Add component (AddParameter): Name = "ComponentLink6Description"; Value = "Open Footprint 3"; VariantName = "[No Variations]"
Add component (AddParameter): Name = "ComponentLink7Description"; Value = "Open Footprint 4"; VariantName = "[No Variations]"
Add component (AddParameter): Name = "Description_"; Value = "CAP CER 1000pF 50V 5% C0G SMD 0603"; VariantName = "[No Variations]"
Add component (AddParameter): Name = "Dev Tools Status"; Value = "Production"; VariantName = "[No Variations]"
Add component (AddParameter): Name = "Manufacturer 1"; Value = "AVX"; VariantName = "[No Variations]"
Add component (AddParameter): Name = "Manufacturer 2"; Value = "TDK"; VariantName = "[No Variations]"
Add component (AddParameter): Name = "Manufacturer 3"; Value = "Murata Electronics North America"; VariantName = "[No Variations]"
Add component (AddParameter): Name = "Manufacturer Part Number 1"; Value = "06035A102JAT2A"; VariantName = "[No Variations]"
Add component (AddParameter): Name = "Manufacturer Part Number 2"; Value = "C1608C0G1H102J"; VariantName = "[No Variations]"
Add component (AddParameter): Name = "Manufacturer Part Number 3"; Value = "GCM1885C1H102JA16D"; VariantName = "[No Variations]"
Add component (AddParameter): Name = "MCHP-ID"; Value = "CAP0594"; VariantName = "[No Variations]"
Add component (AddParameter): Name = "Operating Temperature"; Value = "-55C to +125C"; VariantName = "[No Variations]"
Add component (AddParameter): Name = "Package"; Value = "0603"; VariantName = "[No Variations]"
Add component (AddParameter): Name = "Populated"; Value = "DNP"; VariantName = "[No Variations]"
Add component (AddParameter): Name = "Quantity Override"; Value = "1"; VariantName = "[No Variations]"
Add component (AddParameter): Name = "Revision"; Value = "1"; VariantName = "[No Variations]"
Add component (AddParameter): Name = "Status"; Value = "MCL Design"; VariantName = "[No Variations]"
Add component (AddParameter): Name = "Supplier 1"; Value = "Digi-Key"; VariantName = "[No Variations]"
Add component (AddParameter): Name = "Supplier 2"; Value = "Digi-Key"; VariantName = "[No Variations]"
Add component (AddParameter): Name = "Supplier 3"; Value = "Digi-Key"; VariantName = "[No Variations]"
Add component (AddParameter): Name = "Supplier Part Number 1"; Value = "478-1187-2-ND"; VariantName = "[No Variations]"
Add component (AddParameter): Name = "Supplier Part Number 2"; Value = "445-1293-2-ND"; VariantName = "[No Variations]"
Add component (AddParameter): Name = "Supplier Part Number 3"; Value = "490-4768-1-ND"; VariantName = "[No Variations]"
Add component (AddParameter): Name = "Symbol"; Value = "Capacitor NP"; VariantName = "[No Variations]"
Add component (AddParameter): Name = "Temperature Coeffcient"; Value = "C0G"; VariantName = "[No Variations]"
Add component (AddParameter): Name = "Tolerance"; Value = "5%"; VariantName = "[No Variations]"
Add component (AddParameter): Name = "Type"; Value = "Ceramic"; VariantName = "[No Variations]"
Add component (AddParameter): Name = "Value"; Value = "1000pF"; VariantName = "[No Variations]"
Add component (AddParameter): Name = "Voltage"; Value = "50V"; VariantName = "[No Variations]"
Added Component: Designator=C60(CAP_C_0603)
Add component (AddParameter): Name = "Category"; Value = "Capacitor"; VariantName = "[No Variations]"
Add component (AddParameter): Name = "ComponentLink1Description"; Value = "SVN Datasheet"; VariantName = "[No Variations]"
Add component (AddParameter): Name = "ComponentLink1URL"; Value = "https://chn-vm-apps.microchip.com/mchprepo/parts/Datasheets/nmc2.pdf"; VariantName = "[No Variations]"
Add component (AddParameter): Name = "ComponentLink2Description"; Value = "Local Datasheet"; VariantName = "[No Variations]"
Add component (AddParameter): Name = "ComponentLink2URL"; Value = "C:\ALTIUM_WORK\00001_MCHP-CDB\Datasheets\nmc2.pdf"; VariantName = "[No Variations]"
Add component (AddParameter): Name = "ComponentLink3Description"; Value = "Open Symbol"; VariantName = "[No Variations]"
Add component (AddParameter): Name = "ComponentLink3URL"; Value = "C:\ALTIUM_WORK\00001_MCHP-CDB\Library\LibraryRefs\Capacitor NP.SchLib"; VariantName = "[No Variations]"
Add component (AddParameter): Name = "ComponentLink4Description"; Value = "Open Footprint"; VariantName = "[No Variations]"
Add component (AddParameter): Name = "ComponentLink4URL"; Value = "C:\ALTIUM_WORK\00001_MCHP-CDB\Library\Footprints\CAP_C_0603.PcbLib"; VariantName = "[No Variations]"
Add component (AddParameter): Name = "ComponentLink5Description"; Value = "Open Footprint 2"; VariantName = "[No Variations]"
Add component (AddParameter): Name = "ComponentLink6Description"; Value = "Open Footprint 3"; VariantName = "[No Variations]"
Add component (AddParameter): Name = "ComponentLink7Description"; Value = "Open Footprint 4"; VariantName = "[No Variations]"
Add component (AddParameter): Name = "Description_"; Value = "CAP CER 0.1uF 16V 10% X7R SMD 0603"; VariantName = "[No Variations]"
Add component (AddParameter): Name = "Dev Tools Status"; Value = "Production"; VariantName = "[No Variations]"
Add component (AddParameter): Name = "Manufacturer 1"; Value = "Taiyo Yuden"; VariantName = "[No Variations]"
Add component (AddParameter): Name = "Manufacturer 2"; Value = "Wurth Electronics Inc"; VariantName = "[No Variations]"
Add component (AddParameter): Name = "Manufacturer 3"; Value = "Samsung"; VariantName = "[No Variations]"
Add component (AddParameter): Name = "Manufacturer 4"; Value = "AVX"; VariantName = "[No Variations]"
Add component (AddParameter): Name = "Manufacturer 5"; Value = "Murata"; VariantName = "[No Variations]"
Add component (AddParameter): Name = "Manufacturer 6"; Value = "Yageo"; VariantName = "[No Variations]"
Add component (AddParameter): Name = "Manufacturer 7"; Value = "Taiyo Yuden"; VariantName = "[No Variations]"
Add component (AddParameter): Name = "Manufacturer 8"; Value = "Murata Electronics North America"; VariantName = "[No Variations]"
Add component (AddParameter): Name = "Manufacturer Part Number 1"; Value = "EMK107B7104KA-T"; VariantName = "[No Variations]"
Add component (AddParameter): Name = "Manufacturer Part Number 2"; Value = "885012206046"; VariantName = "[No Variations]"
Add component (AddParameter): Name = "Manufacturer Part Number 3"; Value = "CL10B104KO8NNNC"; VariantName = "[No Variations]"
Add component (AddParameter): Name = "Manufacturer Part Number 4"; Value = "0603YC104KAT2A"; VariantName = "[No Variations]"
Add component (AddParameter): Name = "Manufacturer Part Number 5"; Value = "GRM188R71C104KA01D"; VariantName = "[No Variations]"
Add component (AddParameter): Name = "Manufacturer Part Number 6"; Value = "CC0603KRX7R7BB104"; VariantName = "[No Variations]"
Add component (AddParameter): Name = "Manufacturer Part Number 7"; Value = "EMK107B7104KA-T"; VariantName = "[No Variations]"
Add component (AddParameter): Name = "Manufacturer Part Number 8"; Value = "GCM188R71C104KA37D"; VariantName = "[No Variations]"
Add component (AddParameter): Name = "MCHP-ID"; Value = "CAP0011"; VariantName = "[No Variations]"
Add component (AddParameter): Name = "Operating Temperature"; Value = "-55C to +125C"; VariantName = "[No Variations]"
Add component (AddParameter): Name = "Owner"; Value = "Cristian Papuc"; VariantName = "[No Variations]"
Add component (AddParameter): Name = "Package"; Value = "0603"; VariantName = "[No Variations]"
Add component (AddParameter): Name = "Populated"; Value = "YES"; VariantName = "[No Variations]"
Add component (AddParameter): Name = "Quantity Override"; Value = "1"; VariantName = "[No Variations]"
Add component (AddParameter): Name = "Revision"; Value = "3"; VariantName = "[No Variations]"
Add component (AddParameter): Name = "Status"; Value = "MCL Design"; VariantName = "[No Variations]"
Add component (AddParameter): Name = "Supplier 1"; Value = "Digi-Key"; VariantName = "[No Variations]"
Add component (AddParameter): Name = "Supplier 2"; Value = "Digi-Key"; VariantName = "[No Variations]"
Add component (AddParameter): Name = "Supplier 3"; Value = "Digi-Key"; VariantName = "[No Variations]"
Add component (AddParameter): Name = "Supplier 4"; Value = "Digi-Key"; VariantName = "[No Variations]"
Add component (AddParameter): Name = "Supplier 5"; Value = "Digi-Key"; VariantName = "[No Variations]"
Add component (AddParameter): Name = "Supplier 6"; Value = "Digi-Key"; VariantName = "[No Variations]"
Add component (AddParameter): Name = "Supplier 7"; Value = "Newark"; VariantName = "[No Variations]"
Add component (AddParameter): Name = "Supplier 8"; Value = "Digi-Key"; VariantName = "[No Variations]"
Add component (AddParameter): Name = "Supplier Part Number 1"; Value = "587-1240-1-ND"; VariantName = "[No Variations]"
Add component (AddParameter): Name = "Supplier Part Number 2"; Value = "732-7965-1-ND"; VariantName = "[No Variations]"
Add component (AddParameter): Name = "Supplier Part Number 3"; Value = "1276-1005-1-ND"; VariantName = "[No Variations]"
Add component (AddParameter): Name = "Supplier Part Number 4"; Value = "478-1239-1-ND"; VariantName = "[No Variations]"
Add component (AddParameter): Name = "Supplier Part Number 5"; Value = "490-1532-1-ND"; VariantName = "[No Variations]"
Add component (AddParameter): Name = "Supplier Part Number 6"; Value = "311-1088-1-ND"; VariantName = "[No Variations]"
Add component (AddParameter): Name = "Supplier Part Number 7"; Value = "86H5248"; VariantName = "[No Variations]"
Add component (AddParameter): Name = "Supplier Part Number 8"; Value = "490-4774-1-ND"; VariantName = "[No Variations]"
Add component (AddParameter): Name = "Symbol"; Value = "Capacitor NP"; VariantName = "[No Variations]"
Add component (AddParameter): Name = "Temperature Coeffcient"; Value = "X7R"; VariantName = "[No Variations]"
Add component (AddParameter): Name = "Tolerance"; Value = "10%"; VariantName = "[No Variations]"
Add component (AddParameter): Name = "Type"; Value = "Ceramic"; VariantName = "[No Variations]"
Add component (AddParameter): Name = "Value"; Value = "0.1uF"; VariantName = "[No Variations]"
Add component (AddParameter): Name = "Voltage"; Value = "16V"; VariantName = "[No Variations]"
Added Component: Designator=C61(CAP_C_0603)
Add component (AddParameter): Name = "Category"; Value = "Capacitor"; VariantName = "[No Variations]"
Add component (AddParameter): Name = "ComponentLink1Description"; Value = "SVN Datasheet"; VariantName = "[No Variations]"
Add component (AddParameter): Name = "ComponentLink1URL"; Value = "https://chn-vm-apps.microchip.com/mchprepo/parts/Datasheets/L0005E.pdf"; VariantName = "[No Variations]"
Add component (AddParameter): Name = "ComponentLink2Description"; Value = "Local Datasheet"; VariantName = "[No Variations]"
Add component (AddParameter): Name = "ComponentLink2URL"; Value = "C:\ALTIUM_WORK\00001_MCHP-CDB\Datasheets\L0005E.pdf"; VariantName = "[No Variations]"
Add component (AddParameter): Name = "ComponentLink3Description"; Value = "Open Symbol"; VariantName = "[No Variations]"
Add component (AddParameter): Name = "ComponentLink3URL"; Value = "C:\ALTIUM_WORK\00001_MCHP-CDB\Library\LibraryRefs\Capacitor NP.SchLib"; VariantName = "[No Variations]"
Add component (AddParameter): Name = "ComponentLink4Description"; Value = "Open Footprint"; VariantName = "[No Variations]"
Add component (AddParameter): Name = "ComponentLink4URL"; Value = "C:\ALTIUM_WORK\00001_MCHP-CDB\Library\Footprints\CAP_C_0603.PcbLib"; VariantName = "[No Variations]"
Add component (AddParameter): Name = "ComponentLink5Description"; Value = "Open Footprint 2"; VariantName = "[No Variations]"
Add component (AddParameter): Name = "ComponentLink6Description"; Value = "Open Footprint 3"; VariantName = "[No Variations]"
Add component (AddParameter): Name = "ComponentLink7Description"; Value = "Open Footprint 4"; VariantName = "[No Variations]"
Add component (AddParameter): Name = "Description_"; Value = "CAP CER 10000pF 16V 10% X7R SMD 0603"; VariantName = "[No Variations]"
Add component (AddParameter): Name = "Dev Tools Status"; Value = "Production"; VariantName = "[No Variations]"
Add component (AddParameter): Name = "Manufacturer 1"; Value = "Wurth Electronics Inc"; VariantName = "[No Variations]"
Add component (AddParameter): Name = "Manufacturer 2"; Value = "Samsung"; VariantName = "[No Variations]"
Add component (AddParameter): Name = "Manufacturer 3"; Value = "Murata"; VariantName = "[No Variations]"
Add component (AddParameter): Name = "Manufacturer 4"; Value = "Panasonic"; VariantName = "[No Variations]"
Add component (AddParameter): Name = "Manufacturer 5"; Value = "Johanson Dielectrics"; VariantName = "[No Variations]"
Add component (AddParameter): Name = "Manufacturer 6"; Value = "Yageo"; VariantName = "[No Variations]"
Add component (AddParameter): Name = "Manufacturer Part Number 1"; Value = "885012206040"; VariantName = "[No Variations]"
Add component (AddParameter): Name = "Manufacturer Part Number 2"; Value = "CL10B103KO8NNNC"; VariantName = "[No Variations]"
Add component (AddParameter): Name = "Manufacturer Part Number 3"; Value = "GRM188R71C103KA01D"; VariantName = "[No Variations]"
Add component (AddParameter): Name = "Manufacturer Part Number 4"; Value = "ECJ-1VB1C103K"; VariantName = "[No Variations]"
Add component (AddParameter): Name = "Manufacturer Part Number 5"; Value = "160R14W103KV4T"; VariantName = "[No Variations]"
Add component (AddParameter): Name = "Manufacturer Part Number 6"; Value = "CC0603KRX7R7BB103"; VariantName = "[No Variations]"
Add component (AddParameter): Name = "MCHP-ID"; Value = "CAP0451"; VariantName = "[No Variations]"
Add component (AddParameter): Name = "Operating Temperature"; Value = "-55C to +125C"; VariantName = "[No Variations]"
Add component (AddParameter): Name = "Package"; Value = "0603"; VariantName = "[No Variations]"
Add component (AddParameter): Name = "Populated"; Value = "YES"; VariantName = "[No Variations]"
Add component (AddParameter): Name = "Quantity Override"; Value = "1"; VariantName = "[No Variations]"
Add component (AddParameter): Name = "Revision"; Value = "1"; VariantName = "[No Variations]"
Add component (AddParameter): Name = "Status"; Value = "MCL Design"; VariantName = "[No Variations]"
Add component (AddParameter): Name = "Supplier 1"; Value = "Digi-Key"; VariantName = "[No Variations]"
Add component (AddParameter): Name = "Supplier 2"; Value = "Digi-Key"; VariantName = "[No Variations]"
Add component (AddParameter): Name = "Supplier 3"; Value = "Digi-Key"; VariantName = "[No Variations]"
Add component (AddParameter): Name = "Supplier 4"; Value = "Digi-Key"; VariantName = "[No Variations]"
Add component (AddParameter): Name = "Supplier 5"; Value = "Digi-Key"; VariantName = "[No Variations]"
Add component (AddParameter): Name = "Supplier 6"; Value = "Digi-Key"; VariantName = "[No Variations]"
Add component (AddParameter): Name = "Supplier Part Number 1"; Value = "732-7959-1-ND"; VariantName = "[No Variations]"
Add component (AddParameter): Name = "Supplier Part Number 2"; Value = "1276-1926-1-ND"; VariantName = "[No Variations]"
Add component (AddParameter): Name = "Supplier Part Number 3"; Value = "490-1525-1-ND"; VariantName = "[No Variations]"
Add component (AddParameter): Name = "Supplier Part Number 4"; Value = "PCC1750CT-ND"; VariantName = "[No Variations]"
Add component (AddParameter): Name = "Supplier Part Number 5"; Value = "709-1152-2-ND"; VariantName = "[No Variations]"
Add component (AddParameter): Name = "Supplier Part Number 6"; Value = "311-3369-1-ND"; VariantName = "[No Variations]"
Add component (AddParameter): Name = "Symbol"; Value = "Capacitor NP"; VariantName = "[No Variations]"
Add component (AddParameter): Name = "Temperature Coeffcient"; Value = "X7R"; VariantName = "[No Variations]"
Add component (AddParameter): Name = "Tolerance"; Value = "10%"; VariantName = "[No Variations]"
Add component (AddParameter): Name = "Type"; Value = "Ceramic"; VariantName = "[No Variations]"
Add component (AddParameter): Name = "Value"; Value = "10000pF"; VariantName = "[No Variations]"
Add component (AddParameter): Name = "Voltage"; Value = "16V"; VariantName = "[No Variations]"
Added Component: Designator=C62(CAP_C_0603)
Add component (AddParameter): Name = "Category"; Value = "Capacitor"; VariantName = "[No Variations]"
Add component (AddParameter): Name = "ComponentLink1Description"; Value = "SVN Datasheet"; VariantName = "[No Variations]"
Add component (AddParameter): Name = "ComponentLink1URL"; Value = "https://chn-vm-apps.microchip.com/mchprepo/parts/Datasheets/nmc2.pdf"; VariantName = "[No Variations]"
Add component (AddParameter): Name = "ComponentLink2Description"; Value = "Local Datasheet"; VariantName = "[No Variations]"
Add component (AddParameter): Name = "ComponentLink2URL"; Value = "C:\ALTIUM_WORK\00001_MCHP-CDB\Datasheets\nmc2.pdf"; VariantName = "[No Variations]"
Add component (AddParameter): Name = "ComponentLink3Description"; Value = "Open Symbol"; VariantName = "[No Variations]"
Add component (AddParameter): Name = "ComponentLink3URL"; Value = "C:\ALTIUM_WORK\00001_MCHP-CDB\Library\LibraryRefs\Capacitor NP.SchLib"; VariantName = "[No Variations]"
Add component (AddParameter): Name = "ComponentLink4Description"; Value = "Open Footprint"; VariantName = "[No Variations]"
Add component (AddParameter): Name = "ComponentLink4URL"; Value = "C:\ALTIUM_WORK\00001_MCHP-CDB\Library\Footprints\CAP_C_0603.PcbLib"; VariantName = "[No Variations]"
Add component (AddParameter): Name = "ComponentLink5Description"; Value = "Open Footprint 2"; VariantName = "[No Variations]"
Add component (AddParameter): Name = "ComponentLink6Description"; Value = "Open Footprint 3"; VariantName = "[No Variations]"
Add component (AddParameter): Name = "ComponentLink7Description"; Value = "Open Footprint 4"; VariantName = "[No Variations]"
Add component (AddParameter): Name = "Description_"; Value = "CAP CER 0.1uF 16V 10% X7R SMD 0603"; VariantName = "[No Variations]"
Add component (AddParameter): Name = "Dev Tools Status"; Value = "Production"; VariantName = "[No Variations]"
Add component (AddParameter): Name = "Manufacturer 1"; Value = "Taiyo Yuden"; VariantName = "[No Variations]"
Add component (AddParameter): Name = "Manufacturer 2"; Value = "Wurth Electronics Inc"; VariantName = "[No Variations]"
Add component (AddParameter): Name = "Manufacturer 3"; Value = "Samsung"; VariantName = "[No Variations]"
Add component (AddParameter): Name = "Manufacturer 4"; Value = "AVX"; VariantName = "[No Variations]"
Add component (AddParameter): Name = "Manufacturer 5"; Value = "Murata"; VariantName = "[No Variations]"
Add component (AddParameter): Name = "Manufacturer 6"; Value = "Yageo"; VariantName = "[No Variations]"
Add component (AddParameter): Name = "Manufacturer 7"; Value = "Taiyo Yuden"; VariantName = "[No Variations]"
Add component (AddParameter): Name = "Manufacturer 8"; Value = "Murata Electronics North America"; VariantName = "[No Variations]"
Add component (AddParameter): Name = "Manufacturer Part Number 1"; Value = "EMK107B7104KA-T"; VariantName = "[No Variations]"
Add component (AddParameter): Name = "Manufacturer Part Number 2"; Value = "885012206046"; VariantName = "[No Variations]"
Add component (AddParameter): Name = "Manufacturer Part Number 3"; Value = "CL10B104KO8NNNC"; VariantName = "[No Variations]"
Add component (AddParameter): Name = "Manufacturer Part Number 4"; Value = "0603YC104KAT2A"; VariantName = "[No Variations]"
Add component (AddParameter): Name = "Manufacturer Part Number 5"; Value = "GRM188R71C104KA01D"; VariantName = "[No Variations]"
Add component (AddParameter): Name = "Manufacturer Part Number 6"; Value = "CC0603KRX7R7BB104"; VariantName = "[No Variations]"
Add component (AddParameter): Name = "Manufacturer Part Number 7"; Value = "EMK107B7104KA-T"; VariantName = "[No Variations]"
Add component (AddParameter): Name = "Manufacturer Part Number 8"; Value = "GCM188R71C104KA37D"; VariantName = "[No Variations]"
Add component (AddParameter): Name = "MCHP-ID"; Value = "CAP0011"; VariantName = "[No Variations]"
Add component (AddParameter): Name = "Operating Temperature"; Value = "-55C to +125C"; VariantName = "[No Variations]"
Add component (AddParameter): Name = "Owner"; Value = "Cristian Papuc"; VariantName = "[No Variations]"
Add component (AddParameter): Name = "Package"; Value = "0603"; VariantName = "[No Variations]"
Add component (AddParameter): Name = "Populated"; Value = "YES"; VariantName = "[No Variations]"
Add component (AddParameter): Name = "Quantity Override"; Value = "1"; VariantName = "[No Variations]"
Add component (AddParameter): Name = "Revision"; Value = "3"; VariantName = "[No Variations]"
Add component (AddParameter): Name = "Status"; Value = "MCL Design"; VariantName = "[No Variations]"
Add component (AddParameter): Name = "Supplier 1"; Value = "Digi-Key"; VariantName = "[No Variations]"
Add component (AddParameter): Name = "Supplier 2"; Value = "Digi-Key"; VariantName = "[No Variations]"
Add component (AddParameter): Name = "Supplier 3"; Value = "Digi-Key"; VariantName = "[No Variations]"
Add component (AddParameter): Name = "Supplier 4"; Value = "Digi-Key"; VariantName = "[No Variations]"
Add component (AddParameter): Name = "Supplier 5"; Value = "Digi-Key"; VariantName = "[No Variations]"
Add component (AddParameter): Name = "Supplier 6"; Value = "Digi-Key"; VariantName = "[No Variations]"
Add component (AddParameter): Name = "Supplier 7"; Value = "Newark"; VariantName = "[No Variations]"
Add component (AddParameter): Name = "Supplier 8"; Value = "Digi-Key"; VariantName = "[No Variations]"
Add component (AddParameter): Name = "Supplier Part Number 1"; Value = "587-1240-1-ND"; VariantName = "[No Variations]"
Add component (AddParameter): Name = "Supplier Part Number 2"; Value = "732-7965-1-ND"; VariantName = "[No Variations]"
Add component (AddParameter): Name = "Supplier Part Number 3"; Value = "1276-1005-1-ND"; VariantName = "[No Variations]"
Add component (AddParameter): Name = "Supplier Part Number 4"; Value = "478-1239-1-ND"; VariantName = "[No Variations]"
Add component (AddParameter): Name = "Supplier Part Number 5"; Value = "490-1532-1-ND"; VariantName = "[No Variations]"
Add component (AddParameter): Name = "Supplier Part Number 6"; Value = "311-1088-1-ND"; VariantName = "[No Variations]"
Add component (AddParameter): Name = "Supplier Part Number 7"; Value = "86H5248"; VariantName = "[No Variations]"
Add component (AddParameter): Name = "Supplier Part Number 8"; Value = "490-4774-1-ND"; VariantName = "[No Variations]"
Add component (AddParameter): Name = "Symbol"; Value = "Capacitor NP"; VariantName = "[No Variations]"
Add component (AddParameter): Name = "Temperature Coeffcient"; Value = "X7R"; VariantName = "[No Variations]"
Add component (AddParameter): Name = "Tolerance"; Value = "10%"; VariantName = "[No Variations]"
Add component (AddParameter): Name = "Type"; Value = "Ceramic"; VariantName = "[No Variations]"
Add component (AddParameter): Name = "Value"; Value = "0.1uF"; VariantName = "[No Variations]"
Add component (AddParameter): Name = "Voltage"; Value = "16V"; VariantName = "[No Variations]"
Added Component: Designator=C63(CAP_C_0603)
Add component (AddParameter): Name = "Category"; Value = "Capacitor"; VariantName = "[No Variations]"
Add component (AddParameter): Name = "ComponentLink1Description"; Value = "SVN Datasheet"; VariantName = "[No Variations]"
Add component (AddParameter): Name = "ComponentLink1URL"; Value = "https://chn-vm-apps.microchip.com/mchprepo/parts/Datasheets/L0005E.pdf"; VariantName = "[No Variations]"
Add component (AddParameter): Name = "ComponentLink2Description"; Value = "Local Datasheet"; VariantName = "[No Variations]"
Add component (AddParameter): Name = "ComponentLink2URL"; Value = "C:\ALTIUM_WORK\00001_MCHP-CDB\Datasheets\L0005E.pdf"; VariantName = "[No Variations]"
Add component (AddParameter): Name = "ComponentLink3Description"; Value = "Open Symbol"; VariantName = "[No Variations]"
Add component (AddParameter): Name = "ComponentLink3URL"; Value = "C:\ALTIUM_WORK\00001_MCHP-CDB\Library\LibraryRefs\Capacitor NP.SchLib"; VariantName = "[No Variations]"
Add component (AddParameter): Name = "ComponentLink4Description"; Value = "Open Footprint"; VariantName = "[No Variations]"
Add component (AddParameter): Name = "ComponentLink4URL"; Value = "C:\ALTIUM_WORK\00001_MCHP-CDB\Library\Footprints\CAP_C_0603.PcbLib"; VariantName = "[No Variations]"
Add component (AddParameter): Name = "ComponentLink5Description"; Value = "Open Footprint 2"; VariantName = "[No Variations]"
Add component (AddParameter): Name = "ComponentLink6Description"; Value = "Open Footprint 3"; VariantName = "[No Variations]"
Add component (AddParameter): Name = "ComponentLink7Description"; Value = "Open Footprint 4"; VariantName = "[No Variations]"
Add component (AddParameter): Name = "Description_"; Value = "CAP CER 10000pF 16V 10% X7R SMD 0603"; VariantName = "[No Variations]"
Add component (AddParameter): Name = "Dev Tools Status"; Value = "Production"; VariantName = "[No Variations]"
Add component (AddParameter): Name = "Manufacturer 1"; Value = "Wurth Electronics Inc"; VariantName = "[No Variations]"
Add component (AddParameter): Name = "Manufacturer 2"; Value = "Samsung"; VariantName = "[No Variations]"
Add component (AddParameter): Name = "Manufacturer 3"; Value = "Murata"; VariantName = "[No Variations]"
Add component (AddParameter): Name = "Manufacturer 4"; Value = "Panasonic"; VariantName = "[No Variations]"
Add component (AddParameter): Name = "Manufacturer 5"; Value = "Johanson Dielectrics"; VariantName = "[No Variations]"
Add component (AddParameter): Name = "Manufacturer 6"; Value = "Yageo"; VariantName = "[No Variations]"
Add component (AddParameter): Name = "Manufacturer Part Number 1"; Value = "885012206040"; VariantName = "[No Variations]"
Add component (AddParameter): Name = "Manufacturer Part Number 2"; Value = "CL10B103KO8NNNC"; VariantName = "[No Variations]"
Add component (AddParameter): Name = "Manufacturer Part Number 3"; Value = "GRM188R71C103KA01D"; VariantName = "[No Variations]"
Add component (AddParameter): Name = "Manufacturer Part Number 4"; Value = "ECJ-1VB1C103K"; VariantName = "[No Variations]"
Add component (AddParameter): Name = "Manufacturer Part Number 5"; Value = "160R14W103KV4T"; VariantName = "[No Variations]"
Add component (AddParameter): Name = "Manufacturer Part Number 6"; Value = "CC0603KRX7R7BB103"; VariantName = "[No Variations]"
Add component (AddParameter): Name = "MCHP-ID"; Value = "CAP0451"; VariantName = "[No Variations]"
Add component (AddParameter): Name = "Operating Temperature"; Value = "-55C to +125C"; VariantName = "[No Variations]"
Add component (AddParameter): Name = "Package"; Value = "0603"; VariantName = "[No Variations]"
Add component (AddParameter): Name = "Populated"; Value = "YES"; VariantName = "[No Variations]"
Add component (AddParameter): Name = "Quantity Override"; Value = "1"; VariantName = "[No Variations]"
Add component (AddParameter): Name = "Revision"; Value = "1"; VariantName = "[No Variations]"
Add component (AddParameter): Name = "Status"; Value = "MCL Design"; VariantName = "[No Variations]"
Add component (AddParameter): Name = "Supplier 1"; Value = "Digi-Key"; VariantName = "[No Variations]"
Add component (AddParameter): Name = "Supplier 2"; Value = "Digi-Key"; VariantName = "[No Variations]"
Add component (AddParameter): Name = "Supplier 3"; Value = "Digi-Key"; VariantName = "[No Variations]"
Add component (AddParameter): Name = "Supplier 4"; Value = "Digi-Key"; VariantName = "[No Variations]"
Add component (AddParameter): Name = "Supplier 5"; Value = "Digi-Key"; VariantName = "[No Variations]"
Add component (AddParameter): Name = "Supplier 6"; Value = "Digi-Key"; VariantName = "[No Variations]"
Add component (AddParameter): Name = "Supplier Part Number 1"; Value = "732-7959-1-ND"; VariantName = "[No Variations]"
Add component (AddParameter): Name = "Supplier Part Number 2"; Value = "1276-1926-1-ND"; VariantName = "[No Variations]"
Add component (AddParameter): Name = "Supplier Part Number 3"; Value = "490-1525-1-ND"; VariantName = "[No Variations]"
Add component (AddParameter): Name = "Supplier Part Number 4"; Value = "PCC1750CT-ND"; VariantName = "[No Variations]"
Add component (AddParameter): Name = "Supplier Part Number 5"; Value = "709-1152-2-ND"; VariantName = "[No Variations]"
Add component (AddParameter): Name = "Supplier Part Number 6"; Value = "311-3369-1-ND"; VariantName = "[No Variations]"
Add component (AddParameter): Name = "Symbol"; Value = "Capacitor NP"; VariantName = "[No Variations]"
Add component (AddParameter): Name = "Temperature Coeffcient"; Value = "X7R"; VariantName = "[No Variations]"
Add component (AddParameter): Name = "Tolerance"; Value = "10%"; VariantName = "[No Variations]"
Add component (AddParameter): Name = "Type"; Value = "Ceramic"; VariantName = "[No Variations]"
Add component (AddParameter): Name = "Value"; Value = "10000pF"; VariantName = "[No Variations]"
Add component (AddParameter): Name = "Voltage"; Value = "16V"; VariantName = "[No Variations]"
Added Component: Designator=C64(CAP_C_0603)
Add component (AddParameter): Name = "Category"; Value = "Capacitor"; VariantName = "[No Variations]"
Add component (AddParameter): Name = "ComponentLink1Description"; Value = "SVN Datasheet"; VariantName = "[No Variations]"
Add component (AddParameter): Name = "ComponentLink1URL"; Value = "https://chn-vm-apps.microchip.com/mchprepo/parts/Datasheets/smccp.pdf"; VariantName = "[No Variations]"
Add component (AddParameter): Name = "ComponentLink2Description"; Value = "Local Datasheet"; VariantName = "[No Variations]"
Add component (AddParameter): Name = "ComponentLink2URL"; Value = "C:\ALTIUM_WORK\00001_MCHP-CDB\Datasheets\smccp.pdf"; VariantName = "[No Variations]"
Add component (AddParameter): Name = "ComponentLink3Description"; Value = "Open Symbol"; VariantName = "[No Variations]"
Add component (AddParameter): Name = "ComponentLink3URL"; Value = "C:\ALTIUM_WORK\00001_MCHP-CDB\Library\LibraryRefs\Capacitor NP.SchLib"; VariantName = "[No Variations]"
Add component (AddParameter): Name = "ComponentLink4Description"; Value = "Open Footprint"; VariantName = "[No Variations]"
Add component (AddParameter): Name = "ComponentLink4URL"; Value = "C:\ALTIUM_WORK\00001_MCHP-CDB\Library\Footprints\CAP_C_0603.PcbLib"; VariantName = "[No Variations]"
Add component (AddParameter): Name = "ComponentLink5Description"; Value = "Open Footprint 2"; VariantName = "[No Variations]"
Add component (AddParameter): Name = "ComponentLink6Description"; Value = "Open Footprint 3"; VariantName = "[No Variations]"
Add component (AddParameter): Name = "ComponentLink7Description"; Value = "Open Footprint 4"; VariantName = "[No Variations]"
Add component (AddParameter): Name = "Description_"; Value = "CAP CER 1000pF 50V 5% C0G SMD 0603"; VariantName = "[No Variations]"
Add component (AddParameter): Name = "Dev Tools Status"; Value = "Production"; VariantName = "[No Variations]"
Add component (AddParameter): Name = "Manufacturer 1"; Value = "AVX"; VariantName = "[No Variations]"
Add component (AddParameter): Name = "Manufacturer 2"; Value = "TDK"; VariantName = "[No Variations]"
Add component (AddParameter): Name = "Manufacturer 3"; Value = "Murata Electronics North America"; VariantName = "[No Variations]"
Add component (AddParameter): Name = "Manufacturer Part Number 1"; Value = "06035A102JAT2A"; VariantName = "[No Variations]"
Add component (AddParameter): Name = "Manufacturer Part Number 2"; Value = "C1608C0G1H102J"; VariantName = "[No Variations]"
Add component (AddParameter): Name = "Manufacturer Part Number 3"; Value = "GCM1885C1H102JA16D"; VariantName = "[No Variations]"
Add component (AddParameter): Name = "MCHP-ID"; Value = "CAP0594"; VariantName = "[No Variations]"
Add component (AddParameter): Name = "Operating Temperature"; Value = "-55C to +125C"; VariantName = "[No Variations]"
Add component (AddParameter): Name = "Package"; Value = "0603"; VariantName = "[No Variations]"
Add component (AddParameter): Name = "Populated"; Value = "DNP"; VariantName = "[No Variations]"
Add component (AddParameter): Name = "Quantity Override"; Value = "1"; VariantName = "[No Variations]"
Add component (AddParameter): Name = "Revision"; Value = "1"; VariantName = "[No Variations]"
Add component (AddParameter): Name = "Status"; Value = "MCL Design"; VariantName = "[No Variations]"
Add component (AddParameter): Name = "Supplier 1"; Value = "Digi-Key"; VariantName = "[No Variations]"
Add component (AddParameter): Name = "Supplier 2"; Value = "Digi-Key"; VariantName = "[No Variations]"
Add component (AddParameter): Name = "Supplier 3"; Value = "Digi-Key"; VariantName = "[No Variations]"
Add component (AddParameter): Name = "Supplier Part Number 1"; Value = "478-1187-2-ND"; VariantName = "[No Variations]"
Add component (AddParameter): Name = "Supplier Part Number 2"; Value = "445-1293-2-ND"; VariantName = "[No Variations]"
Add component (AddParameter): Name = "Supplier Part Number 3"; Value = "490-4768-1-ND"; VariantName = "[No Variations]"
Add component (AddParameter): Name = "Symbol"; Value = "Capacitor NP"; VariantName = "[No Variations]"
Add component (AddParameter): Name = "Temperature Coeffcient"; Value = "C0G"; VariantName = "[No Variations]"
Add component (AddParameter): Name = "Tolerance"; Value = "5%"; VariantName = "[No Variations]"
Add component (AddParameter): Name = "Type"; Value = "Ceramic"; VariantName = "[No Variations]"
Add component (AddParameter): Name = "Value"; Value = "1000pF"; VariantName = "[No Variations]"
Add component (AddParameter): Name = "Voltage"; Value = "50V"; VariantName = "[No Variations]"
Added Component: Designator=C65(CAP_C_0603)
Add component (AddParameter): Name = "Category"; Value = "Capacitor"; VariantName = "[No Variations]"
Add component (AddParameter): Name = "ComponentLink1Description"; Value = "SVN Datasheet"; VariantName = "[No Variations]"
Add component (AddParameter): Name = "ComponentLink1URL"; Value = "https://chn-vm-apps.microchip.com/mchprepo/parts/Datasheets/smccp.pdf"; VariantName = "[No Variations]"
Add component (AddParameter): Name = "ComponentLink2Description"; Value = "Local Datasheet"; VariantName = "[No Variations]"
Add component (AddParameter): Name = "ComponentLink2URL"; Value = "C:\ALTIUM_WORK\00001_MCHP-CDB\Datasheets\smccp.pdf"; VariantName = "[No Variations]"
Add component (AddParameter): Name = "ComponentLink3Description"; Value = "Open Symbol"; VariantName = "[No Variations]"
Add component (AddParameter): Name = "ComponentLink3URL"; Value = "C:\ALTIUM_WORK\00001_MCHP-CDB\Library\LibraryRefs\Capacitor NP.SchLib"; VariantName = "[No Variations]"
Add component (AddParameter): Name = "ComponentLink4Description"; Value = "Open Footprint"; VariantName = "[No Variations]"
Add component (AddParameter): Name = "ComponentLink4URL"; Value = "C:\ALTIUM_WORK\00001_MCHP-CDB\Library\Footprints\CAP_C_0603.PcbLib"; VariantName = "[No Variations]"
Add component (AddParameter): Name = "ComponentLink5Description"; Value = "Open Footprint 2"; VariantName = "[No Variations]"
Add component (AddParameter): Name = "ComponentLink6Description"; Value = "Open Footprint 3"; VariantName = "[No Variations]"
Add component (AddParameter): Name = "ComponentLink7Description"; Value = "Open Footprint 4"; VariantName = "[No Variations]"
Add component (AddParameter): Name = "Description_"; Value = "CAP CER 1000pF 50V 5% C0G SMD 0603"; VariantName = "[No Variations]"
Add component (AddParameter): Name = "Dev Tools Status"; Value = "Production"; VariantName = "[No Variations]"
Add component (AddParameter): Name = "Manufacturer 1"; Value = "AVX"; VariantName = "[No Variations]"
Add component (AddParameter): Name = "Manufacturer 2"; Value = "TDK"; VariantName = "[No Variations]"
Add component (AddParameter): Name = "Manufacturer 3"; Value = "Murata Electronics North America"; VariantName = "[No Variations]"
Add component (AddParameter): Name = "Manufacturer Part Number 1"; Value = "06035A102JAT2A"; VariantName = "[No Variations]"
Add component (AddParameter): Name = "Manufacturer Part Number 2"; Value = "C1608C0G1H102J"; VariantName = "[No Variations]"
Add component (AddParameter): Name = "Manufacturer Part Number 3"; Value = "GCM1885C1H102JA16D"; VariantName = "[No Variations]"
Add component (AddParameter): Name = "MCHP-ID"; Value = "CAP0594"; VariantName = "[No Variations]"
Add component (AddParameter): Name = "Operating Temperature"; Value = "-55C to +125C"; VariantName = "[No Variations]"
Add component (AddParameter): Name = "Package"; Value = "0603"; VariantName = "[No Variations]"
Add component (AddParameter): Name = "Populated"; Value = "Yes"; VariantName = "[No Variations]"
Add component (AddParameter): Name = "Quantity Override"; Value = "1"; VariantName = "[No Variations]"
Add component (AddParameter): Name = "Revision"; Value = "1"; VariantName = "[No Variations]"
Add component (AddParameter): Name = "Status"; Value = "MCL Design"; VariantName = "[No Variations]"
Add component (AddParameter): Name = "Supplier 1"; Value = "Digi-Key"; VariantName = "[No Variations]"
Add component (AddParameter): Name = "Supplier 2"; Value = "Digi-Key"; VariantName = "[No Variations]"
Add component (AddParameter): Name = "Supplier 3"; Value = "Digi-Key"; VariantName = "[No Variations]"
Add component (AddParameter): Name = "Supplier Part Number 1"; Value = "478-1187-2-ND"; VariantName = "[No Variations]"
Add component (AddParameter): Name = "Supplier Part Number 2"; Value = "445-1293-2-ND"; VariantName = "[No Variations]"
Add component (AddParameter): Name = "Supplier Part Number 3"; Value = "490-4768-1-ND"; VariantName = "[No Variations]"
Add component (AddParameter): Name = "Symbol"; Value = "Capacitor NP"; VariantName = "[No Variations]"
Add component (AddParameter): Name = "Temperature Coeffcient"; Value = "C0G"; VariantName = "[No Variations]"
Add component (AddParameter): Name = "Tolerance"; Value = "5%"; VariantName = "[No Variations]"
Add component (AddParameter): Name = "Type"; Value = "Ceramic"; VariantName = "[No Variations]"
Add component (AddParameter): Name = "Value"; Value = "1000pF"; VariantName = "[No Variations]"
Add component (AddParameter): Name = "Voltage"; Value = "50V"; VariantName = "[No Variations]"
Added Component: Designator=C66(CAP_C_0603)
Add component (AddParameter): Name = "Category"; Value = "Capacitor"; VariantName = "[No Variations]"
Add component (AddParameter): Name = "ComponentLink1Description"; Value = "SVN Datasheet"; VariantName = "[No Variations]"
Add component (AddParameter): Name = "ComponentLink1URL"; Value = "https://chn-vm-apps.microchip.com/mchprepo/parts/Datasheets/nmc2.pdf"; VariantName = "[No Variations]"
Add component (AddParameter): Name = "ComponentLink2Description"; Value = "Local Datasheet"; VariantName = "[No Variations]"
Add component (AddParameter): Name = "ComponentLink2URL"; Value = "C:\ALTIUM_WORK\00001_MCHP-CDB\Datasheets\nmc2.pdf"; VariantName = "[No Variations]"
Add component (AddParameter): Name = "ComponentLink3Description"; Value = "Open Symbol"; VariantName = "[No Variations]"
Add component (AddParameter): Name = "ComponentLink3URL"; Value = "C:\ALTIUM_WORK\00001_MCHP-CDB\Library\LibraryRefs\Capacitor NP.SchLib"; VariantName = "[No Variations]"
Add component (AddParameter): Name = "ComponentLink4Description"; Value = "Open Footprint"; VariantName = "[No Variations]"
Add component (AddParameter): Name = "ComponentLink4URL"; Value = "C:\ALTIUM_WORK\00001_MCHP-CDB\Library\Footprints\CAP_C_0603.PcbLib"; VariantName = "[No Variations]"
Add component (AddParameter): Name = "ComponentLink5Description"; Value = "Open Footprint 2"; VariantName = "[No Variations]"
Add component (AddParameter): Name = "ComponentLink6Description"; Value = "Open Footprint 3"; VariantName = "[No Variations]"
Add component (AddParameter): Name = "ComponentLink7Description"; Value = "Open Footprint 4"; VariantName = "[No Variations]"
Add component (AddParameter): Name = "Description_"; Value = "CAP CER 0.1uF 16V 10% X7R SMD 0603"; VariantName = "[No Variations]"
Add component (AddParameter): Name = "Dev Tools Status"; Value = "Production"; VariantName = "[No Variations]"
Add component (AddParameter): Name = "Manufacturer 1"; Value = "Taiyo Yuden"; VariantName = "[No Variations]"
Add component (AddParameter): Name = "Manufacturer 2"; Value = "Wurth Electronics Inc"; VariantName = "[No Variations]"
Add component (AddParameter): Name = "Manufacturer 3"; Value = "Samsung"; VariantName = "[No Variations]"
Add component (AddParameter): Name = "Manufacturer 4"; Value = "AVX"; VariantName = "[No Variations]"
Add component (AddParameter): Name = "Manufacturer 5"; Value = "Murata"; VariantName = "[No Variations]"
Add component (AddParameter): Name = "Manufacturer 6"; Value = "Yageo"; VariantName = "[No Variations]"
Add component (AddParameter): Name = "Manufacturer 7"; Value = "Taiyo Yuden"; VariantName = "[No Variations]"
Add component (AddParameter): Name = "Manufacturer 8"; Value = "Murata Electronics North America"; VariantName = "[No Variations]"
Add component (AddParameter): Name = "Manufacturer Part Number 1"; Value = "EMK107B7104KA-T"; VariantName = "[No Variations]"
Add component (AddParameter): Name = "Manufacturer Part Number 2"; Value = "885012206046"; VariantName = "[No Variations]"
Add component (AddParameter): Name = "Manufacturer Part Number 3"; Value = "CL10B104KO8NNNC"; VariantName = "[No Variations]"
Add component (AddParameter): Name = "Manufacturer Part Number 4"; Value = "0603YC104KAT2A"; VariantName = "[No Variations]"
Add component (AddParameter): Name = "Manufacturer Part Number 5"; Value = "GRM188R71C104KA01D"; VariantName = "[No Variations]"
Add component (AddParameter): Name = "Manufacturer Part Number 6"; Value = "CC0603KRX7R7BB104"; VariantName = "[No Variations]"
Add component (AddParameter): Name = "Manufacturer Part Number 7"; Value = "EMK107B7104KA-T"; VariantName = "[No Variations]"
Add component (AddParameter): Name = "Manufacturer Part Number 8"; Value = "GCM188R71C104KA37D"; VariantName = "[No Variations]"
Add component (AddParameter): Name = "MCHP-ID"; Value = "CAP0011"; VariantName = "[No Variations]"
Add component (AddParameter): Name = "Operating Temperature"; Value = "-55C to +125C"; VariantName = "[No Variations]"
Add component (AddParameter): Name = "Owner"; Value = "Cristian Papuc"; VariantName = "[No Variations]"
Add component (AddParameter): Name = "Package"; Value = "0603"; VariantName = "[No Variations]"
Add component (AddParameter): Name = "Populated"; Value = "YES"; VariantName = "[No Variations]"
Add component (AddParameter): Name = "Quantity Override"; Value = "1"; VariantName = "[No Variations]"
Add component (AddParameter): Name = "Revision"; Value = "3"; VariantName = "[No Variations]"
Add component (AddParameter): Name = "Status"; Value = "MCL Design"; VariantName = "[No Variations]"
Add component (AddParameter): Name = "Supplier 1"; Value = "Digi-Key"; VariantName = "[No Variations]"
Add component (AddParameter): Name = "Supplier 2"; Value = "Digi-Key"; VariantName = "[No Variations]"
Add component (AddParameter): Name = "Supplier 3"; Value = "Digi-Key"; VariantName = "[No Variations]"
Add component (AddParameter): Name = "Supplier 4"; Value = "Digi-Key"; VariantName = "[No Variations]"
Add component (AddParameter): Name = "Supplier 5"; Value = "Digi-Key"; VariantName = "[No Variations]"
Add component (AddParameter): Name = "Supplier 6"; Value = "Digi-Key"; VariantName = "[No Variations]"
Add component (AddParameter): Name = "Supplier 7"; Value = "Newark"; VariantName = "[No Variations]"
Add component (AddParameter): Name = "Supplier 8"; Value = "Digi-Key"; VariantName = "[No Variations]"
Add component (AddParameter): Name = "Supplier Part Number 1"; Value = "587-1240-1-ND"; VariantName = "[No Variations]"
Add component (AddParameter): Name = "Supplier Part Number 2"; Value = "732-7965-1-ND"; VariantName = "[No Variations]"
Add component (AddParameter): Name = "Supplier Part Number 3"; Value = "1276-1005-1-ND"; VariantName = "[No Variations]"
Add component (AddParameter): Name = "Supplier Part Number 4"; Value = "478-1239-1-ND"; VariantName = "[No Variations]"
Add component (AddParameter): Name = "Supplier Part Number 5"; Value = "490-1532-1-ND"; VariantName = "[No Variations]"
Add component (AddParameter): Name = "Supplier Part Number 6"; Value = "311-1088-1-ND"; VariantName = "[No Variations]"
Add component (AddParameter): Name = "Supplier Part Number 7"; Value = "86H5248"; VariantName = "[No Variations]"
Add component (AddParameter): Name = "Supplier Part Number 8"; Value = "490-4774-1-ND"; VariantName = "[No Variations]"
Add component (AddParameter): Name = "Symbol"; Value = "Capacitor NP"; VariantName = "[No Variations]"
Add component (AddParameter): Name = "Temperature Coeffcient"; Value = "X7R"; VariantName = "[No Variations]"
Add component (AddParameter): Name = "Tolerance"; Value = "10%"; VariantName = "[No Variations]"
Add component (AddParameter): Name = "Type"; Value = "Ceramic"; VariantName = "[No Variations]"
Add component (AddParameter): Name = "Value"; Value = "0.1uF"; VariantName = "[No Variations]"
Add component (AddParameter): Name = "Voltage"; Value = "16V"; VariantName = "[No Variations]"
Added Component: Designator=C68(CAP_C_0603)
Add component (AddParameter): Name = "Category"; Value = "Capacitor"; VariantName = "[No Variations]"
Add component (AddParameter): Name = "ComponentLink1Description"; Value = "SVN Datasheet"; VariantName = "[No Variations]"
Add component (AddParameter): Name = "ComponentLink1URL"; Value = "https://chn-vm-apps.microchip.com/mchprepo/parts/Datasheets/smccp.pdf"; VariantName = "[No Variations]"
Add component (AddParameter): Name = "ComponentLink2Description"; Value = "Local Datasheet"; VariantName = "[No Variations]"
Add component (AddParameter): Name = "ComponentLink2URL"; Value = "C:\ALTIUM_WORK\00001_MCHP-CDB\Datasheets\smccp.pdf"; VariantName = "[No Variations]"
Add component (AddParameter): Name = "ComponentLink3Description"; Value = "Open Symbol"; VariantName = "[No Variations]"
Add component (AddParameter): Name = "ComponentLink3URL"; Value = "C:\ALTIUM_WORK\00001_MCHP-CDB\Library\LibraryRefs\Capacitor NP.SchLib"; VariantName = "[No Variations]"
Add component (AddParameter): Name = "ComponentLink4Description"; Value = "Open Footprint"; VariantName = "[No Variations]"
Add component (AddParameter): Name = "ComponentLink4URL"; Value = "C:\ALTIUM_WORK\00001_MCHP-CDB\Library\Footprints\CAP_C_0603.PcbLib"; VariantName = "[No Variations]"
Add component (AddParameter): Name = "ComponentLink5Description"; Value = "Open Footprint 2"; VariantName = "[No Variations]"
Add component (AddParameter): Name = "ComponentLink6Description"; Value = "Open Footprint 3"; VariantName = "[No Variations]"
Add component (AddParameter): Name = "ComponentLink7Description"; Value = "Open Footprint 4"; VariantName = "[No Variations]"
Add component (AddParameter): Name = "Description_"; Value = "CAP CER 1000pF 50V 5% C0G SMD 0603"; VariantName = "[No Variations]"
Add component (AddParameter): Name = "Dev Tools Status"; Value = "Production"; VariantName = "[No Variations]"
Add component (AddParameter): Name = "Manufacturer 1"; Value = "AVX"; VariantName = "[No Variations]"
Add component (AddParameter): Name = "Manufacturer 2"; Value = "TDK"; VariantName = "[No Variations]"
Add component (AddParameter): Name = "Manufacturer 3"; Value = "Murata Electronics North America"; VariantName = "[No Variations]"
Add component (AddParameter): Name = "Manufacturer Part Number 1"; Value = "06035A102JAT2A"; VariantName = "[No Variations]"
Add component (AddParameter): Name = "Manufacturer Part Number 2"; Value = "C1608C0G1H102J"; VariantName = "[No Variations]"
Add component (AddParameter): Name = "Manufacturer Part Number 3"; Value = "GCM1885C1H102JA16D"; VariantName = "[No Variations]"
Add component (AddParameter): Name = "MCHP-ID"; Value = "CAP0594"; VariantName = "[No Variations]"
Add component (AddParameter): Name = "Operating Temperature"; Value = "-55C to +125C"; VariantName = "[No Variations]"
Add component (AddParameter): Name = "Package"; Value = "0603"; VariantName = "[No Variations]"
Add component (AddParameter): Name = "Populated"; Value = "DNP"; VariantName = "[No Variations]"
Add component (AddParameter): Name = "Quantity Override"; Value = "1"; VariantName = "[No Variations]"
Add component (AddParameter): Name = "Revision"; Value = "1"; VariantName = "[No Variations]"
Add component (AddParameter): Name = "Status"; Value = "MCL Design"; VariantName = "[No Variations]"
Add component (AddParameter): Name = "Supplier 1"; Value = "Digi-Key"; VariantName = "[No Variations]"
Add component (AddParameter): Name = "Supplier 2"; Value = "Digi-Key"; VariantName = "[No Variations]"
Add component (AddParameter): Name = "Supplier 3"; Value = "Digi-Key"; VariantName = "[No Variations]"
Add component (AddParameter): Name = "Supplier Part Number 1"; Value = "478-1187-2-ND"; VariantName = "[No Variations]"
Add component (AddParameter): Name = "Supplier Part Number 2"; Value = "445-1293-2-ND"; VariantName = "[No Variations]"
Add component (AddParameter): Name = "Supplier Part Number 3"; Value = "490-4768-1-ND"; VariantName = "[No Variations]"
Add component (AddParameter): Name = "Symbol"; Value = "Capacitor NP"; VariantName = "[No Variations]"
Add component (AddParameter): Name = "Temperature Coeffcient"; Value = "C0G"; VariantName = "[No Variations]"
Add component (AddParameter): Name = "Tolerance"; Value = "5%"; VariantName = "[No Variations]"
Add component (AddParameter): Name = "Type"; Value = "Ceramic"; VariantName = "[No Variations]"
Add component (AddParameter): Name = "Value"; Value = "1000pF"; VariantName = "[No Variations]"
Add component (AddParameter): Name = "Voltage"; Value = "50V"; VariantName = "[No Variations]"
Added Component: Designator=C69(CAP_C_0603)
Add component (AddParameter): Name = "BOM Notes"; Value = ""; VariantName = "[No Variations]"
Add component (AddParameter): Name = "Category"; Value = "Capacitor"; VariantName = "[No Variations]"
Add component (AddParameter): Name = "ComponentLink1Description"; Value = "SVN Datasheet"; VariantName = "[No Variations]"
Add component (AddParameter): Name = "ComponentLink1URL"; Value = "https://chn-vm-apps.microchip.com/mchprepo/parts/Datasheets/KEM_C1003_C0G_SMD.pdf"; VariantName = "[No Variations]"
Add component (AddParameter): Name = "ComponentLink2Description"; Value = "Local Datasheet"; VariantName = "[No Variations]"
Add component (AddParameter): Name = "ComponentLink2URL"; Value = "C:\ALTIUM_WORK\00001_MCHP-CDB\Datasheets\KEM_C1003_C0G_SMD.pdf"; VariantName = "[No Variations]"
Add component (AddParameter): Name = "ComponentLink3Description"; Value = "Open Symbol"; VariantName = "[No Variations]"
Add component (AddParameter): Name = "ComponentLink3URL"; Value = "C:\ALTIUM_WORK\00001_MCHP-CDB\Library\LibraryRefs\Capacitor NP.SchLib"; VariantName = "[No Variations]"
Add component (AddParameter): Name = "ComponentLink4Description"; Value = "Open Footprint"; VariantName = "[No Variations]"
Add component (AddParameter): Name = "ComponentLink4URL"; Value = "C:\ALTIUM_WORK\00001_MCHP-CDB\Library\Footprints\CAP_C_0603.PcbLib"; VariantName = "[No Variations]"
Add component (AddParameter): Name = "ComponentLink5Description"; Value = "Open Footprint 2"; VariantName = "[No Variations]"
Add component (AddParameter): Name = "ComponentLink6Description"; Value = "Open Footprint 3"; VariantName = "[No Variations]"
Add component (AddParameter): Name = "ComponentLink7Description"; Value = "Open Footprint 4"; VariantName = "[No Variations]"
Add component (AddParameter): Name = "Description_"; Value = "CAP CER 100pF 100V 5% C0G SMD 0603"; VariantName = "[No Variations]"
Add component (AddParameter): Name = "Dev Tools Status"; Value = "Production"; VariantName = "[No Variations]"
Add component (AddParameter): Name = "Manufacturer 1"; Value = "KEMET"; VariantName = "[No Variations]"
Add component (AddParameter): Name = "Manufacturer Part Number 1"; Value = "C0603C101J1GACTU"; VariantName = "[No Variations]"
Add component (AddParameter): Name = "MCHP-ID"; Value = "CAP1112"; VariantName = "[No Variations]"
Add component (AddParameter): Name = "Operating Temperature"; Value = "-55C to +125C"; VariantName = "[No Variations]"
Add component (AddParameter): Name = "Owner"; Value = "Mihai T(M91442)"; VariantName = "[No Variations]"
Add component (AddParameter): Name = "Package"; Value = "0603"; VariantName = "[No Variations]"
Add component (AddParameter): Name = "Populated"; Value = "DNP"; VariantName = "[No Variations]"
Add component (AddParameter): Name = "Quantity Override"; Value = "1"; VariantName = "[No Variations]"
Add component (AddParameter): Name = "Revision"; Value = "0"; VariantName = "[No Variations]"
Add component (AddParameter): Name = "Status"; Value = "MCL Design"; VariantName = "[No Variations]"
Add component (AddParameter): Name = "Supplier 1"; Value = "Digi-Key"; VariantName = "[No Variations]"
Add component (AddParameter): Name = "Supplier 2"; Value = "Farnell"; VariantName = "[No Variations]"
Add component (AddParameter): Name = "Supplier Part Number 1"; Value = "399-7821-1-ND"; VariantName = "[No Variations]"
Add component (AddParameter): Name = "Supplier Part Number 2"; Value = "1414602"; VariantName = "[No Variations]"
Add component (AddParameter): Name = "Symbol"; Value = "Capacitor NP"; VariantName = "[No Variations]"
Add component (AddParameter): Name = "Temperature Coefficient"; Value = "C0G, NP0"; VariantName = "[No Variations]"
Add component (AddParameter): Name = "Tolerance"; Value = "5%"; VariantName = "[No Variations]"
Add component (AddParameter): Name = "Type"; Value = "Ceramic"; VariantName = "[No Variations]"
Add component (AddParameter): Name = "Value"; Value = "100pF"; VariantName = "[No Variations]"
Add component (AddParameter): Name = "Voltage"; Value = "100V"; VariantName = "[No Variations]"
Added Component: Designator=C70(CAP_C_0603)
Add component (AddParameter): Name = "BOM Notes"; Value = ""; VariantName = "[No Variations]"
Add component (AddParameter): Name = "Category"; Value = "Capacitor"; VariantName = "[No Variations]"
Add component (AddParameter): Name = "ComponentLink1Description"; Value = "SVN Datasheet"; VariantName = "[No Variations]"
Add component (AddParameter): Name = "ComponentLink1URL"; Value = "https://chn-vm-apps.microchip.com/mchprepo/parts/Datasheets/mlcc_automotive_general_en.pdf"; VariantName = "[No Variations]"
Add component (AddParameter): Name = "ComponentLink2Description"; Value = "Local Datasheet"; VariantName = "[No Variations]"
Add component (AddParameter): Name = "ComponentLink2URL"; Value = "C:\ALTIUM_WORK\00001_MCHP-CDB\Datasheets\mlcc_automotive_general_en.pdf"; VariantName = "[No Variations]"
Add component (AddParameter): Name = "ComponentLink3Description"; Value = "Open Symbol"; VariantName = "[No Variations]"
Add component (AddParameter): Name = "ComponentLink3URL"; Value = "C:\ALTIUM_WORK\00001_MCHP-CDB\Library\LibraryRefs\Capacitor NP.SchLib"; VariantName = "[No Variations]"
Add component (AddParameter): Name = "ComponentLink4Description"; Value = "Open Footprint"; VariantName = "[No Variations]"
Add component (AddParameter): Name = "ComponentLink4URL"; Value = "C:\ALTIUM_WORK\00001_MCHP-CDB\Library\Footprints\CAP_C_0603.PcbLib"; VariantName = "[No Variations]"
Add component (AddParameter): Name = "ComponentLink5Description"; Value = "Open Footprint 2"; VariantName = "[No Variations]"
Add component (AddParameter): Name = "ComponentLink6Description"; Value = "Open Footprint 3"; VariantName = "[No Variations]"
Add component (AddParameter): Name = "ComponentLink7Description"; Value = "Open Footprint 4"; VariantName = "[No Variations]"
Add component (AddParameter): Name = "Description_"; Value = "CAP CER 4700pF 100V 10% X7R SMD 0603 AEC-Q200"; VariantName = "[No Variations]"
Add component (AddParameter): Name = "Dev Tools Status"; Value = "Design"; VariantName = "[No Variations]"
Add component (AddParameter): Name = "Manufacturer 1"; Value = "TDK Corporation"; VariantName = "[No Variations]"
Add component (AddParameter): Name = "Manufacturer Part Number 1"; Value = "CGA3E2X7R2A472K080AA"; VariantName = "[No Variations]"
Add component (AddParameter): Name = "MCHP-ID"; Value = "CAP2601"; VariantName = "[No Variations]"
Add component (AddParameter): Name = "Operating Temperature"; Value = "-55C to +125C"; VariantName = "[No Variations]"
Add component (AddParameter): Name = "Owner"; Value = "Narasimha Murthy"; VariantName = "[No Variations]"
Add component (AddParameter): Name = "Package"; Value = "0603"; VariantName = "[No Variations]"
Add component (AddParameter): Name = "Populated"; Value = "YES"; VariantName = "[No Variations]"
Add component (AddParameter): Name = "Quantity Override"; Value = "1"; VariantName = "[No Variations]"
Add component (AddParameter): Name = "Revision"; Value = "1"; VariantName = "[No Variations]"
Add component (AddParameter): Name = "Status"; Value = "MCL Design"; VariantName = "[No Variations]"
Add component (AddParameter): Name = "Supplier 1"; Value = "Digi-Key"; VariantName = "[No Variations]"
Add component (AddParameter): Name = "Supplier Part Number 1"; Value = "445-5810-1-ND"; VariantName = "[No Variations]"
Add component (AddParameter): Name = "Symbol"; Value = "Capacitor NP"; VariantName = "[No Variations]"
Add component (AddParameter): Name = "Temperature Coefficient"; Value = "X7R"; VariantName = "[No Variations]"
Add component (AddParameter): Name = "Tolerance"; Value = "10%"; VariantName = "[No Variations]"
Add component (AddParameter): Name = "Type"; Value = "Ceramic"; VariantName = "[No Variations]"
Add component (AddParameter): Name = "Value"; Value = "4700pF"; VariantName = "[No Variations]"
Add component (AddParameter): Name = "Voltage"; Value = "100V"; VariantName = "[No Variations]"
Added Component: Designator=C71(CAP_C_0603)
Add component (AddParameter): Name = "BOM Notes"; Value = ""; VariantName = "[No Variations]"
Add component (AddParameter): Name = "Category"; Value = "Capacitor"; VariantName = "[No Variations]"
Add component (AddParameter): Name = "ComponentLink1Description"; Value = "SVN Datasheet"; VariantName = "[No Variations]"
Add component (AddParameter): Name = "ComponentLink1URL"; Value = "https://chn-vm-apps.microchip.com/mchprepo/parts/Datasheets/KEM_C1003_C0G_SMD.pdf"; VariantName = "[No Variations]"
Add component (AddParameter): Name = "ComponentLink2Description"; Value = "Local Datasheet"; VariantName = "[No Variations]"
Add component (AddParameter): Name = "ComponentLink2URL"; Value = "C:\ALTIUM_WORK\00001_MCHP-CDB\Datasheets\KEM_C1003_C0G_SMD.pdf"; VariantName = "[No Variations]"
Add component (AddParameter): Name = "ComponentLink3Description"; Value = "Open Symbol"; VariantName = "[No Variations]"
Add component (AddParameter): Name = "ComponentLink3URL"; Value = "C:\ALTIUM_WORK\00001_MCHP-CDB\Library\LibraryRefs\Capacitor NP.SchLib"; VariantName = "[No Variations]"
Add component (AddParameter): Name = "ComponentLink4Description"; Value = "Open Footprint"; VariantName = "[No Variations]"
Add component (AddParameter): Name = "ComponentLink4URL"; Value = "C:\ALTIUM_WORK\00001_MCHP-CDB\Library\Footprints\CAP_C_0603.PcbLib"; VariantName = "[No Variations]"
Add component (AddParameter): Name = "ComponentLink5Description"; Value = "Open Footprint 2"; VariantName = "[No Variations]"
Add component (AddParameter): Name = "ComponentLink6Description"; Value = "Open Footprint 3"; VariantName = "[No Variations]"
Add component (AddParameter): Name = "ComponentLink7Description"; Value = "Open Footprint 4"; VariantName = "[No Variations]"
Add component (AddParameter): Name = "Description_"; Value = "CAP CER 100pF 100V 5% C0G SMD 0603"; VariantName = "[No Variations]"
Add component (AddParameter): Name = "Dev Tools Status"; Value = "Production"; VariantName = "[No Variations]"
Add component (AddParameter): Name = "Manufacturer 1"; Value = "KEMET"; VariantName = "[No Variations]"
Add component (AddParameter): Name = "Manufacturer Part Number 1"; Value = "C0603C101J1GACTU"; VariantName = "[No Variations]"
Add component (AddParameter): Name = "MCHP-ID"; Value = "CAP1112"; VariantName = "[No Variations]"
Add component (AddParameter): Name = "Operating Temperature"; Value = "-55C to +125C"; VariantName = "[No Variations]"
Add component (AddParameter): Name = "Owner"; Value = "Mihai T(M91442)"; VariantName = "[No Variations]"
Add component (AddParameter): Name = "Package"; Value = "0603"; VariantName = "[No Variations]"
Add component (AddParameter): Name = "Populated"; Value = "DNP"; VariantName = "[No Variations]"
Add component (AddParameter): Name = "Quantity Override"; Value = "1"; VariantName = "[No Variations]"
Add component (AddParameter): Name = "Revision"; Value = "0"; VariantName = "[No Variations]"
Add component (AddParameter): Name = "Status"; Value = "MCL Design"; VariantName = "[No Variations]"
Add component (AddParameter): Name = "Supplier 1"; Value = "Digi-Key"; VariantName = "[No Variations]"
Add component (AddParameter): Name = "Supplier 2"; Value = "Farnell"; VariantName = "[No Variations]"
Add component (AddParameter): Name = "Supplier Part Number 1"; Value = "399-7821-1-ND"; VariantName = "[No Variations]"
Add component (AddParameter): Name = "Supplier Part Number 2"; Value = "1414602"; VariantName = "[No Variations]"
Add component (AddParameter): Name = "Symbol"; Value = "Capacitor NP"; VariantName = "[No Variations]"
Add component (AddParameter): Name = "Temperature Coefficient"; Value = "C0G, NP0"; VariantName = "[No Variations]"
Add component (AddParameter): Name = "Tolerance"; Value = "5%"; VariantName = "[No Variations]"
Add component (AddParameter): Name = "Type"; Value = "Ceramic"; VariantName = "[No Variations]"
Add component (AddParameter): Name = "Value"; Value = "100pF"; VariantName = "[No Variations]"
Add component (AddParameter): Name = "Voltage"; Value = "100V"; VariantName = "[No Variations]"
Added Component: Designator=C75(CAP_C_0603)
Add component (AddParameter): Name = "Category"; Value = "Capacitor"; VariantName = "[No Variations]"
Add component (AddParameter): Name = "ComponentLink1Description"; Value = "SVN Datasheet"; VariantName = "[No Variations]"
Add component (AddParameter): Name = "ComponentLink1URL"; Value = "https://chn-vm-apps.microchip.com/mchprepo/parts/Datasheets/smccp.pdf"; VariantName = "[No Variations]"
Add component (AddParameter): Name = "ComponentLink2Description"; Value = "Local Datasheet"; VariantName = "[No Variations]"
Add component (AddParameter): Name = "ComponentLink2URL"; Value = "C:\ALTIUM_WORK\00001_MCHP-CDB\Datasheets\smccp.pdf"; VariantName = "[No Variations]"
Add component (AddParameter): Name = "ComponentLink3Description"; Value = "Open Symbol"; VariantName = "[No Variations]"
Add component (AddParameter): Name = "ComponentLink3URL"; Value = "C:\ALTIUM_WORK\00001_MCHP-CDB\Library\LibraryRefs\Capacitor NP.SchLib"; VariantName = "[No Variations]"
Add component (AddParameter): Name = "ComponentLink4Description"; Value = "Open Footprint"; VariantName = "[No Variations]"
Add component (AddParameter): Name = "ComponentLink4URL"; Value = "C:\ALTIUM_WORK\00001_MCHP-CDB\Library\Footprints\CAP_C_0603.PcbLib"; VariantName = "[No Variations]"
Add component (AddParameter): Name = "ComponentLink5Description"; Value = "Open Footprint 2"; VariantName = "[No Variations]"
Add component (AddParameter): Name = "ComponentLink6Description"; Value = "Open Footprint 3"; VariantName = "[No Variations]"
Add component (AddParameter): Name = "ComponentLink7Description"; Value = "Open Footprint 4"; VariantName = "[No Variations]"
Add component (AddParameter): Name = "Description_"; Value = "CAP CER 1000pF 50V 5% C0G SMD 0603"; VariantName = "[No Variations]"
Add component (AddParameter): Name = "Dev Tools Status"; Value = "Production"; VariantName = "[No Variations]"
Add component (AddParameter): Name = "Manufacturer 1"; Value = "AVX"; VariantName = "[No Variations]"
Add component (AddParameter): Name = "Manufacturer 2"; Value = "TDK"; VariantName = "[No Variations]"
Add component (AddParameter): Name = "Manufacturer 3"; Value = "Murata Electronics North America"; VariantName = "[No Variations]"
Add component (AddParameter): Name = "Manufacturer Part Number 1"; Value = "06035A102JAT2A"; VariantName = "[No Variations]"
Add component (AddParameter): Name = "Manufacturer Part Number 2"; Value = "C1608C0G1H102J"; VariantName = "[No Variations]"
Add component (AddParameter): Name = "Manufacturer Part Number 3"; Value = "GCM1885C1H102JA16D"; VariantName = "[No Variations]"
Add component (AddParameter): Name = "MCHP-ID"; Value = "CAP0594"; VariantName = "[No Variations]"
Add component (AddParameter): Name = "Operating Temperature"; Value = "-55C to +125C"; VariantName = "[No Variations]"
Add component (AddParameter): Name = "Package"; Value = "0603"; VariantName = "[No Variations]"
Add component (AddParameter): Name = "Populated"; Value = "Yes"; VariantName = "[No Variations]"
Add component (AddParameter): Name = "Quantity Override"; Value = "1"; VariantName = "[No Variations]"
Add component (AddParameter): Name = "Revision"; Value = "1"; VariantName = "[No Variations]"
Add component (AddParameter): Name = "Status"; Value = "MCL Design"; VariantName = "[No Variations]"
Add component (AddParameter): Name = "Supplier 1"; Value = "Digi-Key"; VariantName = "[No Variations]"
Add component (AddParameter): Name = "Supplier 2"; Value = "Digi-Key"; VariantName = "[No Variations]"
Add component (AddParameter): Name = "Supplier 3"; Value = "Digi-Key"; VariantName = "[No Variations]"
Add component (AddParameter): Name = "Supplier Part Number 1"; Value = "478-1187-2-ND"; VariantName = "[No Variations]"
Add component (AddParameter): Name = "Supplier Part Number 2"; Value = "445-1293-2-ND"; VariantName = "[No Variations]"
Add component (AddParameter): Name = "Supplier Part Number 3"; Value = "490-4768-1-ND"; VariantName = "[No Variations]"
Add component (AddParameter): Name = "Symbol"; Value = "Capacitor NP"; VariantName = "[No Variations]"
Add component (AddParameter): Name = "Temperature Coeffcient"; Value = "C0G"; VariantName = "[No Variations]"
Add component (AddParameter): Name = "Tolerance"; Value = "5%"; VariantName = "[No Variations]"
Add component (AddParameter): Name = "Type"; Value = "Ceramic"; VariantName = "[No Variations]"
Add component (AddParameter): Name = "Value"; Value = "1000pF"; VariantName = "[No Variations]"
Add component (AddParameter): Name = "Voltage"; Value = "50V"; VariantName = "[No Variations]"
Added Component: Designator=C76(CAP_C_0603)
Add component (AddParameter): Name = "Category"; Value = "Capacitor"; VariantName = "[No Variations]"
Add component (AddParameter): Name = "ComponentLink1Description"; Value = "SVN Datasheet"; VariantName = "[No Variations]"
Add component (AddParameter): Name = "ComponentLink1URL"; Value = "https://chn-vm-apps.microchip.com/mchprepo/parts/Datasheets/smccp.pdf"; VariantName = "[No Variations]"
Add component (AddParameter): Name = "ComponentLink2Description"; Value = "Local Datasheet"; VariantName = "[No Variations]"
Add component (AddParameter): Name = "ComponentLink2URL"; Value = "C:\ALTIUM_WORK\00001_MCHP-CDB\Datasheets\smccp.pdf"; VariantName = "[No Variations]"
Add component (AddParameter): Name = "ComponentLink3Description"; Value = "Open Symbol"; VariantName = "[No Variations]"
Add component (AddParameter): Name = "ComponentLink3URL"; Value = "C:\ALTIUM_WORK\00001_MCHP-CDB\Library\LibraryRefs\Capacitor NP.SchLib"; VariantName = "[No Variations]"
Add component (AddParameter): Name = "ComponentLink4Description"; Value = "Open Footprint"; VariantName = "[No Variations]"
Add component (AddParameter): Name = "ComponentLink4URL"; Value = "C:\ALTIUM_WORK\00001_MCHP-CDB\Library\Footprints\CAP_C_0603.PcbLib"; VariantName = "[No Variations]"
Add component (AddParameter): Name = "ComponentLink5Description"; Value = "Open Footprint 2"; VariantName = "[No Variations]"
Add component (AddParameter): Name = "ComponentLink6Description"; Value = "Open Footprint 3"; VariantName = "[No Variations]"
Add component (AddParameter): Name = "ComponentLink7Description"; Value = "Open Footprint 4"; VariantName = "[No Variations]"
Add component (AddParameter): Name = "Description_"; Value = "CAP CER 1000pF 50V 5% C0G SMD 0603"; VariantName = "[No Variations]"
Add component (AddParameter): Name = "Dev Tools Status"; Value = "Production"; VariantName = "[No Variations]"
Add component (AddParameter): Name = "Manufacturer 1"; Value = "AVX"; VariantName = "[No Variations]"
Add component (AddParameter): Name = "Manufacturer 2"; Value = "TDK"; VariantName = "[No Variations]"
Add component (AddParameter): Name = "Manufacturer 3"; Value = "Murata Electronics North America"; VariantName = "[No Variations]"
Add component (AddParameter): Name = "Manufacturer Part Number 1"; Value = "06035A102JAT2A"; VariantName = "[No Variations]"
Add component (AddParameter): Name = "Manufacturer Part Number 2"; Value = "C1608C0G1H102J"; VariantName = "[No Variations]"
Add component (AddParameter): Name = "Manufacturer Part Number 3"; Value = "GCM1885C1H102JA16D"; VariantName = "[No Variations]"
Add component (AddParameter): Name = "MCHP-ID"; Value = "CAP0594"; VariantName = "[No Variations]"
Add component (AddParameter): Name = "Operating Temperature"; Value = "-55C to +125C"; VariantName = "[No Variations]"
Add component (AddParameter): Name = "Package"; Value = "0603"; VariantName = "[No Variations]"
Add component (AddParameter): Name = "Populated"; Value = "Yes"; VariantName = "[No Variations]"
Add component (AddParameter): Name = "Quantity Override"; Value = "1"; VariantName = "[No Variations]"
Add component (AddParameter): Name = "Revision"; Value = "1"; VariantName = "[No Variations]"
Add component (AddParameter): Name = "Status"; Value = "MCL Design"; VariantName = "[No Variations]"
Add component (AddParameter): Name = "Supplier 1"; Value = "Digi-Key"; VariantName = "[No Variations]"
Add component (AddParameter): Name = "Supplier 2"; Value = "Digi-Key"; VariantName = "[No Variations]"
Add component (AddParameter): Name = "Supplier 3"; Value = "Digi-Key"; VariantName = "[No Variations]"
Add component (AddParameter): Name = "Supplier Part Number 1"; Value = "478-1187-2-ND"; VariantName = "[No Variations]"
Add component (AddParameter): Name = "Supplier Part Number 2"; Value = "445-1293-2-ND"; VariantName = "[No Variations]"
Add component (AddParameter): Name = "Supplier Part Number 3"; Value = "490-4768-1-ND"; VariantName = "[No Variations]"
Add component (AddParameter): Name = "Symbol"; Value = "Capacitor NP"; VariantName = "[No Variations]"
Add component (AddParameter): Name = "Temperature Coeffcient"; Value = "C0G"; VariantName = "[No Variations]"
Add component (AddParameter): Name = "Tolerance"; Value = "5%"; VariantName = "[No Variations]"
Add component (AddParameter): Name = "Type"; Value = "Ceramic"; VariantName = "[No Variations]"
Add component (AddParameter): Name = "Value"; Value = "1000pF"; VariantName = "[No Variations]"
Add component (AddParameter): Name = "Voltage"; Value = "50V"; VariantName = "[No Variations]"
Added Component: Designator=C78(CAP_C_0603)
Add component (AddParameter): Name = "Category"; Value = "Capacitor"; VariantName = "[No Variations]"
Add component (AddParameter): Name = "ComponentLink1Description"; Value = "SVN Datasheet"; VariantName = "[No Variations]"
Add component (AddParameter): Name = "ComponentLink1URL"; Value = "https://chn-vm-apps.microchip.com/mchprepo/parts/Datasheets/smccp.pdf"; VariantName = "[No Variations]"
Add component (AddParameter): Name = "ComponentLink2Description"; Value = "Local Datasheet"; VariantName = "[No Variations]"
Add component (AddParameter): Name = "ComponentLink2URL"; Value = "C:\ALTIUM_WORK\00001_MCHP-CDB\Datasheets\smccp.pdf"; VariantName = "[No Variations]"
Add component (AddParameter): Name = "ComponentLink3Description"; Value = "Open Symbol"; VariantName = "[No Variations]"
Add component (AddParameter): Name = "ComponentLink3URL"; Value = "C:\ALTIUM_WORK\00001_MCHP-CDB\Library\LibraryRefs\Capacitor NP.SchLib"; VariantName = "[No Variations]"
Add component (AddParameter): Name = "ComponentLink4Description"; Value = "Open Footprint"; VariantName = "[No Variations]"
Add component (AddParameter): Name = "ComponentLink4URL"; Value = "C:\ALTIUM_WORK\00001_MCHP-CDB\Library\Footprints\CAP_C_0603.PcbLib"; VariantName = "[No Variations]"
Add component (AddParameter): Name = "ComponentLink5Description"; Value = "Open Footprint 2"; VariantName = "[No Variations]"
Add component (AddParameter): Name = "ComponentLink6Description"; Value = "Open Footprint 3"; VariantName = "[No Variations]"
Add component (AddParameter): Name = "ComponentLink7Description"; Value = "Open Footprint 4"; VariantName = "[No Variations]"
Add component (AddParameter): Name = "Description_"; Value = "CAP CER 1000pF 50V 5% C0G SMD 0603"; VariantName = "[No Variations]"
Add component (AddParameter): Name = "Dev Tools Status"; Value = "Production"; VariantName = "[No Variations]"
Add component (AddParameter): Name = "Manufacturer 1"; Value = "AVX"; VariantName = "[No Variations]"
Add component (AddParameter): Name = "Manufacturer 2"; Value = "TDK"; VariantName = "[No Variations]"
Add component (AddParameter): Name = "Manufacturer 3"; Value = "Murata Electronics North America"; VariantName = "[No Variations]"
Add component (AddParameter): Name = "Manufacturer Part Number 1"; Value = "06035A102JAT2A"; VariantName = "[No Variations]"
Add component (AddParameter): Name = "Manufacturer Part Number 2"; Value = "C1608C0G1H102J"; VariantName = "[No Variations]"
Add component (AddParameter): Name = "Manufacturer Part Number 3"; Value = "GCM1885C1H102JA16D"; VariantName = "[No Variations]"
Add component (AddParameter): Name = "MCHP-ID"; Value = "CAP0594"; VariantName = "[No Variations]"
Add component (AddParameter): Name = "Operating Temperature"; Value = "-55C to +125C"; VariantName = "[No Variations]"
Add component (AddParameter): Name = "Package"; Value = "0603"; VariantName = "[No Variations]"
Add component (AddParameter): Name = "Populated"; Value = "Yes"; VariantName = "[No Variations]"
Add component (AddParameter): Name = "Quantity Override"; Value = "1"; VariantName = "[No Variations]"
Add component (AddParameter): Name = "Revision"; Value = "1"; VariantName = "[No Variations]"
Add component (AddParameter): Name = "Status"; Value = "MCL Design"; VariantName = "[No Variations]"
Add component (AddParameter): Name = "Supplier 1"; Value = "Digi-Key"; VariantName = "[No Variations]"
Add component (AddParameter): Name = "Supplier 2"; Value = "Digi-Key"; VariantName = "[No Variations]"
Add component (AddParameter): Name = "Supplier 3"; Value = "Digi-Key"; VariantName = "[No Variations]"
Add component (AddParameter): Name = "Supplier Part Number 1"; Value = "478-1187-2-ND"; VariantName = "[No Variations]"
Add component (AddParameter): Name = "Supplier Part Number 2"; Value = "445-1293-2-ND"; VariantName = "[No Variations]"
Add component (AddParameter): Name = "Supplier Part Number 3"; Value = "490-4768-1-ND"; VariantName = "[No Variations]"
Add component (AddParameter): Name = "Symbol"; Value = "Capacitor NP"; VariantName = "[No Variations]"
Add component (AddParameter): Name = "Temperature Coeffcient"; Value = "C0G"; VariantName = "[No Variations]"
Add component (AddParameter): Name = "Tolerance"; Value = "5%"; VariantName = "[No Variations]"
Add component (AddParameter): Name = "Type"; Value = "Ceramic"; VariantName = "[No Variations]"
Add component (AddParameter): Name = "Value"; Value = "1000pF"; VariantName = "[No Variations]"
Add component (AddParameter): Name = "Voltage"; Value = "50V"; VariantName = "[No Variations]"
Added Component: Designator=C85(CAP_C_0603)
Add component (AddParameter): Name = "Category"; Value = "Capacitor"; VariantName = "[No Variations]"
Add component (AddParameter): Name = "ComponentLink1Description"; Value = "SVN Datasheet"; VariantName = "[No Variations]"
Add component (AddParameter): Name = "ComponentLink1URL"; Value = "https://chn-vm-apps.microchip.com/mchprepo/parts/Datasheets/nmc2.pdf"; VariantName = "[No Variations]"
Add component (AddParameter): Name = "ComponentLink2Description"; Value = "Local Datasheet"; VariantName = "[No Variations]"
Add component (AddParameter): Name = "ComponentLink2URL"; Value = "C:\ALTIUM_WORK\00001_MCHP-CDB\Datasheets\nmc2.pdf"; VariantName = "[No Variations]"
Add component (AddParameter): Name = "ComponentLink3Description"; Value = "Open Symbol"; VariantName = "[No Variations]"
Add component (AddParameter): Name = "ComponentLink3URL"; Value = "C:\ALTIUM_WORK\00001_MCHP-CDB\Library\LibraryRefs\Capacitor NP.SchLib"; VariantName = "[No Variations]"
Add component (AddParameter): Name = "ComponentLink4Description"; Value = "Open Footprint"; VariantName = "[No Variations]"
Add component (AddParameter): Name = "ComponentLink4URL"; Value = "C:\ALTIUM_WORK\00001_MCHP-CDB\Library\Footprints\CAP_C_0603.PcbLib"; VariantName = "[No Variations]"
Add component (AddParameter): Name = "ComponentLink5Description"; Value = "Open Footprint 2"; VariantName = "[No Variations]"
Add component (AddParameter): Name = "ComponentLink6Description"; Value = "Open Footprint 3"; VariantName = "[No Variations]"
Add component (AddParameter): Name = "ComponentLink7Description"; Value = "Open Footprint 4"; VariantName = "[No Variations]"
Add component (AddParameter): Name = "Description_"; Value = "CAP CER 0.1uF 16V 10% X7R SMD 0603"; VariantName = "[No Variations]"
Add component (AddParameter): Name = "Dev Tools Status"; Value = "Production"; VariantName = "[No Variations]"
Add component (AddParameter): Name = "Manufacturer 1"; Value = "Taiyo Yuden"; VariantName = "[No Variations]"
Add component (AddParameter): Name = "Manufacturer 2"; Value = "Wurth Electronics Inc"; VariantName = "[No Variations]"
Add component (AddParameter): Name = "Manufacturer 3"; Value = "Samsung"; VariantName = "[No Variations]"
Add component (AddParameter): Name = "Manufacturer 4"; Value = "AVX"; VariantName = "[No Variations]"
Add component (AddParameter): Name = "Manufacturer 5"; Value = "Murata"; VariantName = "[No Variations]"
Add component (AddParameter): Name = "Manufacturer 6"; Value = "Yageo"; VariantName = "[No Variations]"
Add component (AddParameter): Name = "Manufacturer 7"; Value = "Taiyo Yuden"; VariantName = "[No Variations]"
Add component (AddParameter): Name = "Manufacturer 8"; Value = "Murata Electronics North America"; VariantName = "[No Variations]"
Add component (AddParameter): Name = "Manufacturer Part Number 1"; Value = "EMK107B7104KA-T"; VariantName = "[No Variations]"
Add component (AddParameter): Name = "Manufacturer Part Number 2"; Value = "885012206046"; VariantName = "[No Variations]"
Add component (AddParameter): Name = "Manufacturer Part Number 3"; Value = "CL10B104KO8NNNC"; VariantName = "[No Variations]"
Add component (AddParameter): Name = "Manufacturer Part Number 4"; Value = "0603YC104KAT2A"; VariantName = "[No Variations]"
Add component (AddParameter): Name = "Manufacturer Part Number 5"; Value = "GRM188R71C104KA01D"; VariantName = "[No Variations]"
Add component (AddParameter): Name = "Manufacturer Part Number 6"; Value = "CC0603KRX7R7BB104"; VariantName = "[No Variations]"
Add component (AddParameter): Name = "Manufacturer Part Number 7"; Value = "EMK107B7104KA-T"; VariantName = "[No Variations]"
Add component (AddParameter): Name = "Manufacturer Part Number 8"; Value = "GCM188R71C104KA37D"; VariantName = "[No Variations]"
Add component (AddParameter): Name = "MCHP-ID"; Value = "CAP0011"; VariantName = "[No Variations]"
Add component (AddParameter): Name = "Operating Temperature"; Value = "-55C to +125C"; VariantName = "[No Variations]"
Add component (AddParameter): Name = "Owner"; Value = "Cristian Papuc"; VariantName = "[No Variations]"
Add component (AddParameter): Name = "Package"; Value = "0603"; VariantName = "[No Variations]"
Add component (AddParameter): Name = "Populated"; Value = "YES"; VariantName = "[No Variations]"
Add component (AddParameter): Name = "Quantity Override"; Value = "1"; VariantName = "[No Variations]"
Add component (AddParameter): Name = "Revision"; Value = "3"; VariantName = "[No Variations]"
Add component (AddParameter): Name = "Status"; Value = "MCL Design"; VariantName = "[No Variations]"
Add component (AddParameter): Name = "Supplier 1"; Value = "Digi-Key"; VariantName = "[No Variations]"
Add component (AddParameter): Name = "Supplier 2"; Value = "Digi-Key"; VariantName = "[No Variations]"
Add component (AddParameter): Name = "Supplier 3"; Value = "Digi-Key"; VariantName = "[No Variations]"
Add component (AddParameter): Name = "Supplier 4"; Value = "Digi-Key"; VariantName = "[No Variations]"
Add component (AddParameter): Name = "Supplier 5"; Value = "Digi-Key"; VariantName = "[No Variations]"
Add component (AddParameter): Name = "Supplier 6"; Value = "Digi-Key"; VariantName = "[No Variations]"
Add component (AddParameter): Name = "Supplier 7"; Value = "Newark"; VariantName = "[No Variations]"
Add component (AddParameter): Name = "Supplier 8"; Value = "Digi-Key"; VariantName = "[No Variations]"
Add component (AddParameter): Name = "Supplier Part Number 1"; Value = "587-1240-1-ND"; VariantName = "[No Variations]"
Add component (AddParameter): Name = "Supplier Part Number 2"; Value = "732-7965-1-ND"; VariantName = "[No Variations]"
Add component (AddParameter): Name = "Supplier Part Number 3"; Value = "1276-1005-1-ND"; VariantName = "[No Variations]"
Add component (AddParameter): Name = "Supplier Part Number 4"; Value = "478-1239-1-ND"; VariantName = "[No Variations]"
Add component (AddParameter): Name = "Supplier Part Number 5"; Value = "490-1532-1-ND"; VariantName = "[No Variations]"
Add component (AddParameter): Name = "Supplier Part Number 6"; Value = "311-1088-1-ND"; VariantName = "[No Variations]"
Add component (AddParameter): Name = "Supplier Part Number 7"; Value = "86H5248"; VariantName = "[No Variations]"
Add component (AddParameter): Name = "Supplier Part Number 8"; Value = "490-4774-1-ND"; VariantName = "[No Variations]"
Add component (AddParameter): Name = "Symbol"; Value = "Capacitor NP"; VariantName = "[No Variations]"
Add component (AddParameter): Name = "Temperature Coeffcient"; Value = "X7R"; VariantName = "[No Variations]"
Add component (AddParameter): Name = "Tolerance"; Value = "10%"; VariantName = "[No Variations]"
Add component (AddParameter): Name = "Type"; Value = "Ceramic"; VariantName = "[No Variations]"
Add component (AddParameter): Name = "Value"; Value = "0.1uF"; VariantName = "[No Variations]"
Add component (AddParameter): Name = "Voltage"; Value = "16V"; VariantName = "[No Variations]"
Added Component: Designator=C93(CAP_C_0603)
Add component (AddParameter): Name = "Category"; Value = "Capacitor"; VariantName = "[No Variations]"
Add component (AddParameter): Name = "ComponentLink1Description"; Value = "SVN Datasheet"; VariantName = "[No Variations]"
Add component (AddParameter): Name = "ComponentLink1URL"; Value = "https://chn-vm-apps.microchip.com/mchprepo/parts/Datasheets/smccp.pdf"; VariantName = "[No Variations]"
Add component (AddParameter): Name = "ComponentLink2Description"; Value = "Local Datasheet"; VariantName = "[No Variations]"
Add component (AddParameter): Name = "ComponentLink2URL"; Value = "C:\ALTIUM_WORK\00001_MCHP-CDB\Datasheets\smccp.pdf"; VariantName = "[No Variations]"
Add component (AddParameter): Name = "ComponentLink3Description"; Value = "Open Symbol"; VariantName = "[No Variations]"
Add component (AddParameter): Name = "ComponentLink3URL"; Value = "C:\ALTIUM_WORK\00001_MCHP-CDB\Library\LibraryRefs\Capacitor NP.SchLib"; VariantName = "[No Variations]"
Add component (AddParameter): Name = "ComponentLink4Description"; Value = "Open Footprint"; VariantName = "[No Variations]"
Add component (AddParameter): Name = "ComponentLink4URL"; Value = "C:\ALTIUM_WORK\00001_MCHP-CDB\Library\Footprints\CAP_C_0603.PcbLib"; VariantName = "[No Variations]"
Add component (AddParameter): Name = "ComponentLink5Description"; Value = "Open Footprint 2"; VariantName = "[No Variations]"
Add component (AddParameter): Name = "ComponentLink6Description"; Value = "Open Footprint 3"; VariantName = "[No Variations]"
Add component (AddParameter): Name = "ComponentLink7Description"; Value = "Open Footprint 4"; VariantName = "[No Variations]"
Add component (AddParameter): Name = "Description_"; Value = "CAP CER 1000pF 50V 5% C0G SMD 0603"; VariantName = "[No Variations]"
Add component (AddParameter): Name = "Dev Tools Status"; Value = "Production"; VariantName = "[No Variations]"
Add component (AddParameter): Name = "Manufacturer 1"; Value = "AVX"; VariantName = "[No Variations]"
Add component (AddParameter): Name = "Manufacturer 2"; Value = "TDK"; VariantName = "[No Variations]"
Add component (AddParameter): Name = "Manufacturer 3"; Value = "Murata Electronics North America"; VariantName = "[No Variations]"
Add component (AddParameter): Name = "Manufacturer Part Number 1"; Value = "06035A102JAT2A"; VariantName = "[No Variations]"
Add component (AddParameter): Name = "Manufacturer Part Number 2"; Value = "C1608C0G1H102J"; VariantName = "[No Variations]"
Add component (AddParameter): Name = "Manufacturer Part Number 3"; Value = "GCM1885C1H102JA16D"; VariantName = "[No Variations]"
Add component (AddParameter): Name = "MCHP-ID"; Value = "CAP0594"; VariantName = "[No Variations]"
Add component (AddParameter): Name = "Operating Temperature"; Value = "-55C to +125C"; VariantName = "[No Variations]"
Add component (AddParameter): Name = "Package"; Value = "0603"; VariantName = "[No Variations]"
Add component (AddParameter): Name = "Populated"; Value = "Yes"; VariantName = "[No Variations]"
Add component (AddParameter): Name = "Quantity Override"; Value = "1"; VariantName = "[No Variations]"
Add component (AddParameter): Name = "Revision"; Value = "1"; VariantName = "[No Variations]"
Add component (AddParameter): Name = "Status"; Value = "MCL Design"; VariantName = "[No Variations]"
Add component (AddParameter): Name = "Supplier 1"; Value = "Digi-Key"; VariantName = "[No Variations]"
Add component (AddParameter): Name = "Supplier 2"; Value = "Digi-Key"; VariantName = "[No Variations]"
Add component (AddParameter): Name = "Supplier 3"; Value = "Digi-Key"; VariantName = "[No Variations]"
Add component (AddParameter): Name = "Supplier Part Number 1"; Value = "478-1187-2-ND"; VariantName = "[No Variations]"
Add component (AddParameter): Name = "Supplier Part Number 2"; Value = "445-1293-2-ND"; VariantName = "[No Variations]"
Add component (AddParameter): Name = "Supplier Part Number 3"; Value = "490-4768-1-ND"; VariantName = "[No Variations]"
Add component (AddParameter): Name = "Symbol"; Value = "Capacitor NP"; VariantName = "[No Variations]"
Add component (AddParameter): Name = "Temperature Coeffcient"; Value = "C0G"; VariantName = "[No Variations]"
Add component (AddParameter): Name = "Tolerance"; Value = "5%"; VariantName = "[No Variations]"
Add component (AddParameter): Name = "Type"; Value = "Ceramic"; VariantName = "[No Variations]"
Add component (AddParameter): Name = "Value"; Value = "1000pF"; VariantName = "[No Variations]"
Add component (AddParameter): Name = "Voltage"; Value = "50V"; VariantName = "[No Variations]"
Added Component: Designator=C96(CAP_C_0603)
Add component (AddParameter): Name = "Category"; Value = "Capacitor"; VariantName = "[No Variations]"
Add component (AddParameter): Name = "ComponentLink1Description"; Value = "SVN Datasheet"; VariantName = "[No Variations]"
Add component (AddParameter): Name = "ComponentLink1URL"; Value = "https://chn-vm-apps.microchip.com/mchprepo/parts/Datasheets/nmc2.pdf"; VariantName = "[No Variations]"
Add component (AddParameter): Name = "ComponentLink2Description"; Value = "Local Datasheet"; VariantName = "[No Variations]"
Add component (AddParameter): Name = "ComponentLink2URL"; Value = "C:\ALTIUM_WORK\00001_MCHP-CDB\Datasheets\nmc2.pdf"; VariantName = "[No Variations]"
Add component (AddParameter): Name = "ComponentLink3Description"; Value = "Open Symbol"; VariantName = "[No Variations]"
Add component (AddParameter): Name = "ComponentLink3URL"; Value = "C:\ALTIUM_WORK\00001_MCHP-CDB\Library\LibraryRefs\Capacitor NP.SchLib"; VariantName = "[No Variations]"
Add component (AddParameter): Name = "ComponentLink4Description"; Value = "Open Footprint"; VariantName = "[No Variations]"
Add component (AddParameter): Name = "ComponentLink4URL"; Value = "C:\ALTIUM_WORK\00001_MCHP-CDB\Library\Footprints\CAP_C_0603.PcbLib"; VariantName = "[No Variations]"
Add component (AddParameter): Name = "ComponentLink5Description"; Value = "Open Footprint 2"; VariantName = "[No Variations]"
Add component (AddParameter): Name = "ComponentLink6Description"; Value = "Open Footprint 3"; VariantName = "[No Variations]"
Add component (AddParameter): Name = "ComponentLink7Description"; Value = "Open Footprint 4"; VariantName = "[No Variations]"
Add component (AddParameter): Name = "Description_"; Value = "CAP CER 0.1uF 16V 10% X7R SMD 0603"; VariantName = "[No Variations]"
Add component (AddParameter): Name = "Dev Tools Status"; Value = "Production"; VariantName = "[No Variations]"
Add component (AddParameter): Name = "Manufacturer 1"; Value = "Taiyo Yuden"; VariantName = "[No Variations]"
Add component (AddParameter): Name = "Manufacturer 2"; Value = "Wurth Electronics Inc"; VariantName = "[No Variations]"
Add component (AddParameter): Name = "Manufacturer 3"; Value = "Samsung"; VariantName = "[No Variations]"
Add component (AddParameter): Name = "Manufacturer 4"; Value = "AVX"; VariantName = "[No Variations]"
Add component (AddParameter): Name = "Manufacturer 5"; Value = "Murata"; VariantName = "[No Variations]"
Add component (AddParameter): Name = "Manufacturer 6"; Value = "Yageo"; VariantName = "[No Variations]"
Add component (AddParameter): Name = "Manufacturer 7"; Value = "Taiyo Yuden"; VariantName = "[No Variations]"
Add component (AddParameter): Name = "Manufacturer 8"; Value = "Murata Electronics North America"; VariantName = "[No Variations]"
Add component (AddParameter): Name = "Manufacturer Part Number 1"; Value = "EMK107B7104KA-T"; VariantName = "[No Variations]"
Add component (AddParameter): Name = "Manufacturer Part Number 2"; Value = "885012206046"; VariantName = "[No Variations]"
Add component (AddParameter): Name = "Manufacturer Part Number 3"; Value = "CL10B104KO8NNNC"; VariantName = "[No Variations]"
Add component (AddParameter): Name = "Manufacturer Part Number 4"; Value = "0603YC104KAT2A"; VariantName = "[No Variations]"
Add component (AddParameter): Name = "Manufacturer Part Number 5"; Value = "GRM188R71C104KA01D"; VariantName = "[No Variations]"
Add component (AddParameter): Name = "Manufacturer Part Number 6"; Value = "CC0603KRX7R7BB104"; VariantName = "[No Variations]"
Add component (AddParameter): Name = "Manufacturer Part Number 7"; Value = "EMK107B7104KA-T"; VariantName = "[No Variations]"
Add component (AddParameter): Name = "Manufacturer Part Number 8"; Value = "GCM188R71C104KA37D"; VariantName = "[No Variations]"
Add component (AddParameter): Name = "MCHP-ID"; Value = "CAP0011"; VariantName = "[No Variations]"
Add component (AddParameter): Name = "Operating Temperature"; Value = "-55C to +125C"; VariantName = "[No Variations]"
Add component (AddParameter): Name = "Owner"; Value = "Cristian Papuc"; VariantName = "[No Variations]"
Add component (AddParameter): Name = "Package"; Value = "0603"; VariantName = "[No Variations]"
Add component (AddParameter): Name = "Populated"; Value = "YES"; VariantName = "[No Variations]"
Add component (AddParameter): Name = "Quantity Override"; Value = "1"; VariantName = "[No Variations]"
Add component (AddParameter): Name = "Revision"; Value = "3"; VariantName = "[No Variations]"
Add component (AddParameter): Name = "Status"; Value = "MCL Design"; VariantName = "[No Variations]"
Add component (AddParameter): Name = "Supplier 1"; Value = "Digi-Key"; VariantName = "[No Variations]"
Add component (AddParameter): Name = "Supplier 2"; Value = "Digi-Key"; VariantName = "[No Variations]"
Add component (AddParameter): Name = "Supplier 3"; Value = "Digi-Key"; VariantName = "[No Variations]"
Add component (AddParameter): Name = "Supplier 4"; Value = "Digi-Key"; VariantName = "[No Variations]"
Add component (AddParameter): Name = "Supplier 5"; Value = "Digi-Key"; VariantName = "[No Variations]"
Add component (AddParameter): Name = "Supplier 6"; Value = "Digi-Key"; VariantName = "[No Variations]"
Add component (AddParameter): Name = "Supplier 7"; Value = "Newark"; VariantName = "[No Variations]"
Add component (AddParameter): Name = "Supplier 8"; Value = "Digi-Key"; VariantName = "[No Variations]"
Add component (AddParameter): Name = "Supplier Part Number 1"; Value = "587-1240-1-ND"; VariantName = "[No Variations]"
Add component (AddParameter): Name = "Supplier Part Number 2"; Value = "732-7965-1-ND"; VariantName = "[No Variations]"
Add component (AddParameter): Name = "Supplier Part Number 3"; Value = "1276-1005-1-ND"; VariantName = "[No Variations]"
Add component (AddParameter): Name = "Supplier Part Number 4"; Value = "478-1239-1-ND"; VariantName = "[No Variations]"
Add component (AddParameter): Name = "Supplier Part Number 5"; Value = "490-1532-1-ND"; VariantName = "[No Variations]"
Add component (AddParameter): Name = "Supplier Part Number 6"; Value = "311-1088-1-ND"; VariantName = "[No Variations]"
Add component (AddParameter): Name = "Supplier Part Number 7"; Value = "86H5248"; VariantName = "[No Variations]"
Add component (AddParameter): Name = "Supplier Part Number 8"; Value = "490-4774-1-ND"; VariantName = "[No Variations]"
Add component (AddParameter): Name = "Symbol"; Value = "Capacitor NP"; VariantName = "[No Variations]"
Add component (AddParameter): Name = "Temperature Coeffcient"; Value = "X7R"; VariantName = "[No Variations]"
Add component (AddParameter): Name = "Tolerance"; Value = "10%"; VariantName = "[No Variations]"
Add component (AddParameter): Name = "Type"; Value = "Ceramic"; VariantName = "[No Variations]"
Add component (AddParameter): Name = "Value"; Value = "0.1uF"; VariantName = "[No Variations]"
Add component (AddParameter): Name = "Voltage"; Value = "16V"; VariantName = "[No Variations]"
Added Component: Designator=C97(CAP_C_0603)
Add component (AddParameter): Name = "Category"; Value = "Capacitor"; VariantName = "[No Variations]"
Add component (AddParameter): Name = "ComponentLink1Description"; Value = "SVN Datasheet"; VariantName = "[No Variations]"
Add component (AddParameter): Name = "ComponentLink1URL"; Value = "https://chn-vm-apps.microchip.com/mchprepo/parts/Datasheets/smccp.pdf"; VariantName = "[No Variations]"
Add component (AddParameter): Name = "ComponentLink2Description"; Value = "Local Datasheet"; VariantName = "[No Variations]"
Add component (AddParameter): Name = "ComponentLink2URL"; Value = "C:\ALTIUM_WORK\00001_MCHP-CDB\Datasheets\smccp.pdf"; VariantName = "[No Variations]"
Add component (AddParameter): Name = "ComponentLink3Description"; Value = "Open Symbol"; VariantName = "[No Variations]"
Add component (AddParameter): Name = "ComponentLink3URL"; Value = "C:\ALTIUM_WORK\00001_MCHP-CDB\Library\LibraryRefs\Capacitor NP.SchLib"; VariantName = "[No Variations]"
Add component (AddParameter): Name = "ComponentLink4Description"; Value = "Open Footprint"; VariantName = "[No Variations]"
Add component (AddParameter): Name = "ComponentLink4URL"; Value = "C:\ALTIUM_WORK\00001_MCHP-CDB\Library\Footprints\CAP_C_0603.PcbLib"; VariantName = "[No Variations]"
Add component (AddParameter): Name = "ComponentLink5Description"; Value = "Open Footprint 2"; VariantName = "[No Variations]"
Add component (AddParameter): Name = "ComponentLink6Description"; Value = "Open Footprint 3"; VariantName = "[No Variations]"
Add component (AddParameter): Name = "ComponentLink7Description"; Value = "Open Footprint 4"; VariantName = "[No Variations]"
Add component (AddParameter): Name = "Description_"; Value = "CAP CER 1000pF 50V 5% C0G SMD 0603"; VariantName = "[No Variations]"
Add component (AddParameter): Name = "Dev Tools Status"; Value = "Production"; VariantName = "[No Variations]"
Add component (AddParameter): Name = "Manufacturer 1"; Value = "AVX"; VariantName = "[No Variations]"
Add component (AddParameter): Name = "Manufacturer 2"; Value = "TDK"; VariantName = "[No Variations]"
Add component (AddParameter): Name = "Manufacturer 3"; Value = "Murata Electronics North America"; VariantName = "[No Variations]"
Add component (AddParameter): Name = "Manufacturer Part Number 1"; Value = "06035A102JAT2A"; VariantName = "[No Variations]"
Add component (AddParameter): Name = "Manufacturer Part Number 2"; Value = "C1608C0G1H102J"; VariantName = "[No Variations]"
Add component (AddParameter): Name = "Manufacturer Part Number 3"; Value = "GCM1885C1H102JA16D"; VariantName = "[No Variations]"
Add component (AddParameter): Name = "MCHP-ID"; Value = "CAP0594"; VariantName = "[No Variations]"
Add component (AddParameter): Name = "Operating Temperature"; Value = "-55C to +125C"; VariantName = "[No Variations]"
Add component (AddParameter): Name = "Package"; Value = "0603"; VariantName = "[No Variations]"
Add component (AddParameter): Name = "Populated"; Value = "DNP"; VariantName = "[No Variations]"
Add component (AddParameter): Name = "Quantity Override"; Value = "1"; VariantName = "[No Variations]"
Add component (AddParameter): Name = "Revision"; Value = "1"; VariantName = "[No Variations]"
Add component (AddParameter): Name = "Status"; Value = "MCL Design"; VariantName = "[No Variations]"
Add component (AddParameter): Name = "Supplier 1"; Value = "Digi-Key"; VariantName = "[No Variations]"
Add component (AddParameter): Name = "Supplier 2"; Value = "Digi-Key"; VariantName = "[No Variations]"
Add component (AddParameter): Name = "Supplier 3"; Value = "Digi-Key"; VariantName = "[No Variations]"
Add component (AddParameter): Name = "Supplier Part Number 1"; Value = "478-1187-2-ND"; VariantName = "[No Variations]"
Add component (AddParameter): Name = "Supplier Part Number 2"; Value = "445-1293-2-ND"; VariantName = "[No Variations]"
Add component (AddParameter): Name = "Supplier Part Number 3"; Value = "490-4768-1-ND"; VariantName = "[No Variations]"
Add component (AddParameter): Name = "Symbol"; Value = "Capacitor NP"; VariantName = "[No Variations]"
Add component (AddParameter): Name = "Temperature Coeffcient"; Value = "C0G"; VariantName = "[No Variations]"
Add component (AddParameter): Name = "Tolerance"; Value = "5%"; VariantName = "[No Variations]"
Add component (AddParameter): Name = "Type"; Value = "Ceramic"; VariantName = "[No Variations]"
Add component (AddParameter): Name = "Value"; Value = "1000pF"; VariantName = "[No Variations]"
Add component (AddParameter): Name = "Voltage"; Value = "50V"; VariantName = "[No Variations]"
Added Component: Designator=C98(CAP_C_0603)
Add component (AddParameter): Name = "Category"; Value = "Capacitor"; VariantName = "[No Variations]"
Add component (AddParameter): Name = "ComponentLink1Description"; Value = "SVN Datasheet"; VariantName = "[No Variations]"
Add component (AddParameter): Name = "ComponentLink1URL"; Value = "https://chn-vm-apps.microchip.com/mchprepo/parts/Datasheets/nmc2.pdf"; VariantName = "[No Variations]"
Add component (AddParameter): Name = "ComponentLink2Description"; Value = "Local Datasheet"; VariantName = "[No Variations]"
Add component (AddParameter): Name = "ComponentLink2URL"; Value = "C:\ALTIUM_WORK\00001_MCHP-CDB\Datasheets\nmc2.pdf"; VariantName = "[No Variations]"
Add component (AddParameter): Name = "ComponentLink3Description"; Value = "Open Symbol"; VariantName = "[No Variations]"
Add component (AddParameter): Name = "ComponentLink3URL"; Value = "C:\ALTIUM_WORK\00001_MCHP-CDB\Library\LibraryRefs\Capacitor NP.SchLib"; VariantName = "[No Variations]"
Add component (AddParameter): Name = "ComponentLink4Description"; Value = "Open Footprint"; VariantName = "[No Variations]"
Add component (AddParameter): Name = "ComponentLink4URL"; Value = "C:\ALTIUM_WORK\00001_MCHP-CDB\Library\Footprints\CAP_C_0603.PcbLib"; VariantName = "[No Variations]"
Add component (AddParameter): Name = "ComponentLink5Description"; Value = "Open Footprint 2"; VariantName = "[No Variations]"
Add component (AddParameter): Name = "ComponentLink6Description"; Value = "Open Footprint 3"; VariantName = "[No Variations]"
Add component (AddParameter): Name = "ComponentLink7Description"; Value = "Open Footprint 4"; VariantName = "[No Variations]"
Add component (AddParameter): Name = "Description_"; Value = "CAP CER 0.1uF 16V 10% X7R SMD 0603"; VariantName = "[No Variations]"
Add component (AddParameter): Name = "Dev Tools Status"; Value = "Production"; VariantName = "[No Variations]"
Add component (AddParameter): Name = "Manufacturer 1"; Value = "Taiyo Yuden"; VariantName = "[No Variations]"
Add component (AddParameter): Name = "Manufacturer 2"; Value = "Wurth Electronics Inc"; VariantName = "[No Variations]"
Add component (AddParameter): Name = "Manufacturer 3"; Value = "Samsung"; VariantName = "[No Variations]"
Add component (AddParameter): Name = "Manufacturer 4"; Value = "AVX"; VariantName = "[No Variations]"
Add component (AddParameter): Name = "Manufacturer 5"; Value = "Murata"; VariantName = "[No Variations]"
Add component (AddParameter): Name = "Manufacturer 6"; Value = "Yageo"; VariantName = "[No Variations]"
Add component (AddParameter): Name = "Manufacturer 7"; Value = "Taiyo Yuden"; VariantName = "[No Variations]"
Add component (AddParameter): Name = "Manufacturer 8"; Value = "Murata Electronics North America"; VariantName = "[No Variations]"
Add component (AddParameter): Name = "Manufacturer Part Number 1"; Value = "EMK107B7104KA-T"; VariantName = "[No Variations]"
Add component (AddParameter): Name = "Manufacturer Part Number 2"; Value = "885012206046"; VariantName = "[No Variations]"
Add component (AddParameter): Name = "Manufacturer Part Number 3"; Value = "CL10B104KO8NNNC"; VariantName = "[No Variations]"
Add component (AddParameter): Name = "Manufacturer Part Number 4"; Value = "0603YC104KAT2A"; VariantName = "[No Variations]"
Add component (AddParameter): Name = "Manufacturer Part Number 5"; Value = "GRM188R71C104KA01D"; VariantName = "[No Variations]"
Add component (AddParameter): Name = "Manufacturer Part Number 6"; Value = "CC0603KRX7R7BB104"; VariantName = "[No Variations]"
Add component (AddParameter): Name = "Manufacturer Part Number 7"; Value = "EMK107B7104KA-T"; VariantName = "[No Variations]"
Add component (AddParameter): Name = "Manufacturer Part Number 8"; Value = "GCM188R71C104KA37D"; VariantName = "[No Variations]"
Add component (AddParameter): Name = "MCHP-ID"; Value = "CAP0011"; VariantName = "[No Variations]"
Add component (AddParameter): Name = "Operating Temperature"; Value = "-55C to +125C"; VariantName = "[No Variations]"
Add component (AddParameter): Name = "Owner"; Value = "Cristian Papuc"; VariantName = "[No Variations]"
Add component (AddParameter): Name = "Package"; Value = "0603"; VariantName = "[No Variations]"
Add component (AddParameter): Name = "Populated"; Value = "YES"; VariantName = "[No Variations]"
Add component (AddParameter): Name = "Quantity Override"; Value = "1"; VariantName = "[No Variations]"
Add component (AddParameter): Name = "Revision"; Value = "3"; VariantName = "[No Variations]"
Add component (AddParameter): Name = "Status"; Value = "MCL Design"; VariantName = "[No Variations]"
Add component (AddParameter): Name = "Supplier 1"; Value = "Digi-Key"; VariantName = "[No Variations]"
Add component (AddParameter): Name = "Supplier 2"; Value = "Digi-Key"; VariantName = "[No Variations]"
Add component (AddParameter): Name = "Supplier 3"; Value = "Digi-Key"; VariantName = "[No Variations]"
Add component (AddParameter): Name = "Supplier 4"; Value = "Digi-Key"; VariantName = "[No Variations]"
Add component (AddParameter): Name = "Supplier 5"; Value = "Digi-Key"; VariantName = "[No Variations]"
Add component (AddParameter): Name = "Supplier 6"; Value = "Digi-Key"; VariantName = "[No Variations]"
Add component (AddParameter): Name = "Supplier 7"; Value = "Newark"; VariantName = "[No Variations]"
Add component (AddParameter): Name = "Supplier 8"; Value = "Digi-Key"; VariantName = "[No Variations]"
Add component (AddParameter): Name = "Supplier Part Number 1"; Value = "587-1240-1-ND"; VariantName = "[No Variations]"
Add component (AddParameter): Name = "Supplier Part Number 2"; Value = "732-7965-1-ND"; VariantName = "[No Variations]"
Add component (AddParameter): Name = "Supplier Part Number 3"; Value = "1276-1005-1-ND"; VariantName = "[No Variations]"
Add component (AddParameter): Name = "Supplier Part Number 4"; Value = "478-1239-1-ND"; VariantName = "[No Variations]"
Add component (AddParameter): Name = "Supplier Part Number 5"; Value = "490-1532-1-ND"; VariantName = "[No Variations]"
Add component (AddParameter): Name = "Supplier Part Number 6"; Value = "311-1088-1-ND"; VariantName = "[No Variations]"
Add component (AddParameter): Name = "Supplier Part Number 7"; Value = "86H5248"; VariantName = "[No Variations]"
Add component (AddParameter): Name = "Supplier Part Number 8"; Value = "490-4774-1-ND"; VariantName = "[No Variations]"
Add component (AddParameter): Name = "Symbol"; Value = "Capacitor NP"; VariantName = "[No Variations]"
Add component (AddParameter): Name = "Temperature Coeffcient"; Value = "X7R"; VariantName = "[No Variations]"
Add component (AddParameter): Name = "Tolerance"; Value = "10%"; VariantName = "[No Variations]"
Add component (AddParameter): Name = "Type"; Value = "Ceramic"; VariantName = "[No Variations]"
Add component (AddParameter): Name = "Value"; Value = "0.1uF"; VariantName = "[No Variations]"
Add component (AddParameter): Name = "Voltage"; Value = "16V"; VariantName = "[No Variations]"
Added Component: Designator=C99(CAP_C_1206)
Add component (AddParameter): Name = "BOM Notes"; Value = ""; VariantName = "[No Variations]"
Add component (AddParameter): Name = "Category"; Value = "Capacitor"; VariantName = "[No Variations]"
Add component (AddParameter): Name = "ComponentLink1Description"; Value = "SVN Datasheet"; VariantName = "[No Variations]"
Add component (AddParameter): Name = "ComponentLink1URL"; Value = "https://chn-vm-apps.microchip.com/mchprepo/parts/Datasheets/mlcc_commercial_general_en.pdf"; VariantName = "[No Variations]"
Add component (AddParameter): Name = "ComponentLink2Description"; Value = "Local Datasheet"; VariantName = "[No Variations]"
Add component (AddParameter): Name = "ComponentLink2URL"; Value = "C:\ALTIUM_WORK\00001_MCHP-CDB\Datasheets\mlcc_commercial_general_en.pdf"; VariantName = "[No Variations]"
Add component (AddParameter): Name = "ComponentLink3Description"; Value = "Open Symbol"; VariantName = "[No Variations]"
Add component (AddParameter): Name = "ComponentLink3URL"; Value = "C:\ALTIUM_WORK\00001_MCHP-CDB\Library\LibraryRefs\Capacitor NP.SchLib"; VariantName = "[No Variations]"
Add component (AddParameter): Name = "ComponentLink4Description"; Value = "Open Footprint"; VariantName = "[No Variations]"
Add component (AddParameter): Name = "ComponentLink4URL"; Value = "C:\ALTIUM_WORK\00001_MCHP-CDB\Library\Footprints\CAP_C_1206.PcbLib"; VariantName = "[No Variations]"
Add component (AddParameter): Name = "ComponentLink5Description"; Value = "Open Footprint 2"; VariantName = "[No Variations]"
Add component (AddParameter): Name = "ComponentLink6Description"; Value = "Open Footprint 3"; VariantName = "[No Variations]"
Add component (AddParameter): Name = "ComponentLink7Description"; Value = "Open Footprint 4"; VariantName = "[No Variations]"
Add component (AddParameter): Name = "Description_"; Value = "CAP CER 4.7uF 50V 10% X7R SMD 1206"; VariantName = "[No Variations]"
Add component (AddParameter): Name = "Dev Tools Status"; Value = "Production"; VariantName = "[No Variations]"
Add component (AddParameter): Name = "Manufacturer 1"; Value = "TDK Corporation"; VariantName = "[No Variations]"
Add component (AddParameter): Name = "Manufacturer Part Number 1"; Value = "C3216X7R1H475K160AC"; VariantName = "[No Variations]"
Add component (AddParameter): Name = "MCHP-ID"; Value = "CAP1292"; VariantName = "[No Variations]"
Add component (AddParameter): Name = "Operating Temperature"; Value = "-55C to +125C"; VariantName = "[No Variations]"
Add component (AddParameter): Name = "Owner"; Value = "Jairuz Agang-ang"; VariantName = "[No Variations]"
Add component (AddParameter): Name = "Package"; Value = "1206"; VariantName = "[No Variations]"
Add component (AddParameter): Name = "Populated"; Value = "DNP"; VariantName = "[No Variations]"
Add component (AddParameter): Name = "Quantity Override"; Value = "1"; VariantName = "[No Variations]"
Add component (AddParameter): Name = "Revision"; Value = "1"; VariantName = "[No Variations]"
Add component (AddParameter): Name = "Status"; Value = "MCL Design"; VariantName = "[No Variations]"
Add component (AddParameter): Name = "Supplier 1"; Value = "Digi-Key"; VariantName = "[No Variations]"
Add component (AddParameter): Name = "Supplier Part Number 1"; Value = "445-8032-1-ND"; VariantName = "[No Variations]"
Add component (AddParameter): Name = "Symbol"; Value = "Capacitor NP"; VariantName = "[No Variations]"
Add component (AddParameter): Name = "Temperature Coeffcient"; Value = "X7R"; VariantName = "[No Variations]"
Add component (AddParameter): Name = "Tolerance"; Value = "10%"; VariantName = "[No Variations]"
Add component (AddParameter): Name = "Type"; Value = "Ceramic"; VariantName = "[No Variations]"
Add component (AddParameter): Name = "Value"; Value = "4.7uF"; VariantName = "[No Variations]"
Add component (AddParameter): Name = "Voltage"; Value = "50V"; VariantName = "[No Variations]"
Added Component: Designator=C100(CAP_C_1206)
Add component (AddParameter): Name = "BOM Notes"; Value = ""; VariantName = "[No Variations]"
Add component (AddParameter): Name = "Category"; Value = "Capacitor"; VariantName = "[No Variations]"
Add component (AddParameter): Name = "ComponentLink1Description"; Value = "SVN Datasheet"; VariantName = "[No Variations]"
Add component (AddParameter): Name = "ComponentLink1URL"; Value = "https://chn-vm-apps.microchip.com/mchprepo/parts/Datasheets/mlcc_commercial_general_en.pdf"; VariantName = "[No Variations]"
Add component (AddParameter): Name = "ComponentLink2Description"; Value = "Local Datasheet"; VariantName = "[No Variations]"
Add component (AddParameter): Name = "ComponentLink2URL"; Value = "C:\ALTIUM_WORK\00001_MCHP-CDB\Datasheets\mlcc_commercial_general_en.pdf"; VariantName = "[No Variations]"
Add component (AddParameter): Name = "ComponentLink3Description"; Value = "Open Symbol"; VariantName = "[No Variations]"
Add component (AddParameter): Name = "ComponentLink3URL"; Value = "C:\ALTIUM_WORK\00001_MCHP-CDB\Library\LibraryRefs\Capacitor NP.SchLib"; VariantName = "[No Variations]"
Add component (AddParameter): Name = "ComponentLink4Description"; Value = "Open Footprint"; VariantName = "[No Variations]"
Add component (AddParameter): Name = "ComponentLink4URL"; Value = "C:\ALTIUM_WORK\00001_MCHP-CDB\Library\Footprints\CAP_C_1206.PcbLib"; VariantName = "[No Variations]"
Add component (AddParameter): Name = "ComponentLink5Description"; Value = "Open Footprint 2"; VariantName = "[No Variations]"
Add component (AddParameter): Name = "ComponentLink6Description"; Value = "Open Footprint 3"; VariantName = "[No Variations]"
Add component (AddParameter): Name = "ComponentLink7Description"; Value = "Open Footprint 4"; VariantName = "[No Variations]"
Add component (AddParameter): Name = "Description_"; Value = "CAP CER 4.7uF 50V 10% X7R SMD 1206"; VariantName = "[No Variations]"
Add component (AddParameter): Name = "Dev Tools Status"; Value = "Production"; VariantName = "[No Variations]"
Add component (AddParameter): Name = "Manufacturer 1"; Value = "TDK Corporation"; VariantName = "[No Variations]"
Add component (AddParameter): Name = "Manufacturer Part Number 1"; Value = "C3216X7R1H475K160AC"; VariantName = "[No Variations]"
Add component (AddParameter): Name = "MCHP-ID"; Value = "CAP1292"; VariantName = "[No Variations]"
Add component (AddParameter): Name = "Operating Temperature"; Value = "-55C to +125C"; VariantName = "[No Variations]"
Add component (AddParameter): Name = "Owner"; Value = "Jairuz Agang-ang"; VariantName = "[No Variations]"
Add component (AddParameter): Name = "Package"; Value = "1206"; VariantName = "[No Variations]"
Add component (AddParameter): Name = "Populated"; Value = "YES"; VariantName = "[No Variations]"
Add component (AddParameter): Name = "Quantity Override"; Value = "1"; VariantName = "[No Variations]"
Add component (AddParameter): Name = "Revision"; Value = "1"; VariantName = "[No Variations]"
Add component (AddParameter): Name = "Status"; Value = "MCL Design"; VariantName = "[No Variations]"
Add component (AddParameter): Name = "Supplier 1"; Value = "Digi-Key"; VariantName = "[No Variations]"
Add component (AddParameter): Name = "Supplier Part Number 1"; Value = "445-8032-1-ND"; VariantName = "[No Variations]"
Add component (AddParameter): Name = "Symbol"; Value = "Capacitor NP"; VariantName = "[No Variations]"
Add component (AddParameter): Name = "Temperature Coeffcient"; Value = "X7R"; VariantName = "[No Variations]"
Add component (AddParameter): Name = "Tolerance"; Value = "10%"; VariantName = "[No Variations]"
Add component (AddParameter): Name = "Type"; Value = "Ceramic"; VariantName = "[No Variations]"
Add component (AddParameter): Name = "Value"; Value = "4.7uF"; VariantName = "[No Variations]"
Add component (AddParameter): Name = "Voltage"; Value = "50V"; VariantName = "[No Variations]"
Added Component: Designator=C101(CAP_C_1206)
Add component (AddParameter): Name = "BOM Notes"; Value = ""; VariantName = "[No Variations]"
Add component (AddParameter): Name = "Category"; Value = "Capacitor"; VariantName = "[No Variations]"
Add component (AddParameter): Name = "ComponentLink1Description"; Value = "SVN Datasheet"; VariantName = "[No Variations]"
Add component (AddParameter): Name = "ComponentLink1URL"; Value = "https://chn-vm-apps.microchip.com/mchprepo/parts/Datasheets/mlcc_commercial_general_en.pdf"; VariantName = "[No Variations]"
Add component (AddParameter): Name = "ComponentLink2Description"; Value = "Local Datasheet"; VariantName = "[No Variations]"
Add component (AddParameter): Name = "ComponentLink2URL"; Value = "C:\ALTIUM_WORK\00001_MCHP-CDB\Datasheets\mlcc_commercial_general_en.pdf"; VariantName = "[No Variations]"
Add component (AddParameter): Name = "ComponentLink3Description"; Value = "Open Symbol"; VariantName = "[No Variations]"
Add component (AddParameter): Name = "ComponentLink3URL"; Value = "C:\ALTIUM_WORK\00001_MCHP-CDB\Library\LibraryRefs\Capacitor NP.SchLib"; VariantName = "[No Variations]"
Add component (AddParameter): Name = "ComponentLink4Description"; Value = "Open Footprint"; VariantName = "[No Variations]"
Add component (AddParameter): Name = "ComponentLink4URL"; Value = "C:\ALTIUM_WORK\00001_MCHP-CDB\Library\Footprints\CAP_C_1206.PcbLib"; VariantName = "[No Variations]"
Add component (AddParameter): Name = "ComponentLink5Description"; Value = "Open Footprint 2"; VariantName = "[No Variations]"
Add component (AddParameter): Name = "ComponentLink6Description"; Value = "Open Footprint 3"; VariantName = "[No Variations]"
Add component (AddParameter): Name = "ComponentLink7Description"; Value = "Open Footprint 4"; VariantName = "[No Variations]"
Add component (AddParameter): Name = "Description_"; Value = "CAP CER 4.7uF 50V 10% X7R SMD 1206"; VariantName = "[No Variations]"
Add component (AddParameter): Name = "Dev Tools Status"; Value = "Production"; VariantName = "[No Variations]"
Add component (AddParameter): Name = "Manufacturer 1"; Value = "TDK Corporation"; VariantName = "[No Variations]"
Add component (AddParameter): Name = "Manufacturer Part Number 1"; Value = "C3216X7R1H475K160AC"; VariantName = "[No Variations]"
Add component (AddParameter): Name = "MCHP-ID"; Value = "CAP1292"; VariantName = "[No Variations]"
Add component (AddParameter): Name = "Operating Temperature"; Value = "-55C to +125C"; VariantName = "[No Variations]"
Add component (AddParameter): Name = "Owner"; Value = "Jairuz Agang-ang"; VariantName = "[No Variations]"
Add component (AddParameter): Name = "Package"; Value = "1206"; VariantName = "[No Variations]"
Add component (AddParameter): Name = "Populated"; Value = "DNP"; VariantName = "[No Variations]"
Add component (AddParameter): Name = "Quantity Override"; Value = "1"; VariantName = "[No Variations]"
Add component (AddParameter): Name = "Revision"; Value = "1"; VariantName = "[No Variations]"
Add component (AddParameter): Name = "Status"; Value = "MCL Design"; VariantName = "[No Variations]"
Add component (AddParameter): Name = "Supplier 1"; Value = "Digi-Key"; VariantName = "[No Variations]"
Add component (AddParameter): Name = "Supplier Part Number 1"; Value = "445-8032-1-ND"; VariantName = "[No Variations]"
Add component (AddParameter): Name = "Symbol"; Value = "Capacitor NP"; VariantName = "[No Variations]"
Add component (AddParameter): Name = "Temperature Coeffcient"; Value = "X7R"; VariantName = "[No Variations]"
Add component (AddParameter): Name = "Tolerance"; Value = "10%"; VariantName = "[No Variations]"
Add component (AddParameter): Name = "Type"; Value = "Ceramic"; VariantName = "[No Variations]"
Add component (AddParameter): Name = "Value"; Value = "4.7uF"; VariantName = "[No Variations]"
Add component (AddParameter): Name = "Voltage"; Value = "50V"; VariantName = "[No Variations]"
Added Component: Designator=C102(CAP_C_1206)
Add component (AddParameter): Name = "BOM Notes"; Value = ""; VariantName = "[No Variations]"
Add component (AddParameter): Name = "Category"; Value = "Capacitor"; VariantName = "[No Variations]"
Add component (AddParameter): Name = "ComponentLink1Description"; Value = "SVN Datasheet"; VariantName = "[No Variations]"
Add component (AddParameter): Name = "ComponentLink1URL"; Value = "https://chn-vm-apps.microchip.com/mchprepo/parts/Datasheets/mlcc_commercial_general_en.pdf"; VariantName = "[No Variations]"
Add component (AddParameter): Name = "ComponentLink2Description"; Value = "Local Datasheet"; VariantName = "[No Variations]"
Add component (AddParameter): Name = "ComponentLink2URL"; Value = "C:\ALTIUM_WORK\00001_MCHP-CDB\Datasheets\mlcc_commercial_general_en.pdf"; VariantName = "[No Variations]"
Add component (AddParameter): Name = "ComponentLink3Description"; Value = "Open Symbol"; VariantName = "[No Variations]"
Add component (AddParameter): Name = "ComponentLink3URL"; Value = "C:\ALTIUM_WORK\00001_MCHP-CDB\Library\LibraryRefs\Capacitor NP.SchLib"; VariantName = "[No Variations]"
Add component (AddParameter): Name = "ComponentLink4Description"; Value = "Open Footprint"; VariantName = "[No Variations]"
Add component (AddParameter): Name = "ComponentLink4URL"; Value = "C:\ALTIUM_WORK\00001_MCHP-CDB\Library\Footprints\CAP_C_1206.PcbLib"; VariantName = "[No Variations]"
Add component (AddParameter): Name = "ComponentLink5Description"; Value = "Open Footprint 2"; VariantName = "[No Variations]"
Add component (AddParameter): Name = "ComponentLink6Description"; Value = "Open Footprint 3"; VariantName = "[No Variations]"
Add component (AddParameter): Name = "ComponentLink7Description"; Value = "Open Footprint 4"; VariantName = "[No Variations]"
Add component (AddParameter): Name = "Description_"; Value = "CAP CER 4.7uF 50V 10% X7R SMD 1206"; VariantName = "[No Variations]"
Add component (AddParameter): Name = "Dev Tools Status"; Value = "Production"; VariantName = "[No Variations]"
Add component (AddParameter): Name = "Manufacturer 1"; Value = "TDK Corporation"; VariantName = "[No Variations]"
Add component (AddParameter): Name = "Manufacturer Part Number 1"; Value = "C3216X7R1H475K160AC"; VariantName = "[No Variations]"
Add component (AddParameter): Name = "MCHP-ID"; Value = "CAP1292"; VariantName = "[No Variations]"
Add component (AddParameter): Name = "Operating Temperature"; Value = "-55C to +125C"; VariantName = "[No Variations]"
Add component (AddParameter): Name = "Owner"; Value = "Jairuz Agang-ang"; VariantName = "[No Variations]"
Add component (AddParameter): Name = "Package"; Value = "1206"; VariantName = "[No Variations]"
Add component (AddParameter): Name = "Populated"; Value = "YES"; VariantName = "[No Variations]"
Add component (AddParameter): Name = "Quantity Override"; Value = "1"; VariantName = "[No Variations]"
Add component (AddParameter): Name = "Revision"; Value = "1"; VariantName = "[No Variations]"
Add component (AddParameter): Name = "Status"; Value = "MCL Design"; VariantName = "[No Variations]"
Add component (AddParameter): Name = "Supplier 1"; Value = "Digi-Key"; VariantName = "[No Variations]"
Add component (AddParameter): Name = "Supplier Part Number 1"; Value = "445-8032-1-ND"; VariantName = "[No Variations]"
Add component (AddParameter): Name = "Symbol"; Value = "Capacitor NP"; VariantName = "[No Variations]"
Add component (AddParameter): Name = "Temperature Coeffcient"; Value = "X7R"; VariantName = "[No Variations]"
Add component (AddParameter): Name = "Tolerance"; Value = "10%"; VariantName = "[No Variations]"
Add component (AddParameter): Name = "Type"; Value = "Ceramic"; VariantName = "[No Variations]"
Add component (AddParameter): Name = "Value"; Value = "4.7uF"; VariantName = "[No Variations]"
Add component (AddParameter): Name = "Voltage"; Value = "50V"; VariantName = "[No Variations]"
Added Component: Designator=C103(CAP_C_1206)
Add component (AddParameter): Name = "BOM Notes"; Value = ""; VariantName = "[No Variations]"
Add component (AddParameter): Name = "Category"; Value = "Capacitor"; VariantName = "[No Variations]"
Add component (AddParameter): Name = "ComponentLink1Description"; Value = "SVN Datasheet"; VariantName = "[No Variations]"
Add component (AddParameter): Name = "ComponentLink1URL"; Value = "https://chn-vm-apps.microchip.com/mchprepo/parts/Datasheets/mlcc_commercial_general_en.pdf"; VariantName = "[No Variations]"
Add component (AddParameter): Name = "ComponentLink2Description"; Value = "Local Datasheet"; VariantName = "[No Variations]"
Add component (AddParameter): Name = "ComponentLink2URL"; Value = "C:\ALTIUM_WORK\00001_MCHP-CDB\Datasheets\mlcc_commercial_general_en.pdf"; VariantName = "[No Variations]"
Add component (AddParameter): Name = "ComponentLink3Description"; Value = "Open Symbol"; VariantName = "[No Variations]"
Add component (AddParameter): Name = "ComponentLink3URL"; Value = "C:\ALTIUM_WORK\00001_MCHP-CDB\Library\LibraryRefs\Capacitor NP.SchLib"; VariantName = "[No Variations]"
Add component (AddParameter): Name = "ComponentLink4Description"; Value = "Open Footprint"; VariantName = "[No Variations]"
Add component (AddParameter): Name = "ComponentLink4URL"; Value = "C:\ALTIUM_WORK\00001_MCHP-CDB\Library\Footprints\CAP_C_1206.PcbLib"; VariantName = "[No Variations]"
Add component (AddParameter): Name = "ComponentLink5Description"; Value = "Open Footprint 2"; VariantName = "[No Variations]"
Add component (AddParameter): Name = "ComponentLink6Description"; Value = "Open Footprint 3"; VariantName = "[No Variations]"
Add component (AddParameter): Name = "ComponentLink7Description"; Value = "Open Footprint 4"; VariantName = "[No Variations]"
Add component (AddParameter): Name = "Description_"; Value = "CAP CER 4.7uF 50V 10% X7R SMD 1206"; VariantName = "[No Variations]"
Add component (AddParameter): Name = "Dev Tools Status"; Value = "Production"; VariantName = "[No Variations]"
Add component (AddParameter): Name = "Manufacturer 1"; Value = "TDK Corporation"; VariantName = "[No Variations]"
Add component (AddParameter): Name = "Manufacturer Part Number 1"; Value = "C3216X7R1H475K160AC"; VariantName = "[No Variations]"
Add component (AddParameter): Name = "MCHP-ID"; Value = "CAP1292"; VariantName = "[No Variations]"
Add component (AddParameter): Name = "Operating Temperature"; Value = "-55C to +125C"; VariantName = "[No Variations]"
Add component (AddParameter): Name = "Owner"; Value = "Jairuz Agang-ang"; VariantName = "[No Variations]"
Add component (AddParameter): Name = "Package"; Value = "1206"; VariantName = "[No Variations]"
Add component (AddParameter): Name = "Populated"; Value = "YES"; VariantName = "[No Variations]"
Add component (AddParameter): Name = "Quantity Override"; Value = "1"; VariantName = "[No Variations]"
Add component (AddParameter): Name = "Revision"; Value = "1"; VariantName = "[No Variations]"
Add component (AddParameter): Name = "Status"; Value = "MCL Design"; VariantName = "[No Variations]"
Add component (AddParameter): Name = "Supplier 1"; Value = "Digi-Key"; VariantName = "[No Variations]"
Add component (AddParameter): Name = "Supplier Part Number 1"; Value = "445-8032-1-ND"; VariantName = "[No Variations]"
Add component (AddParameter): Name = "Symbol"; Value = "Capacitor NP"; VariantName = "[No Variations]"
Add component (AddParameter): Name = "Temperature Coeffcient"; Value = "X7R"; VariantName = "[No Variations]"
Add component (AddParameter): Name = "Tolerance"; Value = "10%"; VariantName = "[No Variations]"
Add component (AddParameter): Name = "Type"; Value = "Ceramic"; VariantName = "[No Variations]"
Add component (AddParameter): Name = "Value"; Value = "4.7uF"; VariantName = "[No Variations]"
Add component (AddParameter): Name = "Voltage"; Value = "50V"; VariantName = "[No Variations]"
Added Component: Designator=C104(CAP_C_1206)
Add component (AddParameter): Name = "BOM Notes"; Value = ""; VariantName = "[No Variations]"
Add component (AddParameter): Name = "Category"; Value = "Capacitor"; VariantName = "[No Variations]"
Add component (AddParameter): Name = "ComponentLink1Description"; Value = "SVN Datasheet"; VariantName = "[No Variations]"
Add component (AddParameter): Name = "ComponentLink1URL"; Value = "https://chn-vm-apps.microchip.com/mchprepo/parts/Datasheets/mlcc_commercial_general_en.pdf"; VariantName = "[No Variations]"
Add component (AddParameter): Name = "ComponentLink2Description"; Value = "Local Datasheet"; VariantName = "[No Variations]"
Add component (AddParameter): Name = "ComponentLink2URL"; Value = "C:\ALTIUM_WORK\00001_MCHP-CDB\Datasheets\mlcc_commercial_general_en.pdf"; VariantName = "[No Variations]"
Add component (AddParameter): Name = "ComponentLink3Description"; Value = "Open Symbol"; VariantName = "[No Variations]"
Add component (AddParameter): Name = "ComponentLink3URL"; Value = "C:\ALTIUM_WORK\00001_MCHP-CDB\Library\LibraryRefs\Capacitor NP.SchLib"; VariantName = "[No Variations]"
Add component (AddParameter): Name = "ComponentLink4Description"; Value = "Open Footprint"; VariantName = "[No Variations]"
Add component (AddParameter): Name = "ComponentLink4URL"; Value = "C:\ALTIUM_WORK\00001_MCHP-CDB\Library\Footprints\CAP_C_1206.PcbLib"; VariantName = "[No Variations]"
Add component (AddParameter): Name = "ComponentLink5Description"; Value = "Open Footprint 2"; VariantName = "[No Variations]"
Add component (AddParameter): Name = "ComponentLink6Description"; Value = "Open Footprint 3"; VariantName = "[No Variations]"
Add component (AddParameter): Name = "ComponentLink7Description"; Value = "Open Footprint 4"; VariantName = "[No Variations]"
Add component (AddParameter): Name = "Description_"; Value = "CAP CER 4.7uF 50V 10% X7R SMD 1206"; VariantName = "[No Variations]"
Add component (AddParameter): Name = "Dev Tools Status"; Value = "Production"; VariantName = "[No Variations]"
Add component (AddParameter): Name = "Manufacturer 1"; Value = "TDK Corporation"; VariantName = "[No Variations]"
Add component (AddParameter): Name = "Manufacturer Part Number 1"; Value = "C3216X7R1H475K160AC"; VariantName = "[No Variations]"
Add component (AddParameter): Name = "MCHP-ID"; Value = "CAP1292"; VariantName = "[No Variations]"
Add component (AddParameter): Name = "Operating Temperature"; Value = "-55C to +125C"; VariantName = "[No Variations]"
Add component (AddParameter): Name = "Owner"; Value = "Jairuz Agang-ang"; VariantName = "[No Variations]"
Add component (AddParameter): Name = "Package"; Value = "1206"; VariantName = "[No Variations]"
Add component (AddParameter): Name = "Populated"; Value = "DNP"; VariantName = "[No Variations]"
Add component (AddParameter): Name = "Quantity Override"; Value = "1"; VariantName = "[No Variations]"
Add component (AddParameter): Name = "Revision"; Value = "1"; VariantName = "[No Variations]"
Add component (AddParameter): Name = "Status"; Value = "MCL Design"; VariantName = "[No Variations]"
Add component (AddParameter): Name = "Supplier 1"; Value = "Digi-Key"; VariantName = "[No Variations]"
Add component (AddParameter): Name = "Supplier Part Number 1"; Value = "445-8032-1-ND"; VariantName = "[No Variations]"
Add component (AddParameter): Name = "Symbol"; Value = "Capacitor NP"; VariantName = "[No Variations]"
Add component (AddParameter): Name = "Temperature Coeffcient"; Value = "X7R"; VariantName = "[No Variations]"
Add component (AddParameter): Name = "Tolerance"; Value = "10%"; VariantName = "[No Variations]"
Add component (AddParameter): Name = "Type"; Value = "Ceramic"; VariantName = "[No Variations]"
Add component (AddParameter): Name = "Value"; Value = "4.7uF"; VariantName = "[No Variations]"
Add component (AddParameter): Name = "Voltage"; Value = "50V"; VariantName = "[No Variations]"
Added Component: Designator=C105(CAP_C_0603)
Add component (AddParameter): Name = "BOM Notes"; Value = ""; VariantName = "[No Variations]"
Add component (AddParameter): Name = "Category"; Value = "Capacitor"; VariantName = "[No Variations]"
Add component (AddParameter): Name = "ComponentLink1Description"; Value = "SVN Datasheet"; VariantName = "[No Variations]"
Add component (AddParameter): Name = "ComponentLink1URL"; Value = "https://chn-vm-apps.microchip.com/mchprepo/parts/Datasheets/ECJ__General_.pdf"; VariantName = "[No Variations]"
Add component (AddParameter): Name = "ComponentLink2Description"; Value = "Local Datasheet"; VariantName = "[No Variations]"
Add component (AddParameter): Name = "ComponentLink2URL"; Value = "C:\ALTIUM_WORK\00001_MCHP-CDB\Datasheets\ECJ__General_.pdf"; VariantName = "[No Variations]"
Add component (AddParameter): Name = "ComponentLink3Description"; Value = "Open Symbol"; VariantName = "[No Variations]"
Add component (AddParameter): Name = "ComponentLink3URL"; Value = "C:\ALTIUM_WORK\00001_MCHP-CDB\Library\LibraryRefs\Capacitor NP.SchLib"; VariantName = "[No Variations]"
Add component (AddParameter): Name = "ComponentLink4Description"; Value = "Open Footprint"; VariantName = "[No Variations]"
Add component (AddParameter): Name = "ComponentLink4URL"; Value = "C:\ALTIUM_WORK\00001_MCHP-CDB\Library\Footprints\CAP_C_0603.PcbLib"; VariantName = "[No Variations]"
Add component (AddParameter): Name = "ComponentLink5Description"; Value = "Open Footprint 2"; VariantName = "[No Variations]"
Add component (AddParameter): Name = "ComponentLink6Description"; Value = "Open Footprint 3"; VariantName = "[No Variations]"
Add component (AddParameter): Name = "ComponentLink7Description"; Value = "Open Footprint 4"; VariantName = "[No Variations]"
Add component (AddParameter): Name = "Description_"; Value = "CAP CER 2200pF 50V 10% X7R SMD 0603"; VariantName = "[No Variations]"
Add component (AddParameter): Name = "Dev Tools Status"; Value = "Production"; VariantName = "[No Variations]"
Add component (AddParameter): Name = "Manufacturer 1"; Value = "KEMET"; VariantName = "[No Variations]"
Add component (AddParameter): Name = "Manufacturer 2"; Value = "Panasonic"; VariantName = "[No Variations]"
Add component (AddParameter): Name = "Manufacturer 3"; Value = "Panasonic"; VariantName = "[No Variations]"
Add component (AddParameter): Name = "Manufacturer 4"; Value = "TDK Corporation"; VariantName = "[No Variations]"
Add component (AddParameter): Name = "Manufacturer 5"; Value = "Samsung Electro-Mechanics"; VariantName = "[No Variations]"
Add component (AddParameter): Name = "Manufacturer 6"; Value = "Yageo"; VariantName = "[No Variations]"
Add component (AddParameter): Name = "Manufacturer Part Number 1"; Value = "C0603C222K5RACTU"; VariantName = "[No Variations]"
Add component (AddParameter): Name = "Manufacturer Part Number 2"; Value = "ECJ-1VB1H222K"; VariantName = "[No Variations]"
Add component (AddParameter): Name = "Manufacturer Part Number 3"; Value = "ECU-V1H222KBV"; VariantName = "[No Variations]"
Add component (AddParameter): Name = "Manufacturer Part Number 4"; Value = "C1608X7R1H222K"; VariantName = "[No Variations]"
Add component (AddParameter): Name = "Manufacturer Part Number 5"; Value = "CL10B222KB8NNNC"; VariantName = "[No Variations]"
Add component (AddParameter): Name = "Manufacturer Part Number 6"; Value = "CC0603KRX7R9BB222"; VariantName = "[No Variations]"
Add component (AddParameter): Name = "MCHP-ID"; Value = "CAP0120"; VariantName = "[No Variations]"
Add component (AddParameter): Name = "Operating Temperature"; Value = "-55C to +125C"; VariantName = "[No Variations]"
Add component (AddParameter): Name = "Package"; Value = "0603"; VariantName = "[No Variations]"
Add component (AddParameter): Name = "Populated"; Value = "Yes"; VariantName = "[No Variations]"
Add component (AddParameter): Name = "Quantity Override"; Value = "1"; VariantName = "[No Variations]"
Add component (AddParameter): Name = "Revision"; Value = "4"; VariantName = "[No Variations]"
Add component (AddParameter): Name = "Status"; Value = "MCL Design"; VariantName = "[No Variations]"
Add component (AddParameter): Name = "Supplier 1"; Value = "Digi-Key"; VariantName = "[No Variations]"
Add component (AddParameter): Name = "Supplier 2"; Value = "Digi-Key"; VariantName = "[No Variations]"
Add component (AddParameter): Name = "Supplier 3"; Value = "Digi-Key"; VariantName = "[No Variations]"
Add component (AddParameter): Name = "Supplier 4"; Value = "Digi-Key"; VariantName = "[No Variations]"
Add component (AddParameter): Name = "Supplier 5"; Value = "Samsung Electro-Mechanics"; VariantName = "[No Variations]"
Add component (AddParameter): Name = "Supplier 6"; Value = "Yageo"; VariantName = "[No Variations]"
Add component (AddParameter): Name = "Supplier Part Number 1"; Value = "399-1085-1-ND"; VariantName = "[No Variations]"
Add component (AddParameter): Name = "Supplier Part Number 2"; Value = "PCC1776TR-ND"; VariantName = "[No Variations]"
Add component (AddParameter): Name = "Supplier Part Number 3"; Value = "PCC222BVTR-ND"; VariantName = "[No Variations]"
Add component (AddParameter): Name = "Supplier Part Number 4"; Value = "445-1309-1-ND"; VariantName = "[No Variations]"
Add component (AddParameter): Name = "Supplier Part Number 5"; Value = "CL10B222KB8NNNC"; VariantName = "[No Variations]"
Add component (AddParameter): Name = "Supplier Part Number 6"; Value = "CC0603KRX7R9BB222"; VariantName = "[No Variations]"
Add component (AddParameter): Name = "Symbol"; Value = "Capacitor NP"; VariantName = "[No Variations]"
Add component (AddParameter): Name = "Temperature Coefficient"; Value = "X7R"; VariantName = "[No Variations]"
Add component (AddParameter): Name = "Tolerance"; Value = "10%"; VariantName = "[No Variations]"
Add component (AddParameter): Name = "Type"; Value = "Ceramic"; VariantName = "[No Variations]"
Add component (AddParameter): Name = "Value"; Value = "2200pF"; VariantName = "[No Variations]"
Add component (AddParameter): Name = "Voltage"; Value = "50V"; VariantName = "[No Variations]"
Added Component: Designator=C106(CAP_C_0603)
Add component (AddParameter): Name = "BOM Notes"; Value = ""; VariantName = "[No Variations]"
Add component (AddParameter): Name = "Category"; Value = "Capacitor"; VariantName = "[No Variations]"
Add component (AddParameter): Name = "ComponentLink1Description"; Value = "SVN Datasheet"; VariantName = "[No Variations]"
Add component (AddParameter): Name = "ComponentLink1URL"; Value = "https://chn-vm-apps.microchip.com/mchprepo/parts/Datasheets/ECJ__General_.pdf"; VariantName = "[No Variations]"
Add component (AddParameter): Name = "ComponentLink2Description"; Value = "Local Datasheet"; VariantName = "[No Variations]"
Add component (AddParameter): Name = "ComponentLink2URL"; Value = "C:\ALTIUM_WORK\00001_MCHP-CDB\Datasheets\ECJ__General_.pdf"; VariantName = "[No Variations]"
Add component (AddParameter): Name = "ComponentLink3Description"; Value = "Open Symbol"; VariantName = "[No Variations]"
Add component (AddParameter): Name = "ComponentLink3URL"; Value = "C:\ALTIUM_WORK\00001_MCHP-CDB\Library\LibraryRefs\Capacitor NP.SchLib"; VariantName = "[No Variations]"
Add component (AddParameter): Name = "ComponentLink4Description"; Value = "Open Footprint"; VariantName = "[No Variations]"
Add component (AddParameter): Name = "ComponentLink4URL"; Value = "C:\ALTIUM_WORK\00001_MCHP-CDB\Library\Footprints\CAP_C_0603.PcbLib"; VariantName = "[No Variations]"
Add component (AddParameter): Name = "ComponentLink5Description"; Value = "Open Footprint 2"; VariantName = "[No Variations]"
Add component (AddParameter): Name = "ComponentLink6Description"; Value = "Open Footprint 3"; VariantName = "[No Variations]"
Add component (AddParameter): Name = "ComponentLink7Description"; Value = "Open Footprint 4"; VariantName = "[No Variations]"
Add component (AddParameter): Name = "Description_"; Value = "CAP CER 2200pF 50V 10% X7R SMD 0603"; VariantName = "[No Variations]"
Add component (AddParameter): Name = "Dev Tools Status"; Value = "Production"; VariantName = "[No Variations]"
Add component (AddParameter): Name = "Manufacturer 1"; Value = "KEMET"; VariantName = "[No Variations]"
Add component (AddParameter): Name = "Manufacturer 2"; Value = "Panasonic"; VariantName = "[No Variations]"
Add component (AddParameter): Name = "Manufacturer 3"; Value = "Panasonic"; VariantName = "[No Variations]"
Add component (AddParameter): Name = "Manufacturer 4"; Value = "TDK Corporation"; VariantName = "[No Variations]"
Add component (AddParameter): Name = "Manufacturer 5"; Value = "Samsung Electro-Mechanics"; VariantName = "[No Variations]"
Add component (AddParameter): Name = "Manufacturer 6"; Value = "Yageo"; VariantName = "[No Variations]"
Add component (AddParameter): Name = "Manufacturer Part Number 1"; Value = "C0603C222K5RACTU"; VariantName = "[No Variations]"
Add component (AddParameter): Name = "Manufacturer Part Number 2"; Value = "ECJ-1VB1H222K"; VariantName = "[No Variations]"
Add component (AddParameter): Name = "Manufacturer Part Number 3"; Value = "ECU-V1H222KBV"; VariantName = "[No Variations]"
Add component (AddParameter): Name = "Manufacturer Part Number 4"; Value = "C1608X7R1H222K"; VariantName = "[No Variations]"
Add component (AddParameter): Name = "Manufacturer Part Number 5"; Value = "CL10B222KB8NNNC"; VariantName = "[No Variations]"
Add component (AddParameter): Name = "Manufacturer Part Number 6"; Value = "CC0603KRX7R9BB222"; VariantName = "[No Variations]"
Add component (AddParameter): Name = "MCHP-ID"; Value = "CAP0120"; VariantName = "[No Variations]"
Add component (AddParameter): Name = "Operating Temperature"; Value = "-55C to +125C"; VariantName = "[No Variations]"
Add component (AddParameter): Name = "Package"; Value = "0603"; VariantName = "[No Variations]"
Add component (AddParameter): Name = "Populated"; Value = "Yes"; VariantName = "[No Variations]"
Add component (AddParameter): Name = "Quantity Override"; Value = "1"; VariantName = "[No Variations]"
Add component (AddParameter): Name = "Revision"; Value = "4"; VariantName = "[No Variations]"
Add component (AddParameter): Name = "Status"; Value = "MCL Design"; VariantName = "[No Variations]"
Add component (AddParameter): Name = "Supplier 1"; Value = "Digi-Key"; VariantName = "[No Variations]"
Add component (AddParameter): Name = "Supplier 2"; Value = "Digi-Key"; VariantName = "[No Variations]"
Add component (AddParameter): Name = "Supplier 3"; Value = "Digi-Key"; VariantName = "[No Variations]"
Add component (AddParameter): Name = "Supplier 4"; Value = "Digi-Key"; VariantName = "[No Variations]"
Add component (AddParameter): Name = "Supplier 5"; Value = "Samsung Electro-Mechanics"; VariantName = "[No Variations]"
Add component (AddParameter): Name = "Supplier 6"; Value = "Yageo"; VariantName = "[No Variations]"
Add component (AddParameter): Name = "Supplier Part Number 1"; Value = "399-1085-1-ND"; VariantName = "[No Variations]"
Add component (AddParameter): Name = "Supplier Part Number 2"; Value = "PCC1776TR-ND"; VariantName = "[No Variations]"
Add component (AddParameter): Name = "Supplier Part Number 3"; Value = "PCC222BVTR-ND"; VariantName = "[No Variations]"
Add component (AddParameter): Name = "Supplier Part Number 4"; Value = "445-1309-1-ND"; VariantName = "[No Variations]"
Add component (AddParameter): Name = "Supplier Part Number 5"; Value = "CL10B222KB8NNNC"; VariantName = "[No Variations]"
Add component (AddParameter): Name = "Supplier Part Number 6"; Value = "CC0603KRX7R9BB222"; VariantName = "[No Variations]"
Add component (AddParameter): Name = "Symbol"; Value = "Capacitor NP"; VariantName = "[No Variations]"
Add component (AddParameter): Name = "Temperature Coefficient"; Value = "X7R"; VariantName = "[No Variations]"
Add component (AddParameter): Name = "Tolerance"; Value = "10%"; VariantName = "[No Variations]"
Add component (AddParameter): Name = "Type"; Value = "Ceramic"; VariantName = "[No Variations]"
Add component (AddParameter): Name = "Value"; Value = "2200pF"; VariantName = "[No Variations]"
Add component (AddParameter): Name = "Voltage"; Value = "50V"; VariantName = "[No Variations]"
Added Component: Designator=C107(CAP_C_0603)
Add component (AddParameter): Name = "BOM Notes"; Value = ""; VariantName = "[No Variations]"
Add component (AddParameter): Name = "Category"; Value = "Capacitor"; VariantName = "[No Variations]"
Add component (AddParameter): Name = "ComponentLink1Description"; Value = "SVN Datasheet"; VariantName = "[No Variations]"
Add component (AddParameter): Name = "ComponentLink1URL"; Value = "https://chn-vm-apps.microchip.com/mchprepo/parts/Datasheets/ECJ__General_.pdf"; VariantName = "[No Variations]"
Add component (AddParameter): Name = "ComponentLink2Description"; Value = "Local Datasheet"; VariantName = "[No Variations]"
Add component (AddParameter): Name = "ComponentLink2URL"; Value = "C:\ALTIUM_WORK\00001_MCHP-CDB\Datasheets\ECJ__General_.pdf"; VariantName = "[No Variations]"
Add component (AddParameter): Name = "ComponentLink3Description"; Value = "Open Symbol"; VariantName = "[No Variations]"
Add component (AddParameter): Name = "ComponentLink3URL"; Value = "C:\ALTIUM_WORK\00001_MCHP-CDB\Library\LibraryRefs\Capacitor NP.SchLib"; VariantName = "[No Variations]"
Add component (AddParameter): Name = "ComponentLink4Description"; Value = "Open Footprint"; VariantName = "[No Variations]"
Add component (AddParameter): Name = "ComponentLink4URL"; Value = "C:\ALTIUM_WORK\00001_MCHP-CDB\Library\Footprints\CAP_C_0603.PcbLib"; VariantName = "[No Variations]"
Add component (AddParameter): Name = "ComponentLink5Description"; Value = "Open Footprint 2"; VariantName = "[No Variations]"
Add component (AddParameter): Name = "ComponentLink6Description"; Value = "Open Footprint 3"; VariantName = "[No Variations]"
Add component (AddParameter): Name = "ComponentLink7Description"; Value = "Open Footprint 4"; VariantName = "[No Variations]"
Add component (AddParameter): Name = "Description_"; Value = "CAP CER 2200pF 50V 10% X7R SMD 0603"; VariantName = "[No Variations]"
Add component (AddParameter): Name = "Dev Tools Status"; Value = "Production"; VariantName = "[No Variations]"
Add component (AddParameter): Name = "Manufacturer 1"; Value = "KEMET"; VariantName = "[No Variations]"
Add component (AddParameter): Name = "Manufacturer 2"; Value = "Panasonic"; VariantName = "[No Variations]"
Add component (AddParameter): Name = "Manufacturer 3"; Value = "Panasonic"; VariantName = "[No Variations]"
Add component (AddParameter): Name = "Manufacturer 4"; Value = "TDK Corporation"; VariantName = "[No Variations]"
Add component (AddParameter): Name = "Manufacturer 5"; Value = "Samsung Electro-Mechanics"; VariantName = "[No Variations]"
Add component (AddParameter): Name = "Manufacturer 6"; Value = "Yageo"; VariantName = "[No Variations]"
Add component (AddParameter): Name = "Manufacturer Part Number 1"; Value = "C0603C222K5RACTU"; VariantName = "[No Variations]"
Add component (AddParameter): Name = "Manufacturer Part Number 2"; Value = "ECJ-1VB1H222K"; VariantName = "[No Variations]"
Add component (AddParameter): Name = "Manufacturer Part Number 3"; Value = "ECU-V1H222KBV"; VariantName = "[No Variations]"
Add component (AddParameter): Name = "Manufacturer Part Number 4"; Value = "C1608X7R1H222K"; VariantName = "[No Variations]"
Add component (AddParameter): Name = "Manufacturer Part Number 5"; Value = "CL10B222KB8NNNC"; VariantName = "[No Variations]"
Add component (AddParameter): Name = "Manufacturer Part Number 6"; Value = "CC0603KRX7R9BB222"; VariantName = "[No Variations]"
Add component (AddParameter): Name = "MCHP-ID"; Value = "CAP0120"; VariantName = "[No Variations]"
Add component (AddParameter): Name = "Operating Temperature"; Value = "-55C to +125C"; VariantName = "[No Variations]"
Add component (AddParameter): Name = "Package"; Value = "0603"; VariantName = "[No Variations]"
Add component (AddParameter): Name = "Populated"; Value = "Yes"; VariantName = "[No Variations]"
Add component (AddParameter): Name = "Quantity Override"; Value = "1"; VariantName = "[No Variations]"
Add component (AddParameter): Name = "Revision"; Value = "4"; VariantName = "[No Variations]"
Add component (AddParameter): Name = "Status"; Value = "MCL Design"; VariantName = "[No Variations]"
Add component (AddParameter): Name = "Supplier 1"; Value = "Digi-Key"; VariantName = "[No Variations]"
Add component (AddParameter): Name = "Supplier 2"; Value = "Digi-Key"; VariantName = "[No Variations]"
Add component (AddParameter): Name = "Supplier 3"; Value = "Digi-Key"; VariantName = "[No Variations]"
Add component (AddParameter): Name = "Supplier 4"; Value = "Digi-Key"; VariantName = "[No Variations]"
Add component (AddParameter): Name = "Supplier 5"; Value = "Samsung Electro-Mechanics"; VariantName = "[No Variations]"
Add component (AddParameter): Name = "Supplier 6"; Value = "Yageo"; VariantName = "[No Variations]"
Add component (AddParameter): Name = "Supplier Part Number 1"; Value = "399-1085-1-ND"; VariantName = "[No Variations]"
Add component (AddParameter): Name = "Supplier Part Number 2"; Value = "PCC1776TR-ND"; VariantName = "[No Variations]"
Add component (AddParameter): Name = "Supplier Part Number 3"; Value = "PCC222BVTR-ND"; VariantName = "[No Variations]"
Add component (AddParameter): Name = "Supplier Part Number 4"; Value = "445-1309-1-ND"; VariantName = "[No Variations]"
Add component (AddParameter): Name = "Supplier Part Number 5"; Value = "CL10B222KB8NNNC"; VariantName = "[No Variations]"
Add component (AddParameter): Name = "Supplier Part Number 6"; Value = "CC0603KRX7R9BB222"; VariantName = "[No Variations]"
Add component (AddParameter): Name = "Symbol"; Value = "Capacitor NP"; VariantName = "[No Variations]"
Add component (AddParameter): Name = "Temperature Coefficient"; Value = "X7R"; VariantName = "[No Variations]"
Add component (AddParameter): Name = "Tolerance"; Value = "10%"; VariantName = "[No Variations]"
Add component (AddParameter): Name = "Type"; Value = "Ceramic"; VariantName = "[No Variations]"
Add component (AddParameter): Name = "Value"; Value = "2200pF"; VariantName = "[No Variations]"
Add component (AddParameter): Name = "Voltage"; Value = "50V"; VariantName = "[No Variations]"
Added Component: Designator=C108(CAP_C_0603)
Add component (AddParameter): Name = "BOM Notes"; Value = ""; VariantName = "[No Variations]"
Add component (AddParameter): Name = "Category"; Value = "Capacitor"; VariantName = "[No Variations]"
Add component (AddParameter): Name = "ComponentLink1Description"; Value = "SVN Datasheet"; VariantName = "[No Variations]"
Add component (AddParameter): Name = "ComponentLink1URL"; Value = "https://chn-vm-apps.microchip.com/mchprepo/parts/Datasheets/ECJ__General_.pdf"; VariantName = "[No Variations]"
Add component (AddParameter): Name = "ComponentLink2Description"; Value = "Local Datasheet"; VariantName = "[No Variations]"
Add component (AddParameter): Name = "ComponentLink2URL"; Value = "C:\ALTIUM_WORK\00001_MCHP-CDB\Datasheets\ECJ__General_.pdf"; VariantName = "[No Variations]"
Add component (AddParameter): Name = "ComponentLink3Description"; Value = "Open Symbol"; VariantName = "[No Variations]"
Add component (AddParameter): Name = "ComponentLink3URL"; Value = "C:\ALTIUM_WORK\00001_MCHP-CDB\Library\LibraryRefs\Capacitor NP.SchLib"; VariantName = "[No Variations]"
Add component (AddParameter): Name = "ComponentLink4Description"; Value = "Open Footprint"; VariantName = "[No Variations]"
Add component (AddParameter): Name = "ComponentLink4URL"; Value = "C:\ALTIUM_WORK\00001_MCHP-CDB\Library\Footprints\CAP_C_0603.PcbLib"; VariantName = "[No Variations]"
Add component (AddParameter): Name = "ComponentLink5Description"; Value = "Open Footprint 2"; VariantName = "[No Variations]"
Add component (AddParameter): Name = "ComponentLink6Description"; Value = "Open Footprint 3"; VariantName = "[No Variations]"
Add component (AddParameter): Name = "ComponentLink7Description"; Value = "Open Footprint 4"; VariantName = "[No Variations]"
Add component (AddParameter): Name = "Description_"; Value = "CAP CER 2200pF 50V 10% X7R SMD 0603"; VariantName = "[No Variations]"
Add component (AddParameter): Name = "Dev Tools Status"; Value = "Production"; VariantName = "[No Variations]"
Add component (AddParameter): Name = "Manufacturer 1"; Value = "KEMET"; VariantName = "[No Variations]"
Add component (AddParameter): Name = "Manufacturer 2"; Value = "Panasonic"; VariantName = "[No Variations]"
Add component (AddParameter): Name = "Manufacturer 3"; Value = "Panasonic"; VariantName = "[No Variations]"
Add component (AddParameter): Name = "Manufacturer 4"; Value = "TDK Corporation"; VariantName = "[No Variations]"
Add component (AddParameter): Name = "Manufacturer 5"; Value = "Samsung Electro-Mechanics"; VariantName = "[No Variations]"
Add component (AddParameter): Name = "Manufacturer 6"; Value = "Yageo"; VariantName = "[No Variations]"
Add component (AddParameter): Name = "Manufacturer Part Number 1"; Value = "C0603C222K5RACTU"; VariantName = "[No Variations]"
Add component (AddParameter): Name = "Manufacturer Part Number 2"; Value = "ECJ-1VB1H222K"; VariantName = "[No Variations]"
Add component (AddParameter): Name = "Manufacturer Part Number 3"; Value = "ECU-V1H222KBV"; VariantName = "[No Variations]"
Add component (AddParameter): Name = "Manufacturer Part Number 4"; Value = "C1608X7R1H222K"; VariantName = "[No Variations]"
Add component (AddParameter): Name = "Manufacturer Part Number 5"; Value = "CL10B222KB8NNNC"; VariantName = "[No Variations]"
Add component (AddParameter): Name = "Manufacturer Part Number 6"; Value = "CC0603KRX7R9BB222"; VariantName = "[No Variations]"
Add component (AddParameter): Name = "MCHP-ID"; Value = "CAP0120"; VariantName = "[No Variations]"
Add component (AddParameter): Name = "Operating Temperature"; Value = "-55C to +125C"; VariantName = "[No Variations]"
Add component (AddParameter): Name = "Package"; Value = "0603"; VariantName = "[No Variations]"
Add component (AddParameter): Name = "Populated"; Value = "Yes"; VariantName = "[No Variations]"
Add component (AddParameter): Name = "Quantity Override"; Value = "1"; VariantName = "[No Variations]"
Add component (AddParameter): Name = "Revision"; Value = "4"; VariantName = "[No Variations]"
Add component (AddParameter): Name = "Status"; Value = "MCL Design"; VariantName = "[No Variations]"
Add component (AddParameter): Name = "Supplier 1"; Value = "Digi-Key"; VariantName = "[No Variations]"
Add component (AddParameter): Name = "Supplier 2"; Value = "Digi-Key"; VariantName = "[No Variations]"
Add component (AddParameter): Name = "Supplier 3"; Value = "Digi-Key"; VariantName = "[No Variations]"
Add component (AddParameter): Name = "Supplier 4"; Value = "Digi-Key"; VariantName = "[No Variations]"
Add component (AddParameter): Name = "Supplier 5"; Value = "Samsung Electro-Mechanics"; VariantName = "[No Variations]"
Add component (AddParameter): Name = "Supplier 6"; Value = "Yageo"; VariantName = "[No Variations]"
Add component (AddParameter): Name = "Supplier Part Number 1"; Value = "399-1085-1-ND"; VariantName = "[No Variations]"
Add component (AddParameter): Name = "Supplier Part Number 2"; Value = "PCC1776TR-ND"; VariantName = "[No Variations]"
Add component (AddParameter): Name = "Supplier Part Number 3"; Value = "PCC222BVTR-ND"; VariantName = "[No Variations]"
Add component (AddParameter): Name = "Supplier Part Number 4"; Value = "445-1309-1-ND"; VariantName = "[No Variations]"
Add component (AddParameter): Name = "Supplier Part Number 5"; Value = "CL10B222KB8NNNC"; VariantName = "[No Variations]"
Add component (AddParameter): Name = "Supplier Part Number 6"; Value = "CC0603KRX7R9BB222"; VariantName = "[No Variations]"
Add component (AddParameter): Name = "Symbol"; Value = "Capacitor NP"; VariantName = "[No Variations]"
Add component (AddParameter): Name = "Temperature Coefficient"; Value = "X7R"; VariantName = "[No Variations]"
Add component (AddParameter): Name = "Tolerance"; Value = "10%"; VariantName = "[No Variations]"
Add component (AddParameter): Name = "Type"; Value = "Ceramic"; VariantName = "[No Variations]"
Add component (AddParameter): Name = "Value"; Value = "2200pF"; VariantName = "[No Variations]"
Add component (AddParameter): Name = "Voltage"; Value = "50V"; VariantName = "[No Variations]"
Added Component: Designator=C109(CAP_C_0603)
Add component (AddParameter): Name = "BOM Notes"; Value = ""; VariantName = "[No Variations]"
Add component (AddParameter): Name = "Category"; Value = "Capacitor"; VariantName = "[No Variations]"
Add component (AddParameter): Name = "ComponentLink1Description"; Value = "SVN Datasheet"; VariantName = "[No Variations]"
Add component (AddParameter): Name = "ComponentLink1URL"; Value = "https://chn-vm-apps.microchip.com/mchprepo/parts/Datasheets/ECJ__General_.pdf"; VariantName = "[No Variations]"
Add component (AddParameter): Name = "ComponentLink2Description"; Value = "Local Datasheet"; VariantName = "[No Variations]"
Add component (AddParameter): Name = "ComponentLink2URL"; Value = "C:\ALTIUM_WORK\00001_MCHP-CDB\Datasheets\ECJ__General_.pdf"; VariantName = "[No Variations]"
Add component (AddParameter): Name = "ComponentLink3Description"; Value = "Open Symbol"; VariantName = "[No Variations]"
Add component (AddParameter): Name = "ComponentLink3URL"; Value = "C:\ALTIUM_WORK\00001_MCHP-CDB\Library\LibraryRefs\Capacitor NP.SchLib"; VariantName = "[No Variations]"
Add component (AddParameter): Name = "ComponentLink4Description"; Value = "Open Footprint"; VariantName = "[No Variations]"
Add component (AddParameter): Name = "ComponentLink4URL"; Value = "C:\ALTIUM_WORK\00001_MCHP-CDB\Library\Footprints\CAP_C_0603.PcbLib"; VariantName = "[No Variations]"
Add component (AddParameter): Name = "ComponentLink5Description"; Value = "Open Footprint 2"; VariantName = "[No Variations]"
Add component (AddParameter): Name = "ComponentLink6Description"; Value = "Open Footprint 3"; VariantName = "[No Variations]"
Add component (AddParameter): Name = "ComponentLink7Description"; Value = "Open Footprint 4"; VariantName = "[No Variations]"
Add component (AddParameter): Name = "Description_"; Value = "CAP CER 2200pF 50V 10% X7R SMD 0603"; VariantName = "[No Variations]"
Add component (AddParameter): Name = "Dev Tools Status"; Value = "Production"; VariantName = "[No Variations]"
Add component (AddParameter): Name = "Manufacturer 1"; Value = "KEMET"; VariantName = "[No Variations]"
Add component (AddParameter): Name = "Manufacturer 2"; Value = "Panasonic"; VariantName = "[No Variations]"
Add component (AddParameter): Name = "Manufacturer 3"; Value = "Panasonic"; VariantName = "[No Variations]"
Add component (AddParameter): Name = "Manufacturer 4"; Value = "TDK Corporation"; VariantName = "[No Variations]"
Add component (AddParameter): Name = "Manufacturer 5"; Value = "Samsung Electro-Mechanics"; VariantName = "[No Variations]"
Add component (AddParameter): Name = "Manufacturer 6"; Value = "Yageo"; VariantName = "[No Variations]"
Add component (AddParameter): Name = "Manufacturer Part Number 1"; Value = "C0603C222K5RACTU"; VariantName = "[No Variations]"
Add component (AddParameter): Name = "Manufacturer Part Number 2"; Value = "ECJ-1VB1H222K"; VariantName = "[No Variations]"
Add component (AddParameter): Name = "Manufacturer Part Number 3"; Value = "ECU-V1H222KBV"; VariantName = "[No Variations]"
Add component (AddParameter): Name = "Manufacturer Part Number 4"; Value = "C1608X7R1H222K"; VariantName = "[No Variations]"
Add component (AddParameter): Name = "Manufacturer Part Number 5"; Value = "CL10B222KB8NNNC"; VariantName = "[No Variations]"
Add component (AddParameter): Name = "Manufacturer Part Number 6"; Value = "CC0603KRX7R9BB222"; VariantName = "[No Variations]"
Add component (AddParameter): Name = "MCHP-ID"; Value = "CAP0120"; VariantName = "[No Variations]"
Add component (AddParameter): Name = "Operating Temperature"; Value = "-55C to +125C"; VariantName = "[No Variations]"
Add component (AddParameter): Name = "Package"; Value = "0603"; VariantName = "[No Variations]"
Add component (AddParameter): Name = "Populated"; Value = "Yes"; VariantName = "[No Variations]"
Add component (AddParameter): Name = "Quantity Override"; Value = "1"; VariantName = "[No Variations]"
Add component (AddParameter): Name = "Revision"; Value = "4"; VariantName = "[No Variations]"
Add component (AddParameter): Name = "Status"; Value = "MCL Design"; VariantName = "[No Variations]"
Add component (AddParameter): Name = "Supplier 1"; Value = "Digi-Key"; VariantName = "[No Variations]"
Add component (AddParameter): Name = "Supplier 2"; Value = "Digi-Key"; VariantName = "[No Variations]"
Add component (AddParameter): Name = "Supplier 3"; Value = "Digi-Key"; VariantName = "[No Variations]"
Add component (AddParameter): Name = "Supplier 4"; Value = "Digi-Key"; VariantName = "[No Variations]"
Add component (AddParameter): Name = "Supplier 5"; Value = "Samsung Electro-Mechanics"; VariantName = "[No Variations]"
Add component (AddParameter): Name = "Supplier 6"; Value = "Yageo"; VariantName = "[No Variations]"
Add component (AddParameter): Name = "Supplier Part Number 1"; Value = "399-1085-1-ND"; VariantName = "[No Variations]"
Add component (AddParameter): Name = "Supplier Part Number 2"; Value = "PCC1776TR-ND"; VariantName = "[No Variations]"
Add component (AddParameter): Name = "Supplier Part Number 3"; Value = "PCC222BVTR-ND"; VariantName = "[No Variations]"
Add component (AddParameter): Name = "Supplier Part Number 4"; Value = "445-1309-1-ND"; VariantName = "[No Variations]"
Add component (AddParameter): Name = "Supplier Part Number 5"; Value = "CL10B222KB8NNNC"; VariantName = "[No Variations]"
Add component (AddParameter): Name = "Supplier Part Number 6"; Value = "CC0603KRX7R9BB222"; VariantName = "[No Variations]"
Add component (AddParameter): Name = "Symbol"; Value = "Capacitor NP"; VariantName = "[No Variations]"
Add component (AddParameter): Name = "Temperature Coefficient"; Value = "X7R"; VariantName = "[No Variations]"
Add component (AddParameter): Name = "Tolerance"; Value = "10%"; VariantName = "[No Variations]"
Add component (AddParameter): Name = "Type"; Value = "Ceramic"; VariantName = "[No Variations]"
Add component (AddParameter): Name = "Value"; Value = "2200pF"; VariantName = "[No Variations]"
Add component (AddParameter): Name = "Voltage"; Value = "50V"; VariantName = "[No Variations]"
Added Component: Designator=C110(CAP_C_0603)
Add component (AddParameter): Name = "BOM Notes"; Value = ""; VariantName = "[No Variations]"
Add component (AddParameter): Name = "Category"; Value = "Capacitor"; VariantName = "[No Variations]"
Add component (AddParameter): Name = "ComponentLink1Description"; Value = "SVN Datasheet"; VariantName = "[No Variations]"
Add component (AddParameter): Name = "ComponentLink1URL"; Value = "https://chn-vm-apps.microchip.com/mchprepo/parts/Datasheets/ECJ__General_.pdf"; VariantName = "[No Variations]"
Add component (AddParameter): Name = "ComponentLink2Description"; Value = "Local Datasheet"; VariantName = "[No Variations]"
Add component (AddParameter): Name = "ComponentLink2URL"; Value = "C:\ALTIUM_WORK\00001_MCHP-CDB\Datasheets\ECJ__General_.pdf"; VariantName = "[No Variations]"
Add component (AddParameter): Name = "ComponentLink3Description"; Value = "Open Symbol"; VariantName = "[No Variations]"
Add component (AddParameter): Name = "ComponentLink3URL"; Value = "C:\ALTIUM_WORK\00001_MCHP-CDB\Library\LibraryRefs\Capacitor NP.SchLib"; VariantName = "[No Variations]"
Add component (AddParameter): Name = "ComponentLink4Description"; Value = "Open Footprint"; VariantName = "[No Variations]"
Add component (AddParameter): Name = "ComponentLink4URL"; Value = "C:\ALTIUM_WORK\00001_MCHP-CDB\Library\Footprints\CAP_C_0603.PcbLib"; VariantName = "[No Variations]"
Add component (AddParameter): Name = "ComponentLink5Description"; Value = "Open Footprint 2"; VariantName = "[No Variations]"
Add component (AddParameter): Name = "ComponentLink6Description"; Value = "Open Footprint 3"; VariantName = "[No Variations]"
Add component (AddParameter): Name = "ComponentLink7Description"; Value = "Open Footprint 4"; VariantName = "[No Variations]"
Add component (AddParameter): Name = "Description_"; Value = "CAP CER 2200pF 50V 10% X7R SMD 0603"; VariantName = "[No Variations]"
Add component (AddParameter): Name = "Dev Tools Status"; Value = "Production"; VariantName = "[No Variations]"
Add component (AddParameter): Name = "Manufacturer 1"; Value = "KEMET"; VariantName = "[No Variations]"
Add component (AddParameter): Name = "Manufacturer 2"; Value = "Panasonic"; VariantName = "[No Variations]"
Add component (AddParameter): Name = "Manufacturer 3"; Value = "Panasonic"; VariantName = "[No Variations]"
Add component (AddParameter): Name = "Manufacturer 4"; Value = "TDK Corporation"; VariantName = "[No Variations]"
Add component (AddParameter): Name = "Manufacturer 5"; Value = "Samsung Electro-Mechanics"; VariantName = "[No Variations]"
Add component (AddParameter): Name = "Manufacturer 6"; Value = "Yageo"; VariantName = "[No Variations]"
Add component (AddParameter): Name = "Manufacturer Part Number 1"; Value = "C0603C222K5RACTU"; VariantName = "[No Variations]"
Add component (AddParameter): Name = "Manufacturer Part Number 2"; Value = "ECJ-1VB1H222K"; VariantName = "[No Variations]"
Add component (AddParameter): Name = "Manufacturer Part Number 3"; Value = "ECU-V1H222KBV"; VariantName = "[No Variations]"
Add component (AddParameter): Name = "Manufacturer Part Number 4"; Value = "C1608X7R1H222K"; VariantName = "[No Variations]"
Add component (AddParameter): Name = "Manufacturer Part Number 5"; Value = "CL10B222KB8NNNC"; VariantName = "[No Variations]"
Add component (AddParameter): Name = "Manufacturer Part Number 6"; Value = "CC0603KRX7R9BB222"; VariantName = "[No Variations]"
Add component (AddParameter): Name = "MCHP-ID"; Value = "CAP0120"; VariantName = "[No Variations]"
Add component (AddParameter): Name = "Operating Temperature"; Value = "-55C to +125C"; VariantName = "[No Variations]"
Add component (AddParameter): Name = "Package"; Value = "0603"; VariantName = "[No Variations]"
Add component (AddParameter): Name = "Populated"; Value = "Yes"; VariantName = "[No Variations]"
Add component (AddParameter): Name = "Quantity Override"; Value = "1"; VariantName = "[No Variations]"
Add component (AddParameter): Name = "Revision"; Value = "4"; VariantName = "[No Variations]"
Add component (AddParameter): Name = "Status"; Value = "MCL Design"; VariantName = "[No Variations]"
Add component (AddParameter): Name = "Supplier 1"; Value = "Digi-Key"; VariantName = "[No Variations]"
Add component (AddParameter): Name = "Supplier 2"; Value = "Digi-Key"; VariantName = "[No Variations]"
Add component (AddParameter): Name = "Supplier 3"; Value = "Digi-Key"; VariantName = "[No Variations]"
Add component (AddParameter): Name = "Supplier 4"; Value = "Digi-Key"; VariantName = "[No Variations]"
Add component (AddParameter): Name = "Supplier 5"; Value = "Samsung Electro-Mechanics"; VariantName = "[No Variations]"
Add component (AddParameter): Name = "Supplier 6"; Value = "Yageo"; VariantName = "[No Variations]"
Add component (AddParameter): Name = "Supplier Part Number 1"; Value = "399-1085-1-ND"; VariantName = "[No Variations]"
Add component (AddParameter): Name = "Supplier Part Number 2"; Value = "PCC1776TR-ND"; VariantName = "[No Variations]"
Add component (AddParameter): Name = "Supplier Part Number 3"; Value = "PCC222BVTR-ND"; VariantName = "[No Variations]"
Add component (AddParameter): Name = "Supplier Part Number 4"; Value = "445-1309-1-ND"; VariantName = "[No Variations]"
Add component (AddParameter): Name = "Supplier Part Number 5"; Value = "CL10B222KB8NNNC"; VariantName = "[No Variations]"
Add component (AddParameter): Name = "Supplier Part Number 6"; Value = "CC0603KRX7R9BB222"; VariantName = "[No Variations]"
Add component (AddParameter): Name = "Symbol"; Value = "Capacitor NP"; VariantName = "[No Variations]"
Add component (AddParameter): Name = "Temperature Coefficient"; Value = "X7R"; VariantName = "[No Variations]"
Add component (AddParameter): Name = "Tolerance"; Value = "10%"; VariantName = "[No Variations]"
Add component (AddParameter): Name = "Type"; Value = "Ceramic"; VariantName = "[No Variations]"
Add component (AddParameter): Name = "Value"; Value = "2200pF"; VariantName = "[No Variations]"
Add component (AddParameter): Name = "Voltage"; Value = "50V"; VariantName = "[No Variations]"
Added Component: Designator=C111(CAP_C_0805)
Add component (AddParameter): Name = "BOM Notes"; Value = ""; VariantName = "[No Variations]"
Add component (AddParameter): Name = "Category"; Value = "Capacitor"; VariantName = "[No Variations]"
Add component (AddParameter): Name = "ComponentLink1Description"; Value = "SVN Datasheet"; VariantName = "[No Variations]"
Add component (AddParameter): Name = "ComponentLink1URL"; Value = "https://chn-vm-apps.microchip.com/mchprepo/parts/Datasheets/S0717E.pdf"; VariantName = "[No Variations]"
Add component (AddParameter): Name = "ComponentLink2Description"; Value = "Local Datasheet"; VariantName = "[No Variations]"
Add component (AddParameter): Name = "ComponentLink2URL"; Value = "C:\ALTIUM_WORK\00001_MCHP-CDB\Datasheets\S0717E.pdf"; VariantName = "[No Variations]"
Add component (AddParameter): Name = "ComponentLink3Description"; Value = "Open Symbol"; VariantName = "[No Variations]"
Add component (AddParameter): Name = "ComponentLink3URL"; Value = "C:\ALTIUM_WORK\00001_MCHP-CDB\Library\LibraryRefs\Capacitor NP.SchLib"; VariantName = "[No Variations]"
Add component (AddParameter): Name = "ComponentLink4Description"; Value = "Open Footprint"; VariantName = "[No Variations]"
Add component (AddParameter): Name = "ComponentLink4URL"; Value = "C:\ALTIUM_WORK\00001_MCHP-CDB\Library\Footprints\CAP_C_0805.PcbLib"; VariantName = "[No Variations]"
Add component (AddParameter): Name = "ComponentLink5Description"; Value = "Open Footprint 2"; VariantName = "[No Variations]"
Add component (AddParameter): Name = "ComponentLink6Description"; Value = "Open Footprint 3"; VariantName = "[No Variations]"
Add component (AddParameter): Name = "ComponentLink7Description"; Value = "Open Footprint 4"; VariantName = "[No Variations]"
Add component (AddParameter): Name = "Description_"; Value = "CAP CER 0.22uF 50V 10% X7R SMD 0805"; VariantName = "[No Variations]"
Add component (AddParameter): Name = "Dev Tools Status"; Value = "Production"; VariantName = "[No Variations]"
Add component (AddParameter): Name = "Manufacturer 1"; Value = "Murata"; VariantName = "[No Variations]"
Add component (AddParameter): Name = "Manufacturer Part Number 1"; Value = "GCM21BR71H224KA37L"; VariantName = "[No Variations]"
Add component (AddParameter): Name = "MCHP-ID"; Value = "CAP0526"; VariantName = "[No Variations]"
Add component (AddParameter): Name = "Operating Temperature"; Value = "-55C to +125C"; VariantName = "[No Variations]"
Add component (AddParameter): Name = "Package"; Value = "0805"; VariantName = "[No Variations]"
Add component (AddParameter): Name = "Populated"; Value = "Yes"; VariantName = "[No Variations]"
Add component (AddParameter): Name = "Quantity Override"; Value = "1"; VariantName = "[No Variations]"
Add component (AddParameter): Name = "Revision"; Value = "1"; VariantName = "[No Variations]"
Add component (AddParameter): Name = "Status"; Value = "MCL Design"; VariantName = "[No Variations]"
Add component (AddParameter): Name = "Supplier 1"; Value = "Digi-Key"; VariantName = "[No Variations]"
Add component (AddParameter): Name = "Supplier Part Number 1"; Value = "490-4970-1-ND"; VariantName = "[No Variations]"
Add component (AddParameter): Name = "Symbol"; Value = "Capacitor NP"; VariantName = "[No Variations]"
Add component (AddParameter): Name = "Temperature Coeffcient"; Value = "X7R"; VariantName = "[No Variations]"
Add component (AddParameter): Name = "Tolerance"; Value = "10%"; VariantName = "[No Variations]"
Add component (AddParameter): Name = "Type"; Value = "Ceramic"; VariantName = "[No Variations]"
Add component (AddParameter): Name = "Value"; Value = "0.22uF"; VariantName = "[No Variations]"
Add component (AddParameter): Name = "Voltage"; Value = "50V"; VariantName = "[No Variations]"
Added Component: Designator=C112(CAP_C_0805)
Add component (AddParameter): Name = "BOM Notes"; Value = ""; VariantName = "[No Variations]"
Add component (AddParameter): Name = "Category"; Value = "Capacitor"; VariantName = "[No Variations]"
Add component (AddParameter): Name = "ComponentLink1Description"; Value = "SVN Datasheet"; VariantName = "[No Variations]"
Add component (AddParameter): Name = "ComponentLink1URL"; Value = "https://chn-vm-apps.microchip.com/mchprepo/parts/Datasheets/S0717E.pdf"; VariantName = "[No Variations]"
Add component (AddParameter): Name = "ComponentLink2Description"; Value = "Local Datasheet"; VariantName = "[No Variations]"
Add component (AddParameter): Name = "ComponentLink2URL"; Value = "C:\ALTIUM_WORK\00001_MCHP-CDB\Datasheets\S0717E.pdf"; VariantName = "[No Variations]"
Add component (AddParameter): Name = "ComponentLink3Description"; Value = "Open Symbol"; VariantName = "[No Variations]"
Add component (AddParameter): Name = "ComponentLink3URL"; Value = "C:\ALTIUM_WORK\00001_MCHP-CDB\Library\LibraryRefs\Capacitor NP.SchLib"; VariantName = "[No Variations]"
Add component (AddParameter): Name = "ComponentLink4Description"; Value = "Open Footprint"; VariantName = "[No Variations]"
Add component (AddParameter): Name = "ComponentLink4URL"; Value = "C:\ALTIUM_WORK\00001_MCHP-CDB\Library\Footprints\CAP_C_0805.PcbLib"; VariantName = "[No Variations]"
Add component (AddParameter): Name = "ComponentLink5Description"; Value = "Open Footprint 2"; VariantName = "[No Variations]"
Add component (AddParameter): Name = "ComponentLink6Description"; Value = "Open Footprint 3"; VariantName = "[No Variations]"
Add component (AddParameter): Name = "ComponentLink7Description"; Value = "Open Footprint 4"; VariantName = "[No Variations]"
Add component (AddParameter): Name = "Description_"; Value = "CAP CER 0.22uF 50V 10% X7R SMD 0805"; VariantName = "[No Variations]"
Add component (AddParameter): Name = "Dev Tools Status"; Value = "Production"; VariantName = "[No Variations]"
Add component (AddParameter): Name = "Manufacturer 1"; Value = "Murata"; VariantName = "[No Variations]"
Add component (AddParameter): Name = "Manufacturer Part Number 1"; Value = "GCM21BR71H224KA37L"; VariantName = "[No Variations]"
Add component (AddParameter): Name = "MCHP-ID"; Value = "CAP0526"; VariantName = "[No Variations]"
Add component (AddParameter): Name = "Operating Temperature"; Value = "-55C to +125C"; VariantName = "[No Variations]"
Add component (AddParameter): Name = "Package"; Value = "0805"; VariantName = "[No Variations]"
Add component (AddParameter): Name = "Populated"; Value = "Yes"; VariantName = "[No Variations]"
Add component (AddParameter): Name = "Quantity Override"; Value = "1"; VariantName = "[No Variations]"
Add component (AddParameter): Name = "Revision"; Value = "1"; VariantName = "[No Variations]"
Add component (AddParameter): Name = "Status"; Value = "MCL Design"; VariantName = "[No Variations]"
Add component (AddParameter): Name = "Supplier 1"; Value = "Digi-Key"; VariantName = "[No Variations]"
Add component (AddParameter): Name = "Supplier Part Number 1"; Value = "490-4970-1-ND"; VariantName = "[No Variations]"
Add component (AddParameter): Name = "Symbol"; Value = "Capacitor NP"; VariantName = "[No Variations]"
Add component (AddParameter): Name = "Temperature Coeffcient"; Value = "X7R"; VariantName = "[No Variations]"
Add component (AddParameter): Name = "Tolerance"; Value = "10%"; VariantName = "[No Variations]"
Add component (AddParameter): Name = "Type"; Value = "Ceramic"; VariantName = "[No Variations]"
Add component (AddParameter): Name = "Value"; Value = "0.22uF"; VariantName = "[No Variations]"
Add component (AddParameter): Name = "Voltage"; Value = "50V"; VariantName = "[No Variations]"
Added Component: Designator=C113(CAP_C_0805)
Add component (AddParameter): Name = "BOM Notes"; Value = ""; VariantName = "[No Variations]"
Add component (AddParameter): Name = "Category"; Value = "Capacitor"; VariantName = "[No Variations]"
Add component (AddParameter): Name = "ComponentLink1Description"; Value = "SVN Datasheet"; VariantName = "[No Variations]"
Add component (AddParameter): Name = "ComponentLink1URL"; Value = "https://chn-vm-apps.microchip.com/mchprepo/parts/Datasheets/S0717E.pdf"; VariantName = "[No Variations]"
Add component (AddParameter): Name = "ComponentLink2Description"; Value = "Local Datasheet"; VariantName = "[No Variations]"
Add component (AddParameter): Name = "ComponentLink2URL"; Value = "C:\ALTIUM_WORK\00001_MCHP-CDB\Datasheets\S0717E.pdf"; VariantName = "[No Variations]"
Add component (AddParameter): Name = "ComponentLink3Description"; Value = "Open Symbol"; VariantName = "[No Variations]"
Add component (AddParameter): Name = "ComponentLink3URL"; Value = "C:\ALTIUM_WORK\00001_MCHP-CDB\Library\LibraryRefs\Capacitor NP.SchLib"; VariantName = "[No Variations]"
Add component (AddParameter): Name = "ComponentLink4Description"; Value = "Open Footprint"; VariantName = "[No Variations]"
Add component (AddParameter): Name = "ComponentLink4URL"; Value = "C:\ALTIUM_WORK\00001_MCHP-CDB\Library\Footprints\CAP_C_0805.PcbLib"; VariantName = "[No Variations]"
Add component (AddParameter): Name = "ComponentLink5Description"; Value = "Open Footprint 2"; VariantName = "[No Variations]"
Add component (AddParameter): Name = "ComponentLink6Description"; Value = "Open Footprint 3"; VariantName = "[No Variations]"
Add component (AddParameter): Name = "ComponentLink7Description"; Value = "Open Footprint 4"; VariantName = "[No Variations]"
Add component (AddParameter): Name = "Description_"; Value = "CAP CER 0.22uF 50V 10% X7R SMD 0805"; VariantName = "[No Variations]"
Add component (AddParameter): Name = "Dev Tools Status"; Value = "Production"; VariantName = "[No Variations]"
Add component (AddParameter): Name = "Manufacturer 1"; Value = "Murata"; VariantName = "[No Variations]"
Add component (AddParameter): Name = "Manufacturer Part Number 1"; Value = "GCM21BR71H224KA37L"; VariantName = "[No Variations]"
Add component (AddParameter): Name = "MCHP-ID"; Value = "CAP0526"; VariantName = "[No Variations]"
Add component (AddParameter): Name = "Operating Temperature"; Value = "-55C to +125C"; VariantName = "[No Variations]"
Add component (AddParameter): Name = "Package"; Value = "0805"; VariantName = "[No Variations]"
Add component (AddParameter): Name = "Populated"; Value = "Yes"; VariantName = "[No Variations]"
Add component (AddParameter): Name = "Quantity Override"; Value = "1"; VariantName = "[No Variations]"
Add component (AddParameter): Name = "Revision"; Value = "1"; VariantName = "[No Variations]"
Add component (AddParameter): Name = "Status"; Value = "MCL Design"; VariantName = "[No Variations]"
Add component (AddParameter): Name = "Supplier 1"; Value = "Digi-Key"; VariantName = "[No Variations]"
Add component (AddParameter): Name = "Supplier Part Number 1"; Value = "490-4970-1-ND"; VariantName = "[No Variations]"
Add component (AddParameter): Name = "Symbol"; Value = "Capacitor NP"; VariantName = "[No Variations]"
Add component (AddParameter): Name = "Temperature Coeffcient"; Value = "X7R"; VariantName = "[No Variations]"
Add component (AddParameter): Name = "Tolerance"; Value = "10%"; VariantName = "[No Variations]"
Add component (AddParameter): Name = "Type"; Value = "Ceramic"; VariantName = "[No Variations]"
Add component (AddParameter): Name = "Value"; Value = "0.22uF"; VariantName = "[No Variations]"
Add component (AddParameter): Name = "Voltage"; Value = "50V"; VariantName = "[No Variations]"
Added Component: Designator=C118(CAP_C_0603)
Add component (AddParameter): Name = "Category"; Value = "Capacitor"; VariantName = "[No Variations]"
Add component (AddParameter): Name = "ComponentLink1Description"; Value = "SVN Datasheet"; VariantName = "[No Variations]"
Add component (AddParameter): Name = "ComponentLink1URL"; Value = "https://chn-vm-apps.microchip.com/mchprepo/parts/Datasheets/nmc2.pdf"; VariantName = "[No Variations]"
Add component (AddParameter): Name = "ComponentLink2Description"; Value = "Local Datasheet"; VariantName = "[No Variations]"
Add component (AddParameter): Name = "ComponentLink2URL"; Value = "C:\ALTIUM_WORK\00001_MCHP-CDB\Datasheets\nmc2.pdf"; VariantName = "[No Variations]"
Add component (AddParameter): Name = "ComponentLink3Description"; Value = "Open Symbol"; VariantName = "[No Variations]"
Add component (AddParameter): Name = "ComponentLink3URL"; Value = "C:\ALTIUM_WORK\00001_MCHP-CDB\Library\LibraryRefs\Capacitor NP.SchLib"; VariantName = "[No Variations]"
Add component (AddParameter): Name = "ComponentLink4Description"; Value = "Open Footprint"; VariantName = "[No Variations]"
Add component (AddParameter): Name = "ComponentLink4URL"; Value = "C:\ALTIUM_WORK\00001_MCHP-CDB\Library\Footprints\CAP_C_0603.PcbLib"; VariantName = "[No Variations]"
Add component (AddParameter): Name = "ComponentLink5Description"; Value = "Open Footprint 2"; VariantName = "[No Variations]"
Add component (AddParameter): Name = "ComponentLink6Description"; Value = "Open Footprint 3"; VariantName = "[No Variations]"
Add component (AddParameter): Name = "ComponentLink7Description"; Value = "Open Footprint 4"; VariantName = "[No Variations]"
Add component (AddParameter): Name = "Description_"; Value = "CAP CER 0.1uF 16V 10% X7R SMD 0603"; VariantName = "[No Variations]"
Add component (AddParameter): Name = "Dev Tools Status"; Value = "Production"; VariantName = "[No Variations]"
Add component (AddParameter): Name = "Manufacturer 1"; Value = "Taiyo Yuden"; VariantName = "[No Variations]"
Add component (AddParameter): Name = "Manufacturer 2"; Value = "Wurth Electronics Inc"; VariantName = "[No Variations]"
Add component (AddParameter): Name = "Manufacturer 3"; Value = "Samsung"; VariantName = "[No Variations]"
Add component (AddParameter): Name = "Manufacturer 4"; Value = "AVX"; VariantName = "[No Variations]"
Add component (AddParameter): Name = "Manufacturer 5"; Value = "Murata"; VariantName = "[No Variations]"
Add component (AddParameter): Name = "Manufacturer 6"; Value = "Yageo"; VariantName = "[No Variations]"
Add component (AddParameter): Name = "Manufacturer 7"; Value = "Taiyo Yuden"; VariantName = "[No Variations]"
Add component (AddParameter): Name = "Manufacturer 8"; Value = "Murata Electronics North America"; VariantName = "[No Variations]"
Add component (AddParameter): Name = "Manufacturer Part Number 1"; Value = "EMK107B7104KA-T"; VariantName = "[No Variations]"
Add component (AddParameter): Name = "Manufacturer Part Number 2"; Value = "885012206046"; VariantName = "[No Variations]"
Add component (AddParameter): Name = "Manufacturer Part Number 3"; Value = "CL10B104KO8NNNC"; VariantName = "[No Variations]"
Add component (AddParameter): Name = "Manufacturer Part Number 4"; Value = "0603YC104KAT2A"; VariantName = "[No Variations]"
Add component (AddParameter): Name = "Manufacturer Part Number 5"; Value = "GRM188R71C104KA01D"; VariantName = "[No Variations]"
Add component (AddParameter): Name = "Manufacturer Part Number 6"; Value = "CC0603KRX7R7BB104"; VariantName = "[No Variations]"
Add component (AddParameter): Name = "Manufacturer Part Number 7"; Value = "EMK107B7104KA-T"; VariantName = "[No Variations]"
Add component (AddParameter): Name = "Manufacturer Part Number 8"; Value = "GCM188R71C104KA37D"; VariantName = "[No Variations]"
Add component (AddParameter): Name = "MCHP-ID"; Value = "CAP0011"; VariantName = "[No Variations]"
Add component (AddParameter): Name = "Operating Temperature"; Value = "-55C to +125C"; VariantName = "[No Variations]"
Add component (AddParameter): Name = "Owner"; Value = "Cristian Papuc"; VariantName = "[No Variations]"
Add component (AddParameter): Name = "Package"; Value = "0603"; VariantName = "[No Variations]"
Add component (AddParameter): Name = "Populated"; Value = "YES"; VariantName = "[No Variations]"
Add component (AddParameter): Name = "Quantity Override"; Value = "1"; VariantName = "[No Variations]"
Add component (AddParameter): Name = "Revision"; Value = "3"; VariantName = "[No Variations]"
Add component (AddParameter): Name = "Status"; Value = "MCL Design"; VariantName = "[No Variations]"
Add component (AddParameter): Name = "Supplier 1"; Value = "Digi-Key"; VariantName = "[No Variations]"
Add component (AddParameter): Name = "Supplier 2"; Value = "Digi-Key"; VariantName = "[No Variations]"
Add component (AddParameter): Name = "Supplier 3"; Value = "Digi-Key"; VariantName = "[No Variations]"
Add component (AddParameter): Name = "Supplier 4"; Value = "Digi-Key"; VariantName = "[No Variations]"
Add component (AddParameter): Name = "Supplier 5"; Value = "Digi-Key"; VariantName = "[No Variations]"
Add component (AddParameter): Name = "Supplier 6"; Value = "Digi-Key"; VariantName = "[No Variations]"
Add component (AddParameter): Name = "Supplier 7"; Value = "Newark"; VariantName = "[No Variations]"
Add component (AddParameter): Name = "Supplier 8"; Value = "Digi-Key"; VariantName = "[No Variations]"
Add component (AddParameter): Name = "Supplier Part Number 1"; Value = "587-1240-1-ND"; VariantName = "[No Variations]"
Add component (AddParameter): Name = "Supplier Part Number 2"; Value = "732-7965-1-ND"; VariantName = "[No Variations]"
Add component (AddParameter): Name = "Supplier Part Number 3"; Value = "1276-1005-1-ND"; VariantName = "[No Variations]"
Add component (AddParameter): Name = "Supplier Part Number 4"; Value = "478-1239-1-ND"; VariantName = "[No Variations]"
Add component (AddParameter): Name = "Supplier Part Number 5"; Value = "490-1532-1-ND"; VariantName = "[No Variations]"
Add component (AddParameter): Name = "Supplier Part Number 6"; Value = "311-1088-1-ND"; VariantName = "[No Variations]"
Add component (AddParameter): Name = "Supplier Part Number 7"; Value = "86H5248"; VariantName = "[No Variations]"
Add component (AddParameter): Name = "Supplier Part Number 8"; Value = "490-4774-1-ND"; VariantName = "[No Variations]"
Add component (AddParameter): Name = "Symbol"; Value = "Capacitor NP"; VariantName = "[No Variations]"
Add component (AddParameter): Name = "Temperature Coeffcient"; Value = "X7R"; VariantName = "[No Variations]"
Add component (AddParameter): Name = "Tolerance"; Value = "10%"; VariantName = "[No Variations]"
Add component (AddParameter): Name = "Type"; Value = "Ceramic"; VariantName = "[No Variations]"
Add component (AddParameter): Name = "Value"; Value = "0.1uF"; VariantName = "[No Variations]"
Add component (AddParameter): Name = "Voltage"; Value = "16V"; VariantName = "[No Variations]"
Added Component: Designator=C121(CAP_C_0603)
Add component (AddParameter): Name = "BOM Notes"; Value = ""; VariantName = "[No Variations]"
Add component (AddParameter): Name = "Category"; Value = "Capacitor"; VariantName = "[No Variations]"
Add component (AddParameter): Name = "ComponentLink1Description"; Value = "SVN Datasheet"; VariantName = "[No Variations]"
Add component (AddParameter): Name = "ComponentLink1URL"; Value = "https://chn-vm-apps.microchip.com/mchprepo/parts/Datasheets/KEM_C1003_C0G_SMD.pdf"; VariantName = "[No Variations]"
Add component (AddParameter): Name = "ComponentLink2Description"; Value = "Local Datasheet"; VariantName = "[No Variations]"
Add component (AddParameter): Name = "ComponentLink2URL"; Value = "C:\ALTIUM_WORK\00001_MCHP-CDB\Datasheets\KEM_C1003_C0G_SMD.pdf"; VariantName = "[No Variations]"
Add component (AddParameter): Name = "ComponentLink3Description"; Value = "Open Symbol"; VariantName = "[No Variations]"
Add component (AddParameter): Name = "ComponentLink3URL"; Value = "C:\ALTIUM_WORK\00001_MCHP-CDB\Library\LibraryRefs\Capacitor NP.SchLib"; VariantName = "[No Variations]"
Add component (AddParameter): Name = "ComponentLink4Description"; Value = "Open Footprint"; VariantName = "[No Variations]"
Add component (AddParameter): Name = "ComponentLink4URL"; Value = "C:\ALTIUM_WORK\00001_MCHP-CDB\Library\Footprints\CAP_C_0603.PcbLib"; VariantName = "[No Variations]"
Add component (AddParameter): Name = "ComponentLink5Description"; Value = "Open Footprint 2"; VariantName = "[No Variations]"
Add component (AddParameter): Name = "ComponentLink6Description"; Value = "Open Footprint 3"; VariantName = "[No Variations]"
Add component (AddParameter): Name = "ComponentLink7Description"; Value = "Open Footprint 4"; VariantName = "[No Variations]"
Add component (AddParameter): Name = "Description_"; Value = "CAP CER 100pF 100V 5% C0G SMD 0603"; VariantName = "[No Variations]"
Add component (AddParameter): Name = "Dev Tools Status"; Value = "Production"; VariantName = "[No Variations]"
Add component (AddParameter): Name = "Manufacturer 1"; Value = "KEMET"; VariantName = "[No Variations]"
Add component (AddParameter): Name = "Manufacturer Part Number 1"; Value = "C0603C101J1GACTU"; VariantName = "[No Variations]"
Add component (AddParameter): Name = "MCHP-ID"; Value = "CAP1112"; VariantName = "[No Variations]"
Add component (AddParameter): Name = "Operating Temperature"; Value = "-55C to +125C"; VariantName = "[No Variations]"
Add component (AddParameter): Name = "Owner"; Value = "Mihai T(M91442)"; VariantName = "[No Variations]"
Add component (AddParameter): Name = "Package"; Value = "0603"; VariantName = "[No Variations]"
Add component (AddParameter): Name = "Populated"; Value = "DNP"; VariantName = "[No Variations]"
Add component (AddParameter): Name = "Quantity Override"; Value = "1"; VariantName = "[No Variations]"
Add component (AddParameter): Name = "Revision"; Value = "0"; VariantName = "[No Variations]"
Add component (AddParameter): Name = "Status"; Value = "MCL Design"; VariantName = "[No Variations]"
Add component (AddParameter): Name = "Supplier 1"; Value = "Digi-Key"; VariantName = "[No Variations]"
Add component (AddParameter): Name = "Supplier 2"; Value = "Farnell"; VariantName = "[No Variations]"
Add component (AddParameter): Name = "Supplier Part Number 1"; Value = "399-7821-1-ND"; VariantName = "[No Variations]"
Add component (AddParameter): Name = "Supplier Part Number 2"; Value = "1414602"; VariantName = "[No Variations]"
Add component (AddParameter): Name = "Symbol"; Value = "Capacitor NP"; VariantName = "[No Variations]"
Add component (AddParameter): Name = "Temperature Coefficient"; Value = "C0G, NP0"; VariantName = "[No Variations]"
Add component (AddParameter): Name = "Tolerance"; Value = "5%"; VariantName = "[No Variations]"
Add component (AddParameter): Name = "Type"; Value = "Ceramic"; VariantName = "[No Variations]"
Add component (AddParameter): Name = "Value"; Value = "100pF"; VariantName = "[No Variations]"
Add component (AddParameter): Name = "Voltage"; Value = "100V"; VariantName = "[No Variations]"
Added Component: Designator=C123(CAP_C_1206)
Add component (AddParameter): Name = "BOM Notes"; Value = ""; VariantName = "[No Variations]"
Add component (AddParameter): Name = "Category"; Value = "Capacitor"; VariantName = "[No Variations]"
Add component (AddParameter): Name = "ComponentLink1Description"; Value = "SVN Datasheet"; VariantName = "[No Variations]"
Add component (AddParameter): Name = "ComponentLink1URL"; Value = "https://chn-vm-apps.microchip.com/mchprepo/parts/Datasheets/KEM_C1002_X7R_SMD.pdf"; VariantName = "[No Variations]"
Add component (AddParameter): Name = "ComponentLink2Description"; Value = "Local Datasheet"; VariantName = "[No Variations]"
Add component (AddParameter): Name = "ComponentLink2URL"; Value = "C:\ALTIUM_WORK\00001_MCHP-CDB\Datasheets\KEM_C1002_X7R_SMD.pdf"; VariantName = "[No Variations]"
Add component (AddParameter): Name = "ComponentLink3Description"; Value = "Open Symbol"; VariantName = "[No Variations]"
Add component (AddParameter): Name = "ComponentLink3URL"; Value = "C:\ALTIUM_WORK\00001_MCHP-CDB\Library\LibraryRefs\Capacitor NP.SchLib"; VariantName = "[No Variations]"
Add component (AddParameter): Name = "ComponentLink4Description"; Value = "Open Footprint"; VariantName = "[No Variations]"
Add component (AddParameter): Name = "ComponentLink4URL"; Value = "C:\ALTIUM_WORK\00001_MCHP-CDB\Library\Footprints\CAP_C_1206.PcbLib"; VariantName = "[No Variations]"
Add component (AddParameter): Name = "ComponentLink5Description"; Value = "Open Footprint 2"; VariantName = "[No Variations]"
Add component (AddParameter): Name = "ComponentLink6Description"; Value = "Open Footprint 3"; VariantName = "[No Variations]"
Add component (AddParameter): Name = "ComponentLink7Description"; Value = "Open Footprint 4"; VariantName = "[No Variations]"
Add component (AddParameter): Name = "Description_"; Value = "CAP CER 1uF 50V 10% X7R SMD 1206"; VariantName = "[No Variations]"
Add component (AddParameter): Name = "Dev Tools Status"; Value = "Design"; VariantName = "[No Variations]"
Add component (AddParameter): Name = "Manufacturer 1"; Value = "KEMET"; VariantName = "[No Variations]"
Add component (AddParameter): Name = "Manufacturer Part Number 1"; Value = "C1206C105K5RACTU"; VariantName = "[No Variations]"
Add component (AddParameter): Name = "MCHP-ID"; Value = "CAP2602"; VariantName = "[No Variations]"
Add component (AddParameter): Name = "Operating Temperature"; Value = "-55C to +125C"; VariantName = "[No Variations]"
Add component (AddParameter): Name = "Owner"; Value = "Narasimha Murthy"; VariantName = "[No Variations]"
Add component (AddParameter): Name = "Package"; Value = "1206"; VariantName = "[No Variations]"
Add component (AddParameter): Name = "Populated"; Value = "YES"; VariantName = "[No Variations]"
Add component (AddParameter): Name = "Quantity Override"; Value = "1"; VariantName = "[No Variations]"
Add component (AddParameter): Name = "Revision"; Value = "1"; VariantName = "[No Variations]"
Add component (AddParameter): Name = "Status"; Value = "MCL Design"; VariantName = "[No Variations]"
Add component (AddParameter): Name = "Supplier 1"; Value = "Digi-Key"; VariantName = "[No Variations]"
Add component (AddParameter): Name = "Supplier Part Number 1"; Value = "399-8147-1-ND"; VariantName = "[No Variations]"
Add component (AddParameter): Name = "Symbol"; Value = "Capacitor NP"; VariantName = "[No Variations]"
Add component (AddParameter): Name = "Temperature Coefficient"; Value = "X7R"; VariantName = "[No Variations]"
Add component (AddParameter): Name = "Tolerance"; Value = "10%"; VariantName = "[No Variations]"
Add component (AddParameter): Name = "Type"; Value = "Ceramic"; VariantName = "[No Variations]"
Add component (AddParameter): Name = "Value"; Value = "1uF"; VariantName = "[No Variations]"
Add component (AddParameter): Name = "Voltage"; Value = "50V"; VariantName = "[No Variations]"
Added Component: Designator=C124(CAP_C_0603)
Add component (AddParameter): Name = "BOM Notes"; Value = ""; VariantName = "[No Variations]"
Add component (AddParameter): Name = "Category"; Value = "Capacitor"; VariantName = "[No Variations]"
Add component (AddParameter): Name = "ComponentLink1Description"; Value = "SVN Datasheet"; VariantName = "[No Variations]"
Add component (AddParameter): Name = "ComponentLink2Description"; Value = "Local Datasheet"; VariantName = "[No Variations]"
Add component (AddParameter): Name = "ComponentLink3Description"; Value = "Open Symbol"; VariantName = "[No Variations]"
Add component (AddParameter): Name = "ComponentLink3URL"; Value = "C:\ALTIUM_WORK\00001_MCHP-CDB\Library\LibraryRefs\Capacitor NP.SchLib"; VariantName = "[No Variations]"
Add component (AddParameter): Name = "ComponentLink4Description"; Value = "Open Footprint"; VariantName = "[No Variations]"
Add component (AddParameter): Name = "ComponentLink4URL"; Value = "C:\ALTIUM_WORK\00001_MCHP-CDB\Library\Footprints\CAP_C_0603.PcbLib"; VariantName = "[No Variations]"
Add component (AddParameter): Name = "ComponentLink5Description"; Value = "Open Footprint 2"; VariantName = "[No Variations]"
Add component (AddParameter): Name = "ComponentLink6Description"; Value = "Open Footprint 3"; VariantName = "[No Variations]"
Add component (AddParameter): Name = "ComponentLink7Description"; Value = "Open Footprint 4"; VariantName = "[No Variations]"
Add component (AddParameter): Name = "Description_"; Value = "CAP CER 0.1uF 50V 10% X7R SMD 0603"; VariantName = "[No Variations]"
Add component (AddParameter): Name = "Dev Tools Status"; Value = "Production"; VariantName = "[No Variations]"
Add component (AddParameter): Name = "Manufacturer 1"; Value = "Yageo"; VariantName = "[No Variations]"
Add component (AddParameter): Name = "Manufacturer Part Number 1"; Value = "CC0603KRX7R9BB104"; VariantName = "[No Variations]"
Add component (AddParameter): Name = "MCHP-ID"; Value = "CAP2033"; VariantName = "[No Variations]"
Add component (AddParameter): Name = "Operating Temperature"; Value = "-55°C ~ 125°C"; VariantName = "[No Variations]"
Add component (AddParameter): Name = "Owner"; Value = "Jose Garcia"; VariantName = "[No Variations]"
Add component (AddParameter): Name = "Package"; Value = "0603"; VariantName = "[No Variations]"
Add component (AddParameter): Name = "Populated"; Value = "YES"; VariantName = "[No Variations]"
Add component (AddParameter): Name = "Quantity Override"; Value = "1"; VariantName = "[No Variations]"
Add component (AddParameter): Name = "Revision"; Value = "1"; VariantName = "[No Variations]"
Add component (AddParameter): Name = "Status"; Value = "MCL Design"; VariantName = "[No Variations]"
Add component (AddParameter): Name = "Supplier 1"; Value = "Digi-Key"; VariantName = "[No Variations]"
Add component (AddParameter): Name = "Supplier Part Number 1"; Value = "311-1344-1-ND"; VariantName = "[No Variations]"
Add component (AddParameter): Name = "Symbol"; Value = "Capacitor NP"; VariantName = "[No Variations]"
Add component (AddParameter): Name = "Temperature Coefficient"; Value = "X7R"; VariantName = "[No Variations]"
Add component (AddParameter): Name = "Tolerance"; Value = "±10%"; VariantName = "[No Variations]"
Add component (AddParameter): Name = "Type"; Value = "Ceramic"; VariantName = "[No Variations]"
Add component (AddParameter): Name = "Value"; Value = "0.1uF"; VariantName = "[No Variations]"
Add component (AddParameter): Name = "Voltage"; Value = "50V"; VariantName = "[No Variations]"
Added Component: Designator=D1(SOD-323)
Add component (AddParameter): Name = "BOM Notes"; Value = ""; VariantName = "[No Variations]"
Add component (AddParameter): Name = "Category"; Value = "Diode"; VariantName = "[No Variations]"
Add component (AddParameter): Name = "ComponentLink1Description"; Value = "SVN Datasheet"; VariantName = "[No Variations]"
Add component (AddParameter): Name = "ComponentLink1URL"; Value = "https://chn-vm-apps.microchip.com/mchprepo/parts/Datasheets/ds30097.pdf"; VariantName = "[No Variations]"
Add component (AddParameter): Name = "ComponentLink2Description"; Value = "Local Datasheet"; VariantName = "[No Variations]"
Add component (AddParameter): Name = "ComponentLink2URL"; Value = "C:\ALTIUM_WORK\00001_MCHP-CDB\Datasheets\ds30097.pdf"; VariantName = "[No Variations]"
Add component (AddParameter): Name = "ComponentLink3Description"; Value = "Open Symbol"; VariantName = "[No Variations]"
Add component (AddParameter): Name = "ComponentLink3URL"; Value = "C:\ALTIUM_WORK\00001_MCHP-CDB\Library\LibraryRefs\Diode Single.SchLib"; VariantName = "[No Variations]"
Add component (AddParameter): Name = "ComponentLink4Description"; Value = "Open Footprint"; VariantName = "[No Variations]"
Add component (AddParameter): Name = "ComponentLink4URL"; Value = "C:\ALTIUM_WORK\00001_MCHP-CDB\Library\Footprints\SOD-323.PcbLib"; VariantName = "[No Variations]"
Add component (AddParameter): Name = "ComponentLink5Description"; Value = "Open Footprint 2"; VariantName = "[No Variations]"
Add component (AddParameter): Name = "ComponentLink6Description"; Value = "Open Footprint 3"; VariantName = "[No Variations]"
Add component (AddParameter): Name = "ComponentLink7Description"; Value = "Open Footprint 4"; VariantName = "[No Variations]"
Add component (AddParameter): Name = "Description_"; Value = "DIO RECT 1N4148 855mV 300mA 75V SOD-323"; VariantName = "[No Variations]"
Add component (AddParameter): Name = "Dev Tools Status"; Value = "Production"; VariantName = "[No Variations]"
Add component (AddParameter): Name = "Forward Current"; Value = "300mA"; VariantName = "[No Variations]"
Add component (AddParameter): Name = "Manufacturer 1"; Value = "Diodes Incorporated"; VariantName = "[No Variations]"
Add component (AddParameter): Name = "Manufacturer 2"; Value = "Diodes Incorporated"; VariantName = "[No Variations]"
Add component (AddParameter): Name = "Manufacturer Part Number 1"; Value = "1N4148WS-7-F"; VariantName = "[No Variations]"
Add component (AddParameter): Name = "Manufacturer Part Number 2"; Value = "1N4148WS-7"; VariantName = "[No Variations]"
Add component (AddParameter): Name = "MCHP-ID"; Value = "DIODE0096"; VariantName = "[No Variations]"
Add component (AddParameter): Name = "Operating Temperature"; Value = "-65C to +150C"; VariantName = "[No Variations]"
Add component (AddParameter): Name = "Package"; Value = "SOD-323"; VariantName = "[No Variations]"
Add component (AddParameter): Name = "Populated"; Value = "Yes"; VariantName = "[No Variations]"
Add component (AddParameter): Name = "Power"; Value = "200mW"; VariantName = "[No Variations]"
Add component (AddParameter): Name = "Quantity Override"; Value = "1"; VariantName = "[No Variations]"
Add component (AddParameter): Name = "Reverse Current"; Value = "50uA"; VariantName = "[No Variations]"
Add component (AddParameter): Name = "Reverse Voltage"; Value = "75V"; VariantName = "[No Variations]"
Add component (AddParameter): Name = "Revision"; Value = "1"; VariantName = "[No Variations]"
Add component (AddParameter): Name = "Status"; Value = "MCL Design"; VariantName = "[No Variations]"
Add component (AddParameter): Name = "Supplier 1"; Value = "Digi-Key"; VariantName = "[No Variations]"
Add component (AddParameter): Name = "Supplier 2"; Value = "Digi-Key"; VariantName = "[No Variations]"
Add component (AddParameter): Name = "Supplier Part Number 1"; Value = "1N4148WS-FDICT-ND"; VariantName = "[No Variations]"
Add component (AddParameter): Name = "Supplier Part Number 2"; Value = "1N4148WSDITR-ND"; VariantName = "[No Variations]"
Add component (AddParameter): Name = "Symbol"; Value = "Diode Single"; VariantName = "[No Variations]"
Add component (AddParameter): Name = "Type"; Value = "Rectifier Single"; VariantName = "[No Variations]"
Add component (AddParameter): Name = "Value"; Value = "1N4148"; VariantName = "[No Variations]"
Add Component: Footprint Not Found DO-P600, Axial
Added Component: Designator=D3(SOD-123)
Add component (AddParameter): Name = "BOM Notes"; Value = ""; VariantName = "[No Variations]"
Add component (AddParameter): Name = "Category"; Value = "Diode"; VariantName = "[No Variations]"
Add component (AddParameter): Name = "ComponentLink1Description"; Value = "SVN Datasheet"; VariantName = "[No Variations]"
Add component (AddParameter): Name = "ComponentLink1URL"; Value = "https://chn-vm-apps.microchip.com/mchprepo/parts/Datasheets/PMEG4010CEH_PMEG4010CEJ.pdf"; VariantName = "[No Variations]"
Add component (AddParameter): Name = "ComponentLink2Description"; Value = "Local Datasheet"; VariantName = "[No Variations]"
Add component (AddParameter): Name = "ComponentLink2URL"; Value = "C:\ALTIUM_WORK\00001_MCHP-CDB\Datasheets\PMEG4010CEH_PMEG4010CEJ.pdf"; VariantName = "[No Variations]"
Add component (AddParameter): Name = "ComponentLink3Description"; Value = "Open Symbol"; VariantName = "[No Variations]"
Add component (AddParameter): Name = "ComponentLink3URL"; Value = "C:\ALTIUM_WORK\00001_MCHP-CDB\Library\LibraryRefs\Diode Schottky.SchLib"; VariantName = "[No Variations]"
Add component (AddParameter): Name = "ComponentLink4Description"; Value = "Open Footprint"; VariantName = "[No Variations]"
Add component (AddParameter): Name = "ComponentLink4URL"; Value = "C:\ALTIUM_WORK\00001_MCHP-CDB\Library\Footprints\SOD-123.PcbLib"; VariantName = "[No Variations]"
Add component (AddParameter): Name = "ComponentLink5Description"; Value = "Open Footprint 2"; VariantName = "[No Variations]"
Add component (AddParameter): Name = "ComponentLink6Description"; Value = "Open Footprint 3"; VariantName = "[No Variations]"
Add component (AddParameter): Name = "ComponentLink7Description"; Value = "Open Footprint 4"; VariantName = "[No Variations]"
Add component (AddParameter): Name = "Description_"; Value = "DIO SCTKY PMEG4010CEH,115 40V 1A SOD-123F"; VariantName = "[No Variations]"
Add component (AddParameter): Name = "Dev Tools Status"; Value = "Design"; VariantName = "[No Variations]"
Add component (AddParameter): Name = "Forward Current"; Value = "1A"; VariantName = "[No Variations]"
Add component (AddParameter): Name = "Manufacturer 1"; Value = "Nexperia USA Inc."; VariantName = "[No Variations]"
Add component (AddParameter): Name = "Manufacturer Part Number 1"; Value = "PMEG4010CEH,115"; VariantName = "[No Variations]"
Add component (AddParameter): Name = "MCHP-ID"; Value = "DIODE1743"; VariantName = "[No Variations]"
Add component (AddParameter): Name = "Owner"; Value = "Narasimha Murthy"; VariantName = "[No Variations]"
Add component (AddParameter): Name = "Package"; Value = "SOD-123"; VariantName = "[No Variations]"
Add component (AddParameter): Name = "Populated"; Value = "YES"; VariantName = "[No Variations]"
Add component (AddParameter): Name = "Quantity Override"; Value = "1"; VariantName = "[No Variations]"
Add component (AddParameter): Name = "Reverse Current"; Value = "50µA"; VariantName = "[No Variations]"
Add component (AddParameter): Name = "Reverse Voltage"; Value = "40V"; VariantName = "[No Variations]"
Add component (AddParameter): Name = "Revision"; Value = "1"; VariantName = "[No Variations]"
Add component (AddParameter): Name = "Status"; Value = "MCL Design"; VariantName = "[No Variations]"
Add component (AddParameter): Name = "Supplier 1"; Value = "Digi-Key"; VariantName = "[No Variations]"
Add component (AddParameter): Name = "Supplier Part Number 1"; Value = "1727-3846-1-ND"; VariantName = "[No Variations]"
Add component (AddParameter): Name = "Symbol"; Value = "Diode Schottky"; VariantName = "[No Variations]"
Add component (AddParameter): Name = "Type"; Value = "Schottky Single"; VariantName = "[No Variations]"
Add component (AddParameter): Name = "Value"; Value = "PMEG4010CEH,115"; VariantName = "[No Variations]"
Added Component: Designator=D9(SOT-23-3)
Add component (AddParameter): Name = "Category"; Value = "Diode"; VariantName = "[No Variations]"
Add component (AddParameter): Name = "ComponentLink1Description"; Value = "SVN Datasheet"; VariantName = "[No Variations]"
Add component (AddParameter): Name = "ComponentLink1URL"; Value = "https://chn-vm-apps.microchip.com/mchprepo/parts/Datasheets/bas40v.pdf"; VariantName = "[No Variations]"
Add component (AddParameter): Name = "ComponentLink2Description"; Value = "Local Datasheet"; VariantName = "[No Variations]"
Add component (AddParameter): Name = "ComponentLink2URL"; Value = "C:\ALTIUM_WORK\00001_MCHP-CDB\Datasheets\bas40v.pdf"; VariantName = "[No Variations]"
Add component (AddParameter): Name = "ComponentLink3Description"; Value = "Open Symbol"; VariantName = "[No Variations]"
Add component (AddParameter): Name = "ComponentLink3URL"; Value = "C:\ALTIUM_WORK\00001_MCHP-CDB\Library\LibraryRefs\Diode Schottky DUAL AK.SchLib"; VariantName = "[No Variations]"
Add component (AddParameter): Name = "ComponentLink4Description"; Value = "Open Footprint"; VariantName = "[No Variations]"
Add component (AddParameter): Name = "ComponentLink4URL"; Value = "C:\ALTIUM_WORK\00001_MCHP-CDB\Library\Footprints\SOT-23-3.PcbLib"; VariantName = "[No Variations]"
Add component (AddParameter): Name = "ComponentLink5Description"; Value = "Open Footprint 2"; VariantName = "[No Variations]"
Add component (AddParameter): Name = "ComponentLink6Description"; Value = "Open Footprint 3"; VariantName = "[No Variations]"
Add component (AddParameter): Name = "ComponentLink7Description"; Value = "Open Footprint 4"; VariantName = "[No Variations]"
Add component (AddParameter): Name = "Description_"; Value = "DIO SCTKYARR BAS40-04 1V 200mA 40V SOT-23-3"; VariantName = "[No Variations]"
Add component (AddParameter): Name = "Dev Tools Status"; Value = "Production"; VariantName = "[No Variations]"
Add component (AddParameter): Name = "Forward Current"; Value = "200mA"; VariantName = "[No Variations]"
Add component (AddParameter): Name = "Manufacturer 1"; Value = "Vishay Semiconductor Diodes Division"; VariantName = "[No Variations]"
Add component (AddParameter): Name = "Manufacturer Part Number 1"; Value = "BAS40-04-E3-08"; VariantName = "[No Variations]"
Add component (AddParameter): Name = "MCHP-ID"; Value = "DIODE1074"; VariantName = "[No Variations]"
Add component (AddParameter): Name = "Operating Temperature"; Value = "-65C to +125C"; VariantName = "[No Variations]"
Add component (AddParameter): Name = "Owner"; Value = "Stephen Humberd"; VariantName = "[No Variations]"
Add component (AddParameter): Name = "Package"; Value = "SOT-23-3"; VariantName = "[No Variations]"
Add component (AddParameter): Name = "Populated"; Value = "YES"; VariantName = "[No Variations]"
Add component (AddParameter): Name = "Power"; Value = "200mW"; VariantName = "[No Variations]"
Add component (AddParameter): Name = "Quantity Override"; Value = "1"; VariantName = "[No Variations]"
Add component (AddParameter): Name = "Reverse Current"; Value = "100nA"; VariantName = "[No Variations]"
Add component (AddParameter): Name = "Reverse Voltage"; Value = "40V"; VariantName = "[No Variations]"
Add component (AddParameter): Name = "Revision"; Value = "A"; VariantName = "[No Variations]"
Add component (AddParameter): Name = "Status"; Value = "MCL Design"; VariantName = "[No Variations]"
Add component (AddParameter): Name = "Supplier 1"; Value = "Digi-Key"; VariantName = "[No Variations]"
Add component (AddParameter): Name = "Supplier Part Number 1"; Value = "BAS40-04-E3-08CT-ND"; VariantName = "[No Variations]"
Add component (AddParameter): Name = "Symbol"; Value = "Diode Schottky DUAL AK"; VariantName = "[No Variations]"
Add component (AddParameter): Name = "Type"; Value = "Schottky Array"; VariantName = "[No Variations]"
Add component (AddParameter): Name = "Value"; Value = "BAS40-04"; VariantName = "[No Variations]"
Added Component: Designator=D10(SOT-23-3)
Add component (AddParameter): Name = "Category"; Value = "Diode"; VariantName = "[No Variations]"
Add component (AddParameter): Name = "ComponentLink1Description"; Value = "SVN Datasheet"; VariantName = "[No Variations]"
Add component (AddParameter): Name = "ComponentLink1URL"; Value = "https://chn-vm-apps.microchip.com/mchprepo/parts/Datasheets/bas40v.pdf"; VariantName = "[No Variations]"
Add component (AddParameter): Name = "ComponentLink2Description"; Value = "Local Datasheet"; VariantName = "[No Variations]"
Add component (AddParameter): Name = "ComponentLink2URL"; Value = "C:\ALTIUM_WORK\00001_MCHP-CDB\Datasheets\bas40v.pdf"; VariantName = "[No Variations]"
Add component (AddParameter): Name = "ComponentLink3Description"; Value = "Open Symbol"; VariantName = "[No Variations]"
Add component (AddParameter): Name = "ComponentLink3URL"; Value = "C:\ALTIUM_WORK\00001_MCHP-CDB\Library\LibraryRefs\Diode Schottky DUAL AK.SchLib"; VariantName = "[No Variations]"
Add component (AddParameter): Name = "ComponentLink4Description"; Value = "Open Footprint"; VariantName = "[No Variations]"
Add component (AddParameter): Name = "ComponentLink4URL"; Value = "C:\ALTIUM_WORK\00001_MCHP-CDB\Library\Footprints\SOT-23-3.PcbLib"; VariantName = "[No Variations]"
Add component (AddParameter): Name = "ComponentLink5Description"; Value = "Open Footprint 2"; VariantName = "[No Variations]"
Add component (AddParameter): Name = "ComponentLink6Description"; Value = "Open Footprint 3"; VariantName = "[No Variations]"
Add component (AddParameter): Name = "ComponentLink7Description"; Value = "Open Footprint 4"; VariantName = "[No Variations]"
Add component (AddParameter): Name = "Description_"; Value = "DIO SCTKYARR BAS40-04 1V 200mA 40V SOT-23-3"; VariantName = "[No Variations]"
Add component (AddParameter): Name = "Dev Tools Status"; Value = "Production"; VariantName = "[No Variations]"
Add component (AddParameter): Name = "Forward Current"; Value = "200mA"; VariantName = "[No Variations]"
Add component (AddParameter): Name = "Manufacturer 1"; Value = "Vishay Semiconductor Diodes Division"; VariantName = "[No Variations]"
Add component (AddParameter): Name = "Manufacturer Part Number 1"; Value = "BAS40-04-E3-08"; VariantName = "[No Variations]"
Add component (AddParameter): Name = "MCHP-ID"; Value = "DIODE1074"; VariantName = "[No Variations]"
Add component (AddParameter): Name = "Operating Temperature"; Value = "-65C to +125C"; VariantName = "[No Variations]"
Add component (AddParameter): Name = "Owner"; Value = "Stephen Humberd"; VariantName = "[No Variations]"
Add component (AddParameter): Name = "Package"; Value = "SOT-23-3"; VariantName = "[No Variations]"
Add component (AddParameter): Name = "Populated"; Value = "YES"; VariantName = "[No Variations]"
Add component (AddParameter): Name = "Power"; Value = "200mW"; VariantName = "[No Variations]"
Add component (AddParameter): Name = "Quantity Override"; Value = "1"; VariantName = "[No Variations]"
Add component (AddParameter): Name = "Reverse Current"; Value = "100nA"; VariantName = "[No Variations]"
Add component (AddParameter): Name = "Reverse Voltage"; Value = "40V"; VariantName = "[No Variations]"
Add component (AddParameter): Name = "Revision"; Value = "A"; VariantName = "[No Variations]"
Add component (AddParameter): Name = "Status"; Value = "MCL Design"; VariantName = "[No Variations]"
Add component (AddParameter): Name = "Supplier 1"; Value = "Digi-Key"; VariantName = "[No Variations]"
Add component (AddParameter): Name = "Supplier Part Number 1"; Value = "BAS40-04-E3-08CT-ND"; VariantName = "[No Variations]"
Add component (AddParameter): Name = "Symbol"; Value = "Diode Schottky DUAL AK"; VariantName = "[No Variations]"
Add component (AddParameter): Name = "Type"; Value = "Schottky Array"; VariantName = "[No Variations]"
Add component (AddParameter): Name = "Value"; Value = "BAS40-04"; VariantName = "[No Variations]"
Added Component: Designator=D11(SOT-23-3)
Add component (AddParameter): Name = "Category"; Value = "Diode"; VariantName = "[No Variations]"
Add component (AddParameter): Name = "ComponentLink1Description"; Value = "SVN Datasheet"; VariantName = "[No Variations]"
Add component (AddParameter): Name = "ComponentLink1URL"; Value = "https://chn-vm-apps.microchip.com/mchprepo/parts/Datasheets/bas40v.pdf"; VariantName = "[No Variations]"
Add component (AddParameter): Name = "ComponentLink2Description"; Value = "Local Datasheet"; VariantName = "[No Variations]"
Add component (AddParameter): Name = "ComponentLink2URL"; Value = "C:\ALTIUM_WORK\00001_MCHP-CDB\Datasheets\bas40v.pdf"; VariantName = "[No Variations]"
Add component (AddParameter): Name = "ComponentLink3Description"; Value = "Open Symbol"; VariantName = "[No Variations]"
Add component (AddParameter): Name = "ComponentLink3URL"; Value = "C:\ALTIUM_WORK\00001_MCHP-CDB\Library\LibraryRefs\Diode Schottky DUAL AK.SchLib"; VariantName = "[No Variations]"
Add component (AddParameter): Name = "ComponentLink4Description"; Value = "Open Footprint"; VariantName = "[No Variations]"
Add component (AddParameter): Name = "ComponentLink4URL"; Value = "C:\ALTIUM_WORK\00001_MCHP-CDB\Library\Footprints\SOT-23-3.PcbLib"; VariantName = "[No Variations]"
Add component (AddParameter): Name = "ComponentLink5Description"; Value = "Open Footprint 2"; VariantName = "[No Variations]"
Add component (AddParameter): Name = "ComponentLink6Description"; Value = "Open Footprint 3"; VariantName = "[No Variations]"
Add component (AddParameter): Name = "ComponentLink7Description"; Value = "Open Footprint 4"; VariantName = "[No Variations]"
Add component (AddParameter): Name = "Description_"; Value = "DIO SCTKYARR BAS40-04 1V 200mA 40V SOT-23-3"; VariantName = "[No Variations]"
Add component (AddParameter): Name = "Dev Tools Status"; Value = "Production"; VariantName = "[No Variations]"
Add component (AddParameter): Name = "Forward Current"; Value = "200mA"; VariantName = "[No Variations]"
Add component (AddParameter): Name = "Manufacturer 1"; Value = "Vishay Semiconductor Diodes Division"; VariantName = "[No Variations]"
Add component (AddParameter): Name = "Manufacturer Part Number 1"; Value = "BAS40-04-E3-08"; VariantName = "[No Variations]"
Add component (AddParameter): Name = "MCHP-ID"; Value = "DIODE1074"; VariantName = "[No Variations]"
Add component (AddParameter): Name = "Operating Temperature"; Value = "-65C to +125C"; VariantName = "[No Variations]"
Add component (AddParameter): Name = "Owner"; Value = "Stephen Humberd"; VariantName = "[No Variations]"
Add component (AddParameter): Name = "Package"; Value = "SOT-23-3"; VariantName = "[No Variations]"
Add component (AddParameter): Name = "Populated"; Value = "YES"; VariantName = "[No Variations]"
Add component (AddParameter): Name = "Power"; Value = "200mW"; VariantName = "[No Variations]"
Add component (AddParameter): Name = "Quantity Override"; Value = "1"; VariantName = "[No Variations]"
Add component (AddParameter): Name = "Reverse Current"; Value = "100nA"; VariantName = "[No Variations]"
Add component (AddParameter): Name = "Reverse Voltage"; Value = "40V"; VariantName = "[No Variations]"
Add component (AddParameter): Name = "Revision"; Value = "A"; VariantName = "[No Variations]"
Add component (AddParameter): Name = "Status"; Value = "MCL Design"; VariantName = "[No Variations]"
Add component (AddParameter): Name = "Supplier 1"; Value = "Digi-Key"; VariantName = "[No Variations]"
Add component (AddParameter): Name = "Supplier Part Number 1"; Value = "BAS40-04-E3-08CT-ND"; VariantName = "[No Variations]"
Add component (AddParameter): Name = "Symbol"; Value = "Diode Schottky DUAL AK"; VariantName = "[No Variations]"
Add component (AddParameter): Name = "Type"; Value = "Schottky Array"; VariantName = "[No Variations]"
Add component (AddParameter): Name = "Value"; Value = "BAS40-04"; VariantName = "[No Variations]"
Added Component: Designator=D12(SOT-23-3)
Add component (AddParameter): Name = "Category"; Value = "Diode"; VariantName = "[No Variations]"
Add component (AddParameter): Name = "ComponentLink1Description"; Value = "SVN Datasheet"; VariantName = "[No Variations]"
Add component (AddParameter): Name = "ComponentLink1URL"; Value = "https://chn-vm-apps.microchip.com/mchprepo/parts/Datasheets/bas40v.pdf"; VariantName = "[No Variations]"
Add component (AddParameter): Name = "ComponentLink2Description"; Value = "Local Datasheet"; VariantName = "[No Variations]"
Add component (AddParameter): Name = "ComponentLink2URL"; Value = "C:\ALTIUM_WORK\00001_MCHP-CDB\Datasheets\bas40v.pdf"; VariantName = "[No Variations]"
Add component (AddParameter): Name = "ComponentLink3Description"; Value = "Open Symbol"; VariantName = "[No Variations]"
Add component (AddParameter): Name = "ComponentLink3URL"; Value = "C:\ALTIUM_WORK\00001_MCHP-CDB\Library\LibraryRefs\Diode Schottky DUAL AK.SchLib"; VariantName = "[No Variations]"
Add component (AddParameter): Name = "ComponentLink4Description"; Value = "Open Footprint"; VariantName = "[No Variations]"
Add component (AddParameter): Name = "ComponentLink4URL"; Value = "C:\ALTIUM_WORK\00001_MCHP-CDB\Library\Footprints\SOT-23-3.PcbLib"; VariantName = "[No Variations]"
Add component (AddParameter): Name = "ComponentLink5Description"; Value = "Open Footprint 2"; VariantName = "[No Variations]"
Add component (AddParameter): Name = "ComponentLink6Description"; Value = "Open Footprint 3"; VariantName = "[No Variations]"
Add component (AddParameter): Name = "ComponentLink7Description"; Value = "Open Footprint 4"; VariantName = "[No Variations]"
Add component (AddParameter): Name = "Description_"; Value = "DIO SCTKYARR BAS40-04 1V 200mA 40V SOT-23-3"; VariantName = "[No Variations]"
Add component (AddParameter): Name = "Dev Tools Status"; Value = "Production"; VariantName = "[No Variations]"
Add component (AddParameter): Name = "Forward Current"; Value = "200mA"; VariantName = "[No Variations]"
Add component (AddParameter): Name = "Manufacturer 1"; Value = "Vishay Semiconductor Diodes Division"; VariantName = "[No Variations]"
Add component (AddParameter): Name = "Manufacturer Part Number 1"; Value = "BAS40-04-E3-08"; VariantName = "[No Variations]"
Add component (AddParameter): Name = "MCHP-ID"; Value = "DIODE1074"; VariantName = "[No Variations]"
Add component (AddParameter): Name = "Operating Temperature"; Value = "-65C to +125C"; VariantName = "[No Variations]"
Add component (AddParameter): Name = "Owner"; Value = "Stephen Humberd"; VariantName = "[No Variations]"
Add component (AddParameter): Name = "Package"; Value = "SOT-23-3"; VariantName = "[No Variations]"
Add component (AddParameter): Name = "Populated"; Value = "YES"; VariantName = "[No Variations]"
Add component (AddParameter): Name = "Power"; Value = "200mW"; VariantName = "[No Variations]"
Add component (AddParameter): Name = "Quantity Override"; Value = "1"; VariantName = "[No Variations]"
Add component (AddParameter): Name = "Reverse Current"; Value = "100nA"; VariantName = "[No Variations]"
Add component (AddParameter): Name = "Reverse Voltage"; Value = "40V"; VariantName = "[No Variations]"
Add component (AddParameter): Name = "Revision"; Value = "A"; VariantName = "[No Variations]"
Add component (AddParameter): Name = "Status"; Value = "MCL Design"; VariantName = "[No Variations]"
Add component (AddParameter): Name = "Supplier 1"; Value = "Digi-Key"; VariantName = "[No Variations]"
Add component (AddParameter): Name = "Supplier Part Number 1"; Value = "BAS40-04-E3-08CT-ND"; VariantName = "[No Variations]"
Add component (AddParameter): Name = "Symbol"; Value = "Diode Schottky DUAL AK"; VariantName = "[No Variations]"
Add component (AddParameter): Name = "Type"; Value = "Schottky Array"; VariantName = "[No Variations]"
Add component (AddParameter): Name = "Value"; Value = "BAS40-04"; VariantName = "[No Variations]"
Added Component: Designator=D13(SOD-323)
Add component (AddParameter): Name = "BOM Notes"; Value = ""; VariantName = "[No Variations]"
Add component (AddParameter): Name = "Category"; Value = "Diode"; VariantName = "[No Variations]"
Add component (AddParameter): Name = "ComponentLink1Description"; Value = "SVN Datasheet"; VariantName = "[No Variations]"
Add component (AddParameter): Name = "ComponentLink1URL"; Value = "https://chn-vm-apps.microchip.com/mchprepo/parts/Datasheets/ds30097.pdf"; VariantName = "[No Variations]"
Add component (AddParameter): Name = "ComponentLink2Description"; Value = "Local Datasheet"; VariantName = "[No Variations]"
Add component (AddParameter): Name = "ComponentLink2URL"; Value = "C:\ALTIUM_WORK\00001_MCHP-CDB\Datasheets\ds30097.pdf"; VariantName = "[No Variations]"
Add component (AddParameter): Name = "ComponentLink3Description"; Value = "Open Symbol"; VariantName = "[No Variations]"
Add component (AddParameter): Name = "ComponentLink3URL"; Value = "C:\ALTIUM_WORK\00001_MCHP-CDB\Library\LibraryRefs\Diode Single.SchLib"; VariantName = "[No Variations]"
Add component (AddParameter): Name = "ComponentLink4Description"; Value = "Open Footprint"; VariantName = "[No Variations]"
Add component (AddParameter): Name = "ComponentLink4URL"; Value = "C:\ALTIUM_WORK\00001_MCHP-CDB\Library\Footprints\SOD-323.PcbLib"; VariantName = "[No Variations]"
Add component (AddParameter): Name = "ComponentLink5Description"; Value = "Open Footprint 2"; VariantName = "[No Variations]"
Add component (AddParameter): Name = "ComponentLink6Description"; Value = "Open Footprint 3"; VariantName = "[No Variations]"
Add component (AddParameter): Name = "ComponentLink7Description"; Value = "Open Footprint 4"; VariantName = "[No Variations]"
Add component (AddParameter): Name = "Description_"; Value = "DIO RECT 1N4148 855mV 300mA 75V SOD-323"; VariantName = "[No Variations]"
Add component (AddParameter): Name = "Dev Tools Status"; Value = "Production"; VariantName = "[No Variations]"
Add component (AddParameter): Name = "Forward Current"; Value = "300mA"; VariantName = "[No Variations]"
Add component (AddParameter): Name = "Manufacturer 1"; Value = "Diodes Incorporated"; VariantName = "[No Variations]"
Add component (AddParameter): Name = "Manufacturer 2"; Value = "Diodes Incorporated"; VariantName = "[No Variations]"
Add component (AddParameter): Name = "Manufacturer Part Number 1"; Value = "1N4148WS-7-F"; VariantName = "[No Variations]"
Add component (AddParameter): Name = "Manufacturer Part Number 2"; Value = "1N4148WS-7"; VariantName = "[No Variations]"
Add component (AddParameter): Name = "MCHP-ID"; Value = "DIODE0096"; VariantName = "[No Variations]"
Add component (AddParameter): Name = "Operating Temperature"; Value = "-65C to +150C"; VariantName = "[No Variations]"
Add component (AddParameter): Name = "Package"; Value = "SOD-323"; VariantName = "[No Variations]"
Add component (AddParameter): Name = "Populated"; Value = "DNP"; VariantName = "[No Variations]"
Add component (AddParameter): Name = "Power"; Value = "200mW"; VariantName = "[No Variations]"
Add component (AddParameter): Name = "Quantity Override"; Value = "1"; VariantName = "[No Variations]"
Add component (AddParameter): Name = "Reverse Current"; Value = "50uA"; VariantName = "[No Variations]"
Add component (AddParameter): Name = "Reverse Voltage"; Value = "75V"; VariantName = "[No Variations]"
Add component (AddParameter): Name = "Revision"; Value = "1"; VariantName = "[No Variations]"
Add component (AddParameter): Name = "Status"; Value = "MCL Design"; VariantName = "[No Variations]"
Add component (AddParameter): Name = "Supplier 1"; Value = "Digi-Key"; VariantName = "[No Variations]"
Add component (AddParameter): Name = "Supplier 2"; Value = "Digi-Key"; VariantName = "[No Variations]"
Add component (AddParameter): Name = "Supplier Part Number 1"; Value = "1N4148WS-FDICT-ND"; VariantName = "[No Variations]"
Add component (AddParameter): Name = "Supplier Part Number 2"; Value = "1N4148WSDITR-ND"; VariantName = "[No Variations]"
Add component (AddParameter): Name = "Symbol"; Value = "Diode Single"; VariantName = "[No Variations]"
Add component (AddParameter): Name = "Type"; Value = "Rectifier Single"; VariantName = "[No Variations]"
Add component (AddParameter): Name = "Value"; Value = "1N4148"; VariantName = "[No Variations]"
Added Component: Designator=D14(SOD-323)
Add component (AddParameter): Name = "BOM Notes"; Value = ""; VariantName = "[No Variations]"
Add component (AddParameter): Name = "Category"; Value = "Diode"; VariantName = "[No Variations]"
Add component (AddParameter): Name = "ComponentLink1Description"; Value = "SVN Datasheet"; VariantName = "[No Variations]"
Add component (AddParameter): Name = "ComponentLink1URL"; Value = "https://chn-vm-apps.microchip.com/mchprepo/parts/Datasheets/ds30097.pdf"; VariantName = "[No Variations]"
Add component (AddParameter): Name = "ComponentLink2Description"; Value = "Local Datasheet"; VariantName = "[No Variations]"
Add component (AddParameter): Name = "ComponentLink2URL"; Value = "C:\ALTIUM_WORK\00001_MCHP-CDB\Datasheets\ds30097.pdf"; VariantName = "[No Variations]"
Add component (AddParameter): Name = "ComponentLink3Description"; Value = "Open Symbol"; VariantName = "[No Variations]"
Add component (AddParameter): Name = "ComponentLink3URL"; Value = "C:\ALTIUM_WORK\00001_MCHP-CDB\Library\LibraryRefs\Diode Single.SchLib"; VariantName = "[No Variations]"
Add component (AddParameter): Name = "ComponentLink4Description"; Value = "Open Footprint"; VariantName = "[No Variations]"
Add component (AddParameter): Name = "ComponentLink4URL"; Value = "C:\ALTIUM_WORK\00001_MCHP-CDB\Library\Footprints\SOD-323.PcbLib"; VariantName = "[No Variations]"
Add component (AddParameter): Name = "ComponentLink5Description"; Value = "Open Footprint 2"; VariantName = "[No Variations]"
Add component (AddParameter): Name = "ComponentLink6Description"; Value = "Open Footprint 3"; VariantName = "[No Variations]"
Add component (AddParameter): Name = "ComponentLink7Description"; Value = "Open Footprint 4"; VariantName = "[No Variations]"
Add component (AddParameter): Name = "Description_"; Value = "DIO RECT 1N4148 855mV 300mA 75V SOD-323"; VariantName = "[No Variations]"
Add component (AddParameter): Name = "Dev Tools Status"; Value = "Production"; VariantName = "[No Variations]"
Add component (AddParameter): Name = "Forward Current"; Value = "300mA"; VariantName = "[No Variations]"
Add component (AddParameter): Name = "Manufacturer 1"; Value = "Diodes Incorporated"; VariantName = "[No Variations]"
Add component (AddParameter): Name = "Manufacturer 2"; Value = "Diodes Incorporated"; VariantName = "[No Variations]"
Add component (AddParameter): Name = "Manufacturer Part Number 1"; Value = "1N4148WS-7-F"; VariantName = "[No Variations]"
Add component (AddParameter): Name = "Manufacturer Part Number 2"; Value = "1N4148WS-7"; VariantName = "[No Variations]"
Add component (AddParameter): Name = "MCHP-ID"; Value = "DIODE0096"; VariantName = "[No Variations]"
Add component (AddParameter): Name = "Operating Temperature"; Value = "-65C to +150C"; VariantName = "[No Variations]"
Add component (AddParameter): Name = "Package"; Value = "SOD-323"; VariantName = "[No Variations]"
Add component (AddParameter): Name = "Populated"; Value = "DNP"; VariantName = "[No Variations]"
Add component (AddParameter): Name = "Power"; Value = "200mW"; VariantName = "[No Variations]"
Add component (AddParameter): Name = "Quantity Override"; Value = "1"; VariantName = "[No Variations]"
Add component (AddParameter): Name = "Reverse Current"; Value = "50uA"; VariantName = "[No Variations]"
Add component (AddParameter): Name = "Reverse Voltage"; Value = "75V"; VariantName = "[No Variations]"
Add component (AddParameter): Name = "Revision"; Value = "1"; VariantName = "[No Variations]"
Add component (AddParameter): Name = "Status"; Value = "MCL Design"; VariantName = "[No Variations]"
Add component (AddParameter): Name = "Supplier 1"; Value = "Digi-Key"; VariantName = "[No Variations]"
Add component (AddParameter): Name = "Supplier 2"; Value = "Digi-Key"; VariantName = "[No Variations]"
Add component (AddParameter): Name = "Supplier Part Number 1"; Value = "1N4148WS-FDICT-ND"; VariantName = "[No Variations]"
Add component (AddParameter): Name = "Supplier Part Number 2"; Value = "1N4148WSDITR-ND"; VariantName = "[No Variations]"
Add component (AddParameter): Name = "Symbol"; Value = "Diode Single"; VariantName = "[No Variations]"
Add component (AddParameter): Name = "Type"; Value = "Rectifier Single"; VariantName = "[No Variations]"
Add component (AddParameter): Name = "Value"; Value = "1N4148"; VariantName = "[No Variations]"
Added Component: Designator=D15(SOD-123)
Add component (AddParameter): Name = "BOM Notes"; Value = ""; VariantName = "[No Variations]"
Add component (AddParameter): Name = "Category"; Value = "Diode"; VariantName = "[No Variations]"
Add component (AddParameter): Name = "ComponentLink1Description"; Value = "SVN Datasheet"; VariantName = "[No Variations]"
Add component (AddParameter): Name = "ComponentLink1URL"; Value = "https://chn-vm-apps.microchip.com/mchprepo/parts/Datasheets/PMEG4010CEH_PMEG4010CEJ.pdf"; VariantName = "[No Variations]"
Add component (AddParameter): Name = "ComponentLink2Description"; Value = "Local Datasheet"; VariantName = "[No Variations]"
Add component (AddParameter): Name = "ComponentLink2URL"; Value = "C:\ALTIUM_WORK\00001_MCHP-CDB\Datasheets\PMEG4010CEH_PMEG4010CEJ.pdf"; VariantName = "[No Variations]"
Add component (AddParameter): Name = "ComponentLink3Description"; Value = "Open Symbol"; VariantName = "[No Variations]"
Add component (AddParameter): Name = "ComponentLink3URL"; Value = "C:\ALTIUM_WORK\00001_MCHP-CDB\Library\LibraryRefs\Diode Schottky.SchLib"; VariantName = "[No Variations]"
Add component (AddParameter): Name = "ComponentLink4Description"; Value = "Open Footprint"; VariantName = "[No Variations]"
Add component (AddParameter): Name = "ComponentLink4URL"; Value = "C:\ALTIUM_WORK\00001_MCHP-CDB\Library\Footprints\SOD-123.PcbLib"; VariantName = "[No Variations]"
Add component (AddParameter): Name = "ComponentLink5Description"; Value = "Open Footprint 2"; VariantName = "[No Variations]"
Add component (AddParameter): Name = "ComponentLink6Description"; Value = "Open Footprint 3"; VariantName = "[No Variations]"
Add component (AddParameter): Name = "ComponentLink7Description"; Value = "Open Footprint 4"; VariantName = "[No Variations]"
Add component (AddParameter): Name = "Description_"; Value = "DIO SCTKY PMEG4010CEH,115 40V 1A SOD-123F"; VariantName = "[No Variations]"
Add component (AddParameter): Name = "Dev Tools Status"; Value = "Design"; VariantName = "[No Variations]"
Add component (AddParameter): Name = "Forward Current"; Value = "1A"; VariantName = "[No Variations]"
Add component (AddParameter): Name = "Manufacturer 1"; Value = "Nexperia USA Inc."; VariantName = "[No Variations]"
Add component (AddParameter): Name = "Manufacturer Part Number 1"; Value = "PMEG4010CEH,115"; VariantName = "[No Variations]"
Add component (AddParameter): Name = "MCHP-ID"; Value = "DIODE1743"; VariantName = "[No Variations]"
Add component (AddParameter): Name = "Owner"; Value = "Narasimha Murthy"; VariantName = "[No Variations]"
Add component (AddParameter): Name = "Package"; Value = "SOD-123"; VariantName = "[No Variations]"
Add component (AddParameter): Name = "Populated"; Value = "YES"; VariantName = "[No Variations]"
Add component (AddParameter): Name = "Quantity Override"; Value = "1"; VariantName = "[No Variations]"
Add component (AddParameter): Name = "Reverse Current"; Value = "50µA"; VariantName = "[No Variations]"
Add component (AddParameter): Name = "Reverse Voltage"; Value = "40V"; VariantName = "[No Variations]"
Add component (AddParameter): Name = "Revision"; Value = "1"; VariantName = "[No Variations]"
Add component (AddParameter): Name = "Status"; Value = "MCL Design"; VariantName = "[No Variations]"
Add component (AddParameter): Name = "Supplier 1"; Value = "Digi-Key"; VariantName = "[No Variations]"
Add component (AddParameter): Name = "Supplier Part Number 1"; Value = "1727-3846-1-ND"; VariantName = "[No Variations]"
Add component (AddParameter): Name = "Symbol"; Value = "Diode Schottky"; VariantName = "[No Variations]"
Add component (AddParameter): Name = "Type"; Value = "Schottky Single"; VariantName = "[No Variations]"
Add component (AddParameter): Name = "Value"; Value = "PMEG4010CEH,115"; VariantName = "[No Variations]"
Added Component: Designator=D16(SOD-123)
Add component (AddParameter): Name = "BOM Notes"; Value = ""; VariantName = "[No Variations]"
Add component (AddParameter): Name = "Category"; Value = "Diode"; VariantName = "[No Variations]"
Add component (AddParameter): Name = "ComponentLink1Description"; Value = "SVN Datasheet"; VariantName = "[No Variations]"
Add component (AddParameter): Name = "ComponentLink1URL"; Value = "https://chn-vm-apps.microchip.com/mchprepo/parts/Datasheets/PMEG4010CEH_PMEG4010CEJ.pdf"; VariantName = "[No Variations]"
Add component (AddParameter): Name = "ComponentLink2Description"; Value = "Local Datasheet"; VariantName = "[No Variations]"
Add component (AddParameter): Name = "ComponentLink2URL"; Value = "C:\ALTIUM_WORK\00001_MCHP-CDB\Datasheets\PMEG4010CEH_PMEG4010CEJ.pdf"; VariantName = "[No Variations]"
Add component (AddParameter): Name = "ComponentLink3Description"; Value = "Open Symbol"; VariantName = "[No Variations]"
Add component (AddParameter): Name = "ComponentLink3URL"; Value = "C:\ALTIUM_WORK\00001_MCHP-CDB\Library\LibraryRefs\Diode Schottky.SchLib"; VariantName = "[No Variations]"
Add component (AddParameter): Name = "ComponentLink4Description"; Value = "Open Footprint"; VariantName = "[No Variations]"
Add component (AddParameter): Name = "ComponentLink4URL"; Value = "C:\ALTIUM_WORK\00001_MCHP-CDB\Library\Footprints\SOD-123.PcbLib"; VariantName = "[No Variations]"
Add component (AddParameter): Name = "ComponentLink5Description"; Value = "Open Footprint 2"; VariantName = "[No Variations]"
Add component (AddParameter): Name = "ComponentLink6Description"; Value = "Open Footprint 3"; VariantName = "[No Variations]"
Add component (AddParameter): Name = "ComponentLink7Description"; Value = "Open Footprint 4"; VariantName = "[No Variations]"
Add component (AddParameter): Name = "Description_"; Value = "DIO SCTKY PMEG4010CEH,115 40V 1A SOD-123F"; VariantName = "[No Variations]"
Add component (AddParameter): Name = "Dev Tools Status"; Value = "Design"; VariantName = "[No Variations]"
Add component (AddParameter): Name = "Forward Current"; Value = "1A"; VariantName = "[No Variations]"
Add component (AddParameter): Name = "Manufacturer 1"; Value = "Nexperia USA Inc."; VariantName = "[No Variations]"
Add component (AddParameter): Name = "Manufacturer Part Number 1"; Value = "PMEG4010CEH,115"; VariantName = "[No Variations]"
Add component (AddParameter): Name = "MCHP-ID"; Value = "DIODE1743"; VariantName = "[No Variations]"
Add component (AddParameter): Name = "Owner"; Value = "Narasimha Murthy"; VariantName = "[No Variations]"
Add component (AddParameter): Name = "Package"; Value = "SOD-123"; VariantName = "[No Variations]"
Add component (AddParameter): Name = "Populated"; Value = "YES"; VariantName = "[No Variations]"
Add component (AddParameter): Name = "Quantity Override"; Value = "1"; VariantName = "[No Variations]"
Add component (AddParameter): Name = "Reverse Current"; Value = "50µA"; VariantName = "[No Variations]"
Add component (AddParameter): Name = "Reverse Voltage"; Value = "40V"; VariantName = "[No Variations]"
Add component (AddParameter): Name = "Revision"; Value = "1"; VariantName = "[No Variations]"
Add component (AddParameter): Name = "Status"; Value = "MCL Design"; VariantName = "[No Variations]"
Add component (AddParameter): Name = "Supplier 1"; Value = "Digi-Key"; VariantName = "[No Variations]"
Add component (AddParameter): Name = "Supplier Part Number 1"; Value = "1727-3846-1-ND"; VariantName = "[No Variations]"
Add component (AddParameter): Name = "Symbol"; Value = "Diode Schottky"; VariantName = "[No Variations]"
Add component (AddParameter): Name = "Type"; Value = "Schottky Single"; VariantName = "[No Variations]"
Add component (AddParameter): Name = "Value"; Value = "PMEG4010CEH,115"; VariantName = "[No Variations]"
Added Component: Designator=D17(SOD-123)
Add component (AddParameter): Name = "BOM Notes"; Value = ""; VariantName = "[No Variations]"
Add component (AddParameter): Name = "Category"; Value = "Diode"; VariantName = "[No Variations]"
Add component (AddParameter): Name = "ComponentLink1Description"; Value = "SVN Datasheet"; VariantName = "[No Variations]"
Add component (AddParameter): Name = "ComponentLink1URL"; Value = "https://chn-vm-apps.microchip.com/mchprepo/parts/Datasheets/PMEG4010CEH_PMEG4010CEJ.pdf"; VariantName = "[No Variations]"
Add component (AddParameter): Name = "ComponentLink2Description"; Value = "Local Datasheet"; VariantName = "[No Variations]"
Add component (AddParameter): Name = "ComponentLink2URL"; Value = "C:\ALTIUM_WORK\00001_MCHP-CDB\Datasheets\PMEG4010CEH_PMEG4010CEJ.pdf"; VariantName = "[No Variations]"
Add component (AddParameter): Name = "ComponentLink3Description"; Value = "Open Symbol"; VariantName = "[No Variations]"
Add component (AddParameter): Name = "ComponentLink3URL"; Value = "C:\ALTIUM_WORK\00001_MCHP-CDB\Library\LibraryRefs\Diode Schottky.SchLib"; VariantName = "[No Variations]"
Add component (AddParameter): Name = "ComponentLink4Description"; Value = "Open Footprint"; VariantName = "[No Variations]"
Add component (AddParameter): Name = "ComponentLink4URL"; Value = "C:\ALTIUM_WORK\00001_MCHP-CDB\Library\Footprints\SOD-123.PcbLib"; VariantName = "[No Variations]"
Add component (AddParameter): Name = "ComponentLink5Description"; Value = "Open Footprint 2"; VariantName = "[No Variations]"
Add component (AddParameter): Name = "ComponentLink6Description"; Value = "Open Footprint 3"; VariantName = "[No Variations]"
Add component (AddParameter): Name = "ComponentLink7Description"; Value = "Open Footprint 4"; VariantName = "[No Variations]"
Add component (AddParameter): Name = "Description_"; Value = "DIO SCTKY PMEG4010CEH,115 40V 1A SOD-123F"; VariantName = "[No Variations]"
Add component (AddParameter): Name = "Dev Tools Status"; Value = "Design"; VariantName = "[No Variations]"
Add component (AddParameter): Name = "Forward Current"; Value = "1A"; VariantName = "[No Variations]"
Add component (AddParameter): Name = "Manufacturer 1"; Value = "Nexperia USA Inc."; VariantName = "[No Variations]"
Add component (AddParameter): Name = "Manufacturer Part Number 1"; Value = "PMEG4010CEH,115"; VariantName = "[No Variations]"
Add component (AddParameter): Name = "MCHP-ID"; Value = "DIODE1743"; VariantName = "[No Variations]"
Add component (AddParameter): Name = "Owner"; Value = "Narasimha Murthy"; VariantName = "[No Variations]"
Add component (AddParameter): Name = "Package"; Value = "SOD-123"; VariantName = "[No Variations]"
Add component (AddParameter): Name = "Populated"; Value = "YES"; VariantName = "[No Variations]"
Add component (AddParameter): Name = "Quantity Override"; Value = "1"; VariantName = "[No Variations]"
Add component (AddParameter): Name = "Reverse Current"; Value = "50µA"; VariantName = "[No Variations]"
Add component (AddParameter): Name = "Reverse Voltage"; Value = "40V"; VariantName = "[No Variations]"
Add component (AddParameter): Name = "Revision"; Value = "1"; VariantName = "[No Variations]"
Add component (AddParameter): Name = "Status"; Value = "MCL Design"; VariantName = "[No Variations]"
Add component (AddParameter): Name = "Supplier 1"; Value = "Digi-Key"; VariantName = "[No Variations]"
Add component (AddParameter): Name = "Supplier Part Number 1"; Value = "1727-3846-1-ND"; VariantName = "[No Variations]"
Add component (AddParameter): Name = "Symbol"; Value = "Diode Schottky"; VariantName = "[No Variations]"
Add component (AddParameter): Name = "Type"; Value = "Schottky Single"; VariantName = "[No Variations]"
Add component (AddParameter): Name = "Value"; Value = "PMEG4010CEH,115"; VariantName = "[No Variations]"
Added Component: Designator=D18(SOD-323)
Add component (AddParameter): Name = "BOM Notes"; Value = ""; VariantName = "[No Variations]"
Add component (AddParameter): Name = "Category"; Value = "Diode"; VariantName = "[No Variations]"
Add component (AddParameter): Name = "ComponentLink1Description"; Value = "SVN Datasheet"; VariantName = "[No Variations]"
Add component (AddParameter): Name = "ComponentLink1URL"; Value = "https://chn-vm-apps.microchip.com/mchprepo/parts/Datasheets/ds30097.pdf"; VariantName = "[No Variations]"
Add component (AddParameter): Name = "ComponentLink2Description"; Value = "Local Datasheet"; VariantName = "[No Variations]"
Add component (AddParameter): Name = "ComponentLink2URL"; Value = "C:\ALTIUM_WORK\00001_MCHP-CDB\Datasheets\ds30097.pdf"; VariantName = "[No Variations]"
Add component (AddParameter): Name = "ComponentLink3Description"; Value = "Open Symbol"; VariantName = "[No Variations]"
Add component (AddParameter): Name = "ComponentLink3URL"; Value = "C:\ALTIUM_WORK\00001_MCHP-CDB\Library\LibraryRefs\Diode Single.SchLib"; VariantName = "[No Variations]"
Add component (AddParameter): Name = "ComponentLink4Description"; Value = "Open Footprint"; VariantName = "[No Variations]"
Add component (AddParameter): Name = "ComponentLink4URL"; Value = "C:\ALTIUM_WORK\00001_MCHP-CDB\Library\Footprints\SOD-323.PcbLib"; VariantName = "[No Variations]"
Add component (AddParameter): Name = "ComponentLink5Description"; Value = "Open Footprint 2"; VariantName = "[No Variations]"
Add component (AddParameter): Name = "ComponentLink6Description"; Value = "Open Footprint 3"; VariantName = "[No Variations]"
Add component (AddParameter): Name = "ComponentLink7Description"; Value = "Open Footprint 4"; VariantName = "[No Variations]"
Add component (AddParameter): Name = "Description_"; Value = "DIO RECT 1N4148 855mV 300mA 75V SOD-323"; VariantName = "[No Variations]"
Add component (AddParameter): Name = "Dev Tools Status"; Value = "Production"; VariantName = "[No Variations]"
Add component (AddParameter): Name = "Forward Current"; Value = "300mA"; VariantName = "[No Variations]"
Add component (AddParameter): Name = "Manufacturer 1"; Value = "Diodes Incorporated"; VariantName = "[No Variations]"
Add component (AddParameter): Name = "Manufacturer 2"; Value = "Diodes Incorporated"; VariantName = "[No Variations]"
Add component (AddParameter): Name = "Manufacturer Part Number 1"; Value = "1N4148WS-7-F"; VariantName = "[No Variations]"
Add component (AddParameter): Name = "Manufacturer Part Number 2"; Value = "1N4148WS-7"; VariantName = "[No Variations]"
Add component (AddParameter): Name = "MCHP-ID"; Value = "DIODE0096"; VariantName = "[No Variations]"
Add component (AddParameter): Name = "Operating Temperature"; Value = "-65C to +150C"; VariantName = "[No Variations]"
Add component (AddParameter): Name = "Package"; Value = "SOD-323"; VariantName = "[No Variations]"
Add component (AddParameter): Name = "Populated"; Value = "DNP"; VariantName = "[No Variations]"
Add component (AddParameter): Name = "Power"; Value = "200mW"; VariantName = "[No Variations]"
Add component (AddParameter): Name = "Quantity Override"; Value = "1"; VariantName = "[No Variations]"
Add component (AddParameter): Name = "Reverse Current"; Value = "50uA"; VariantName = "[No Variations]"
Add component (AddParameter): Name = "Reverse Voltage"; Value = "75V"; VariantName = "[No Variations]"
Add component (AddParameter): Name = "Revision"; Value = "1"; VariantName = "[No Variations]"
Add component (AddParameter): Name = "Status"; Value = "MCL Design"; VariantName = "[No Variations]"
Add component (AddParameter): Name = "Supplier 1"; Value = "Digi-Key"; VariantName = "[No Variations]"
Add component (AddParameter): Name = "Supplier 2"; Value = "Digi-Key"; VariantName = "[No Variations]"
Add component (AddParameter): Name = "Supplier Part Number 1"; Value = "1N4148WS-FDICT-ND"; VariantName = "[No Variations]"
Add component (AddParameter): Name = "Supplier Part Number 2"; Value = "1N4148WSDITR-ND"; VariantName = "[No Variations]"
Add component (AddParameter): Name = "Symbol"; Value = "Diode Single"; VariantName = "[No Variations]"
Add component (AddParameter): Name = "Type"; Value = "Rectifier Single"; VariantName = "[No Variations]"
Add component (AddParameter): Name = "Value"; Value = "1N4148"; VariantName = "[No Variations]"
Added Component: Designator=D19(SOD-323)
Add component (AddParameter): Name = "BOM Notes"; Value = ""; VariantName = "[No Variations]"
Add component (AddParameter): Name = "Category"; Value = "Diode"; VariantName = "[No Variations]"
Add component (AddParameter): Name = "ComponentLink1Description"; Value = "SVN Datasheet"; VariantName = "[No Variations]"
Add component (AddParameter): Name = "ComponentLink1URL"; Value = "https://chn-vm-apps.microchip.com/mchprepo/parts/Datasheets/ds30097.pdf"; VariantName = "[No Variations]"
Add component (AddParameter): Name = "ComponentLink2Description"; Value = "Local Datasheet"; VariantName = "[No Variations]"
Add component (AddParameter): Name = "ComponentLink2URL"; Value = "C:\ALTIUM_WORK\00001_MCHP-CDB\Datasheets\ds30097.pdf"; VariantName = "[No Variations]"
Add component (AddParameter): Name = "ComponentLink3Description"; Value = "Open Symbol"; VariantName = "[No Variations]"
Add component (AddParameter): Name = "ComponentLink3URL"; Value = "C:\ALTIUM_WORK\00001_MCHP-CDB\Library\LibraryRefs\Diode Single.SchLib"; VariantName = "[No Variations]"
Add component (AddParameter): Name = "ComponentLink4Description"; Value = "Open Footprint"; VariantName = "[No Variations]"
Add component (AddParameter): Name = "ComponentLink4URL"; Value = "C:\ALTIUM_WORK\00001_MCHP-CDB\Library\Footprints\SOD-323.PcbLib"; VariantName = "[No Variations]"
Add component (AddParameter): Name = "ComponentLink5Description"; Value = "Open Footprint 2"; VariantName = "[No Variations]"
Add component (AddParameter): Name = "ComponentLink6Description"; Value = "Open Footprint 3"; VariantName = "[No Variations]"
Add component (AddParameter): Name = "ComponentLink7Description"; Value = "Open Footprint 4"; VariantName = "[No Variations]"
Add component (AddParameter): Name = "Description_"; Value = "DIO RECT 1N4148 855mV 300mA 75V SOD-323"; VariantName = "[No Variations]"
Add component (AddParameter): Name = "Dev Tools Status"; Value = "Production"; VariantName = "[No Variations]"
Add component (AddParameter): Name = "Forward Current"; Value = "300mA"; VariantName = "[No Variations]"
Add component (AddParameter): Name = "Manufacturer 1"; Value = "Diodes Incorporated"; VariantName = "[No Variations]"
Add component (AddParameter): Name = "Manufacturer 2"; Value = "Diodes Incorporated"; VariantName = "[No Variations]"
Add component (AddParameter): Name = "Manufacturer Part Number 1"; Value = "1N4148WS-7-F"; VariantName = "[No Variations]"
Add component (AddParameter): Name = "Manufacturer Part Number 2"; Value = "1N4148WS-7"; VariantName = "[No Variations]"
Add component (AddParameter): Name = "MCHP-ID"; Value = "DIODE0096"; VariantName = "[No Variations]"
Add component (AddParameter): Name = "Operating Temperature"; Value = "-65C to +150C"; VariantName = "[No Variations]"
Add component (AddParameter): Name = "Package"; Value = "SOD-323"; VariantName = "[No Variations]"
Add component (AddParameter): Name = "Populated"; Value = "DNP"; VariantName = "[No Variations]"
Add component (AddParameter): Name = "Power"; Value = "200mW"; VariantName = "[No Variations]"
Add component (AddParameter): Name = "Quantity Override"; Value = "1"; VariantName = "[No Variations]"
Add component (AddParameter): Name = "Reverse Current"; Value = "50uA"; VariantName = "[No Variations]"
Add component (AddParameter): Name = "Reverse Voltage"; Value = "75V"; VariantName = "[No Variations]"
Add component (AddParameter): Name = "Revision"; Value = "1"; VariantName = "[No Variations]"
Add component (AddParameter): Name = "Status"; Value = "MCL Design"; VariantName = "[No Variations]"
Add component (AddParameter): Name = "Supplier 1"; Value = "Digi-Key"; VariantName = "[No Variations]"
Add component (AddParameter): Name = "Supplier 2"; Value = "Digi-Key"; VariantName = "[No Variations]"
Add component (AddParameter): Name = "Supplier Part Number 1"; Value = "1N4148WS-FDICT-ND"; VariantName = "[No Variations]"
Add component (AddParameter): Name = "Supplier Part Number 2"; Value = "1N4148WSDITR-ND"; VariantName = "[No Variations]"
Add component (AddParameter): Name = "Symbol"; Value = "Diode Single"; VariantName = "[No Variations]"
Add component (AddParameter): Name = "Type"; Value = "Rectifier Single"; VariantName = "[No Variations]"
Add component (AddParameter): Name = "Value"; Value = "1N4148"; VariantName = "[No Variations]"
Added Component: Designator=D20(SOD-323)
Add component (AddParameter): Name = "BOM Notes"; Value = ""; VariantName = "[No Variations]"
Add component (AddParameter): Name = "Category"; Value = "Diode"; VariantName = "[No Variations]"
Add component (AddParameter): Name = "ComponentLink1Description"; Value = "SVN Datasheet"; VariantName = "[No Variations]"
Add component (AddParameter): Name = "ComponentLink1URL"; Value = "https://chn-vm-apps.microchip.com/mchprepo/parts/Datasheets/ds30097.pdf"; VariantName = "[No Variations]"
Add component (AddParameter): Name = "ComponentLink2Description"; Value = "Local Datasheet"; VariantName = "[No Variations]"
Add component (AddParameter): Name = "ComponentLink2URL"; Value = "C:\ALTIUM_WORK\00001_MCHP-CDB\Datasheets\ds30097.pdf"; VariantName = "[No Variations]"
Add component (AddParameter): Name = "ComponentLink3Description"; Value = "Open Symbol"; VariantName = "[No Variations]"
Add component (AddParameter): Name = "ComponentLink3URL"; Value = "C:\ALTIUM_WORK\00001_MCHP-CDB\Library\LibraryRefs\Diode Single.SchLib"; VariantName = "[No Variations]"
Add component (AddParameter): Name = "ComponentLink4Description"; Value = "Open Footprint"; VariantName = "[No Variations]"
Add component (AddParameter): Name = "ComponentLink4URL"; Value = "C:\ALTIUM_WORK\00001_MCHP-CDB\Library\Footprints\SOD-323.PcbLib"; VariantName = "[No Variations]"
Add component (AddParameter): Name = "ComponentLink5Description"; Value = "Open Footprint 2"; VariantName = "[No Variations]"
Add component (AddParameter): Name = "ComponentLink6Description"; Value = "Open Footprint 3"; VariantName = "[No Variations]"
Add component (AddParameter): Name = "ComponentLink7Description"; Value = "Open Footprint 4"; VariantName = "[No Variations]"
Add component (AddParameter): Name = "Description_"; Value = "DIO RECT 1N4148 855mV 300mA 75V SOD-323"; VariantName = "[No Variations]"
Add component (AddParameter): Name = "Dev Tools Status"; Value = "Production"; VariantName = "[No Variations]"
Add component (AddParameter): Name = "Forward Current"; Value = "300mA"; VariantName = "[No Variations]"
Add component (AddParameter): Name = "Manufacturer 1"; Value = "Diodes Incorporated"; VariantName = "[No Variations]"
Add component (AddParameter): Name = "Manufacturer 2"; Value = "Diodes Incorporated"; VariantName = "[No Variations]"
Add component (AddParameter): Name = "Manufacturer Part Number 1"; Value = "1N4148WS-7-F"; VariantName = "[No Variations]"
Add component (AddParameter): Name = "Manufacturer Part Number 2"; Value = "1N4148WS-7"; VariantName = "[No Variations]"
Add component (AddParameter): Name = "MCHP-ID"; Value = "DIODE0096"; VariantName = "[No Variations]"
Add component (AddParameter): Name = "Operating Temperature"; Value = "-65C to +150C"; VariantName = "[No Variations]"
Add component (AddParameter): Name = "Package"; Value = "SOD-323"; VariantName = "[No Variations]"
Add component (AddParameter): Name = "Populated"; Value = "DNP"; VariantName = "[No Variations]"
Add component (AddParameter): Name = "Power"; Value = "200mW"; VariantName = "[No Variations]"
Add component (AddParameter): Name = "Quantity Override"; Value = "1"; VariantName = "[No Variations]"
Add component (AddParameter): Name = "Reverse Current"; Value = "50uA"; VariantName = "[No Variations]"
Add component (AddParameter): Name = "Reverse Voltage"; Value = "75V"; VariantName = "[No Variations]"
Add component (AddParameter): Name = "Revision"; Value = "1"; VariantName = "[No Variations]"
Add component (AddParameter): Name = "Status"; Value = "MCL Design"; VariantName = "[No Variations]"
Add component (AddParameter): Name = "Supplier 1"; Value = "Digi-Key"; VariantName = "[No Variations]"
Add component (AddParameter): Name = "Supplier 2"; Value = "Digi-Key"; VariantName = "[No Variations]"
Add component (AddParameter): Name = "Supplier Part Number 1"; Value = "1N4148WS-FDICT-ND"; VariantName = "[No Variations]"
Add component (AddParameter): Name = "Supplier Part Number 2"; Value = "1N4148WSDITR-ND"; VariantName = "[No Variations]"
Add component (AddParameter): Name = "Symbol"; Value = "Diode Single"; VariantName = "[No Variations]"
Add component (AddParameter): Name = "Type"; Value = "Rectifier Single"; VariantName = "[No Variations]"
Add component (AddParameter): Name = "Value"; Value = "1N4148"; VariantName = "[No Variations]"
Added Component: Designator=D21(SOD-323)
Add component (AddParameter): Name = "BOM Notes"; Value = ""; VariantName = "[No Variations]"
Add component (AddParameter): Name = "Category"; Value = "Diode"; VariantName = "[No Variations]"
Add component (AddParameter): Name = "ComponentLink1Description"; Value = "SVN Datasheet"; VariantName = "[No Variations]"
Add component (AddParameter): Name = "ComponentLink1URL"; Value = "https://chn-vm-apps.microchip.com/mchprepo/parts/Datasheets/ds30097.pdf"; VariantName = "[No Variations]"
Add component (AddParameter): Name = "ComponentLink2Description"; Value = "Local Datasheet"; VariantName = "[No Variations]"
Add component (AddParameter): Name = "ComponentLink2URL"; Value = "C:\ALTIUM_WORK\00001_MCHP-CDB\Datasheets\ds30097.pdf"; VariantName = "[No Variations]"
Add component (AddParameter): Name = "ComponentLink3Description"; Value = "Open Symbol"; VariantName = "[No Variations]"
Add component (AddParameter): Name = "ComponentLink3URL"; Value = "C:\ALTIUM_WORK\00001_MCHP-CDB\Library\LibraryRefs\Diode Single.SchLib"; VariantName = "[No Variations]"
Add component (AddParameter): Name = "ComponentLink4Description"; Value = "Open Footprint"; VariantName = "[No Variations]"
Add component (AddParameter): Name = "ComponentLink4URL"; Value = "C:\ALTIUM_WORK\00001_MCHP-CDB\Library\Footprints\SOD-323.PcbLib"; VariantName = "[No Variations]"
Add component (AddParameter): Name = "ComponentLink5Description"; Value = "Open Footprint 2"; VariantName = "[No Variations]"
Add component (AddParameter): Name = "ComponentLink6Description"; Value = "Open Footprint 3"; VariantName = "[No Variations]"
Add component (AddParameter): Name = "ComponentLink7Description"; Value = "Open Footprint 4"; VariantName = "[No Variations]"
Add component (AddParameter): Name = "Description_"; Value = "DIO RECT 1N4148 855mV 300mA 75V SOD-323"; VariantName = "[No Variations]"
Add component (AddParameter): Name = "Dev Tools Status"; Value = "Production"; VariantName = "[No Variations]"
Add component (AddParameter): Name = "Forward Current"; Value = "300mA"; VariantName = "[No Variations]"
Add component (AddParameter): Name = "Manufacturer 1"; Value = "Diodes Incorporated"; VariantName = "[No Variations]"
Add component (AddParameter): Name = "Manufacturer 2"; Value = "Diodes Incorporated"; VariantName = "[No Variations]"
Add component (AddParameter): Name = "Manufacturer Part Number 1"; Value = "1N4148WS-7-F"; VariantName = "[No Variations]"
Add component (AddParameter): Name = "Manufacturer Part Number 2"; Value = "1N4148WS-7"; VariantName = "[No Variations]"
Add component (AddParameter): Name = "MCHP-ID"; Value = "DIODE0096"; VariantName = "[No Variations]"
Add component (AddParameter): Name = "Operating Temperature"; Value = "-65C to +150C"; VariantName = "[No Variations]"
Add component (AddParameter): Name = "Package"; Value = "SOD-323"; VariantName = "[No Variations]"
Add component (AddParameter): Name = "Populated"; Value = "DNP"; VariantName = "[No Variations]"
Add component (AddParameter): Name = "Power"; Value = "200mW"; VariantName = "[No Variations]"
Add component (AddParameter): Name = "Quantity Override"; Value = "1"; VariantName = "[No Variations]"
Add component (AddParameter): Name = "Reverse Current"; Value = "50uA"; VariantName = "[No Variations]"
Add component (AddParameter): Name = "Reverse Voltage"; Value = "75V"; VariantName = "[No Variations]"
Add component (AddParameter): Name = "Revision"; Value = "1"; VariantName = "[No Variations]"
Add component (AddParameter): Name = "Status"; Value = "MCL Design"; VariantName = "[No Variations]"
Add component (AddParameter): Name = "Supplier 1"; Value = "Digi-Key"; VariantName = "[No Variations]"
Add component (AddParameter): Name = "Supplier 2"; Value = "Digi-Key"; VariantName = "[No Variations]"
Add component (AddParameter): Name = "Supplier Part Number 1"; Value = "1N4148WS-FDICT-ND"; VariantName = "[No Variations]"
Add component (AddParameter): Name = "Supplier Part Number 2"; Value = "1N4148WSDITR-ND"; VariantName = "[No Variations]"
Add component (AddParameter): Name = "Symbol"; Value = "Diode Single"; VariantName = "[No Variations]"
Add component (AddParameter): Name = "Type"; Value = "Rectifier Single"; VariantName = "[No Variations]"
Add component (AddParameter): Name = "Value"; Value = "1N4148"; VariantName = "[No Variations]"
Added Component: Designator=D22(SOT-323-3)
Add component (AddParameter): Name = "BOM Notes"; Value = ""; VariantName = "[No Variations]"
Add component (AddParameter): Name = "Category"; Value = "Diode"; VariantName = "[No Variations]"
Add component (AddParameter): Name = "ComponentLink1Description"; Value = "SVN Datasheet"; VariantName = "[No Variations]"
Add component (AddParameter): Name = "ComponentLink1URL"; Value = "https://chn-vm-apps.microchip.com/mchprepo/parts/Datasheets/PESD2CANFD27V-U.pdf"; VariantName = "[No Variations]"
Add component (AddParameter): Name = "ComponentLink2Description"; Value = "Local Datasheet"; VariantName = "[No Variations]"
Add component (AddParameter): Name = "ComponentLink2URL"; Value = "C:\ALTIUM_WORK\00001_MCHP-CDB\Datasheets\PESD2CANFD27V-U.pdf"; VariantName = "[No Variations]"
Add component (AddParameter): Name = "ComponentLink3Description"; Value = "Open Symbol"; VariantName = "[No Variations]"
Add component (AddParameter): Name = "ComponentLink3URL"; Value = "C:\ALTIUM_WORK\00001_MCHP-CDB\Library\LibraryRefs\Diode K1K2CC ESD Bidirectional.SchLib"; VariantName = "[No Variations]"
Add component (AddParameter): Name = "ComponentLink4Description"; Value = "Open Footprint"; VariantName = "[No Variations]"
Add component (AddParameter): Name = "ComponentLink4URL"; Value = "C:\ALTIUM_WORK\00001_MCHP-CDB\Library\Footprints\SOT-323-3.PcbLib"; VariantName = "[No Variations]"
Add component (AddParameter): Name = "ComponentLink5Description"; Value = "Open Footprint 2"; VariantName = "[No Variations]"
Add component (AddParameter): Name = "ComponentLink6Description"; Value = "Open Footprint 3"; VariantName = "[No Variations]"
Add component (AddParameter): Name = "ComponentLink7Description"; Value = "Open Footprint 4"; VariantName = "[No Variations]"
Add component (AddParameter): Name = "Description_"; Value = "DIO TVS ARRAY PESD2CANFD27V-UX 27V 1A SOT-323-3"; VariantName = "[No Variations]"
Add component (AddParameter): Name = "Dev Tools Status"; Value = "Design"; VariantName = "[No Variations]"
Add component (AddParameter): Name = "Manufacturer 1"; Value = "Nexperia USA Inc."; VariantName = "[No Variations]"
Add component (AddParameter): Name = "Manufacturer Part Number 1"; Value = "PESD2CANFD27V-UX"; VariantName = "[No Variations]"
Add component (AddParameter): Name = "MCHP-ID"; Value = "DIODE1814"; VariantName = "[No Variations]"
Add component (AddParameter): Name = "Owner"; Value = "Narasimha Murthy"; VariantName = "[No Variations]"
Add component (AddParameter): Name = "Package"; Value = "SOT323"; VariantName = "[No Variations]"
Add component (AddParameter): Name = "Populated"; Value = "DNP"; VariantName = "[No Variations]"
Add component (AddParameter): Name = "Quantity Override"; Value = "1"; VariantName = "[No Variations]"
Add component (AddParameter): Name = "Reverse Voltage"; Value = "27V"; VariantName = "[No Variations]"
Add component (AddParameter): Name = "Revision"; Value = "1"; VariantName = "[No Variations]"
Add component (AddParameter): Name = "Status"; Value = "MCL Design"; VariantName = "[No Variations]"
Add component (AddParameter): Name = "Supplier 1"; Value = "Digi-Key"; VariantName = "[No Variations]"
Add component (AddParameter): Name = "Supplier Part Number 1"; Value = "1727-PESD2CANFD27V-UXCT-ND"; VariantName = "[No Variations]"
Add component (AddParameter): Name = "Symbol"; Value = "Diode K1K2CC ESD Bidirectional"; VariantName = "[No Variations]"
Add component (AddParameter): Name = "Type"; Value = "TVS Array"; VariantName = "[No Variations]"
Add component (AddParameter): Name = "Value"; Value = "PESD2CANFD27V-UX"; VariantName = "[No Variations]"
Added Component: Designator=D24(SOD-123W)
Add component (AddParameter): Name = "BOM Notes"; Value = ""; VariantName = "[No Variations]"
Add component (AddParameter): Name = "Category"; Value = "Diode"; VariantName = "[No Variations]"
Add component (AddParameter): Name = "ComponentLink1Description"; Value = "SVN Datasheet"; VariantName = "[No Variations]"
Add component (AddParameter): Name = "ComponentLink1URL"; Value = "https://chn-vm-apps.microchip.com/mchprepo/parts/Datasheets/PMEG6020ELR.pdf"; VariantName = "[No Variations]"
Add component (AddParameter): Name = "ComponentLink2Description"; Value = "Local Datasheet"; VariantName = "[No Variations]"
Add component (AddParameter): Name = "ComponentLink2URL"; Value = "C:\ALTIUM_WORK\00001_MCHP-CDB\Datasheets\PMEG6020ELR.pdf"; VariantName = "[No Variations]"
Add component (AddParameter): Name = "ComponentLink3Description"; Value = "Open Symbol"; VariantName = "[No Variations]"
Add component (AddParameter): Name = "ComponentLink3URL"; Value = "C:\ALTIUM_WORK\00001_MCHP-CDB\Library\LibraryRefs\Diode Schottky.SchLib"; VariantName = "[No Variations]"
Add component (AddParameter): Name = "ComponentLink4Description"; Value = "Open Footprint"; VariantName = "[No Variations]"
Add component (AddParameter): Name = "ComponentLink4URL"; Value = "C:\ALTIUM_WORK\00001_MCHP-CDB\Library\Footprints\SOD-123W.PcbLib"; VariantName = "[No Variations]"
Add component (AddParameter): Name = "ComponentLink5Description"; Value = "Open Footprint 2"; VariantName = "[No Variations]"
Add component (AddParameter): Name = "ComponentLink6Description"; Value = "Open Footprint 3"; VariantName = "[No Variations]"
Add component (AddParameter): Name = "ComponentLink7Description"; Value = "Open Footprint 4"; VariantName = "[No Variations]"
Add component (AddParameter): Name = "Description_"; Value = "DIO SCTKY PMEG6020ELRX 760mV 2A 60V SMD SOD-123W"; VariantName = "[No Variations]"
Add component (AddParameter): Name = "Dev Tools Status"; Value = "Design"; VariantName = "[No Variations]"
Add component (AddParameter): Name = "Forward Current"; Value = "2A"; VariantName = "[No Variations]"
Add component (AddParameter): Name = "Manufacturer 1"; Value = "Nexperia USA Inc."; VariantName = "[No Variations]"
Add component (AddParameter): Name = "Manufacturer Part Number 1"; Value = "PMEG6020ELRX"; VariantName = "[No Variations]"
Add component (AddParameter): Name = "MCHP-ID"; Value = "DIODE1801"; VariantName = "[No Variations]"
Add component (AddParameter): Name = "Operating Temperature"; Value = "-55C to +175C"; VariantName = "[No Variations]"
Add component (AddParameter): Name = "Owner"; Value = "Narasimha Murthy"; VariantName = "[No Variations]"
Add component (AddParameter): Name = "Package"; Value = "SOD-123W"; VariantName = "[No Variations]"
Add component (AddParameter): Name = "Populated"; Value = "YES"; VariantName = "[No Variations]"
Add component (AddParameter): Name = "Quantity Override"; Value = "1"; VariantName = "[No Variations]"
Add component (AddParameter): Name = "Reverse Current"; Value = "150uA"; VariantName = "[No Variations]"
Add component (AddParameter): Name = "Reverse Recovery Time"; Value = "<500ns"; VariantName = "[No Variations]"
Add component (AddParameter): Name = "Reverse Voltage"; Value = "60V"; VariantName = "[No Variations]"
Add component (AddParameter): Name = "Revision"; Value = "1"; VariantName = "[No Variations]"
Add component (AddParameter): Name = "Status"; Value = "MCL Design"; VariantName = "[No Variations]"
Add component (AddParameter): Name = "Supplier 1"; Value = "Digi-Key"; VariantName = "[No Variations]"
Add component (AddParameter): Name = "Supplier Part Number 1"; Value = "1727-2298-1-ND"; VariantName = "[No Variations]"
Add component (AddParameter): Name = "Symbol"; Value = "Diode Schottky"; VariantName = "[No Variations]"
Add component (AddParameter): Name = "Type"; Value = "Rectifier Single"; VariantName = "[No Variations]"
Add component (AddParameter): Name = "Value"; Value = "PMEG6020ELRX"; VariantName = "[No Variations]"
Added Component: Designator=dsPIC VDD(TP_1.2x0.7)
Add component (AddParameter): Name = "Category"; Value = "Connector"; VariantName = "[No Variations]"
Add component (AddParameter): Name = "ComponentLink1Description"; Value = "Datasheet"; VariantName = "[No Variations]"
Add component (AddParameter): Name = "Description_"; Value = "CON TP Via_1.2x0.7"; VariantName = "[No Variations]"
Add component (AddParameter): Name = "MCHP-ID"; Value = "CON1128"; VariantName = "[No Variations]"
Add component (AddParameter): Name = "Owner"; Value = "Bogdan P (M91398)"; VariantName = "[No Variations]"
Add component (AddParameter): Name = "Populated"; Value = "Yes"; VariantName = "[No Variations]"
Add component (AddParameter): Name = "Quantity Override"; Value = "1"; VariantName = "[No Variations]"
Add component (AddParameter): Name = "Revision"; Value = "0"; VariantName = "[No Variations]"
Add component (AddParameter): Name = "Status"; Value = "Production"; VariantName = "[No Variations]"
Add component (AddParameter): Name = "Type"; Value = "Test Point"; VariantName = "[No Variations]"
Add component (AddParameter): Name = "Value"; Value = "1x1"; VariantName = "[No Variations]"
Added Component: Designator=IA(TP_1.2x0.7)
Add component (AddParameter): Name = "Category"; Value = "Connector"; VariantName = "[No Variations]"
Add component (AddParameter): Name = "ComponentLink1Description"; Value = "Datasheet"; VariantName = "[No Variations]"
Add component (AddParameter): Name = "Description_"; Value = "CON TP Via_1.2x0.7"; VariantName = "[No Variations]"
Add component (AddParameter): Name = "MCHP-ID"; Value = "CON1128"; VariantName = "[No Variations]"
Add component (AddParameter): Name = "Owner"; Value = "Bogdan P (M91398)"; VariantName = "[No Variations]"
Add component (AddParameter): Name = "Populated"; Value = "Yes"; VariantName = "[No Variations]"
Add component (AddParameter): Name = "Quantity Override"; Value = "1"; VariantName = "[No Variations]"
Add component (AddParameter): Name = "Revision"; Value = "0"; VariantName = "[No Variations]"
Add component (AddParameter): Name = "Status"; Value = "Production"; VariantName = "[No Variations]"
Add component (AddParameter): Name = "Type"; Value = "Test Point"; VariantName = "[No Variations]"
Add component (AddParameter): Name = "Value"; Value = "1x1"; VariantName = "[No Variations]"
Added Component: Designator=IB(TP_1.2x0.7)
Add component (AddParameter): Name = "Category"; Value = "Connector"; VariantName = "[No Variations]"
Add component (AddParameter): Name = "ComponentLink1Description"; Value = "Datasheet"; VariantName = "[No Variations]"
Add component (AddParameter): Name = "Description_"; Value = "CON TP Via_1.2x0.7"; VariantName = "[No Variations]"
Add component (AddParameter): Name = "MCHP-ID"; Value = "CON1128"; VariantName = "[No Variations]"
Add component (AddParameter): Name = "Owner"; Value = "Bogdan P (M91398)"; VariantName = "[No Variations]"
Add component (AddParameter): Name = "Populated"; Value = "Yes"; VariantName = "[No Variations]"
Add component (AddParameter): Name = "Quantity Override"; Value = "1"; VariantName = "[No Variations]"
Add component (AddParameter): Name = "Revision"; Value = "0"; VariantName = "[No Variations]"
Add component (AddParameter): Name = "Status"; Value = "Production"; VariantName = "[No Variations]"
Add component (AddParameter): Name = "Type"; Value = "Test Point"; VariantName = "[No Variations]"
Add component (AddParameter): Name = "Value"; Value = "1x1"; VariantName = "[No Variations]"
Added Component: Designator=IBUS_IC(TP_1.2x0.7)
Add component (AddParameter): Name = "Category"; Value = "Connector"; VariantName = "[No Variations]"
Add component (AddParameter): Name = "ComponentLink1Description"; Value = "Datasheet"; VariantName = "[No Variations]"
Add component (AddParameter): Name = "Description_"; Value = "CON TP Via_1.2x0.7"; VariantName = "[No Variations]"
Add component (AddParameter): Name = "MCHP-ID"; Value = "CON1128"; VariantName = "[No Variations]"
Add component (AddParameter): Name = "Owner"; Value = "Bogdan P (M91398)"; VariantName = "[No Variations]"
Add component (AddParameter): Name = "Populated"; Value = "Yes"; VariantName = "[No Variations]"
Add component (AddParameter): Name = "Quantity Override"; Value = "1"; VariantName = "[No Variations]"
Add component (AddParameter): Name = "Revision"; Value = "0"; VariantName = "[No Variations]"
Add component (AddParameter): Name = "Status"; Value = "Production"; VariantName = "[No Variations]"
Add component (AddParameter): Name = "Type"; Value = "Test Point"; VariantName = "[No Variations]"
Add component (AddParameter): Name = "Value"; Value = "1x1"; VariantName = "[No Variations]"
Added Component: Designator=J1(CON_JACK_POWER_TH_RA_CUI_PJ-002)
Add component (AddParameter): Name = "BOM Notes"; Value = ""; VariantName = "[No Variations]"
Add component (AddParameter): Name = "Category"; Value = "Connector"; VariantName = "[No Variations]"
Add component (AddParameter): Name = "ComponentLink1Description"; Value = "SVN Datasheet"; VariantName = "[No Variations]"
Add component (AddParameter): Name = "ComponentLink1URL"; Value = "https://chn-vm-apps.microchip.com/mchprepo/parts/Datasheets/pj-002ah.pdf"; VariantName = "[No Variations]"
Add component (AddParameter): Name = "ComponentLink2Description"; Value = "Local Datasheet"; VariantName = "[No Variations]"
Add component (AddParameter): Name = "ComponentLink2URL"; Value = "C:\ALTIUM_WORK\00001_MCHP-CDB\Datasheets\pj-002ah.pdf"; VariantName = "[No Variations]"
Add component (AddParameter): Name = "ComponentLink3Description"; Value = "Open Symbol"; VariantName = "[No Variations]"
Add component (AddParameter): Name = "ComponentLink3URL"; Value = "C:\ALTIUM_WORK\00001_MCHP-CDB\Library\LibraryRefs\CON JACK 2C 3P SPST.SchLib"; VariantName = "[No Variations]"
Add component (AddParameter): Name = "ComponentLink4Description"; Value = "Open Footprint"; VariantName = "[No Variations]"
Add component (AddParameter): Name = "ComponentLink4URL"; Value = "C:\ALTIUM_WORK\00001_MCHP-CDB\Library\Footprints\CON_JACK_POWER_TH_RA_CUI_PJ-002.PcbLib"; VariantName = "[No Variations]"
Add component (AddParameter): Name = "ComponentLink5Description"; Value = "Open Footprint 2"; VariantName = "[No Variations]"
Add component (AddParameter): Name = "ComponentLink6Description"; Value = "Open Footprint 3"; VariantName = "[No Variations]"
Add component (AddParameter): Name = "ComponentLink7Description"; Value = "Open Footprint 4"; VariantName = "[No Variations]"
Add component (AddParameter): Name = "Current"; Value = "5A"; VariantName = "[No Variations]"
Add component (AddParameter): Name = "Description_"; Value = "CON POWER 2mm 5.5mm SWITCH TH R/A"; VariantName = "[No Variations]"
Add component (AddParameter): Name = "Dev Tools Status"; Value = "Production"; VariantName = "[No Variations]"
Add component (AddParameter): Name = "Manufacturer 1"; Value = "CUI Inc"; VariantName = "[No Variations]"
Add component (AddParameter): Name = "Manufacturer Part Number 1"; Value = "PJ-002AH"; VariantName = "[No Variations]"
Add component (AddParameter): Name = "MCHP-ID"; Value = "CON1270"; VariantName = "[No Variations]"
Add component (AddParameter): Name = "Owner"; Value = "Bogdan Popescu"; VariantName = "[No Variations]"
Add component (AddParameter): Name = "Populated"; Value = "DNP"; VariantName = "[No Variations]"
Add component (AddParameter): Name = "Quantity Override"; Value = "1"; VariantName = "[No Variations]"
Add component (AddParameter): Name = "Revision"; Value = "1"; VariantName = "[No Variations]"
Add component (AddParameter): Name = "Status"; Value = "MCL Design"; VariantName = "[No Variations]"
Add component (AddParameter): Name = "Supplier 1"; Value = "Digi-Key"; VariantName = "[No Variations]"
Add component (AddParameter): Name = "Supplier Part Number 1"; Value = "CP-002AH-ND"; VariantName = "[No Variations]"
Add component (AddParameter): Name = "Symbol"; Value = "CON JACK 2C 3P SPST"; VariantName = "[No Variations]"
Add component (AddParameter): Name = "Type"; Value = "Power"; VariantName = "[No Variations]"
Add component (AddParameter): Name = "Value"; Value = "POWER 2mm"; VariantName = "[No Variations]"
Add component (AddParameter): Name = "Voltage"; Value = "24V"; VariantName = "[No Variations]"
Added Component: Designator=J2(CON_TERMINAL_5_1x2_TH_RA_TE_282856-2)
Add component (AddParameter): Name = "BOM Notes"; Value = ""; VariantName = "[No Variations]"
Add component (AddParameter): Name = "Category"; Value = "Connector"; VariantName = "[No Variations]"
Add component (AddParameter): Name = "ComponentLink1Description"; Value = "SVN Datasheet"; VariantName = "[No Variations]"
Add component (AddParameter): Name = "ComponentLink1URL"; Value = "https://chn-vm-apps.microchip.com/mchprepo/parts/Datasheets/1890963.pdf"; VariantName = "[No Variations]"
Add component (AddParameter): Name = "ComponentLink2Description"; Value = "Local Datasheet"; VariantName = "[No Variations]"
Add component (AddParameter): Name = "ComponentLink2URL"; Value = "C:\ALTIUM_WORK\00001_MCHP-CDB\Datasheets\1890963.pdf"; VariantName = "[No Variations]"
Add component (AddParameter): Name = "ComponentLink3Description"; Value = "Open Symbol"; VariantName = "[No Variations]"
Add component (AddParameter): Name = "ComponentLink3URL"; Value = "C:\ALTIUM_WORK\00001_MCHP-CDB\Library\LibraryRefs\Header 1x2.SchLib"; VariantName = "[No Variations]"
Add component (AddParameter): Name = "ComponentLink4Description"; Value = "Open Footprint"; VariantName = "[No Variations]"
Add component (AddParameter): Name = "ComponentLink4URL"; Value = "C:\ALTIUM_WORK\00001_MCHP-CDB\Library\Footprints\CON_TERMINAL_5_1x2_TH_RA_TE_282856-2.PcbLib"; VariantName = "[No Variations]"
Add component (AddParameter): Name = "ComponentLink5Description"; Value = "Open Footprint 2"; VariantName = "[No Variations]"
Add component (AddParameter): Name = "ComponentLink6Description"; Value = "Open Footprint 3"; VariantName = "[No Variations]"
Add component (AddParameter): Name = "ComponentLink7Description"; Value = "Open Footprint 4"; VariantName = "[No Variations]"
Add component (AddParameter): Name = "Current"; Value = "10A"; VariantName = "[No Variations]"
Add component (AddParameter): Name = "Description_"; Value = "CON TERMINAL 5mm 1x2 Female 12-30AWG 10A TH R/A"; VariantName = "[No Variations]"
Add component (AddParameter): Name = "Dev Tools Status"; Value = "Design"; VariantName = "[No Variations]"
Add component (AddParameter): Name = "Manufacturer 1"; Value = "Phoenix Contact"; VariantName = "[No Variations]"
Add component (AddParameter): Name = "Manufacturer Part Number 1"; Value = "1890963"; VariantName = "[No Variations]"
Add component (AddParameter): Name = "MCHP-ID"; Value = "CON2407"; VariantName = "[No Variations]"
Add component (AddParameter): Name = "Owner"; Value = "Narasimha Murthy"; VariantName = "[No Variations]"
Add component (AddParameter): Name = "Populated"; Value = "YES"; VariantName = "[No Variations]"
Add component (AddParameter): Name = "Quantity Override"; Value = "1"; VariantName = "[No Variations]"
Add component (AddParameter): Name = "Revision"; Value = "1"; VariantName = "[No Variations]"
Add component (AddParameter): Name = "Status"; Value = "MCL Design"; VariantName = "[No Variations]"
Add component (AddParameter): Name = "Supplier 1"; Value = "Digi-Key"; VariantName = "[No Variations]"
Add component (AddParameter): Name = "Supplier Part Number 1"; Value = "277-5953-ND"; VariantName = "[No Variations]"
Add component (AddParameter): Name = "Symbol"; Value = "Header 1x2"; VariantName = "[No Variations]"
Add component (AddParameter): Name = "Type"; Value = "Terminal Block"; VariantName = "[No Variations]"
Add component (AddParameter): Name = "Value"; Value = "TERMINAL 1x2"; VariantName = "[No Variations]"
Add component (AddParameter): Name = "Voltage"; Value = "300V"; VariantName = "[No Variations]"
Added Component: Designator=J6(HDR_M_2.54_1x5_U_TH_RA_6.00MH_WE_61300511021)
Add component (AddParameter): Name = "Assembly Type"; Value = "TH"; VariantName = "[No Variations]"
Add component (AddParameter): Name = "Category"; Value = "Connector"; VariantName = "[No Variations]"
Add component (AddParameter): Name = "ComponentLink1Description"; Value = "SVN Datasheet"; VariantName = "[No Variations]"
Add component (AddParameter): Name = "ComponentLink1URL"; Value = "https://chn-vm-apps.microchip.com/mchprepo/parts/Datasheets/6130xx11021.pdf"; VariantName = "[No Variations]"
Add component (AddParameter): Name = "ComponentLink2Description"; Value = "Local Datasheet"; VariantName = "[No Variations]"
Add component (AddParameter): Name = "ComponentLink2URL"; Value = "C:\ALTIUM_WORK\00001_MCHP-CDB\Datasheets\6130xx11021.pdf"; VariantName = "[No Variations]"
Add component (AddParameter): Name = "ComponentLink3Description"; Value = "Open Symbol"; VariantName = "[No Variations]"
Add component (AddParameter): Name = "ComponentLink3URL"; Value = "C:\ALTIUM_WORK\00001_MCHP-CDB\Library\LibraryRefs\Header 1x5.SchLib"; VariantName = "[No Variations]"
Add component (AddParameter): Name = "ComponentLink4Description"; Value = "Open Footprint"; VariantName = "[No Variations]"
Add component (AddParameter): Name = "ComponentLink4URL"; Value = "C:\ALTIUM_WORK\00001_MCHP-CDB\Library\Footprints\HDR_M_2.54_1x5_U_TH_RA_6.00MH_WE_61300511021.PcbLib"; VariantName = "[No Variations]"
Add component (AddParameter): Name = "ComponentLink5Description"; Value = "Open Footprint 2"; VariantName = "[No Variations]"
Add component (AddParameter): Name = "ComponentLink6Description"; Value = "Open Footprint 3"; VariantName = "[No Variations]"
Add component (AddParameter): Name = "ComponentLink7Description"; Value = "Open Footprint 4"; VariantName = "[No Variations]"
Add component (AddParameter): Name = "Current"; Value = "3A"; VariantName = "[No Variations]"
Add component (AddParameter): Name = "Description_"; Value = "CON HDR-2.54 Male 1x5 Gold 6MH TH R/A"; VariantName = "[No Variations]"
Add component (AddParameter): Name = "Dev Tools Status"; Value = "Production"; VariantName = "[No Variations]"
Add component (AddParameter): Name = "Manufacturer 1"; Value = "Würth Elektronik"; VariantName = "[No Variations]"
Add component (AddParameter): Name = "Manufacturer Part Number 1"; Value = "61300511021"; VariantName = "[No Variations]"
Add component (AddParameter): Name = "MCHP-ID"; Value = "CON2483"; VariantName = "[No Variations]"
Add component (AddParameter): Name = "Operating Temperature"; Value = "-40C to +125C"; VariantName = "[No Variations]"
Add component (AddParameter): Name = "Owner"; Value = "Mihai Chivu"; VariantName = "[No Variations]"
Add component (AddParameter): Name = "Populated"; Value = "YES"; VariantName = "[No Variations]"
Add component (AddParameter): Name = "Quantity Override"; Value = "1"; VariantName = "[No Variations]"
Add component (AddParameter): Name = "Restricted Sourcing"; Value = "No"; VariantName = "[No Variations]"
Add component (AddParameter): Name = "Revision"; Value = "1"; VariantName = "[No Variations]"
Add component (AddParameter): Name = "Status"; Value = "MCL Design"; VariantName = "[No Variations]"
Add component (AddParameter): Name = "Supplier 1"; Value = "Digi-Key"; VariantName = "[No Variations]"
Add component (AddParameter): Name = "Supplier Part Number 1"; Value = "732-5338-ND"; VariantName = "[No Variations]"
Add component (AddParameter): Name = "Symbol"; Value = "Header 1x5"; VariantName = "[No Variations]"
Add component (AddParameter): Name = "Type"; Value = "Header 2.54mm"; VariantName = "[No Variations]"
Add component (AddParameter): Name = "Value"; Value = "HDR-2.54 Male 1x5"; VariantName = "[No Variations]"
Add component (AddParameter): Name = "Voltage"; Value = "250V"; VariantName = "[No Variations]"
Added Component: Designator=J7(DB-9-RA_M)
Add component (AddParameter): Name = "BOM Notes"; Value = ""; VariantName = "[No Variations]"
Add component (AddParameter): Name = "Category"; Value = "Connector"; VariantName = "[No Variations]"
Add component (AddParameter): Name = "ComponentLink1Description"; Value = "SVN Datasheet"; VariantName = "[No Variations]"
Add component (AddParameter): Name = "ComponentLink1URL"; Value = "https://chn-vm-apps.microchip.com/mchprepo/parts/Datasheets/ENG_CD_5747840_D.pdf"; VariantName = "[No Variations]"
Add component (AddParameter): Name = "ComponentLink2Description"; Value = "Local Datasheet"; VariantName = "[No Variations]"
Add component (AddParameter): Name = "ComponentLink2URL"; Value = "C:\ALTIUM_WORK\00001_MCHP-CDB\Datasheets\ENG_CD_5747840_D.pdf"; VariantName = "[No Variations]"
Add component (AddParameter): Name = "ComponentLink3Description"; Value = "Open Symbol"; VariantName = "[No Variations]"
Add component (AddParameter): Name = "ComponentLink3URL"; Value = "C:\ALTIUM_WORK\00001_MCHP-CDB\Library\LibraryRefs\CON DB-9.SchLib"; VariantName = "[No Variations]"
Add component (AddParameter): Name = "ComponentLink4Description"; Value = "Open Footprint"; VariantName = "[No Variations]"
Add component (AddParameter): Name = "ComponentLink4URL"; Value = "C:\ALTIUM_WORK\00001_MCHP-CDB\Library\Footprints\DB-9-RA_M.PcbLib"; VariantName = "[No Variations]"
Add component (AddParameter): Name = "ComponentLink5Description"; Value = "Open Footprint 2"; VariantName = "[No Variations]"
Add component (AddParameter): Name = "ComponentLink6Description"; Value = "Open Footprint 3"; VariantName = "[No Variations]"
Add component (AddParameter): Name = "ComponentLink7Description"; Value = "Open Footprint 4"; VariantName = "[No Variations]"
Add component (AddParameter): Name = "Description_"; Value = "CON DSUB DE-9 Male TH R/A"; VariantName = "[No Variations]"
Add component (AddParameter): Name = "Dev Tools Status"; Value = "Production"; VariantName = "[No Variations]"
Add component (AddParameter): Name = "Manufacturer 1"; Value = "FCI"; VariantName = "[No Variations]"
Add component (AddParameter): Name = "Manufacturer 2"; Value = "TE Connectivity"; VariantName = "[No Variations]"
Add component (AddParameter): Name = "Manufacturer Part Number 1"; Value = "10090097-P094VLF"; VariantName = "[No Variations]"
Add component (AddParameter): Name = "Manufacturer Part Number 2"; Value = "5747840-5"; VariantName = "[No Variations]"
Add component (AddParameter): Name = "MCHP-ID"; Value = "CON1219"; VariantName = "[No Variations]"
Add component (AddParameter): Name = "Owner"; Value = "Stephen Humberd"; VariantName = "[No Variations]"
Add component (AddParameter): Name = "Populated"; Value = "YES"; VariantName = "[No Variations]"
Add component (AddParameter): Name = "Quantity Override"; Value = "1"; VariantName = "[No Variations]"
Add component (AddParameter): Name = "Revision"; Value = "B"; VariantName = "[No Variations]"
Add component (AddParameter): Name = "Status"; Value = "MCL Design"; VariantName = "[No Variations]"
Add component (AddParameter): Name = "Supplier 1"; Value = "Digi-Key"; VariantName = "[No Variations]"
Add component (AddParameter): Name = "Supplier 2"; Value = "Digi-Key"; VariantName = "[No Variations]"
Add component (AddParameter): Name = "Supplier Part Number 1"; Value = "609-4003-ND"; VariantName = "[No Variations]"
Add component (AddParameter): Name = "Supplier Part Number 2"; Value = "A32093-ND"; VariantName = "[No Variations]"
Add component (AddParameter): Name = "Symbol"; Value = "CON DB-9"; VariantName = "[No Variations]"
Add component (AddParameter): Name = "Type"; Value = "DSUB"; VariantName = "[No Variations]"
Add component (AddParameter): Name = "Value"; Value = "DE-9 Male"; VariantName = "[No Variations]"
Add component (AddParameter): Name = "Voltage"; Value = "125"; VariantName = "[No Variations]"
Added Component: Designator=J7(HDR_M_1.27_1x6)
Add component (AddParameter): Name = "BOM Notes"; Value = ""; VariantName = "[No Variations]"
Add component (AddParameter): Name = "Category"; Value = "Connector"; VariantName = "[No Variations]"
Add component (AddParameter): Name = "ComponentLink1Description"; Value = "SVN Datasheet"; VariantName = "[No Variations]"
Add component (AddParameter): Name = "ComponentLink1URL"; Value = "https://chn-vm-apps.microchip.com/mchprepo/parts/Datasheets/71_GRPB___1VWVN-RC__10957-C.pdf"; VariantName = "[No Variations]"
Add component (AddParameter): Name = "ComponentLink2Description"; Value = "Local Datasheet"; VariantName = "[No Variations]"
Add component (AddParameter): Name = "ComponentLink2URL"; Value = "C:\ALTIUM_WORK\00001_MCHP-CDB\Datasheets\71_GRPB___1VWVN-RC__10957-C.pdf"; VariantName = "[No Variations]"
Add component (AddParameter): Name = "ComponentLink3Description"; Value = "Open Symbol"; VariantName = "[No Variations]"
Add component (AddParameter): Name = "ComponentLink3URL"; Value = "C:\ALTIUM_WORK\00001_MCHP-CDB\Library\LibraryRefs\Header 1x6.SchLib"; VariantName = "[No Variations]"
Add component (AddParameter): Name = "ComponentLink4Description"; Value = "Open Footprint"; VariantName = "[No Variations]"
Add component (AddParameter): Name = "ComponentLink4URL"; Value = "C:\ALTIUM_WORK\00001_MCHP-CDB\Library\Footprints\HDR_M_1.27_1x6.PcbLib"; VariantName = "[No Variations]"
Add component (AddParameter): Name = "ComponentLink5Description"; Value = "Open Footprint 2"; VariantName = "[No Variations]"
Add component (AddParameter): Name = "ComponentLink6Description"; Value = "Open Footprint 3"; VariantName = "[No Variations]"
Add component (AddParameter): Name = "ComponentLink7Description"; Value = "Open Footprint 4"; VariantName = "[No Variations]"
Add component (AddParameter): Name = "Current"; Value = "1A"; VariantName = "[No Variations]"
Add component (AddParameter): Name = "Description_"; Value = "CON HDR-1.27 Male 1x6 Gold 3MH TH VERT"; VariantName = "[No Variations]"
Add component (AddParameter): Name = "Dev Tools Status"; Value = "Production"; VariantName = "[No Variations]"
Add component (AddParameter): Name = "Manufacturer 1"; Value = "Aceconn Technology (Shenzhen)"; VariantName = "[No Variations]"
Add component (AddParameter): Name = "Manufacturer 2"; Value = "Sullins"; VariantName = "[No Variations]"
Add component (AddParameter): Name = "Manufacturer Part Number 1"; Value = "GPEA108-0602A008B1BA"; VariantName = "[No Variations]"
Add component (AddParameter): Name = "Manufacturer Part Number 2"; Value = "GRPB061VWVN-RC"; VariantName = "[No Variations]"
Add component (AddParameter): Name = "MCHP-ID"; Value = "CON0518"; VariantName = "[No Variations]"
Add component (AddParameter): Name = "Populated"; Value = "DNP"; VariantName = "[No Variations]"
Add component (AddParameter): Name = "Quantity Override"; Value = "1"; VariantName = "[No Variations]"
Add component (AddParameter): Name = "Restricted Sourcing"; Value = "No"; VariantName = "[No Variations]"
Add component (AddParameter): Name = "Revision"; Value = "3"; VariantName = "[No Variations]"
Add component (AddParameter): Name = "Status"; Value = "MCL Design"; VariantName = "[No Variations]"
Add component (AddParameter): Name = "Supplier 1"; Value = "Aceconn Technology (Shenzhen)"; VariantName = "[No Variations]"
Add component (AddParameter): Name = "Supplier 2"; Value = "Digi-Key"; VariantName = "[No Variations]"
Add component (AddParameter): Name = "Supplier Part Number 1"; Value = "GPEA108-0602A008B1BA"; VariantName = "[No Variations]"
Add component (AddParameter): Name = "Supplier Part Number 2"; Value = "S9014E-06-ND"; VariantName = "[No Variations]"
Add component (AddParameter): Name = "Symbol"; Value = "Header 1x6"; VariantName = "[No Variations]"
Add component (AddParameter): Name = "Type"; Value = "Header 1.27mm"; VariantName = "[No Variations]"
Add component (AddParameter): Name = "Value"; Value = "HDR-1.27 Male 1x6"; VariantName = "[No Variations]"
Added Component: Designator=J10(CON_TERMINAL_5_1x3_TH_RA_TE_282856-3)
Add component (AddParameter): Name = "BOM Notes"; Value = ""; VariantName = "[No Variations]"
Add component (AddParameter): Name = "Category"; Value = "Connector"; VariantName = "[No Variations]"
Add component (AddParameter): Name = "ComponentLink1Description"; Value = "SVN Datasheet"; VariantName = "[No Variations]"
Add component (AddParameter): Name = "ComponentLink1URL"; Value = "https://chn-vm-apps.microchip.com/mchprepo/parts/Datasheets/1890976.pdf"; VariantName = "[No Variations]"
Add component (AddParameter): Name = "ComponentLink2Description"; Value = "Local Datasheet"; VariantName = "[No Variations]"
Add component (AddParameter): Name = "ComponentLink2URL"; Value = "C:\ALTIUM_WORK\00001_MCHP-CDB\Datasheets\1890976.pdf"; VariantName = "[No Variations]"
Add component (AddParameter): Name = "ComponentLink3Description"; Value = "Open Symbol"; VariantName = "[No Variations]"
Add component (AddParameter): Name = "ComponentLink3URL"; Value = "C:\ALTIUM_WORK\00001_MCHP-CDB\Library\LibraryRefs\Header 1x3.SchLib"; VariantName = "[No Variations]"
Add component (AddParameter): Name = "ComponentLink4Description"; Value = "Open Footprint"; VariantName = "[No Variations]"
Add component (AddParameter): Name = "ComponentLink4URL"; Value = "C:\ALTIUM_WORK\00001_MCHP-CDB\Library\Footprints\CON_TERMINAL_5_1x3_TH_RA_TE_282856-3.PcbLib"; VariantName = "[No Variations]"
Add component (AddParameter): Name = "ComponentLink5Description"; Value = "Open Footprint 2"; VariantName = "[No Variations]"
Add component (AddParameter): Name = "ComponentLink6Description"; Value = "Open Footprint 3"; VariantName = "[No Variations]"
Add component (AddParameter): Name = "ComponentLink7Description"; Value = "Open Footprint 4"; VariantName = "[No Variations]"
Add component (AddParameter): Name = "Current"; Value = "20A"; VariantName = "[No Variations]"
Add component (AddParameter): Name = "Description_"; Value = "CON TERMINAL 5mm 1x3 Female 12-30AWG 20A TH R/A"; VariantName = "[No Variations]"
Add component (AddParameter): Name = "Dev Tools Status"; Value = "Design"; VariantName = "[No Variations]"
Add component (AddParameter): Name = "Manufacturer 1"; Value = "Phoenix Contact"; VariantName = "[No Variations]"
Add component (AddParameter): Name = "Manufacturer Part Number 1"; Value = "1890976"; VariantName = "[No Variations]"
Add component (AddParameter): Name = "MCHP-ID"; Value = "CON2408"; VariantName = "[No Variations]"
Add component (AddParameter): Name = "Owner"; Value = "Narasimha Murthy"; VariantName = "[No Variations]"
Add component (AddParameter): Name = "Populated"; Value = "YES"; VariantName = "[No Variations]"
Add component (AddParameter): Name = "Quantity Override"; Value = "1"; VariantName = "[No Variations]"
Add component (AddParameter): Name = "Revision"; Value = "1"; VariantName = "[No Variations]"
Add component (AddParameter): Name = "Status"; Value = "MCL Design"; VariantName = "[No Variations]"
Add component (AddParameter): Name = "Supplier 1"; Value = "Digi-Key"; VariantName = "[No Variations]"
Add component (AddParameter): Name = "Supplier Part Number 1"; Value = "277-6163-ND"; VariantName = "[No Variations]"
Add component (AddParameter): Name = "Symbol"; Value = "Header 1x3"; VariantName = "[No Variations]"
Add component (AddParameter): Name = "Type"; Value = "Terminal Block"; VariantName = "[No Variations]"
Add component (AddParameter): Name = "Value"; Value = "TERMINAL 1x3"; VariantName = "[No Variations]"
Add component (AddParameter): Name = "Voltage"; Value = "300V"; VariantName = "[No Variations]"
Add Component: Footprint Not Found IND_BOU_SRU1048_L10.0W10.0H5.10
Added Component: Designator=L2(IND_TDK_B82789C0_L5.2W3.2H3)
Add component (AddParameter): Name = "BOM Notes"; Value = ""; VariantName = "[No Variations]"
Add component (AddParameter): Name = "Category"; Value = "Inductor"; VariantName = "[No Variations]"
Add component (AddParameter): Name = "ComponentLink1Description"; Value = "SVN Datasheet"; VariantName = "[No Variations]"
Add component (AddParameter): Name = "ComponentLink1URL"; Value = "https://chn-vm-apps.microchip.com/mchprepo/parts/Datasheets/b82789c0_s0.pdf"; VariantName = "[No Variations]"
Add component (AddParameter): Name = "ComponentLink2Description"; Value = "Local Datasheet"; VariantName = "[No Variations]"
Add component (AddParameter): Name = "ComponentLink2URL"; Value = "C:\ALTIUM_WORK\00001_MCHP-CDB\Datasheets\b82789c0_s0.pdf"; VariantName = "[No Variations]"
Add component (AddParameter): Name = "ComponentLink3Description"; Value = "Open Symbol"; VariantName = "[No Variations]"
Add component (AddParameter): Name = "ComponentLink3URL"; Value = "C:\ALTIUM_WORK\00001_MCHP-CDB\Library\LibraryRefs\Inductor Choke CM-B82789C0-S0.SchLib"; VariantName = "[No Variations]"
Add component (AddParameter): Name = "ComponentLink4Description"; Value = "Open Footprint"; VariantName = "[No Variations]"
Add component (AddParameter): Name = "ComponentLink4URL"; Value = "C:\ALTIUM_WORK\00001_MCHP-CDB\Library\Footprints\IND_TDK_B82789C0_L5.2W3.2H3.PcbLib"; VariantName = "[No Variations]"
Add component (AddParameter): Name = "ComponentLink5Description"; Value = "Open Footprint 2"; VariantName = "[No Variations]"
Add component (AddParameter): Name = "ComponentLink6Description"; Value = "Open Footprint 3"; VariantName = "[No Variations]"
Add component (AddParameter): Name = "ComponentLink7Description"; Value = "Open Footprint 4"; VariantName = "[No Variations]"
Add component (AddParameter): Name = "DCR"; Value = "0.25R"; VariantName = "[No Variations]"
Add component (AddParameter): Name = "Description_"; Value = "CM CHOKE 11uH@100kHz 0.25R 300mA SMD L5.200W3.20H3 AEC-Q200"; VariantName = "[No Variations]"
Add component (AddParameter): Name = "Dev Tools Status"; Value = "Design"; VariantName = "[No Variations]"
Add component (AddParameter): Name = "Manufacturer 1"; Value = "EPCOS - TDK Electronics"; VariantName = "[No Variations]"
Add component (AddParameter): Name = "Manufacturer Part Number 1"; Value = "B82789C0113H002"; VariantName = "[No Variations]"
Add component (AddParameter): Name = "MCHP-ID"; Value = "IND1914"; VariantName = "[No Variations]"
Add component (AddParameter): Name = "Operating Temperature"; Value = "-55C to +150C"; VariantName = "[No Variations]"
Add component (AddParameter): Name = "Owner"; Value = "Narasimha Murthy"; VariantName = "[No Variations]"
Add component (AddParameter): Name = "Package"; Value = "L5.2W3.2H3"; VariantName = "[No Variations]"
Add component (AddParameter): Name = "Populated"; Value = "DNP"; VariantName = "[No Variations]"
Add component (AddParameter): Name = "Quantity Override"; Value = "1"; VariantName = "[No Variations]"
Add component (AddParameter): Name = "Revision"; Value = "1"; VariantName = "[No Variations]"
Add component (AddParameter): Name = "RMS Current"; Value = "300mA"; VariantName = "[No Variations]"
Add component (AddParameter): Name = "Status"; Value = "MCL Design"; VariantName = "[No Variations]"
Add component (AddParameter): Name = "Supplier 1"; Value = "Digi-Key"; VariantName = "[No Variations]"
Add component (AddParameter): Name = "Supplier Part Number 1"; Value = "495-B82789C0113H002CT-ND"; VariantName = "[No Variations]"
Add component (AddParameter): Name = "Symbol"; Value = "Inductor Choke CM-B82789C0-S0"; VariantName = "[No Variations]"
Add component (AddParameter): Name = "Test Frequency"; Value = "100kHz"; VariantName = "[No Variations]"
Add component (AddParameter): Name = "Type"; Value = "CM Choke"; VariantName = "[No Variations]"
Add component (AddParameter): Name = "Value"; Value = "11uH"; VariantName = "[No Variations]"
Added Component: Designator=LABEL1(08-10021)
Add component (AddParameter): Name = "MCHP-ID"; Value = "08-10021"; VariantName = "[No Variations]"
Add component (AddParameter): Name = "Value"; Value = "PCBA LABEL 6X6mm"; VariantName = "[No Variations]"
Added Component: Designator=LD1(LED_0603_Yellow)
Add component (AddParameter): Name = "BOM Notes"; Value = ""; VariantName = "[No Variations]"
Add component (AddParameter): Name = "Category"; Value = "Diode"; VariantName = "[No Variations]"
Add component (AddParameter): Name = "ComponentLink1Description"; Value = "SVN Datasheet"; VariantName = "[No Variations]"
Add component (AddParameter): Name = "ComponentLink1URL"; Value = "https://chn-vm-apps.microchip.com/mchprepo/parts/Datasheets/150060YS75000.pdf"; VariantName = "[No Variations]"
Add component (AddParameter): Name = "ComponentLink2Description"; Value = "Local Datasheet"; VariantName = "[No Variations]"
Add component (AddParameter): Name = "ComponentLink2URL"; Value = "C:\ALTIUM_WORK\00001_MCHP-CDB\Datasheets\150060YS75000.pdf"; VariantName = "[No Variations]"
Add component (AddParameter): Name = "ComponentLink3Description"; Value = "Open Symbol"; VariantName = "[No Variations]"
Add component (AddParameter): Name = "ComponentLink3URL"; Value = "C:\ALTIUM_WORK\00001_MCHP-CDB\Library\LibraryRefs\LED_yellow.SchLib"; VariantName = "[No Variations]"
Add component (AddParameter): Name = "ComponentLink4Description"; Value = "Open Footprint"; VariantName = "[No Variations]"
Add component (AddParameter): Name = "ComponentLink4URL"; Value = "C:\ALTIUM_WORK\00001_MCHP-CDB\Library\Footprints\LED_0603_Yellow.PcbLib"; VariantName = "[No Variations]"
Add component (AddParameter): Name = "ComponentLink5Description"; Value = "Open Footprint 2"; VariantName = "[No Variations]"
Add component (AddParameter): Name = "ComponentLink6Description"; Value = "Open Footprint 3"; VariantName = "[No Variations]"
Add component (AddParameter): Name = "ComponentLink7Description"; Value = "Open Footprint 4"; VariantName = "[No Variations]"
Add component (AddParameter): Name = "Description_"; Value = "DIO LED YELLOW 2V 20mA 120mcd Clear SMD 0603"; VariantName = "[No Variations]"
Add component (AddParameter): Name = "Dev Tools Status"; Value = "Design"; VariantName = "[No Variations]"
Add component (AddParameter): Name = "Forward Current"; Value = "20mA"; VariantName = "[No Variations]"
Add component (AddParameter): Name = "Manufacturer 1"; Value = "WURTH ELEKTRONIK"; VariantName = "[No Variations]"
Add component (AddParameter): Name = "Manufacturer Part Number 1"; Value = "150060YS75000"; VariantName = "[No Variations]"
Add component (AddParameter): Name = "MCHP-ID"; Value = "LED1102"; VariantName = "[No Variations]"
Add component (AddParameter): Name = "Operating Temperature"; Value = "-40C to +85C"; VariantName = "[No Variations]"
Add component (AddParameter): Name = "Owner"; Value = "Narasimha Murthy"; VariantName = "[No Variations]"
Add component (AddParameter): Name = "Populated"; Value = "YES"; VariantName = "[No Variations]"
Add component (AddParameter): Name = "Power"; Value = "72mW"; VariantName = "[No Variations]"
Add component (AddParameter): Name = "Quantity Override"; Value = "1"; VariantName = "[No Variations]"
Add component (AddParameter): Name = "Reverse Voltage"; Value = "5V"; VariantName = "[No Variations]"
Add component (AddParameter): Name = "Revision"; Value = "1"; VariantName = "[No Variations]"
Add component (AddParameter): Name = "Status"; Value = "MCL Design"; VariantName = "[No Variations]"
Add component (AddParameter): Name = "Supplier 1"; Value = "Digi-Key"; VariantName = "[No Variations]"
Add component (AddParameter): Name = "Supplier Part Number 1"; Value = "732-4981-1-ND"; VariantName = "[No Variations]"
Add component (AddParameter): Name = "Symbol"; Value = "LED_yellow"; VariantName = "[No Variations]"
Add component (AddParameter): Name = "Type"; Value = "LED Single"; VariantName = "[No Variations]"
Add component (AddParameter): Name = "Value"; Value = "YELLOW"; VariantName = "[No Variations]"
Added Component: Designator=LD2(LED_0603_Yellow)
Add component (AddParameter): Name = "BOM Notes"; Value = ""; VariantName = "[No Variations]"
Add component (AddParameter): Name = "Category"; Value = "Diode"; VariantName = "[No Variations]"
Add component (AddParameter): Name = "ComponentLink1Description"; Value = "SVN Datasheet"; VariantName = "[No Variations]"
Add component (AddParameter): Name = "ComponentLink1URL"; Value = "https://chn-vm-apps.microchip.com/mchprepo/parts/Datasheets/150060YS75000.pdf"; VariantName = "[No Variations]"
Add component (AddParameter): Name = "ComponentLink2Description"; Value = "Local Datasheet"; VariantName = "[No Variations]"
Add component (AddParameter): Name = "ComponentLink2URL"; Value = "C:\ALTIUM_WORK\00001_MCHP-CDB\Datasheets\150060YS75000.pdf"; VariantName = "[No Variations]"
Add component (AddParameter): Name = "ComponentLink3Description"; Value = "Open Symbol"; VariantName = "[No Variations]"
Add component (AddParameter): Name = "ComponentLink3URL"; Value = "C:\ALTIUM_WORK\00001_MCHP-CDB\Library\LibraryRefs\LED_yellow.SchLib"; VariantName = "[No Variations]"
Add component (AddParameter): Name = "ComponentLink4Description"; Value = "Open Footprint"; VariantName = "[No Variations]"
Add component (AddParameter): Name = "ComponentLink4URL"; Value = "C:\ALTIUM_WORK\00001_MCHP-CDB\Library\Footprints\LED_0603_Yellow.PcbLib"; VariantName = "[No Variations]"
Add component (AddParameter): Name = "ComponentLink5Description"; Value = "Open Footprint 2"; VariantName = "[No Variations]"
Add component (AddParameter): Name = "ComponentLink6Description"; Value = "Open Footprint 3"; VariantName = "[No Variations]"
Add component (AddParameter): Name = "ComponentLink7Description"; Value = "Open Footprint 4"; VariantName = "[No Variations]"
Add component (AddParameter): Name = "Description_"; Value = "DIO LED YELLOW 2V 20mA 120mcd Clear SMD 0603"; VariantName = "[No Variations]"
Add component (AddParameter): Name = "Dev Tools Status"; Value = "Design"; VariantName = "[No Variations]"
Add component (AddParameter): Name = "Forward Current"; Value = "20mA"; VariantName = "[No Variations]"
Add component (AddParameter): Name = "Manufacturer 1"; Value = "WURTH ELEKTRONIK"; VariantName = "[No Variations]"
Add component (AddParameter): Name = "Manufacturer Part Number 1"; Value = "150060YS75000"; VariantName = "[No Variations]"
Add component (AddParameter): Name = "MCHP-ID"; Value = "LED1102"; VariantName = "[No Variations]"
Add component (AddParameter): Name = "Operating Temperature"; Value = "-40C to +85C"; VariantName = "[No Variations]"
Add component (AddParameter): Name = "Owner"; Value = "Narasimha Murthy"; VariantName = "[No Variations]"
Add component (AddParameter): Name = "Populated"; Value = "YES"; VariantName = "[No Variations]"
Add component (AddParameter): Name = "Power"; Value = "72mW"; VariantName = "[No Variations]"
Add component (AddParameter): Name = "Quantity Override"; Value = "1"; VariantName = "[No Variations]"
Add component (AddParameter): Name = "Reverse Voltage"; Value = "5V"; VariantName = "[No Variations]"
Add component (AddParameter): Name = "Revision"; Value = "1"; VariantName = "[No Variations]"
Add component (AddParameter): Name = "Status"; Value = "MCL Design"; VariantName = "[No Variations]"
Add component (AddParameter): Name = "Supplier 1"; Value = "Digi-Key"; VariantName = "[No Variations]"
Add component (AddParameter): Name = "Supplier Part Number 1"; Value = "732-4981-1-ND"; VariantName = "[No Variations]"
Add component (AddParameter): Name = "Symbol"; Value = "LED_yellow"; VariantName = "[No Variations]"
Add component (AddParameter): Name = "Type"; Value = "LED Single"; VariantName = "[No Variations]"
Add component (AddParameter): Name = "Value"; Value = "YELLOW"; VariantName = "[No Variations]"
Added Component: Designator=NT1(NET_TIE_3.2mm X1.6mm)
Add component (AddParameter): Name = "BOM Notes"; Value = ""; VariantName = "[No Variations]"
Add component (AddParameter): Name = "Category"; Value = "Resistor"; VariantName = "[No Variations]"
Add component (AddParameter): Name = "ComponentLink1Description"; Value = "SVN Datasheet"; VariantName = "[No Variations]"
Add component (AddParameter): Name = "ComponentLink2Description"; Value = "Local Datasheet"; VariantName = "[No Variations]"
Add component (AddParameter): Name = "ComponentLink3Description"; Value = "Open Symbol"; VariantName = "[No Variations]"
Add component (AddParameter): Name = "ComponentLink3URL"; Value = "C:\ALTIUM_WORK\00001_MCHP-CDB\Library\LibraryRefs\Net Tie.SchLib"; VariantName = "[No Variations]"
Add component (AddParameter): Name = "ComponentLink4Description"; Value = "Open Footprint"; VariantName = "[No Variations]"
Add component (AddParameter): Name = "ComponentLink4URL"; Value = "C:\ALTIUM_WORK\00001_MCHP-CDB\Library\Footprints\NET_TIE_3.2mm X1.6mm.PcbLib"; VariantName = "[No Variations]"
Add component (AddParameter): Name = "ComponentLink5Description"; Value = "Open Footprint 2"; VariantName = "[No Variations]"
Add component (AddParameter): Name = "ComponentLink6Description"; Value = "Open Footprint 3"; VariantName = "[No Variations]"
Add component (AddParameter): Name = "ComponentLink7Description"; Value = "Open Footprint 4"; VariantName = "[No Variations]"
Add component (AddParameter): Name = "Description_"; Value = "RES Net Tie SMD 3.2mmX1.6mm"; VariantName = "[No Variations]"
Add component (AddParameter): Name = "Dev Tools Status"; Value = "Design"; VariantName = "[No Variations]"
Add component (AddParameter): Name = "MCHP-ID"; Value = "RES2508"; VariantName = "[No Variations]"
Add component (AddParameter): Name = "Owner"; Value = "Narasimha Murthy"; VariantName = "[No Variations]"
Add component (AddParameter): Name = "Package"; Value = "3.2mm"; VariantName = "[No Variations]"
Add component (AddParameter): Name = "Populated"; Value = "YES"; VariantName = "[No Variations]"
Add component (AddParameter): Name = "Quantity Override"; Value = "1"; VariantName = "[No Variations]"
Add component (AddParameter): Name = "Revision"; Value = "1"; VariantName = "[No Variations]"
Add component (AddParameter): Name = "Status"; Value = "MCL Design"; VariantName = "[No Variations]"
Add component (AddParameter): Name = "Symbol"; Value = "Net Tie"; VariantName = "[No Variations]"
Add component (AddParameter): Name = "Type"; Value = "RES SMD"; VariantName = "[No Variations]"
Add component (AddParameter): Name = "Value"; Value = "Net Tie"; VariantName = "[No Variations]"
Added Component: Designator=NT2(NET_TIE_2.0mm X1.3mm)
Add component (AddParameter): Name = "BOM Notes"; Value = ""; VariantName = "[No Variations]"
Add component (AddParameter): Name = "Category"; Value = "Resistor"; VariantName = "[No Variations]"
Add component (AddParameter): Name = "ComponentLink1Description"; Value = "SVN Datasheet"; VariantName = "[No Variations]"
Add component (AddParameter): Name = "ComponentLink2Description"; Value = "Local Datasheet"; VariantName = "[No Variations]"
Add component (AddParameter): Name = "ComponentLink3Description"; Value = "Open Symbol"; VariantName = "[No Variations]"
Add component (AddParameter): Name = "ComponentLink3URL"; Value = "C:\ALTIUM_WORK\00001_MCHP-CDB\Library\LibraryRefs\Net Tie.SchLib"; VariantName = "[No Variations]"
Add component (AddParameter): Name = "ComponentLink4Description"; Value = "Open Footprint"; VariantName = "[No Variations]"
Add component (AddParameter): Name = "ComponentLink4URL"; Value = "C:\ALTIUM_WORK\00001_MCHP-CDB\Library\Footprints\NET_TIE_2.0mm X1.3mm.PcbLib"; VariantName = "[No Variations]"
Add component (AddParameter): Name = "ComponentLink5Description"; Value = "Open Footprint 2"; VariantName = "[No Variations]"
Add component (AddParameter): Name = "ComponentLink6Description"; Value = "Open Footprint 3"; VariantName = "[No Variations]"
Add component (AddParameter): Name = "ComponentLink7Description"; Value = "Open Footprint 4"; VariantName = "[No Variations]"
Add component (AddParameter): Name = "Description_"; Value = "RES Net Tie SMD 2.0mmX1.3mm"; VariantName = "[No Variations]"
Add component (AddParameter): Name = "Dev Tools Status"; Value = "Design"; VariantName = "[No Variations]"
Add component (AddParameter): Name = "MCHP-ID"; Value = "RES2507"; VariantName = "[No Variations]"
Add component (AddParameter): Name = "Owner"; Value = "Narasimha Murthy"; VariantName = "[No Variations]"
Add component (AddParameter): Name = "Package"; Value = "2.0mm"; VariantName = "[No Variations]"
Add component (AddParameter): Name = "Populated"; Value = "YES"; VariantName = "[No Variations]"
Add component (AddParameter): Name = "Quantity Override"; Value = "1"; VariantName = "[No Variations]"
Add component (AddParameter): Name = "Revision"; Value = "1"; VariantName = "[No Variations]"
Add component (AddParameter): Name = "Status"; Value = "MCL Design"; VariantName = "[No Variations]"
Add component (AddParameter): Name = "Symbol"; Value = "Net Tie"; VariantName = "[No Variations]"
Add component (AddParameter): Name = "Type"; Value = "RES SMD"; VariantName = "[No Variations]"
Add component (AddParameter): Name = "Value"; Value = "Net Tie"; VariantName = "[No Variations]"
Added Component: Designator=Q1(TO-263-2L)
Add component (AddParameter): Name = "BOM Notes"; Value = ""; VariantName = "[No Variations]"
Add component (AddParameter): Name = "Category"; Value = "Transistor"; VariantName = "[No Variations]"
Add component (AddParameter): Name = "ComponentLink1Description"; Value = "SVN Datasheet"; VariantName = "[No Variations]"
Add component (AddParameter): Name = "ComponentLink1URL"; Value = "https://chn-vm-apps.microchip.com/mchprepo/parts/Datasheets/sqm50034el.pdf"; VariantName = "[No Variations]"
Add component (AddParameter): Name = "ComponentLink2Description"; Value = "Local Datasheet"; VariantName = "[No Variations]"
Add component (AddParameter): Name = "ComponentLink2URL"; Value = "C:\ALTIUM_WORK\00001_MCHP-CDB\Datasheets\sqm50034el.pdf"; VariantName = "[No Variations]"
Add component (AddParameter): Name = "ComponentLink3Description"; Value = "Open Symbol"; VariantName = "[No Variations]"
Add component (AddParameter): Name = "ComponentLink3URL"; Value = "C:\ALTIUM_WORK\00001_MCHP-CDB\Library\LibraryRefs\Transistor MOS-N GDS.SchLib"; VariantName = "[No Variations]"
Add component (AddParameter): Name = "ComponentLink4Description"; Value = "Open Footprint"; VariantName = "[No Variations]"
Add component (AddParameter): Name = "ComponentLink4URL"; Value = "C:\ALTIUM_WORK\00001_MCHP-CDB\Library\Footprints\TO-263-2L.PcbLib"; VariantName = "[No Variations]"
Add component (AddParameter): Name = "ComponentLink5Description"; Value = "Open Footprint 2"; VariantName = "[No Variations]"
Add component (AddParameter): Name = "ComponentLink6Description"; Value = "Open Footprint 3"; VariantName = "[No Variations]"
Add component (AddParameter): Name = "ComponentLink7Description"; Value = "Open Footprint 4"; VariantName = "[No Variations]"
Add component (AddParameter): Name = "Current"; Value = "100A"; VariantName = "[No Variations]"
Add component (AddParameter): Name = "Description_"; Value = "TRANS FET N-CH SQM50034EL_GE3 60V 100A 3.9mOhm TO-263"; VariantName = "[No Variations]"
Add component (AddParameter): Name = "Dev Tools Status"; Value = "Design"; VariantName = "[No Variations]"
Add component (AddParameter): Name = "Drain to Source Voltage"; Value = "60V"; VariantName = "[No Variations]"
Add component (AddParameter): Name = "Gate to Source Voltage"; Value = "20V"; VariantName = "[No Variations]"
Add component (AddParameter): Name = "Manufacturer 1"; Value = "Vishay Siliconix"; VariantName = "[No Variations]"
Add component (AddParameter): Name = "Manufacturer Part Number 1"; Value = "SQM50034EL_GE3"; VariantName = "[No Variations]"
Add component (AddParameter): Name = "MCHP-ID"; Value = "TRA1513"; VariantName = "[No Variations]"
Add component (AddParameter): Name = "Operating Temperature"; Value = "-55°C To 175°C"; VariantName = "[No Variations]"
Add component (AddParameter): Name = "Owner"; Value = "Narasimha Murthy"; VariantName = "[No Variations]"
Add component (AddParameter): Name = "Package"; Value = "TO263"; VariantName = "[No Variations]"
Add component (AddParameter): Name = "Populated"; Value = "YES"; VariantName = "[No Variations]"
Add component (AddParameter): Name = "Power"; Value = "150W"; VariantName = "[No Variations]"
Add component (AddParameter): Name = "Quantity Override"; Value = "1"; VariantName = "[No Variations]"
Add component (AddParameter): Name = "Revision"; Value = "1"; VariantName = "[No Variations]"
Add component (AddParameter): Name = "Status"; Value = "MCL Design"; VariantName = "[No Variations]"
Add component (AddParameter): Name = "Supplier 1"; Value = "Digi-Key"; VariantName = "[No Variations]"
Add component (AddParameter): Name = "Supplier Part Number 1"; Value = "SQM50034EL_GE3CT-ND"; VariantName = "[No Variations]"
Add component (AddParameter): Name = "Symbol"; Value = "Transistor MOS-N GDS"; VariantName = "[No Variations]"
Add component (AddParameter): Name = "Type"; Value = "FET"; VariantName = "[No Variations]"
Add component (AddParameter): Name = "Value"; Value = "SQM50034EL_GE3"; VariantName = "[No Variations]"
Add component (AddParameter): Name = "Voltage"; Value = "60V"; VariantName = "[No Variations]"
Added Component: Designator=Q2(TO-263-2L)
Add component (AddParameter): Name = "BOM Notes"; Value = ""; VariantName = "[No Variations]"
Add component (AddParameter): Name = "Category"; Value = "Transistor"; VariantName = "[No Variations]"
Add component (AddParameter): Name = "ComponentLink1Description"; Value = "SVN Datasheet"; VariantName = "[No Variations]"
Add component (AddParameter): Name = "ComponentLink1URL"; Value = "https://chn-vm-apps.microchip.com/mchprepo/parts/Datasheets/sqm50034el.pdf"; VariantName = "[No Variations]"
Add component (AddParameter): Name = "ComponentLink2Description"; Value = "Local Datasheet"; VariantName = "[No Variations]"
Add component (AddParameter): Name = "ComponentLink2URL"; Value = "C:\ALTIUM_WORK\00001_MCHP-CDB\Datasheets\sqm50034el.pdf"; VariantName = "[No Variations]"
Add component (AddParameter): Name = "ComponentLink3Description"; Value = "Open Symbol"; VariantName = "[No Variations]"
Add component (AddParameter): Name = "ComponentLink3URL"; Value = "C:\ALTIUM_WORK\00001_MCHP-CDB\Library\LibraryRefs\Transistor MOS-N GDS.SchLib"; VariantName = "[No Variations]"
Add component (AddParameter): Name = "ComponentLink4Description"; Value = "Open Footprint"; VariantName = "[No Variations]"
Add component (AddParameter): Name = "ComponentLink4URL"; Value = "C:\ALTIUM_WORK\00001_MCHP-CDB\Library\Footprints\TO-263-2L.PcbLib"; VariantName = "[No Variations]"
Add component (AddParameter): Name = "ComponentLink5Description"; Value = "Open Footprint 2"; VariantName = "[No Variations]"
Add component (AddParameter): Name = "ComponentLink6Description"; Value = "Open Footprint 3"; VariantName = "[No Variations]"
Add component (AddParameter): Name = "ComponentLink7Description"; Value = "Open Footprint 4"; VariantName = "[No Variations]"
Add component (AddParameter): Name = "Current"; Value = "100A"; VariantName = "[No Variations]"
Add component (AddParameter): Name = "Description_"; Value = "TRANS FET N-CH SQM50034EL_GE3 60V 100A 3.9mOhm TO-263"; VariantName = "[No Variations]"
Add component (AddParameter): Name = "Dev Tools Status"; Value = "Design"; VariantName = "[No Variations]"
Add component (AddParameter): Name = "Drain to Source Voltage"; Value = "60V"; VariantName = "[No Variations]"
Add component (AddParameter): Name = "Gate to Source Voltage"; Value = "20V"; VariantName = "[No Variations]"
Add component (AddParameter): Name = "Manufacturer 1"; Value = "Vishay Siliconix"; VariantName = "[No Variations]"
Add component (AddParameter): Name = "Manufacturer Part Number 1"; Value = "SQM50034EL_GE3"; VariantName = "[No Variations]"
Add component (AddParameter): Name = "MCHP-ID"; Value = "TRA1513"; VariantName = "[No Variations]"
Add component (AddParameter): Name = "Operating Temperature"; Value = "-55°C To 175°C"; VariantName = "[No Variations]"
Add component (AddParameter): Name = "Owner"; Value = "Narasimha Murthy"; VariantName = "[No Variations]"
Add component (AddParameter): Name = "Package"; Value = "TO263"; VariantName = "[No Variations]"
Add component (AddParameter): Name = "Populated"; Value = "YES"; VariantName = "[No Variations]"
Add component (AddParameter): Name = "Power"; Value = "150W"; VariantName = "[No Variations]"
Add component (AddParameter): Name = "Quantity Override"; Value = "1"; VariantName = "[No Variations]"
Add component (AddParameter): Name = "Revision"; Value = "1"; VariantName = "[No Variations]"
Add component (AddParameter): Name = "Status"; Value = "MCL Design"; VariantName = "[No Variations]"
Add component (AddParameter): Name = "Supplier 1"; Value = "Digi-Key"; VariantName = "[No Variations]"
Add component (AddParameter): Name = "Supplier Part Number 1"; Value = "SQM50034EL_GE3CT-ND"; VariantName = "[No Variations]"
Add component (AddParameter): Name = "Symbol"; Value = "Transistor MOS-N GDS"; VariantName = "[No Variations]"
Add component (AddParameter): Name = "Type"; Value = "FET"; VariantName = "[No Variations]"
Add component (AddParameter): Name = "Value"; Value = "SQM50034EL_GE3"; VariantName = "[No Variations]"
Add component (AddParameter): Name = "Voltage"; Value = "60V"; VariantName = "[No Variations]"
Added Component: Designator=Q3(TO-263-2L)
Add component (AddParameter): Name = "BOM Notes"; Value = ""; VariantName = "[No Variations]"
Add component (AddParameter): Name = "Category"; Value = "Transistor"; VariantName = "[No Variations]"
Add component (AddParameter): Name = "ComponentLink1Description"; Value = "SVN Datasheet"; VariantName = "[No Variations]"
Add component (AddParameter): Name = "ComponentLink1URL"; Value = "https://chn-vm-apps.microchip.com/mchprepo/parts/Datasheets/sqm50034el.pdf"; VariantName = "[No Variations]"
Add component (AddParameter): Name = "ComponentLink2Description"; Value = "Local Datasheet"; VariantName = "[No Variations]"
Add component (AddParameter): Name = "ComponentLink2URL"; Value = "C:\ALTIUM_WORK\00001_MCHP-CDB\Datasheets\sqm50034el.pdf"; VariantName = "[No Variations]"
Add component (AddParameter): Name = "ComponentLink3Description"; Value = "Open Symbol"; VariantName = "[No Variations]"
Add component (AddParameter): Name = "ComponentLink3URL"; Value = "C:\ALTIUM_WORK\00001_MCHP-CDB\Library\LibraryRefs\Transistor MOS-N GDS.SchLib"; VariantName = "[No Variations]"
Add component (AddParameter): Name = "ComponentLink4Description"; Value = "Open Footprint"; VariantName = "[No Variations]"
Add component (AddParameter): Name = "ComponentLink4URL"; Value = "C:\ALTIUM_WORK\00001_MCHP-CDB\Library\Footprints\TO-263-2L.PcbLib"; VariantName = "[No Variations]"
Add component (AddParameter): Name = "ComponentLink5Description"; Value = "Open Footprint 2"; VariantName = "[No Variations]"
Add component (AddParameter): Name = "ComponentLink6Description"; Value = "Open Footprint 3"; VariantName = "[No Variations]"
Add component (AddParameter): Name = "ComponentLink7Description"; Value = "Open Footprint 4"; VariantName = "[No Variations]"
Add component (AddParameter): Name = "Current"; Value = "100A"; VariantName = "[No Variations]"
Add component (AddParameter): Name = "Description_"; Value = "TRANS FET N-CH SQM50034EL_GE3 60V 100A 3.9mOhm TO-263"; VariantName = "[No Variations]"
Add component (AddParameter): Name = "Dev Tools Status"; Value = "Design"; VariantName = "[No Variations]"
Add component (AddParameter): Name = "Drain to Source Voltage"; Value = "60V"; VariantName = "[No Variations]"
Add component (AddParameter): Name = "Gate to Source Voltage"; Value = "20V"; VariantName = "[No Variations]"
Add component (AddParameter): Name = "Manufacturer 1"; Value = "Vishay Siliconix"; VariantName = "[No Variations]"
Add component (AddParameter): Name = "Manufacturer Part Number 1"; Value = "SQM50034EL_GE3"; VariantName = "[No Variations]"
Add component (AddParameter): Name = "MCHP-ID"; Value = "TRA1513"; VariantName = "[No Variations]"
Add component (AddParameter): Name = "Operating Temperature"; Value = "-55°C To 175°C"; VariantName = "[No Variations]"
Add component (AddParameter): Name = "Owner"; Value = "Narasimha Murthy"; VariantName = "[No Variations]"
Add component (AddParameter): Name = "Package"; Value = "TO263"; VariantName = "[No Variations]"
Add component (AddParameter): Name = "Populated"; Value = "YES"; VariantName = "[No Variations]"
Add component (AddParameter): Name = "Power"; Value = "150W"; VariantName = "[No Variations]"
Add component (AddParameter): Name = "Quantity Override"; Value = "1"; VariantName = "[No Variations]"
Add component (AddParameter): Name = "Revision"; Value = "1"; VariantName = "[No Variations]"
Add component (AddParameter): Name = "Status"; Value = "MCL Design"; VariantName = "[No Variations]"
Add component (AddParameter): Name = "Supplier 1"; Value = "Digi-Key"; VariantName = "[No Variations]"
Add component (AddParameter): Name = "Supplier Part Number 1"; Value = "SQM50034EL_GE3CT-ND"; VariantName = "[No Variations]"
Add component (AddParameter): Name = "Symbol"; Value = "Transistor MOS-N GDS"; VariantName = "[No Variations]"
Add component (AddParameter): Name = "Type"; Value = "FET"; VariantName = "[No Variations]"
Add component (AddParameter): Name = "Value"; Value = "SQM50034EL_GE3"; VariantName = "[No Variations]"
Add component (AddParameter): Name = "Voltage"; Value = "60V"; VariantName = "[No Variations]"
Added Component: Designator=Q4(TO-263-2L)
Add component (AddParameter): Name = "BOM Notes"; Value = ""; VariantName = "[No Variations]"
Add component (AddParameter): Name = "Category"; Value = "Transistor"; VariantName = "[No Variations]"
Add component (AddParameter): Name = "ComponentLink1Description"; Value = "SVN Datasheet"; VariantName = "[No Variations]"
Add component (AddParameter): Name = "ComponentLink1URL"; Value = "https://chn-vm-apps.microchip.com/mchprepo/parts/Datasheets/sqm50034el.pdf"; VariantName = "[No Variations]"
Add component (AddParameter): Name = "ComponentLink2Description"; Value = "Local Datasheet"; VariantName = "[No Variations]"
Add component (AddParameter): Name = "ComponentLink2URL"; Value = "C:\ALTIUM_WORK\00001_MCHP-CDB\Datasheets\sqm50034el.pdf"; VariantName = "[No Variations]"
Add component (AddParameter): Name = "ComponentLink3Description"; Value = "Open Symbol"; VariantName = "[No Variations]"
Add component (AddParameter): Name = "ComponentLink3URL"; Value = "C:\ALTIUM_WORK\00001_MCHP-CDB\Library\LibraryRefs\Transistor MOS-N GDS.SchLib"; VariantName = "[No Variations]"
Add component (AddParameter): Name = "ComponentLink4Description"; Value = "Open Footprint"; VariantName = "[No Variations]"
Add component (AddParameter): Name = "ComponentLink4URL"; Value = "C:\ALTIUM_WORK\00001_MCHP-CDB\Library\Footprints\TO-263-2L.PcbLib"; VariantName = "[No Variations]"
Add component (AddParameter): Name = "ComponentLink5Description"; Value = "Open Footprint 2"; VariantName = "[No Variations]"
Add component (AddParameter): Name = "ComponentLink6Description"; Value = "Open Footprint 3"; VariantName = "[No Variations]"
Add component (AddParameter): Name = "ComponentLink7Description"; Value = "Open Footprint 4"; VariantName = "[No Variations]"
Add component (AddParameter): Name = "Current"; Value = "100A"; VariantName = "[No Variations]"
Add component (AddParameter): Name = "Description_"; Value = "TRANS FET N-CH SQM50034EL_GE3 60V 100A 3.9mOhm TO-263"; VariantName = "[No Variations]"
Add component (AddParameter): Name = "Dev Tools Status"; Value = "Design"; VariantName = "[No Variations]"
Add component (AddParameter): Name = "Drain to Source Voltage"; Value = "60V"; VariantName = "[No Variations]"
Add component (AddParameter): Name = "Gate to Source Voltage"; Value = "20V"; VariantName = "[No Variations]"
Add component (AddParameter): Name = "Manufacturer 1"; Value = "Vishay Siliconix"; VariantName = "[No Variations]"
Add component (AddParameter): Name = "Manufacturer Part Number 1"; Value = "SQM50034EL_GE3"; VariantName = "[No Variations]"
Add component (AddParameter): Name = "MCHP-ID"; Value = "TRA1513"; VariantName = "[No Variations]"
Add component (AddParameter): Name = "Operating Temperature"; Value = "-55°C To 175°C"; VariantName = "[No Variations]"
Add component (AddParameter): Name = "Owner"; Value = "Narasimha Murthy"; VariantName = "[No Variations]"
Add component (AddParameter): Name = "Package"; Value = "TO263"; VariantName = "[No Variations]"
Add component (AddParameter): Name = "Populated"; Value = "YES"; VariantName = "[No Variations]"
Add component (AddParameter): Name = "Power"; Value = "150W"; VariantName = "[No Variations]"
Add component (AddParameter): Name = "Quantity Override"; Value = "1"; VariantName = "[No Variations]"
Add component (AddParameter): Name = "Revision"; Value = "1"; VariantName = "[No Variations]"
Add component (AddParameter): Name = "Status"; Value = "MCL Design"; VariantName = "[No Variations]"
Add component (AddParameter): Name = "Supplier 1"; Value = "Digi-Key"; VariantName = "[No Variations]"
Add component (AddParameter): Name = "Supplier Part Number 1"; Value = "SQM50034EL_GE3CT-ND"; VariantName = "[No Variations]"
Add component (AddParameter): Name = "Symbol"; Value = "Transistor MOS-N GDS"; VariantName = "[No Variations]"
Add component (AddParameter): Name = "Type"; Value = "FET"; VariantName = "[No Variations]"
Add component (AddParameter): Name = "Value"; Value = "SQM50034EL_GE3"; VariantName = "[No Variations]"
Add component (AddParameter): Name = "Voltage"; Value = "60V"; VariantName = "[No Variations]"
Added Component: Designator=Q5(TO-263-2L)
Add component (AddParameter): Name = "BOM Notes"; Value = ""; VariantName = "[No Variations]"
Add component (AddParameter): Name = "Category"; Value = "Transistor"; VariantName = "[No Variations]"
Add component (AddParameter): Name = "ComponentLink1Description"; Value = "SVN Datasheet"; VariantName = "[No Variations]"
Add component (AddParameter): Name = "ComponentLink1URL"; Value = "https://chn-vm-apps.microchip.com/mchprepo/parts/Datasheets/sqm50034el.pdf"; VariantName = "[No Variations]"
Add component (AddParameter): Name = "ComponentLink2Description"; Value = "Local Datasheet"; VariantName = "[No Variations]"
Add component (AddParameter): Name = "ComponentLink2URL"; Value = "C:\ALTIUM_WORK\00001_MCHP-CDB\Datasheets\sqm50034el.pdf"; VariantName = "[No Variations]"
Add component (AddParameter): Name = "ComponentLink3Description"; Value = "Open Symbol"; VariantName = "[No Variations]"
Add component (AddParameter): Name = "ComponentLink3URL"; Value = "C:\ALTIUM_WORK\00001_MCHP-CDB\Library\LibraryRefs\Transistor MOS-N GDS.SchLib"; VariantName = "[No Variations]"
Add component (AddParameter): Name = "ComponentLink4Description"; Value = "Open Footprint"; VariantName = "[No Variations]"
Add component (AddParameter): Name = "ComponentLink4URL"; Value = "C:\ALTIUM_WORK\00001_MCHP-CDB\Library\Footprints\TO-263-2L.PcbLib"; VariantName = "[No Variations]"
Add component (AddParameter): Name = "ComponentLink5Description"; Value = "Open Footprint 2"; VariantName = "[No Variations]"
Add component (AddParameter): Name = "ComponentLink6Description"; Value = "Open Footprint 3"; VariantName = "[No Variations]"
Add component (AddParameter): Name = "ComponentLink7Description"; Value = "Open Footprint 4"; VariantName = "[No Variations]"
Add component (AddParameter): Name = "Current"; Value = "100A"; VariantName = "[No Variations]"
Add component (AddParameter): Name = "Description_"; Value = "TRANS FET N-CH SQM50034EL_GE3 60V 100A 3.9mOhm TO-263"; VariantName = "[No Variations]"
Add component (AddParameter): Name = "Dev Tools Status"; Value = "Design"; VariantName = "[No Variations]"
Add component (AddParameter): Name = "Drain to Source Voltage"; Value = "60V"; VariantName = "[No Variations]"
Add component (AddParameter): Name = "Gate to Source Voltage"; Value = "20V"; VariantName = "[No Variations]"
Add component (AddParameter): Name = "Manufacturer 1"; Value = "Vishay Siliconix"; VariantName = "[No Variations]"
Add component (AddParameter): Name = "Manufacturer Part Number 1"; Value = "SQM50034EL_GE3"; VariantName = "[No Variations]"
Add component (AddParameter): Name = "MCHP-ID"; Value = "TRA1513"; VariantName = "[No Variations]"
Add component (AddParameter): Name = "Operating Temperature"; Value = "-55°C To 175°C"; VariantName = "[No Variations]"
Add component (AddParameter): Name = "Owner"; Value = "Narasimha Murthy"; VariantName = "[No Variations]"
Add component (AddParameter): Name = "Package"; Value = "TO263"; VariantName = "[No Variations]"
Add component (AddParameter): Name = "Populated"; Value = "YES"; VariantName = "[No Variations]"
Add component (AddParameter): Name = "Power"; Value = "150W"; VariantName = "[No Variations]"
Add component (AddParameter): Name = "Quantity Override"; Value = "1"; VariantName = "[No Variations]"
Add component (AddParameter): Name = "Revision"; Value = "1"; VariantName = "[No Variations]"
Add component (AddParameter): Name = "Status"; Value = "MCL Design"; VariantName = "[No Variations]"
Add component (AddParameter): Name = "Supplier 1"; Value = "Digi-Key"; VariantName = "[No Variations]"
Add component (AddParameter): Name = "Supplier Part Number 1"; Value = "SQM50034EL_GE3CT-ND"; VariantName = "[No Variations]"
Add component (AddParameter): Name = "Symbol"; Value = "Transistor MOS-N GDS"; VariantName = "[No Variations]"
Add component (AddParameter): Name = "Type"; Value = "FET"; VariantName = "[No Variations]"
Add component (AddParameter): Name = "Value"; Value = "SQM50034EL_GE3"; VariantName = "[No Variations]"
Add component (AddParameter): Name = "Voltage"; Value = "60V"; VariantName = "[No Variations]"
Added Component: Designator=Q6(TO-263-2L)
Add component (AddParameter): Name = "BOM Notes"; Value = ""; VariantName = "[No Variations]"
Add component (AddParameter): Name = "Category"; Value = "Transistor"; VariantName = "[No Variations]"
Add component (AddParameter): Name = "ComponentLink1Description"; Value = "SVN Datasheet"; VariantName = "[No Variations]"
Add component (AddParameter): Name = "ComponentLink1URL"; Value = "https://chn-vm-apps.microchip.com/mchprepo/parts/Datasheets/sqm50034el.pdf"; VariantName = "[No Variations]"
Add component (AddParameter): Name = "ComponentLink2Description"; Value = "Local Datasheet"; VariantName = "[No Variations]"
Add component (AddParameter): Name = "ComponentLink2URL"; Value = "C:\ALTIUM_WORK\00001_MCHP-CDB\Datasheets\sqm50034el.pdf"; VariantName = "[No Variations]"
Add component (AddParameter): Name = "ComponentLink3Description"; Value = "Open Symbol"; VariantName = "[No Variations]"
Add component (AddParameter): Name = "ComponentLink3URL"; Value = "C:\ALTIUM_WORK\00001_MCHP-CDB\Library\LibraryRefs\Transistor MOS-N GDS.SchLib"; VariantName = "[No Variations]"
Add component (AddParameter): Name = "ComponentLink4Description"; Value = "Open Footprint"; VariantName = "[No Variations]"
Add component (AddParameter): Name = "ComponentLink4URL"; Value = "C:\ALTIUM_WORK\00001_MCHP-CDB\Library\Footprints\TO-263-2L.PcbLib"; VariantName = "[No Variations]"
Add component (AddParameter): Name = "ComponentLink5Description"; Value = "Open Footprint 2"; VariantName = "[No Variations]"
Add component (AddParameter): Name = "ComponentLink6Description"; Value = "Open Footprint 3"; VariantName = "[No Variations]"
Add component (AddParameter): Name = "ComponentLink7Description"; Value = "Open Footprint 4"; VariantName = "[No Variations]"
Add component (AddParameter): Name = "Current"; Value = "100A"; VariantName = "[No Variations]"
Add component (AddParameter): Name = "Description_"; Value = "TRANS FET N-CH SQM50034EL_GE3 60V 100A 3.9mOhm TO-263"; VariantName = "[No Variations]"
Add component (AddParameter): Name = "Dev Tools Status"; Value = "Design"; VariantName = "[No Variations]"
Add component (AddParameter): Name = "Drain to Source Voltage"; Value = "60V"; VariantName = "[No Variations]"
Add component (AddParameter): Name = "Gate to Source Voltage"; Value = "20V"; VariantName = "[No Variations]"
Add component (AddParameter): Name = "Manufacturer 1"; Value = "Vishay Siliconix"; VariantName = "[No Variations]"
Add component (AddParameter): Name = "Manufacturer Part Number 1"; Value = "SQM50034EL_GE3"; VariantName = "[No Variations]"
Add component (AddParameter): Name = "MCHP-ID"; Value = "TRA1513"; VariantName = "[No Variations]"
Add component (AddParameter): Name = "Operating Temperature"; Value = "-55°C To 175°C"; VariantName = "[No Variations]"
Add component (AddParameter): Name = "Owner"; Value = "Narasimha Murthy"; VariantName = "[No Variations]"
Add component (AddParameter): Name = "Package"; Value = "TO263"; VariantName = "[No Variations]"
Add component (AddParameter): Name = "Populated"; Value = "YES"; VariantName = "[No Variations]"
Add component (AddParameter): Name = "Power"; Value = "150W"; VariantName = "[No Variations]"
Add component (AddParameter): Name = "Quantity Override"; Value = "1"; VariantName = "[No Variations]"
Add component (AddParameter): Name = "Revision"; Value = "1"; VariantName = "[No Variations]"
Add component (AddParameter): Name = "Status"; Value = "MCL Design"; VariantName = "[No Variations]"
Add component (AddParameter): Name = "Supplier 1"; Value = "Digi-Key"; VariantName = "[No Variations]"
Add component (AddParameter): Name = "Supplier Part Number 1"; Value = "SQM50034EL_GE3CT-ND"; VariantName = "[No Variations]"
Add component (AddParameter): Name = "Symbol"; Value = "Transistor MOS-N GDS"; VariantName = "[No Variations]"
Add component (AddParameter): Name = "Type"; Value = "FET"; VariantName = "[No Variations]"
Add component (AddParameter): Name = "Value"; Value = "SQM50034EL_GE3"; VariantName = "[No Variations]"
Add component (AddParameter): Name = "Voltage"; Value = "60V"; VariantName = "[No Variations]"
Added Component: Designator=R1(RES_C_0603)
Add component (AddParameter): Name = "Category"; Value = "Resistor"; VariantName = "[No Variations]"
Add component (AddParameter): Name = "ComponentLink1Description"; Value = "SVN Datasheet"; VariantName = "[No Variations]"
Add component (AddParameter): Name = "ComponentLink1URL"; Value = "https://chn-vm-apps.microchip.com/mchprepo/parts/Datasheets/crcwhpe3.pdf"; VariantName = "[No Variations]"
Add component (AddParameter): Name = "ComponentLink2Description"; Value = "Local Datasheet"; VariantName = "[No Variations]"
Add component (AddParameter): Name = "ComponentLink2URL"; Value = "C:\ALTIUM_WORK\00001_MCHP-CDB\Datasheets\crcwhpe3.pdf"; VariantName = "[No Variations]"
Add component (AddParameter): Name = "ComponentLink3Description"; Value = "Open Symbol"; VariantName = "[No Variations]"
Add component (AddParameter): Name = "ComponentLink3URL"; Value = "C:\ALTIUM_WORK\00001_MCHP-CDB\Library\LibraryRefs\Resistor.SchLib"; VariantName = "[No Variations]"
Add component (AddParameter): Name = "ComponentLink4Description"; Value = "Open Footprint"; VariantName = "[No Variations]"
Add component (AddParameter): Name = "ComponentLink4URL"; Value = "C:\ALTIUM_WORK\00001_MCHP-CDB\Library\Footprints\RES_C_0603.PcbLib"; VariantName = "[No Variations]"
Add component (AddParameter): Name = "ComponentLink5Description"; Value = "Open Footprint 2"; VariantName = "[No Variations]"
Add component (AddParameter): Name = "ComponentLink6Description"; Value = "Open Footprint 3"; VariantName = "[No Variations]"
Add component (AddParameter): Name = "ComponentLink7Description"; Value = "Open Footprint 4"; VariantName = "[No Variations]"
Add component (AddParameter): Name = "Composition"; Value = "TKF"; VariantName = "[No Variations]"
Add component (AddParameter): Name = "Description_"; Value = "RES TKF 82R 1% 1/4W SMD 0603"; VariantName = "[No Variations]"
Add component (AddParameter): Name = "Dev Tools Status"; Value = "Production"; VariantName = "[No Variations]"
Add component (AddParameter): Name = "Manufacturer 1"; Value = "Vishay"; VariantName = "[No Variations]"
Add component (AddParameter): Name = "Manufacturer Part Number 1"; Value = "CRCW060382R0FKEAHP"; VariantName = "[No Variations]"
Add component (AddParameter): Name = "MCHP-ID"; Value = "RES1211"; VariantName = "[No Variations]"
Add component (AddParameter): Name = "Operating Temperature"; Value = "-55C to +155C"; VariantName = "[No Variations]"
Add component (AddParameter): Name = "Owner"; Value = "Mihai T(M91442)"; VariantName = "[No Variations]"
Add component (AddParameter): Name = "Package"; Value = "0603"; VariantName = "[No Variations]"
Add component (AddParameter): Name = "Populated"; Value = "Yes"; VariantName = "[No Variations]"
Add component (AddParameter): Name = "Power"; Value = "1/4W"; VariantName = "[No Variations]"
Add component (AddParameter): Name = "Quantity Override"; Value = "1"; VariantName = "[No Variations]"
Add component (AddParameter): Name = "Revision"; Value = "0"; VariantName = "[No Variations]"
Add component (AddParameter): Name = "Status"; Value = "MCL Design"; VariantName = "[No Variations]"
Add component (AddParameter): Name = "Supplier 1"; Value = "Digi-Key"; VariantName = "[No Variations]"
Add component (AddParameter): Name = "Supplier 2"; Value = "Farnell"; VariantName = "[No Variations]"
Add component (AddParameter): Name = "Supplier Part Number 1"; Value = "CRCW060382R0FKEAHP-ND"; VariantName = "[No Variations]"
Add component (AddParameter): Name = "Supplier Part Number 2"; Value = "1738890"; VariantName = "[No Variations]"
Add component (AddParameter): Name = "Symbol"; Value = "Resistor"; VariantName = "[No Variations]"
Add component (AddParameter): Name = "Temperature Coeffcient"; Value = "100ppm/C"; VariantName = "[No Variations]"
Add component (AddParameter): Name = "Tolerance"; Value = "1%"; VariantName = "[No Variations]"
Add component (AddParameter): Name = "Type"; Value = "RES SMD"; VariantName = "[No Variations]"
Add component (AddParameter): Name = "Value"; Value = "82R"; VariantName = "[No Variations]"
Add component (AddParameter): Name = "Voltage"; Value = "75V"; VariantName = "[No Variations]"
Added Component: Designator=R2(RES_C_0603)
Add component (AddParameter): Name = "Category"; Value = "Resistor"; VariantName = "[No Variations]"
Add component (AddParameter): Name = "ComponentLink1Description"; Value = "SVN Datasheet"; VariantName = "[No Variations]"
Add component (AddParameter): Name = "ComponentLink1URL"; Value = "https://chn-vm-apps.microchip.com/mchprepo/parts/Datasheets/PYu-RC0603_51_RoHS_L_4.pdf"; VariantName = "[No Variations]"
Add component (AddParameter): Name = "ComponentLink2Description"; Value = "Local Datasheet"; VariantName = "[No Variations]"
Add component (AddParameter): Name = "ComponentLink2URL"; Value = "C:\ALTIUM_WORK\00001_MCHP-CDB\Datasheets\PYu-RC0603_51_RoHS_L_4.pdf"; VariantName = "[No Variations]"
Add component (AddParameter): Name = "ComponentLink3Description"; Value = "Open Symbol"; VariantName = "[No Variations]"
Add component (AddParameter): Name = "ComponentLink3URL"; Value = "C:\ALTIUM_WORK\00001_MCHP-CDB\Library\LibraryRefs\Resistor.SchLib"; VariantName = "[No Variations]"
Add component (AddParameter): Name = "ComponentLink4Description"; Value = "Open Footprint"; VariantName = "[No Variations]"
Add component (AddParameter): Name = "ComponentLink4URL"; Value = "C:\ALTIUM_WORK\00001_MCHP-CDB\Library\Footprints\RES_C_0603.PcbLib"; VariantName = "[No Variations]"
Add component (AddParameter): Name = "ComponentLink5Description"; Value = "Open Footprint 2"; VariantName = "[No Variations]"
Add component (AddParameter): Name = "ComponentLink6Description"; Value = "Open Footprint 3"; VariantName = "[No Variations]"
Add component (AddParameter): Name = "ComponentLink7Description"; Value = "Open Footprint 4"; VariantName = "[No Variations]"
Add component (AddParameter): Name = "Composition"; Value = "TKF"; VariantName = "[No Variations]"
Add component (AddParameter): Name = "Description_"; Value = "RES TKF 52.3k 1% 1/10W SMD 0603"; VariantName = "[No Variations]"
Add component (AddParameter): Name = "Dev Tools Status"; Value = "Production"; VariantName = "[No Variations]"
Add component (AddParameter): Name = "Manufacturer 1"; Value = "Panasonic"; VariantName = "[No Variations]"
Add component (AddParameter): Name = "Manufacturer 2"; Value = "Yageo"; VariantName = "[No Variations]"
Add component (AddParameter): Name = "Manufacturer Part Number 1"; Value = "ERJ-3EKF5232V"; VariantName = "[No Variations]"
Add component (AddParameter): Name = "Manufacturer Part Number 2"; Value = "RC0603FR-0752K3L"; VariantName = "[No Variations]"
Add component (AddParameter): Name = "MCHP-ID"; Value = "RSMT0553"; VariantName = "[No Variations]"
Add component (AddParameter): Name = "Operating Temperature"; Value = "-55C to +155C"; VariantName = "[No Variations]"
Add component (AddParameter): Name = "Package"; Value = "0603"; VariantName = "[No Variations]"
Add component (AddParameter): Name = "Populated"; Value = "Yes"; VariantName = "[No Variations]"
Add component (AddParameter): Name = "Power"; Value = "1/10W"; VariantName = "[No Variations]"
Add component (AddParameter): Name = "Quantity Override"; Value = "1"; VariantName = "[No Variations]"
Add component (AddParameter): Name = "Revision"; Value = "1"; VariantName = "[No Variations]"
Add component (AddParameter): Name = "Status"; Value = "MCL Design"; VariantName = "[No Variations]"
Add component (AddParameter): Name = "Supplier 1"; Value = "Digi-Key"; VariantName = "[No Variations]"
Add component (AddParameter): Name = "Supplier 2"; Value = "Digi-Key"; VariantName = "[No Variations]"
Add component (AddParameter): Name = "Supplier Part Number 1"; Value = "P52.3KHCT-ND"; VariantName = "[No Variations]"
Add component (AddParameter): Name = "Supplier Part Number 2"; Value = "311-52.3KHRCT-ND"; VariantName = "[No Variations]"
Add component (AddParameter): Name = "Symbol"; Value = "Resistor"; VariantName = "[No Variations]"
Add component (AddParameter): Name = "Temperature Coeffcient"; Value = "100ppm/C"; VariantName = "[No Variations]"
Add component (AddParameter): Name = "Tolerance"; Value = "1%"; VariantName = "[No Variations]"
Add component (AddParameter): Name = "Type"; Value = "RES SMD"; VariantName = "[No Variations]"
Add component (AddParameter): Name = "Value"; Value = "52.3k"; VariantName = "[No Variations]"
Add component (AddParameter): Name = "Voltage"; Value = "50V"; VariantName = "[No Variations]"
Added Component: Designator=R3(RES_C_1206)
Add component (AddParameter): Name = "BOM Notes"; Value = ""; VariantName = "[No Variations]"
Add component (AddParameter): Name = "Category"; Value = "Resistor"; VariantName = "[No Variations]"
Add component (AddParameter): Name = "ComponentLink1Description"; Value = "SVN Datasheet"; VariantName = "[No Variations]"
Add component (AddParameter): Name = "ComponentLink1URL"; Value = "https://chn-vm-apps.microchip.com/mchprepo/parts/Datasheets/AOA0000CE1.pdf"; VariantName = "[No Variations]"
Add component (AddParameter): Name = "ComponentLink2Description"; Value = "Local Datasheet"; VariantName = "[No Variations]"
Add component (AddParameter): Name = "ComponentLink2URL"; Value = "C:\ALTIUM_WORK\00001_MCHP-CDB\Datasheets\AOA0000CE1.pdf"; VariantName = "[No Variations]"
Add component (AddParameter): Name = "ComponentLink3Description"; Value = "Open Symbol"; VariantName = "[No Variations]"
Add component (AddParameter): Name = "ComponentLink3URL"; Value = "C:\ALTIUM_WORK\00001_MCHP-CDB\Library\LibraryRefs\Resistor.SchLib"; VariantName = "[No Variations]"
Add component (AddParameter): Name = "ComponentLink4Description"; Value = "Open Footprint"; VariantName = "[No Variations]"
Add component (AddParameter): Name = "ComponentLink4URL"; Value = "C:\ALTIUM_WORK\00001_MCHP-CDB\Library\Footprints\RES_C_1206.PcbLib"; VariantName = "[No Variations]"
Add component (AddParameter): Name = "ComponentLink5Description"; Value = "Open Footprint 2"; VariantName = "[No Variations]"
Add component (AddParameter): Name = "ComponentLink6Description"; Value = "Open Footprint 3"; VariantName = "[No Variations]"
Add component (AddParameter): Name = "ComponentLink7Description"; Value = "Open Footprint 4"; VariantName = "[No Variations]"
Add component (AddParameter): Name = "Composition"; Value = "TKF"; VariantName = "[No Variations]"
Add component (AddParameter): Name = "Current"; Value = "2A"; VariantName = "[No Variations]"
Add component (AddParameter): Name = "Description_"; Value = "RES TKF 0R SMD 1206"; VariantName = "[No Variations]"
Add component (AddParameter): Name = "Dev Tools Status"; Value = "Production"; VariantName = "[No Variations]"
Add component (AddParameter): Name = "Manufacturer 1"; Value = "Yageo"; VariantName = "[No Variations]"
Add component (AddParameter): Name = "Manufacturer 2"; Value = "Panasonic"; VariantName = "[No Variations]"
Add component (AddParameter): Name = "Manufacturer 3"; Value = "KOA Speer"; VariantName = "[No Variations]"
Add component (AddParameter): Name = "Manufacturer 4"; Value = "Bourns"; VariantName = "[No Variations]"
Add component (AddParameter): Name = "Manufacturer Part Number 1"; Value = "RC1206JR-070RL"; VariantName = "[No Variations]"
Add component (AddParameter): Name = "Manufacturer Part Number 2"; Value = "ERJ-8GEY0R00V"; VariantName = "[No Variations]"
Add component (AddParameter): Name = "Manufacturer Part Number 3"; Value = "RK73Z2BTTD"; VariantName = "[No Variations]"
Add component (AddParameter): Name = "Manufacturer Part Number 4"; Value = "CR1206-J/-000ELF"; VariantName = "[No Variations]"
Add component (AddParameter): Name = "MCHP-ID"; Value = "RSMT0003"; VariantName = "[No Variations]"
Add component (AddParameter): Name = "Operating Temperature"; Value = "-55C to +155C"; VariantName = "[No Variations]"
Add component (AddParameter): Name = "Package"; Value = "1206"; VariantName = "[No Variations]"
Add component (AddParameter): Name = "Populated"; Value = "Yes"; VariantName = "[No Variations]"
Add component (AddParameter): Name = "Quantity Override"; Value = "1"; VariantName = "[No Variations]"
Add component (AddParameter): Name = "Revision"; Value = "1"; VariantName = "[No Variations]"
Add component (AddParameter): Name = "Status"; Value = "MCL Design"; VariantName = "[No Variations]"
Add component (AddParameter): Name = "Supplier 1"; Value = "Digi-Key"; VariantName = "[No Variations]"
Add component (AddParameter): Name = "Supplier 2"; Value = "Digi-Key"; VariantName = "[No Variations]"
Add component (AddParameter): Name = "Supplier 3"; Value = "KOA Speer"; VariantName = "[No Variations]"
Add component (AddParameter): Name = "Supplier 4"; Value = "Mouser"; VariantName = "[No Variations]"
Add component (AddParameter): Name = "Supplier Part Number 1"; Value = "311-0.0ERCT-ND"; VariantName = "[No Variations]"
Add component (AddParameter): Name = "Supplier Part Number 2"; Value = "P0.0ETR-ND"; VariantName = "[No Variations]"
Add component (AddParameter): Name = "Supplier Part Number 3"; Value = "RK73Z2BTTD"; VariantName = "[No Variations]"
Add component (AddParameter): Name = "Supplier Part Number 4"; Value = "652-CR1206-J/-000ELF"; VariantName = "[No Variations]"
Add component (AddParameter): Name = "Symbol"; Value = "Resistor"; VariantName = "[No Variations]"
Add component (AddParameter): Name = "Type"; Value = "RES SMD"; VariantName = "[No Variations]"
Add component (AddParameter): Name = "Value"; Value = "0R"; VariantName = "[No Variations]"
Added Component: Designator=R4(RES_C_0603)
Add component (AddParameter): Name = "Category"; Value = "Resistor"; VariantName = "[No Variations]"
Add component (AddParameter): Name = "ComponentLink1Description"; Value = "SVN Datasheet"; VariantName = "[No Variations]"
Add component (AddParameter): Name = "ComponentLink1URL"; Value = "https://chn-vm-apps.microchip.com/mchprepo/parts/Datasheets/PYu-RC0603_51_RoHS_L_4.pdf"; VariantName = "[No Variations]"
Add component (AddParameter): Name = "ComponentLink2Description"; Value = "Local Datasheet"; VariantName = "[No Variations]"
Add component (AddParameter): Name = "ComponentLink2URL"; Value = "C:\ALTIUM_WORK\00001_MCHP-CDB\Datasheets\PYu-RC0603_51_RoHS_L_4.pdf"; VariantName = "[No Variations]"
Add component (AddParameter): Name = "ComponentLink3Description"; Value = "Open Symbol"; VariantName = "[No Variations]"
Add component (AddParameter): Name = "ComponentLink3URL"; Value = "C:\ALTIUM_WORK\00001_MCHP-CDB\Library\LibraryRefs\Resistor.SchLib"; VariantName = "[No Variations]"
Add component (AddParameter): Name = "ComponentLink4Description"; Value = "Open Footprint"; VariantName = "[No Variations]"
Add component (AddParameter): Name = "ComponentLink4URL"; Value = "C:\ALTIUM_WORK\00001_MCHP-CDB\Library\Footprints\RES_C_0603.PcbLib"; VariantName = "[No Variations]"
Add component (AddParameter): Name = "ComponentLink5Description"; Value = "Open Footprint 2"; VariantName = "[No Variations]"
Add component (AddParameter): Name = "ComponentLink6Description"; Value = "Open Footprint 3"; VariantName = "[No Variations]"
Add component (AddParameter): Name = "ComponentLink7Description"; Value = "Open Footprint 4"; VariantName = "[No Variations]"
Add component (AddParameter): Name = "Composition"; Value = "TKF"; VariantName = "[No Variations]"
Add component (AddParameter): Name = "Description_"; Value = "RES TKF 1M 5% 1/10W SMD 0603"; VariantName = "[No Variations]"
Add component (AddParameter): Name = "Dev Tools Status"; Value = "Production"; VariantName = "[No Variations]"
Add component (AddParameter): Name = "Manufacturer 1"; Value = "Panasonic"; VariantName = "[No Variations]"
Add component (AddParameter): Name = "Manufacturer 2"; Value = "Stackpole Electronics Inc"; VariantName = "[No Variations]"
Add component (AddParameter): Name = "Manufacturer 3"; Value = "KOA Speer"; VariantName = "[No Variations]"
Add component (AddParameter): Name = "Manufacturer 4"; Value = "Stackpole Electronics Inc"; VariantName = "[No Variations]"
Add component (AddParameter): Name = "Manufacturer 5"; Value = "Yageo"; VariantName = "[No Variations]"
Add component (AddParameter): Name = "Manufacturer 6"; Value = "Yageo"; VariantName = "[No Variations]"
Add component (AddParameter): Name = "Manufacturer 7"; Value = "Yageo"; VariantName = "[No Variations]"
Add component (AddParameter): Name = "Manufacturer Part Number 1"; Value = "ERJ-3GEYJ105V"; VariantName = "[No Variations]"
Add component (AddParameter): Name = "Manufacturer Part Number 2"; Value = "RMCF0603JT1M00"; VariantName = "[No Variations]"
Add component (AddParameter): Name = "Manufacturer Part Number 3"; Value = "RK73B1JTTD105J"; VariantName = "[No Variations]"
Add component (AddParameter): Name = "Manufacturer Part Number 4"; Value = "RMCF1/161M5%R"; VariantName = "[No Variations]"
Add component (AddParameter): Name = "Manufacturer Part Number 5"; Value = "RC0603JR-071ML"; VariantName = "[No Variations]"
Add component (AddParameter): Name = "Manufacturer Part Number 6"; Value = "9C06031A1004JLPFT"; VariantName = "[No Variations]"
Add component (AddParameter): Name = "Manufacturer Part Number 7"; Value = "9C06031A1004JLHFT"; VariantName = "[No Variations]"
Add component (AddParameter): Name = "MCHP-ID"; Value = "RSMT0187"; VariantName = "[No Variations]"
Add component (AddParameter): Name = "Operating Temperature"; Value = "-55C to +155C"; VariantName = "[No Variations]"
Add component (AddParameter): Name = "Package"; Value = "0603"; VariantName = "[No Variations]"
Add component (AddParameter): Name = "Populated"; Value = "Yes"; VariantName = "[No Variations]"
Add component (AddParameter): Name = "Power"; Value = "1/10W"; VariantName = "[No Variations]"
Add component (AddParameter): Name = "Quantity Override"; Value = "1"; VariantName = "[No Variations]"
Add component (AddParameter): Name = "Revision"; Value = "1"; VariantName = "[No Variations]"
Add component (AddParameter): Name = "Status"; Value = "MCL Design"; VariantName = "[No Variations]"
Add component (AddParameter): Name = "Supplier 1"; Value = "Digi-Key"; VariantName = "[No Variations]"
Add component (AddParameter): Name = "Supplier 2"; Value = "Digi-Key"; VariantName = "[No Variations]"
Add component (AddParameter): Name = "Supplier 3"; Value = "KOA Speer"; VariantName = "[No Variations]"
Add component (AddParameter): Name = "Supplier 4"; Value = "Stackpole Electronics Inc"; VariantName = "[No Variations]"
Add component (AddParameter): Name = "Supplier 5"; Value = "Yageo"; VariantName = "[No Variations]"
Add component (AddParameter): Name = "Supplier 6"; Value = "Yageo"; VariantName = "[No Variations]"
Add component (AddParameter): Name = "Supplier 7"; Value = "Yageo"; VariantName = "[No Variations]"
Add component (AddParameter): Name = "Supplier Part Number 1"; Value = "P1.0MGTR-ND"; VariantName = "[No Variations]"
Add component (AddParameter): Name = "Supplier Part Number 2"; Value = "RMCF0603JT1M00CT-ND"; VariantName = "[No Variations]"
Add component (AddParameter): Name = "Supplier Part Number 3"; Value = "RK73B1JTTD105J"; VariantName = "[No Variations]"
Add component (AddParameter): Name = "Supplier Part Number 4"; Value = "RMCF1/161M5%R"; VariantName = "[No Variations]"
Add component (AddParameter): Name = "Supplier Part Number 5"; Value = "RC0603JR-071ML"; VariantName = "[No Variations]"
Add component (AddParameter): Name = "Supplier Part Number 6"; Value = "9C06031A1004JLPFT"; VariantName = "[No Variations]"
Add component (AddParameter): Name = "Supplier Part Number 7"; Value = "9C06031A1004JLHFT"; VariantName = "[No Variations]"
Add component (AddParameter): Name = "Symbol"; Value = "Resistor"; VariantName = "[No Variations]"
Add component (AddParameter): Name = "Temperature Coeffcient"; Value = "100ppm/C"; VariantName = "[No Variations]"
Add component (AddParameter): Name = "Tolerance"; Value = "5%"; VariantName = "[No Variations]"
Add component (AddParameter): Name = "Type"; Value = "RES SMD"; VariantName = "[No Variations]"
Add component (AddParameter): Name = "Value"; Value = "1M"; VariantName = "[No Variations]"
Add component (AddParameter): Name = "Voltage"; Value = "50V"; VariantName = "[No Variations]"
Added Component: Designator=R5(RES_C_0603)
Add component (AddParameter): Name = "BOM Notes"; Value = ""; VariantName = "[No Variations]"
Add component (AddParameter): Name = "Category"; Value = "Resistor"; VariantName = "[No Variations]"
Add component (AddParameter): Name = "ComponentLink1Description"; Value = "SVN Datasheet"; VariantName = "[No Variations]"
Add component (AddParameter): Name = "ComponentLink1URL"; Value = "https://chn-vm-apps.microchip.com/mchprepo/parts/Datasheets/dcrcwe3.pdf"; VariantName = "[No Variations]"
Add component (AddParameter): Name = "ComponentLink2Description"; Value = "Local Datasheet"; VariantName = "[No Variations]"
Add component (AddParameter): Name = "ComponentLink2URL"; Value = "C:\ALTIUM_WORK\00001_MCHP-CDB\Datasheets\dcrcwe3.pdf"; VariantName = "[No Variations]"
Add component (AddParameter): Name = "ComponentLink3Description"; Value = "Open Symbol"; VariantName = "[No Variations]"
Add component (AddParameter): Name = "ComponentLink3URL"; Value = "C:\ALTIUM_WORK\00001_MCHP-CDB\Library\LibraryRefs\Resistor.SchLib"; VariantName = "[No Variations]"
Add component (AddParameter): Name = "ComponentLink4Description"; Value = "Open Footprint"; VariantName = "[No Variations]"
Add component (AddParameter): Name = "ComponentLink4URL"; Value = "C:\ALTIUM_WORK\00001_MCHP-CDB\Library\Footprints\RES_C_0603.PcbLib"; VariantName = "[No Variations]"
Add component (AddParameter): Name = "ComponentLink5Description"; Value = "Open Footprint 2"; VariantName = "[No Variations]"
Add component (AddParameter): Name = "ComponentLink6Description"; Value = "Open Footprint 3"; VariantName = "[No Variations]"
Add component (AddParameter): Name = "ComponentLink7Description"; Value = "Open Footprint 4"; VariantName = "[No Variations]"
Add component (AddParameter): Name = "Composition"; Value = "TKF"; VariantName = "[No Variations]"
Add component (AddParameter): Name = "Description_"; Value = "RES TKF 4.7R 1% 1/10W SMD 0603"; VariantName = "[No Variations]"
Add component (AddParameter): Name = "Dev Tools Status"; Value = "Production"; VariantName = "[No Variations]"
Add component (AddParameter): Name = "Manufacturer 1"; Value = "Vishay"; VariantName = "[No Variations]"
Add component (AddParameter): Name = "Manufacturer Part Number 1"; Value = "CRCW06034R70FNEA"; VariantName = "[No Variations]"
Add component (AddParameter): Name = "MCHP-ID"; Value = "RSMT0649"; VariantName = "[No Variations]"
Add component (AddParameter): Name = "Operating Temperature"; Value = "-55C to +155C"; VariantName = "[No Variations]"
Add component (AddParameter): Name = "Package"; Value = "0603"; VariantName = "[No Variations]"
Add component (AddParameter): Name = "Populated"; Value = "Yes"; VariantName = "[No Variations]"
Add component (AddParameter): Name = "Power"; Value = "1/10W"; VariantName = "[No Variations]"
Add component (AddParameter): Name = "Quantity Override"; Value = "1"; VariantName = "[No Variations]"
Add component (AddParameter): Name = "Revision"; Value = "1"; VariantName = "[No Variations]"
Add component (AddParameter): Name = "Status"; Value = "MCL Design"; VariantName = "[No Variations]"
Add component (AddParameter): Name = "Supplier 1"; Value = "Digi-Key"; VariantName = "[No Variations]"
Add component (AddParameter): Name = "Supplier Part Number 1"; Value = "541-4.70HCT-ND"; VariantName = "[No Variations]"
Add component (AddParameter): Name = "Symbol"; Value = "Resistor"; VariantName = "[No Variations]"
Add component (AddParameter): Name = "Temperature Coeffcient"; Value = "200ppm/C"; VariantName = "[No Variations]"
Add component (AddParameter): Name = "Tolerance"; Value = "1%"; VariantName = "[No Variations]"
Add component (AddParameter): Name = "Type"; Value = "RES SMD"; VariantName = "[No Variations]"
Add component (AddParameter): Name = "Value"; Value = "4.7R"; VariantName = "[No Variations]"
Add component (AddParameter): Name = "Voltage"; Value = "75V"; VariantName = "[No Variations]"
Added Component: Designator=R6(RES_C_0603)
Add component (AddParameter): Name = "Category"; Value = "Resistor"; VariantName = "[No Variations]"
Add component (AddParameter): Name = "Circuit Type"; Value = "Isolated"; VariantName = "[No Variations]"
Add component (AddParameter): Name = "ComponentLink1Description"; Value = "SVN Datasheet"; VariantName = "[No Variations]"
Add component (AddParameter): Name = "ComponentLink1URL"; Value = "https://chn-vm-apps.microchip.com/mchprepo/parts/Datasheets/ENG_DS_1773200_H.pdf"; VariantName = "[No Variations]"
Add component (AddParameter): Name = "ComponentLink2Description"; Value = "Local Datasheet"; VariantName = "[No Variations]"
Add component (AddParameter): Name = "ComponentLink2URL"; Value = "C:\ALTIUM_WORK\00001_MCHP-CDB\Datasheets\ENG_DS_1773200_H.pdf"; VariantName = "[No Variations]"
Add component (AddParameter): Name = "ComponentLink3Description"; Value = "Open Symbol"; VariantName = "[No Variations]"
Add component (AddParameter): Name = "ComponentLink3URL"; Value = "C:\ALTIUM_WORK\00001_MCHP-CDB\Library\LibraryRefs\Resistor.SchLib"; VariantName = "[No Variations]"
Add component (AddParameter): Name = "ComponentLink4Description"; Value = "Open Footprint"; VariantName = "[No Variations]"
Add component (AddParameter): Name = "ComponentLink4URL"; Value = "C:\ALTIUM_WORK\00001_MCHP-CDB\Library\Footprints\RES_C_0603.PcbLib"; VariantName = "[No Variations]"
Add component (AddParameter): Name = "ComponentLink5Description"; Value = "Open Footprint 2"; VariantName = "[No Variations]"
Add component (AddParameter): Name = "ComponentLink6Description"; Value = "Open Footprint 3"; VariantName = "[No Variations]"
Add component (AddParameter): Name = "ComponentLink7Description"; Value = "Open Footprint 4"; VariantName = "[No Variations]"
Add component (AddParameter): Name = "Composition"; Value = "TF"; VariantName = "[No Variations]"
Add component (AddParameter): Name = "Description_"; Value = "RES TF 10k 1% 1/16W SMD 0603"; VariantName = "[No Variations]"
Add component (AddParameter): Name = "Dev Tools Status"; Value = "Production"; VariantName = "[No Variations]"
Add component (AddParameter): Name = "Manufacturer 1"; Value = "TE Connectivity"; VariantName = "[No Variations]"
Add component (AddParameter): Name = "Manufacturer Part Number 1"; Value = "5-1879337-9"; VariantName = "[No Variations]"
Add component (AddParameter): Name = "MCHP-ID"; Value = "RES1368"; VariantName = "[No Variations]"
Add component (AddParameter): Name = "Operating Temperature"; Value = "-55C to +155C"; VariantName = "[No Variations]"
Add component (AddParameter): Name = "Owner"; Value = "Jairuz Agang-ang"; VariantName = "[No Variations]"
Add component (AddParameter): Name = "Package"; Value = "0603"; VariantName = "[No Variations]"
Add component (AddParameter): Name = "Populated"; Value = "YES"; VariantName = "[No Variations]"
Add component (AddParameter): Name = "Power"; Value = "1/16W"; VariantName = "[No Variations]"
Add component (AddParameter): Name = "Quantity Override"; Value = "1"; VariantName = "[No Variations]"
Add component (AddParameter): Name = "Revision"; Value = "1"; VariantName = "[No Variations]"
Add component (AddParameter): Name = "Status"; Value = "MCL Design"; VariantName = "[No Variations]"
Add component (AddParameter): Name = "Supplier 1"; Value = "Digi-Key"; VariantName = "[No Variations]"
Add component (AddParameter): Name = "Supplier Part Number 1"; Value = "A102203CT-ND"; VariantName = "[No Variations]"
Add component (AddParameter): Name = "Symbol"; Value = "Resistor"; VariantName = "[No Variations]"
Add component (AddParameter): Name = "Temperature Coeffcient"; Value = "50ppm/C"; VariantName = "[No Variations]"
Add component (AddParameter): Name = "Tolerance"; Value = "1%"; VariantName = "[No Variations]"
Add component (AddParameter): Name = "Type"; Value = "RES SMD"; VariantName = "[No Variations]"
Add component (AddParameter): Name = "Value"; Value = "10k"; VariantName = "[No Variations]"
Add component (AddParameter): Name = "Voltage"; Value = "100V"; VariantName = "[No Variations]"
Added Component: Designator=R7(RES_C_0603)
Add component (AddParameter): Name = "BOM Notes"; Value = ""; VariantName = "[No Variations]"
Add component (AddParameter): Name = "Category"; Value = "Resistor"; VariantName = "[No Variations]"
Add component (AddParameter): Name = "ComponentLink1Description"; Value = "SVN Datasheet"; VariantName = "[No Variations]"
Add component (AddParameter): Name = "ComponentLink1URL"; Value = "https://chn-vm-apps.microchip.com/mchprepo/parts/Datasheets/nrc.pdf"; VariantName = "[No Variations]"
Add component (AddParameter): Name = "ComponentLink2Description"; Value = "Local Datasheet"; VariantName = "[No Variations]"
Add component (AddParameter): Name = "ComponentLink2URL"; Value = "C:\ALTIUM_WORK\00001_MCHP-CDB\Datasheets\nrc.pdf"; VariantName = "[No Variations]"
Add component (AddParameter): Name = "ComponentLink3Description"; Value = "Open Symbol"; VariantName = "[No Variations]"
Add component (AddParameter): Name = "ComponentLink3URL"; Value = "C:\ALTIUM_WORK\00001_MCHP-CDB\Library\LibraryRefs\Resistor.SchLib"; VariantName = "[No Variations]"
Add component (AddParameter): Name = "ComponentLink4Description"; Value = "Open Footprint"; VariantName = "[No Variations]"
Add component (AddParameter): Name = "ComponentLink4URL"; Value = "C:\ALTIUM_WORK\00001_MCHP-CDB\Library\Footprints\RES_C_0603.PcbLib"; VariantName = "[No Variations]"
Add component (AddParameter): Name = "ComponentLink5Description"; Value = "Open Footprint 2"; VariantName = "[No Variations]"
Add component (AddParameter): Name = "ComponentLink6Description"; Value = "Open Footprint 3"; VariantName = "[No Variations]"
Add component (AddParameter): Name = "ComponentLink7Description"; Value = "Open Footprint 4"; VariantName = "[No Variations]"
Add component (AddParameter): Name = "Composition"; Value = "TKF"; VariantName = "[No Variations]"
Add component (AddParameter): Name = "Description_"; Value = "RES TKF 0R 1/10W SMD 0603"; VariantName = "[No Variations]"
Add component (AddParameter): Name = "Dev Tools Status"; Value = "Production"; VariantName = "[No Variations]"
Add component (AddParameter): Name = "Manufacturer 1"; Value = "Panasonic"; VariantName = "[No Variations]"
Add component (AddParameter): Name = "Manufacturer 2"; Value = "Panasonic"; VariantName = "[No Variations]"
Add component (AddParameter): Name = "Manufacturer 3"; Value = "ROHM"; VariantName = "[No Variations]"
Add component (AddParameter): Name = "Manufacturer 4"; Value = "Stackpole Electronics Inc"; VariantName = "[No Variations]"
Add component (AddParameter): Name = "Manufacturer 5"; Value = "Stackpole Electronics Inc"; VariantName = "[No Variations]"
Add component (AddParameter): Name = "Manufacturer 6"; Value = "Vishay"; VariantName = "[No Variations]"
Add component (AddParameter): Name = "Manufacturer 7"; Value = "Yageo"; VariantName = "[No Variations]"
Add component (AddParameter): Name = "Manufacturer 8"; Value = "KOA Speer"; VariantName = "[No Variations]"
Add component (AddParameter): Name = "Manufacturer 9"; Value = "NIC Components"; VariantName = "[No Variations]"
Add component (AddParameter): Name = "Manufacturer Part Number 1"; Value = "ERJ-3GSY0R00V"; VariantName = "[No Variations]"
Add component (AddParameter): Name = "Manufacturer Part Number 2"; Value = "ERJ-3GEY0R00V"; VariantName = "[No Variations]"
Add component (AddParameter): Name = "Manufacturer Part Number 3"; Value = "MCR03EZPJ000"; VariantName = "[No Variations]"
Add component (AddParameter): Name = "Manufacturer Part Number 4"; Value = "RMCF 1/16 0 R"; VariantName = "[No Variations]"
Add component (AddParameter): Name = "Manufacturer Part Number 5"; Value = "RMCF0603ZT0R00"; VariantName = "[No Variations]"
Add component (AddParameter): Name = "Manufacturer Part Number 6"; Value = "CRCW06030000Z0EA"; VariantName = "[No Variations]"
Add component (AddParameter): Name = "Manufacturer Part Number 7"; Value = "RC0603JR-070RL"; VariantName = "[No Variations]"
Add component (AddParameter): Name = "Manufacturer Part Number 8"; Value = "RK73Z1JTTP"; VariantName = "[No Variations]"
Add component (AddParameter): Name = "Manufacturer Part Number 9"; Value = "NRC06Z0TRF"; VariantName = "[No Variations]"
Add component (AddParameter): Name = "MCHP-ID"; Value = "RSMT0001"; VariantName = "[No Variations]"
Add component (AddParameter): Name = "Operating Temperature"; Value = "-55C to +155C"; VariantName = "[No Variations]"
Add component (AddParameter): Name = "Package"; Value = "0603"; VariantName = "[No Variations]"
Add component (AddParameter): Name = "Populated"; Value = "Yes"; VariantName = "[No Variations]"
Add component (AddParameter): Name = "Power"; Value = "1/10W"; VariantName = "[No Variations]"
Add component (AddParameter): Name = "Quantity Override"; Value = "1"; VariantName = "[No Variations]"
Add component (AddParameter): Name = "Revision"; Value = "2"; VariantName = "[No Variations]"
Add component (AddParameter): Name = "Status"; Value = "MCL Design"; VariantName = "[No Variations]"
Add component (AddParameter): Name = "Supplier 1"; Value = "Digi-Key"; VariantName = "[No Variations]"
Add component (AddParameter): Name = "Supplier 2"; Value = "Digi-Key"; VariantName = "[No Variations]"
Add component (AddParameter): Name = "Supplier 3"; Value = "Digi-Key"; VariantName = "[No Variations]"
Add component (AddParameter): Name = "Supplier 4"; Value = "Digi-Key"; VariantName = "[No Variations]"
Add component (AddParameter): Name = "Supplier 5"; Value = "Digi-Key"; VariantName = "[No Variations]"
Add component (AddParameter): Name = "Supplier 6"; Value = "Digi-Key"; VariantName = "[No Variations]"
Add component (AddParameter): Name = "Supplier 7"; Value = "Digi-Key"; VariantName = "[No Variations]"
Add component (AddParameter): Name = "Supplier 8"; Value = "KOA Speer"; VariantName = "[No Variations]"
Add component (AddParameter): Name = "Supplier 9"; Value = "NIC Components"; VariantName = "[No Variations]"
Add component (AddParameter): Name = "Supplier Part Number 1"; Value = "P0.0GTR-ND"; VariantName = "[No Variations]"
Add component (AddParameter): Name = "Supplier Part Number 2"; Value = "RHM0.0GCT-ND"; VariantName = "[No Variations]"
Add component (AddParameter): Name = "Supplier Part Number 3"; Value = "RMCF1/160RTR-ND"; VariantName = "[No Variations]"
Add component (AddParameter): Name = "Supplier Part Number 4"; Value = "RMCF0603ZT0R00CT-ND"; VariantName = "[No Variations]"
Add component (AddParameter): Name = "Supplier Part Number 5"; Value = "RMCF0603ZT0R00TR-ND"; VariantName = "[No Variations]"
Add component (AddParameter): Name = "Supplier Part Number 6"; Value = "541-0.0GCT-ND"; VariantName = "[No Variations]"
Add component (AddParameter): Name = "Supplier Part Number 7"; Value = "311-0.0GRCT-ND"; VariantName = "[No Variations]"
Add component (AddParameter): Name = "Supplier Part Number 8"; Value = "RK73Z1JTTP"; VariantName = "[No Variations]"
Add component (AddParameter): Name = "Supplier Part Number 9"; Value = "NRC06Z0TRF"; VariantName = "[No Variations]"
Add component (AddParameter): Name = "Symbol"; Value = "Resistor"; VariantName = "[No Variations]"
Add component (AddParameter): Name = "Type"; Value = "RES SMD"; VariantName = "[No Variations]"
Add component (AddParameter): Name = "Value"; Value = "0R"; VariantName = "[No Variations]"
Added Component: Designator=R8(RES_C_0603)
Add component (AddParameter): Name = "BOM Notes"; Value = ""; VariantName = "[No Variations]"
Add component (AddParameter): Name = "Category"; Value = "Resistor"; VariantName = "[No Variations]"
Add component (AddParameter): Name = "ComponentLink1Description"; Value = "SVN Datasheet"; VariantName = "[No Variations]"
Add component (AddParameter): Name = "ComponentLink1URL"; Value = "https://chn-vm-apps.microchip.com/mchprepo/parts/Datasheets/nrc.pdf"; VariantName = "[No Variations]"
Add component (AddParameter): Name = "ComponentLink2Description"; Value = "Local Datasheet"; VariantName = "[No Variations]"
Add component (AddParameter): Name = "ComponentLink2URL"; Value = "C:\ALTIUM_WORK\00001_MCHP-CDB\Datasheets\nrc.pdf"; VariantName = "[No Variations]"
Add component (AddParameter): Name = "ComponentLink3Description"; Value = "Open Symbol"; VariantName = "[No Variations]"
Add component (AddParameter): Name = "ComponentLink3URL"; Value = "C:\ALTIUM_WORK\00001_MCHP-CDB\Library\LibraryRefs\Resistor.SchLib"; VariantName = "[No Variations]"
Add component (AddParameter): Name = "ComponentLink4Description"; Value = "Open Footprint"; VariantName = "[No Variations]"
Add component (AddParameter): Name = "ComponentLink4URL"; Value = "C:\ALTIUM_WORK\00001_MCHP-CDB\Library\Footprints\RES_C_0603.PcbLib"; VariantName = "[No Variations]"
Add component (AddParameter): Name = "ComponentLink5Description"; Value = "Open Footprint 2"; VariantName = "[No Variations]"
Add component (AddParameter): Name = "ComponentLink6Description"; Value = "Open Footprint 3"; VariantName = "[No Variations]"
Add component (AddParameter): Name = "ComponentLink7Description"; Value = "Open Footprint 4"; VariantName = "[No Variations]"
Add component (AddParameter): Name = "Composition"; Value = "TKF"; VariantName = "[No Variations]"
Add component (AddParameter): Name = "Description_"; Value = "RES TKF 0R 1/10W SMD 0603"; VariantName = "[No Variations]"
Add component (AddParameter): Name = "Dev Tools Status"; Value = "Production"; VariantName = "[No Variations]"
Add component (AddParameter): Name = "Manufacturer 1"; Value = "Panasonic"; VariantName = "[No Variations]"
Add component (AddParameter): Name = "Manufacturer 2"; Value = "Panasonic"; VariantName = "[No Variations]"
Add component (AddParameter): Name = "Manufacturer 3"; Value = "ROHM"; VariantName = "[No Variations]"
Add component (AddParameter): Name = "Manufacturer 4"; Value = "Stackpole Electronics Inc"; VariantName = "[No Variations]"
Add component (AddParameter): Name = "Manufacturer 5"; Value = "Stackpole Electronics Inc"; VariantName = "[No Variations]"
Add component (AddParameter): Name = "Manufacturer 6"; Value = "Vishay"; VariantName = "[No Variations]"
Add component (AddParameter): Name = "Manufacturer 7"; Value = "Yageo"; VariantName = "[No Variations]"
Add component (AddParameter): Name = "Manufacturer 8"; Value = "KOA Speer"; VariantName = "[No Variations]"
Add component (AddParameter): Name = "Manufacturer 9"; Value = "NIC Components"; VariantName = "[No Variations]"
Add component (AddParameter): Name = "Manufacturer Part Number 1"; Value = "ERJ-3GSY0R00V"; VariantName = "[No Variations]"
Add component (AddParameter): Name = "Manufacturer Part Number 2"; Value = "ERJ-3GEY0R00V"; VariantName = "[No Variations]"
Add component (AddParameter): Name = "Manufacturer Part Number 3"; Value = "MCR03EZPJ000"; VariantName = "[No Variations]"
Add component (AddParameter): Name = "Manufacturer Part Number 4"; Value = "RMCF 1/16 0 R"; VariantName = "[No Variations]"
Add component (AddParameter): Name = "Manufacturer Part Number 5"; Value = "RMCF0603ZT0R00"; VariantName = "[No Variations]"
Add component (AddParameter): Name = "Manufacturer Part Number 6"; Value = "CRCW06030000Z0EA"; VariantName = "[No Variations]"
Add component (AddParameter): Name = "Manufacturer Part Number 7"; Value = "RC0603JR-070RL"; VariantName = "[No Variations]"
Add component (AddParameter): Name = "Manufacturer Part Number 8"; Value = "RK73Z1JTTP"; VariantName = "[No Variations]"
Add component (AddParameter): Name = "Manufacturer Part Number 9"; Value = "NRC06Z0TRF"; VariantName = "[No Variations]"
Add component (AddParameter): Name = "MCHP-ID"; Value = "RSMT0001"; VariantName = "[No Variations]"
Add component (AddParameter): Name = "Operating Temperature"; Value = "-55C to +155C"; VariantName = "[No Variations]"
Add component (AddParameter): Name = "Package"; Value = "0603"; VariantName = "[No Variations]"
Add component (AddParameter): Name = "Populated"; Value = "Yes"; VariantName = "[No Variations]"
Add component (AddParameter): Name = "Power"; Value = "1/10W"; VariantName = "[No Variations]"
Add component (AddParameter): Name = "Quantity Override"; Value = "1"; VariantName = "[No Variations]"
Add component (AddParameter): Name = "Revision"; Value = "2"; VariantName = "[No Variations]"
Add component (AddParameter): Name = "Status"; Value = "MCL Design"; VariantName = "[No Variations]"
Add component (AddParameter): Name = "Supplier 1"; Value = "Digi-Key"; VariantName = "[No Variations]"
Add component (AddParameter): Name = "Supplier 2"; Value = "Digi-Key"; VariantName = "[No Variations]"
Add component (AddParameter): Name = "Supplier 3"; Value = "Digi-Key"; VariantName = "[No Variations]"
Add component (AddParameter): Name = "Supplier 4"; Value = "Digi-Key"; VariantName = "[No Variations]"
Add component (AddParameter): Name = "Supplier 5"; Value = "Digi-Key"; VariantName = "[No Variations]"
Add component (AddParameter): Name = "Supplier 6"; Value = "Digi-Key"; VariantName = "[No Variations]"
Add component (AddParameter): Name = "Supplier 7"; Value = "Digi-Key"; VariantName = "[No Variations]"
Add component (AddParameter): Name = "Supplier 8"; Value = "KOA Speer"; VariantName = "[No Variations]"
Add component (AddParameter): Name = "Supplier 9"; Value = "NIC Components"; VariantName = "[No Variations]"
Add component (AddParameter): Name = "Supplier Part Number 1"; Value = "P0.0GTR-ND"; VariantName = "[No Variations]"
Add component (AddParameter): Name = "Supplier Part Number 2"; Value = "RHM0.0GCT-ND"; VariantName = "[No Variations]"
Add component (AddParameter): Name = "Supplier Part Number 3"; Value = "RMCF1/160RTR-ND"; VariantName = "[No Variations]"
Add component (AddParameter): Name = "Supplier Part Number 4"; Value = "RMCF0603ZT0R00CT-ND"; VariantName = "[No Variations]"
Add component (AddParameter): Name = "Supplier Part Number 5"; Value = "RMCF0603ZT0R00TR-ND"; VariantName = "[No Variations]"
Add component (AddParameter): Name = "Supplier Part Number 6"; Value = "541-0.0GCT-ND"; VariantName = "[No Variations]"
Add component (AddParameter): Name = "Supplier Part Number 7"; Value = "311-0.0GRCT-ND"; VariantName = "[No Variations]"
Add component (AddParameter): Name = "Supplier Part Number 8"; Value = "RK73Z1JTTP"; VariantName = "[No Variations]"
Add component (AddParameter): Name = "Supplier Part Number 9"; Value = "NRC06Z0TRF"; VariantName = "[No Variations]"
Add component (AddParameter): Name = "Symbol"; Value = "Resistor"; VariantName = "[No Variations]"
Add component (AddParameter): Name = "Type"; Value = "RES SMD"; VariantName = "[No Variations]"
Add component (AddParameter): Name = "Value"; Value = "0R"; VariantName = "[No Variations]"
Add Component: Footprint Not Found RES_C_0603
Added Component: Designator=R21(RES_C_0603)
Add component (AddParameter): Name = "Category"; Value = "Resistor"; VariantName = "[No Variations]"
Add component (AddParameter): Name = "ComponentLink1Description"; Value = "SVN Datasheet"; VariantName = "[No Variations]"
Add component (AddParameter): Name = "ComponentLink1URL"; Value = "https://chn-vm-apps.microchip.com/mchprepo/parts/Datasheets/PYu-RC0603_51_RoHS_L_4.pdf"; VariantName = "[No Variations]"
Add component (AddParameter): Name = "ComponentLink2Description"; Value = "Local Datasheet"; VariantName = "[No Variations]"
Add component (AddParameter): Name = "ComponentLink2URL"; Value = "C:\ALTIUM_WORK\00001_MCHP-CDB\Datasheets\PYu-RC0603_51_RoHS_L_4.pdf"; VariantName = "[No Variations]"
Add component (AddParameter): Name = "ComponentLink3Description"; Value = "Open Symbol"; VariantName = "[No Variations]"
Add component (AddParameter): Name = "ComponentLink3URL"; Value = "C:\ALTIUM_WORK\00001_MCHP-CDB\Library\LibraryRefs\Resistor.SchLib"; VariantName = "[No Variations]"
Add component (AddParameter): Name = "ComponentLink4Description"; Value = "Open Footprint"; VariantName = "[No Variations]"
Add component (AddParameter): Name = "ComponentLink4URL"; Value = "C:\ALTIUM_WORK\00001_MCHP-CDB\Library\Footprints\RES_C_0603.PcbLib"; VariantName = "[No Variations]"
Add component (AddParameter): Name = "ComponentLink5Description"; Value = "Open Footprint 2"; VariantName = "[No Variations]"
Add component (AddParameter): Name = "ComponentLink6Description"; Value = "Open Footprint 3"; VariantName = "[No Variations]"
Add component (AddParameter): Name = "ComponentLink7Description"; Value = "Open Footprint 4"; VariantName = "[No Variations]"
Add component (AddParameter): Name = "Composition"; Value = "TKF"; VariantName = "[No Variations]"
Add component (AddParameter): Name = "Description_"; Value = "RES TKF 62R 1% 1/10W SMD 0603"; VariantName = "[No Variations]"
Add component (AddParameter): Name = "Dev Tools Status"; Value = "Production"; VariantName = "[No Variations]"
Add component (AddParameter): Name = "Manufacturer 1"; Value = "Yageo"; VariantName = "[No Variations]"
Add component (AddParameter): Name = "Manufacturer Part Number 1"; Value = "RC0603FR-0762RL"; VariantName = "[No Variations]"
Add component (AddParameter): Name = "MCHP-ID"; Value = "RSMT0688"; VariantName = "[No Variations]"
Add component (AddParameter): Name = "Operating Temperature"; Value = "-55C to +155C"; VariantName = "[No Variations]"
Add component (AddParameter): Name = "Package"; Value = "0603"; VariantName = "[No Variations]"
Add component (AddParameter): Name = "Populated"; Value = "Yes"; VariantName = "[No Variations]"
Add component (AddParameter): Name = "Power"; Value = "1/10W"; VariantName = "[No Variations]"
Add component (AddParameter): Name = "Quantity Override"; Value = "1"; VariantName = "[No Variations]"
Add component (AddParameter): Name = "Revision"; Value = "1"; VariantName = "[No Variations]"
Add component (AddParameter): Name = "Status"; Value = "MCL Design"; VariantName = "[No Variations]"
Add component (AddParameter): Name = "Supplier 1"; Value = "Digi-Key"; VariantName = "[No Variations]"
Add component (AddParameter): Name = "Supplier Part Number 1"; Value = "311-62.0HRCT-ND"; VariantName = "[No Variations]"
Add component (AddParameter): Name = "Symbol"; Value = "Resistor"; VariantName = "[No Variations]"
Add component (AddParameter): Name = "Temperature Coeffcient"; Value = "100ppm/C"; VariantName = "[No Variations]"
Add component (AddParameter): Name = "Tolerance"; Value = "1%"; VariantName = "[No Variations]"
Add component (AddParameter): Name = "Type"; Value = "RES SMD"; VariantName = "[No Variations]"
Add component (AddParameter): Name = "Value"; Value = "62R"; VariantName = "[No Variations]"
Add component (AddParameter): Name = "Voltage"; Value = "50V"; VariantName = "[No Variations]"
Added Component: Designator=R22(RES_C_0603)
Add component (AddParameter): Name = "BOM Notes"; Value = ""; VariantName = "[No Variations]"
Add component (AddParameter): Name = "Category"; Value = "Resistor"; VariantName = "[No Variations]"
Add component (AddParameter): Name = "ComponentLink1Description"; Value = "SVN Datasheet"; VariantName = "[No Variations]"
Add component (AddParameter): Name = "ComponentLink1URL"; Value = "https://chn-vm-apps.microchip.com/mchprepo/parts/Datasheets/AOA0000C307.pdf"; VariantName = "[No Variations]"
Add component (AddParameter): Name = "ComponentLink2Description"; Value = "Local Datasheet"; VariantName = "[No Variations]"
Add component (AddParameter): Name = "ComponentLink2URL"; Value = "C:\ALTIUM_WORK\00001_MCHP-CDB\Datasheets\AOA0000C307.pdf"; VariantName = "[No Variations]"
Add component (AddParameter): Name = "ComponentLink3Description"; Value = "Open Symbol"; VariantName = "[No Variations]"
Add component (AddParameter): Name = "ComponentLink3URL"; Value = "C:\ALTIUM_WORK\00001_MCHP-CDB\Library\LibraryRefs\RESISTOR.SchLib"; VariantName = "[No Variations]"
Add component (AddParameter): Name = "ComponentLink4Description"; Value = "Open Footprint"; VariantName = "[No Variations]"
Add component (AddParameter): Name = "ComponentLink4URL"; Value = "C:\ALTIUM_WORK\00001_MCHP-CDB\Library\Footprints\RES_C_0603.PcbLib"; VariantName = "[No Variations]"
Add component (AddParameter): Name = "ComponentLink5Description"; Value = "Open Footprint 2"; VariantName = "[No Variations]"
Add component (AddParameter): Name = "ComponentLink6Description"; Value = "Open Footprint 3"; VariantName = "[No Variations]"
Add component (AddParameter): Name = "ComponentLink7Description"; Value = "Open Footprint 4"; VariantName = "[No Variations]"
Add component (AddParameter): Name = "Composition"; Value = "TF"; VariantName = "[No Variations]"
Add component (AddParameter): Name = "Description_"; Value = "RES TF 402R 0.1% 1/10W AEC-Q200 SMD 0603"; VariantName = "[No Variations]"
Add component (AddParameter): Name = "Dev Tools Status"; Value = "Design"; VariantName = "[No Variations]"
Add component (AddParameter): Name = "Manufacturer 1"; Value = "Panasonic Electronic Components"; VariantName = "[No Variations]"
Add component (AddParameter): Name = "Manufacturer Part Number 1"; Value = "ERA-3AEB4020V"; VariantName = "[No Variations]"
Add component (AddParameter): Name = "MCHP-ID"; Value = "RES2462"; VariantName = "[No Variations]"
Add component (AddParameter): Name = "Operating Temperature"; Value = "-55°C to +155°C"; VariantName = "[No Variations]"
Add component (AddParameter): Name = "Owner"; Value = "Narasimha Murthy"; VariantName = "[No Variations]"
Add component (AddParameter): Name = "Package"; Value = "0603"; VariantName = "[No Variations]"
Add component (AddParameter): Name = "Populated"; Value = "YES"; VariantName = "[No Variations]"
Add component (AddParameter): Name = "Power"; Value = "1/10W"; VariantName = "[No Variations]"
Add component (AddParameter): Name = "Quantity Override"; Value = "1"; VariantName = "[No Variations]"
Add component (AddParameter): Name = "Revision"; Value = "1"; VariantName = "[No Variations]"
Add component (AddParameter): Name = "Status"; Value = "MCL Design"; VariantName = "[No Variations]"
Add component (AddParameter): Name = "Supplier 1"; Value = "Digi-Key"; VariantName = "[No Variations]"
Add component (AddParameter): Name = "Supplier Part Number 1"; Value = "P402DBCT-ND"; VariantName = "[No Variations]"
Add component (AddParameter): Name = "Symbol"; Value = "RESISTOR"; VariantName = "[No Variations]"
Add component (AddParameter): Name = "Temperature Coeffcient"; Value = "±25ppm/°C"; VariantName = "[No Variations]"
Add component (AddParameter): Name = "Tolerance"; Value = "0.1%"; VariantName = "[No Variations]"
Add component (AddParameter): Name = "Type"; Value = "RES SMD"; VariantName = "[No Variations]"
Add component (AddParameter): Name = "Value"; Value = "402R"; VariantName = "[No Variations]"
Added Component: Designator=R52(RES_C_0603)
Add component (AddParameter): Name = "BOM Notes"; Value = ""; VariantName = "[No Variations]"
Add component (AddParameter): Name = "Category"; Value = "Resistor"; VariantName = "[No Variations]"
Add component (AddParameter): Name = "ComponentLink1Description"; Value = "SVN Datasheet"; VariantName = "[No Variations]"
Add component (AddParameter): Name = "ComponentLink1URL"; Value = "https://chn-vm-apps.microchip.com/mchprepo/parts/Datasheets/AOA0000C307.pdf"; VariantName = "[No Variations]"
Add component (AddParameter): Name = "ComponentLink2Description"; Value = "Local Datasheet"; VariantName = "[No Variations]"
Add component (AddParameter): Name = "ComponentLink2URL"; Value = "C:\ALTIUM_WORK\00001_MCHP-CDB\Datasheets\AOA0000C307.pdf"; VariantName = "[No Variations]"
Add component (AddParameter): Name = "ComponentLink3Description"; Value = "Open Symbol"; VariantName = "[No Variations]"
Add component (AddParameter): Name = "ComponentLink3URL"; Value = "C:\ALTIUM_WORK\00001_MCHP-CDB\Library\LibraryRefs\RESISTOR.SchLib"; VariantName = "[No Variations]"
Add component (AddParameter): Name = "ComponentLink4Description"; Value = "Open Footprint"; VariantName = "[No Variations]"
Add component (AddParameter): Name = "ComponentLink4URL"; Value = "C:\ALTIUM_WORK\00001_MCHP-CDB\Library\Footprints\RES_C_0603.PcbLib"; VariantName = "[No Variations]"
Add component (AddParameter): Name = "ComponentLink5Description"; Value = "Open Footprint 2"; VariantName = "[No Variations]"
Add component (AddParameter): Name = "ComponentLink6Description"; Value = "Open Footprint 3"; VariantName = "[No Variations]"
Add component (AddParameter): Name = "ComponentLink7Description"; Value = "Open Footprint 4"; VariantName = "[No Variations]"
Add component (AddParameter): Name = "Composition"; Value = "TF"; VariantName = "[No Variations]"
Add component (AddParameter): Name = "Description_"; Value = "RES TF 3.48K 0.1% 1/10W AEC-Q200 SMD 0603"; VariantName = "[No Variations]"
Add component (AddParameter): Name = "Dev Tools Status"; Value = "Design"; VariantName = "[No Variations]"
Add component (AddParameter): Name = "Manufacturer 1"; Value = "Panasonic Electronic Components"; VariantName = "[No Variations]"
Add component (AddParameter): Name = "Manufacturer Part Number 1"; Value = "ERA-3AEB3481V"; VariantName = "[No Variations]"
Add component (AddParameter): Name = "MCHP-ID"; Value = "RES2463"; VariantName = "[No Variations]"
Add component (AddParameter): Name = "Operating Temperature"; Value = "-55°C to +155°C"; VariantName = "[No Variations]"
Add component (AddParameter): Name = "Owner"; Value = "Narasimha Murthy"; VariantName = "[No Variations]"
Add component (AddParameter): Name = "Package"; Value = "0603"; VariantName = "[No Variations]"
Add component (AddParameter): Name = "Populated"; Value = "YES"; VariantName = "[No Variations]"
Add component (AddParameter): Name = "Power"; Value = "1/10W"; VariantName = "[No Variations]"
Add component (AddParameter): Name = "Quantity Override"; Value = "1"; VariantName = "[No Variations]"
Add component (AddParameter): Name = "Revision"; Value = "1"; VariantName = "[No Variations]"
Add component (AddParameter): Name = "Status"; Value = "MCL Design"; VariantName = "[No Variations]"
Add component (AddParameter): Name = "Supplier 1"; Value = "Digi-Key"; VariantName = "[No Variations]"
Add component (AddParameter): Name = "Supplier Part Number 1"; Value = "P3.48KDBCT-ND"; VariantName = "[No Variations]"
Add component (AddParameter): Name = "Symbol"; Value = "RESISTOR"; VariantName = "[No Variations]"
Add component (AddParameter): Name = "Temperature Coeffcient"; Value = "±25ppm/°C"; VariantName = "[No Variations]"
Add component (AddParameter): Name = "Tolerance"; Value = "0.1%"; VariantName = "[No Variations]"
Add component (AddParameter): Name = "Type"; Value = "RES SMD"; VariantName = "[No Variations]"
Add component (AddParameter): Name = "Value"; Value = "3.48K"; VariantName = "[No Variations]"
Add Component: Footprint Not Found RES_C_0603
Add Component: Footprint Not Found RES_C_0603
Added Component: Designator=R58(RES_C_0603)
Add component (AddParameter): Name = "Category"; Value = "Resistor"; VariantName = "[No Variations]"
Add component (AddParameter): Name = "ComponentLink1Description"; Value = "SVN Datasheet"; VariantName = "[No Variations]"
Add component (AddParameter): Name = "ComponentLink1URL"; Value = "https://chn-vm-apps.microchip.com/mchprepo/parts/Datasheets/PYu-RC0603_51_RoHS_L_4.pdf"; VariantName = "[No Variations]"
Add component (AddParameter): Name = "ComponentLink2Description"; Value = "Local Datasheet"; VariantName = "[No Variations]"
Add component (AddParameter): Name = "ComponentLink2URL"; Value = "C:\ALTIUM_WORK\00001_MCHP-CDB\Datasheets\PYu-RC0603_51_RoHS_L_4.pdf"; VariantName = "[No Variations]"
Add component (AddParameter): Name = "ComponentLink3Description"; Value = "Open Symbol"; VariantName = "[No Variations]"
Add component (AddParameter): Name = "ComponentLink3URL"; Value = "C:\ALTIUM_WORK\00001_MCHP-CDB\Library\LibraryRefs\Resistor.SchLib"; VariantName = "[No Variations]"
Add component (AddParameter): Name = "ComponentLink4Description"; Value = "Open Footprint"; VariantName = "[No Variations]"
Add component (AddParameter): Name = "ComponentLink4URL"; Value = "C:\ALTIUM_WORK\00001_MCHP-CDB\Library\Footprints\RES_C_0603.PcbLib"; VariantName = "[No Variations]"
Add component (AddParameter): Name = "ComponentLink5Description"; Value = "Open Footprint 2"; VariantName = "[No Variations]"
Add component (AddParameter): Name = "ComponentLink6Description"; Value = "Open Footprint 3"; VariantName = "[No Variations]"
Add component (AddParameter): Name = "ComponentLink7Description"; Value = "Open Footprint 4"; VariantName = "[No Variations]"
Add component (AddParameter): Name = "Composition"; Value = "TKF"; VariantName = "[No Variations]"
Add component (AddParameter): Name = "Description_"; Value = "RES TKF 62R 1% 1/10W SMD 0603"; VariantName = "[No Variations]"
Add component (AddParameter): Name = "Dev Tools Status"; Value = "Production"; VariantName = "[No Variations]"
Add component (AddParameter): Name = "Manufacturer 1"; Value = "Yageo"; VariantName = "[No Variations]"
Add component (AddParameter): Name = "Manufacturer Part Number 1"; Value = "RC0603FR-0762RL"; VariantName = "[No Variations]"
Add component (AddParameter): Name = "MCHP-ID"; Value = "RSMT0688"; VariantName = "[No Variations]"
Add component (AddParameter): Name = "Operating Temperature"; Value = "-55C to +155C"; VariantName = "[No Variations]"
Add component (AddParameter): Name = "Package"; Value = "0603"; VariantName = "[No Variations]"
Add component (AddParameter): Name = "Populated"; Value = "Yes"; VariantName = "[No Variations]"
Add component (AddParameter): Name = "Power"; Value = "1/10W"; VariantName = "[No Variations]"
Add component (AddParameter): Name = "Quantity Override"; Value = "1"; VariantName = "[No Variations]"
Add component (AddParameter): Name = "Revision"; Value = "1"; VariantName = "[No Variations]"
Add component (AddParameter): Name = "Status"; Value = "MCL Design"; VariantName = "[No Variations]"
Add component (AddParameter): Name = "Supplier 1"; Value = "Digi-Key"; VariantName = "[No Variations]"
Add component (AddParameter): Name = "Supplier Part Number 1"; Value = "311-62.0HRCT-ND"; VariantName = "[No Variations]"
Add component (AddParameter): Name = "Symbol"; Value = "Resistor"; VariantName = "[No Variations]"
Add component (AddParameter): Name = "Temperature Coeffcient"; Value = "100ppm/C"; VariantName = "[No Variations]"
Add component (AddParameter): Name = "Tolerance"; Value = "1%"; VariantName = "[No Variations]"
Add component (AddParameter): Name = "Type"; Value = "RES SMD"; VariantName = "[No Variations]"
Add component (AddParameter): Name = "Value"; Value = "62R"; VariantName = "[No Variations]"
Add component (AddParameter): Name = "Voltage"; Value = "50V"; VariantName = "[No Variations]"
Added Component: Designator=R59(RES_C_0603)
Add component (AddParameter): Name = "BOM Notes"; Value = ""; VariantName = "[No Variations]"
Add component (AddParameter): Name = "Category"; Value = "Resistor"; VariantName = "[No Variations]"
Add component (AddParameter): Name = "ComponentLink1Description"; Value = "SVN Datasheet"; VariantName = "[No Variations]"
Add component (AddParameter): Name = "ComponentLink1URL"; Value = "https://chn-vm-apps.microchip.com/mchprepo/parts/Datasheets/AOA0000C307.pdf"; VariantName = "[No Variations]"
Add component (AddParameter): Name = "ComponentLink2Description"; Value = "Local Datasheet"; VariantName = "[No Variations]"
Add component (AddParameter): Name = "ComponentLink2URL"; Value = "C:\ALTIUM_WORK\00001_MCHP-CDB\Datasheets\AOA0000C307.pdf"; VariantName = "[No Variations]"
Add component (AddParameter): Name = "ComponentLink3Description"; Value = "Open Symbol"; VariantName = "[No Variations]"
Add component (AddParameter): Name = "ComponentLink3URL"; Value = "C:\ALTIUM_WORK\00001_MCHP-CDB\Library\LibraryRefs\RESISTOR.SchLib"; VariantName = "[No Variations]"
Add component (AddParameter): Name = "ComponentLink4Description"; Value = "Open Footprint"; VariantName = "[No Variations]"
Add component (AddParameter): Name = "ComponentLink4URL"; Value = "C:\ALTIUM_WORK\00001_MCHP-CDB\Library\Footprints\RES_C_0603.PcbLib"; VariantName = "[No Variations]"
Add component (AddParameter): Name = "ComponentLink5Description"; Value = "Open Footprint 2"; VariantName = "[No Variations]"
Add component (AddParameter): Name = "ComponentLink6Description"; Value = "Open Footprint 3"; VariantName = "[No Variations]"
Add component (AddParameter): Name = "ComponentLink7Description"; Value = "Open Footprint 4"; VariantName = "[No Variations]"
Add component (AddParameter): Name = "Composition"; Value = "TF"; VariantName = "[No Variations]"
Add component (AddParameter): Name = "Description_"; Value = "RES TF 402R 0.1% 1/10W AEC-Q200 SMD 0603"; VariantName = "[No Variations]"
Add component (AddParameter): Name = "Dev Tools Status"; Value = "Design"; VariantName = "[No Variations]"
Add component (AddParameter): Name = "Manufacturer 1"; Value = "Panasonic Electronic Components"; VariantName = "[No Variations]"
Add component (AddParameter): Name = "Manufacturer Part Number 1"; Value = "ERA-3AEB4020V"; VariantName = "[No Variations]"
Add component (AddParameter): Name = "MCHP-ID"; Value = "RES2462"; VariantName = "[No Variations]"
Add component (AddParameter): Name = "Operating Temperature"; Value = "-55°C to +155°C"; VariantName = "[No Variations]"
Add component (AddParameter): Name = "Owner"; Value = "Narasimha Murthy"; VariantName = "[No Variations]"
Add component (AddParameter): Name = "Package"; Value = "0603"; VariantName = "[No Variations]"
Add component (AddParameter): Name = "Populated"; Value = "YES"; VariantName = "[No Variations]"
Add component (AddParameter): Name = "Power"; Value = "1/10W"; VariantName = "[No Variations]"
Add component (AddParameter): Name = "Quantity Override"; Value = "1"; VariantName = "[No Variations]"
Add component (AddParameter): Name = "Revision"; Value = "1"; VariantName = "[No Variations]"
Add component (AddParameter): Name = "Status"; Value = "MCL Design"; VariantName = "[No Variations]"
Add component (AddParameter): Name = "Supplier 1"; Value = "Digi-Key"; VariantName = "[No Variations]"
Add component (AddParameter): Name = "Supplier Part Number 1"; Value = "P402DBCT-ND"; VariantName = "[No Variations]"
Add component (AddParameter): Name = "Symbol"; Value = "RESISTOR"; VariantName = "[No Variations]"
Add component (AddParameter): Name = "Temperature Coeffcient"; Value = "±25ppm/°C"; VariantName = "[No Variations]"
Add component (AddParameter): Name = "Tolerance"; Value = "0.1%"; VariantName = "[No Variations]"
Add component (AddParameter): Name = "Type"; Value = "RES SMD"; VariantName = "[No Variations]"
Add component (AddParameter): Name = "Value"; Value = "402R"; VariantName = "[No Variations]"
Added Component: Designator=R60(RES_C_0603)
Add component (AddParameter): Name = "BOM Notes"; Value = ""; VariantName = "[No Variations]"
Add component (AddParameter): Name = "Category"; Value = "Resistor"; VariantName = "[No Variations]"
Add component (AddParameter): Name = "ComponentLink1Description"; Value = "SVN Datasheet"; VariantName = "[No Variations]"
Add component (AddParameter): Name = "ComponentLink1URL"; Value = "https://chn-vm-apps.microchip.com/mchprepo/parts/Datasheets/AOA0000C307.pdf"; VariantName = "[No Variations]"
Add component (AddParameter): Name = "ComponentLink2Description"; Value = "Local Datasheet"; VariantName = "[No Variations]"
Add component (AddParameter): Name = "ComponentLink2URL"; Value = "C:\ALTIUM_WORK\00001_MCHP-CDB\Datasheets\AOA0000C307.pdf"; VariantName = "[No Variations]"
Add component (AddParameter): Name = "ComponentLink3Description"; Value = "Open Symbol"; VariantName = "[No Variations]"
Add component (AddParameter): Name = "ComponentLink3URL"; Value = "C:\ALTIUM_WORK\00001_MCHP-CDB\Library\LibraryRefs\RESISTOR.SchLib"; VariantName = "[No Variations]"
Add component (AddParameter): Name = "ComponentLink4Description"; Value = "Open Footprint"; VariantName = "[No Variations]"
Add component (AddParameter): Name = "ComponentLink4URL"; Value = "C:\ALTIUM_WORK\00001_MCHP-CDB\Library\Footprints\RES_C_0603.PcbLib"; VariantName = "[No Variations]"
Add component (AddParameter): Name = "ComponentLink5Description"; Value = "Open Footprint 2"; VariantName = "[No Variations]"
Add component (AddParameter): Name = "ComponentLink6Description"; Value = "Open Footprint 3"; VariantName = "[No Variations]"
Add component (AddParameter): Name = "ComponentLink7Description"; Value = "Open Footprint 4"; VariantName = "[No Variations]"
Add component (AddParameter): Name = "Composition"; Value = "TF"; VariantName = "[No Variations]"
Add component (AddParameter): Name = "Description_"; Value = "RES TF 3.48K 0.1% 1/10W AEC-Q200 SMD 0603"; VariantName = "[No Variations]"
Add component (AddParameter): Name = "Dev Tools Status"; Value = "Design"; VariantName = "[No Variations]"
Add component (AddParameter): Name = "Manufacturer 1"; Value = "Panasonic Electronic Components"; VariantName = "[No Variations]"
Add component (AddParameter): Name = "Manufacturer Part Number 1"; Value = "ERA-3AEB3481V"; VariantName = "[No Variations]"
Add component (AddParameter): Name = "MCHP-ID"; Value = "RES2463"; VariantName = "[No Variations]"
Add component (AddParameter): Name = "Operating Temperature"; Value = "-55°C to +155°C"; VariantName = "[No Variations]"
Add component (AddParameter): Name = "Owner"; Value = "Narasimha Murthy"; VariantName = "[No Variations]"
Add component (AddParameter): Name = "Package"; Value = "0603"; VariantName = "[No Variations]"
Add component (AddParameter): Name = "Populated"; Value = "YES"; VariantName = "[No Variations]"
Add component (AddParameter): Name = "Power"; Value = "1/10W"; VariantName = "[No Variations]"
Add component (AddParameter): Name = "Quantity Override"; Value = "1"; VariantName = "[No Variations]"
Add component (AddParameter): Name = "Revision"; Value = "1"; VariantName = "[No Variations]"
Add component (AddParameter): Name = "Status"; Value = "MCL Design"; VariantName = "[No Variations]"
Add component (AddParameter): Name = "Supplier 1"; Value = "Digi-Key"; VariantName = "[No Variations]"
Add component (AddParameter): Name = "Supplier Part Number 1"; Value = "P3.48KDBCT-ND"; VariantName = "[No Variations]"
Add component (AddParameter): Name = "Symbol"; Value = "RESISTOR"; VariantName = "[No Variations]"
Add component (AddParameter): Name = "Temperature Coeffcient"; Value = "±25ppm/°C"; VariantName = "[No Variations]"
Add component (AddParameter): Name = "Tolerance"; Value = "0.1%"; VariantName = "[No Variations]"
Add component (AddParameter): Name = "Type"; Value = "RES SMD"; VariantName = "[No Variations]"
Add component (AddParameter): Name = "Value"; Value = "3.48K"; VariantName = "[No Variations]"
Added Component: Designator=R67(RES_C_0603)
Add component (AddParameter): Name = "Category"; Value = "Resistor"; VariantName = "[No Variations]"
Add component (AddParameter): Name = "ComponentLink1Description"; Value = "SVN Datasheet"; VariantName = "[No Variations]"
Add component (AddParameter): Name = "ComponentLink1URL"; Value = "https://chn-vm-apps.microchip.com/mchprepo/parts/Datasheets/PYu-RC0603_51_RoHS_L_4.pdf"; VariantName = "[No Variations]"
Add component (AddParameter): Name = "ComponentLink2Description"; Value = "Local Datasheet"; VariantName = "[No Variations]"
Add component (AddParameter): Name = "ComponentLink2URL"; Value = "C:\ALTIUM_WORK\00001_MCHP-CDB\Datasheets\PYu-RC0603_51_RoHS_L_4.pdf"; VariantName = "[No Variations]"
Add component (AddParameter): Name = "ComponentLink3Description"; Value = "Open Symbol"; VariantName = "[No Variations]"
Add component (AddParameter): Name = "ComponentLink3URL"; Value = "C:\ALTIUM_WORK\00001_MCHP-CDB\Library\LibraryRefs\Resistor.SchLib"; VariantName = "[No Variations]"
Add component (AddParameter): Name = "ComponentLink4Description"; Value = "Open Footprint"; VariantName = "[No Variations]"
Add component (AddParameter): Name = "ComponentLink4URL"; Value = "C:\ALTIUM_WORK\00001_MCHP-CDB\Library\Footprints\RES_C_0603.PcbLib"; VariantName = "[No Variations]"
Add component (AddParameter): Name = "ComponentLink5Description"; Value = "Open Footprint 2"; VariantName = "[No Variations]"
Add component (AddParameter): Name = "ComponentLink6Description"; Value = "Open Footprint 3"; VariantName = "[No Variations]"
Add component (AddParameter): Name = "ComponentLink7Description"; Value = "Open Footprint 4"; VariantName = "[No Variations]"
Add component (AddParameter): Name = "Composition"; Value = "TKF"; VariantName = "[No Variations]"
Add component (AddParameter): Name = "Description_"; Value = "RES TKF 62R 1% 1/10W SMD 0603"; VariantName = "[No Variations]"
Add component (AddParameter): Name = "Dev Tools Status"; Value = "Production"; VariantName = "[No Variations]"
Add component (AddParameter): Name = "Manufacturer 1"; Value = "Yageo"; VariantName = "[No Variations]"
Add component (AddParameter): Name = "Manufacturer Part Number 1"; Value = "RC0603FR-0762RL"; VariantName = "[No Variations]"
Add component (AddParameter): Name = "MCHP-ID"; Value = "RSMT0688"; VariantName = "[No Variations]"
Add component (AddParameter): Name = "Operating Temperature"; Value = "-55C to +155C"; VariantName = "[No Variations]"
Add component (AddParameter): Name = "Package"; Value = "0603"; VariantName = "[No Variations]"
Add component (AddParameter): Name = "Populated"; Value = "Yes"; VariantName = "[No Variations]"
Add component (AddParameter): Name = "Power"; Value = "1/10W"; VariantName = "[No Variations]"
Add component (AddParameter): Name = "Quantity Override"; Value = "1"; VariantName = "[No Variations]"
Add component (AddParameter): Name = "Revision"; Value = "1"; VariantName = "[No Variations]"
Add component (AddParameter): Name = "Status"; Value = "MCL Design"; VariantName = "[No Variations]"
Add component (AddParameter): Name = "Supplier 1"; Value = "Digi-Key"; VariantName = "[No Variations]"
Add component (AddParameter): Name = "Supplier Part Number 1"; Value = "311-62.0HRCT-ND"; VariantName = "[No Variations]"
Add component (AddParameter): Name = "Symbol"; Value = "Resistor"; VariantName = "[No Variations]"
Add component (AddParameter): Name = "Temperature Coeffcient"; Value = "100ppm/C"; VariantName = "[No Variations]"
Add component (AddParameter): Name = "Tolerance"; Value = "1%"; VariantName = "[No Variations]"
Add component (AddParameter): Name = "Type"; Value = "RES SMD"; VariantName = "[No Variations]"
Add component (AddParameter): Name = "Value"; Value = "62R"; VariantName = "[No Variations]"
Add component (AddParameter): Name = "Voltage"; Value = "50V"; VariantName = "[No Variations]"
Added Component: Designator=R68(RES_C_0603)
Add component (AddParameter): Name = "BOM Notes"; Value = ""; VariantName = "[No Variations]"
Add component (AddParameter): Name = "Category"; Value = "Resistor"; VariantName = "[No Variations]"
Add component (AddParameter): Name = "ComponentLink1Description"; Value = "SVN Datasheet"; VariantName = "[No Variations]"
Add component (AddParameter): Name = "ComponentLink1URL"; Value = "https://chn-vm-apps.microchip.com/mchprepo/parts/Datasheets/AOA0000C307.pdf"; VariantName = "[No Variations]"
Add component (AddParameter): Name = "ComponentLink2Description"; Value = "Local Datasheet"; VariantName = "[No Variations]"
Add component (AddParameter): Name = "ComponentLink2URL"; Value = "C:\ALTIUM_WORK\00001_MCHP-CDB\Datasheets\AOA0000C307.pdf"; VariantName = "[No Variations]"
Add component (AddParameter): Name = "ComponentLink3Description"; Value = "Open Symbol"; VariantName = "[No Variations]"
Add component (AddParameter): Name = "ComponentLink3URL"; Value = "C:\ALTIUM_WORK\00001_MCHP-CDB\Library\LibraryRefs\RESISTOR.SchLib"; VariantName = "[No Variations]"
Add component (AddParameter): Name = "ComponentLink4Description"; Value = "Open Footprint"; VariantName = "[No Variations]"
Add component (AddParameter): Name = "ComponentLink4URL"; Value = "C:\ALTIUM_WORK\00001_MCHP-CDB\Library\Footprints\RES_C_0603.PcbLib"; VariantName = "[No Variations]"
Add component (AddParameter): Name = "ComponentLink5Description"; Value = "Open Footprint 2"; VariantName = "[No Variations]"
Add component (AddParameter): Name = "ComponentLink6Description"; Value = "Open Footprint 3"; VariantName = "[No Variations]"
Add component (AddParameter): Name = "ComponentLink7Description"; Value = "Open Footprint 4"; VariantName = "[No Variations]"
Add component (AddParameter): Name = "Composition"; Value = "TF"; VariantName = "[No Variations]"
Add component (AddParameter): Name = "Description_"; Value = "RES TF 402R 0.1% 1/10W AEC-Q200 SMD 0603"; VariantName = "[No Variations]"
Add component (AddParameter): Name = "Dev Tools Status"; Value = "Design"; VariantName = "[No Variations]"
Add component (AddParameter): Name = "Manufacturer 1"; Value = "Panasonic Electronic Components"; VariantName = "[No Variations]"
Add component (AddParameter): Name = "Manufacturer Part Number 1"; Value = "ERA-3AEB4020V"; VariantName = "[No Variations]"
Add component (AddParameter): Name = "MCHP-ID"; Value = "RES2462"; VariantName = "[No Variations]"
Add component (AddParameter): Name = "Operating Temperature"; Value = "-55°C to +155°C"; VariantName = "[No Variations]"
Add component (AddParameter): Name = "Owner"; Value = "Narasimha Murthy"; VariantName = "[No Variations]"
Add component (AddParameter): Name = "Package"; Value = "0603"; VariantName = "[No Variations]"
Add component (AddParameter): Name = "Populated"; Value = "YES"; VariantName = "[No Variations]"
Add component (AddParameter): Name = "Power"; Value = "1/10W"; VariantName = "[No Variations]"
Add component (AddParameter): Name = "Quantity Override"; Value = "1"; VariantName = "[No Variations]"
Add component (AddParameter): Name = "Revision"; Value = "1"; VariantName = "[No Variations]"
Add component (AddParameter): Name = "Status"; Value = "MCL Design"; VariantName = "[No Variations]"
Add component (AddParameter): Name = "Supplier 1"; Value = "Digi-Key"; VariantName = "[No Variations]"
Add component (AddParameter): Name = "Supplier Part Number 1"; Value = "P402DBCT-ND"; VariantName = "[No Variations]"
Add component (AddParameter): Name = "Symbol"; Value = "RESISTOR"; VariantName = "[No Variations]"
Add component (AddParameter): Name = "Temperature Coeffcient"; Value = "±25ppm/°C"; VariantName = "[No Variations]"
Add component (AddParameter): Name = "Tolerance"; Value = "0.1%"; VariantName = "[No Variations]"
Add component (AddParameter): Name = "Type"; Value = "RES SMD"; VariantName = "[No Variations]"
Add component (AddParameter): Name = "Value"; Value = "402R"; VariantName = "[No Variations]"
Added Component: Designator=R69(RES_C_0603)
Add component (AddParameter): Name = "BOM Notes"; Value = ""; VariantName = "[No Variations]"
Add component (AddParameter): Name = "Category"; Value = "Resistor"; VariantName = "[No Variations]"
Add component (AddParameter): Name = "ComponentLink1Description"; Value = "SVN Datasheet"; VariantName = "[No Variations]"
Add component (AddParameter): Name = "ComponentLink1URL"; Value = "https://chn-vm-apps.microchip.com/mchprepo/parts/Datasheets/AOA0000C307.pdf"; VariantName = "[No Variations]"
Add component (AddParameter): Name = "ComponentLink2Description"; Value = "Local Datasheet"; VariantName = "[No Variations]"
Add component (AddParameter): Name = "ComponentLink2URL"; Value = "C:\ALTIUM_WORK\00001_MCHP-CDB\Datasheets\AOA0000C307.pdf"; VariantName = "[No Variations]"
Add component (AddParameter): Name = "ComponentLink3Description"; Value = "Open Symbol"; VariantName = "[No Variations]"
Add component (AddParameter): Name = "ComponentLink3URL"; Value = "C:\ALTIUM_WORK\00001_MCHP-CDB\Library\LibraryRefs\RESISTOR.SchLib"; VariantName = "[No Variations]"
Add component (AddParameter): Name = "ComponentLink4Description"; Value = "Open Footprint"; VariantName = "[No Variations]"
Add component (AddParameter): Name = "ComponentLink4URL"; Value = "C:\ALTIUM_WORK\00001_MCHP-CDB\Library\Footprints\RES_C_0603.PcbLib"; VariantName = "[No Variations]"
Add component (AddParameter): Name = "ComponentLink5Description"; Value = "Open Footprint 2"; VariantName = "[No Variations]"
Add component (AddParameter): Name = "ComponentLink6Description"; Value = "Open Footprint 3"; VariantName = "[No Variations]"
Add component (AddParameter): Name = "ComponentLink7Description"; Value = "Open Footprint 4"; VariantName = "[No Variations]"
Add component (AddParameter): Name = "Composition"; Value = "TF"; VariantName = "[No Variations]"
Add component (AddParameter): Name = "Description_"; Value = "RES TF 3.48K 0.1% 1/10W AEC-Q200 SMD 0603"; VariantName = "[No Variations]"
Add component (AddParameter): Name = "Dev Tools Status"; Value = "Design"; VariantName = "[No Variations]"
Add component (AddParameter): Name = "Manufacturer 1"; Value = "Panasonic Electronic Components"; VariantName = "[No Variations]"
Add component (AddParameter): Name = "Manufacturer Part Number 1"; Value = "ERA-3AEB3481V"; VariantName = "[No Variations]"
Add component (AddParameter): Name = "MCHP-ID"; Value = "RES2463"; VariantName = "[No Variations]"
Add component (AddParameter): Name = "Operating Temperature"; Value = "-55°C to +155°C"; VariantName = "[No Variations]"
Add component (AddParameter): Name = "Owner"; Value = "Narasimha Murthy"; VariantName = "[No Variations]"
Add component (AddParameter): Name = "Package"; Value = "0603"; VariantName = "[No Variations]"
Add component (AddParameter): Name = "Populated"; Value = "YES"; VariantName = "[No Variations]"
Add component (AddParameter): Name = "Power"; Value = "1/10W"; VariantName = "[No Variations]"
Add component (AddParameter): Name = "Quantity Override"; Value = "1"; VariantName = "[No Variations]"
Add component (AddParameter): Name = "Revision"; Value = "1"; VariantName = "[No Variations]"
Add component (AddParameter): Name = "Status"; Value = "MCL Design"; VariantName = "[No Variations]"
Add component (AddParameter): Name = "Supplier 1"; Value = "Digi-Key"; VariantName = "[No Variations]"
Add component (AddParameter): Name = "Supplier Part Number 1"; Value = "P3.48KDBCT-ND"; VariantName = "[No Variations]"
Add component (AddParameter): Name = "Symbol"; Value = "RESISTOR"; VariantName = "[No Variations]"
Add component (AddParameter): Name = "Temperature Coeffcient"; Value = "±25ppm/°C"; VariantName = "[No Variations]"
Add component (AddParameter): Name = "Tolerance"; Value = "0.1%"; VariantName = "[No Variations]"
Add component (AddParameter): Name = "Type"; Value = "RES SMD"; VariantName = "[No Variations]"
Add component (AddParameter): Name = "Value"; Value = "3.48K"; VariantName = "[No Variations]"
Add Component: Footprint Not Found RES_C_0603
Added Component: Designator=R74(RES_C_0603)
Add component (AddParameter): Name = "Category"; Value = "Resistor"; VariantName = "[No Variations]"
Add component (AddParameter): Name = "ComponentLink1Description"; Value = "SVN Datasheet"; VariantName = "[No Variations]"
Add component (AddParameter): Name = "ComponentLink1URL"; Value = "https://chn-vm-apps.microchip.com/mchprepo/parts/Datasheets/PYu-RC0603_51_RoHS_L_4.pdf"; VariantName = "[No Variations]"
Add component (AddParameter): Name = "ComponentLink2Description"; Value = "Local Datasheet"; VariantName = "[No Variations]"
Add component (AddParameter): Name = "ComponentLink2URL"; Value = "C:\ALTIUM_WORK\00001_MCHP-CDB\Datasheets\PYu-RC0603_51_RoHS_L_4.pdf"; VariantName = "[No Variations]"
Add component (AddParameter): Name = "ComponentLink3Description"; Value = "Open Symbol"; VariantName = "[No Variations]"
Add component (AddParameter): Name = "ComponentLink3URL"; Value = "C:\ALTIUM_WORK\00001_MCHP-CDB\Library\LibraryRefs\Resistor.SchLib"; VariantName = "[No Variations]"
Add component (AddParameter): Name = "ComponentLink4Description"; Value = "Open Footprint"; VariantName = "[No Variations]"
Add component (AddParameter): Name = "ComponentLink4URL"; Value = "C:\ALTIUM_WORK\00001_MCHP-CDB\Library\Footprints\RES_C_0603.PcbLib"; VariantName = "[No Variations]"
Add component (AddParameter): Name = "ComponentLink5Description"; Value = "Open Footprint 2"; VariantName = "[No Variations]"
Add component (AddParameter): Name = "ComponentLink6Description"; Value = "Open Footprint 3"; VariantName = "[No Variations]"
Add component (AddParameter): Name = "ComponentLink7Description"; Value = "Open Footprint 4"; VariantName = "[No Variations]"
Add component (AddParameter): Name = "Composition"; Value = "TKF"; VariantName = "[No Variations]"
Add component (AddParameter): Name = "Description_"; Value = "RES TKF 62R 1% 1/10W SMD 0603"; VariantName = "[No Variations]"
Add component (AddParameter): Name = "Dev Tools Status"; Value = "Production"; VariantName = "[No Variations]"
Add component (AddParameter): Name = "Manufacturer 1"; Value = "Yageo"; VariantName = "[No Variations]"
Add component (AddParameter): Name = "Manufacturer Part Number 1"; Value = "RC0603FR-0762RL"; VariantName = "[No Variations]"
Add component (AddParameter): Name = "MCHP-ID"; Value = "RSMT0688"; VariantName = "[No Variations]"
Add component (AddParameter): Name = "Operating Temperature"; Value = "-55C to +155C"; VariantName = "[No Variations]"
Add component (AddParameter): Name = "Package"; Value = "0603"; VariantName = "[No Variations]"
Add component (AddParameter): Name = "Populated"; Value = "Yes"; VariantName = "[No Variations]"
Add component (AddParameter): Name = "Power"; Value = "1/10W"; VariantName = "[No Variations]"
Add component (AddParameter): Name = "Quantity Override"; Value = "1"; VariantName = "[No Variations]"
Add component (AddParameter): Name = "Revision"; Value = "1"; VariantName = "[No Variations]"
Add component (AddParameter): Name = "Status"; Value = "MCL Design"; VariantName = "[No Variations]"
Add component (AddParameter): Name = "Supplier 1"; Value = "Digi-Key"; VariantName = "[No Variations]"
Add component (AddParameter): Name = "Supplier Part Number 1"; Value = "311-62.0HRCT-ND"; VariantName = "[No Variations]"
Add component (AddParameter): Name = "Symbol"; Value = "Resistor"; VariantName = "[No Variations]"
Add component (AddParameter): Name = "Temperature Coeffcient"; Value = "100ppm/C"; VariantName = "[No Variations]"
Add component (AddParameter): Name = "Tolerance"; Value = "1%"; VariantName = "[No Variations]"
Add component (AddParameter): Name = "Type"; Value = "RES SMD"; VariantName = "[No Variations]"
Add component (AddParameter): Name = "Value"; Value = "62R"; VariantName = "[No Variations]"
Add component (AddParameter): Name = "Voltage"; Value = "50V"; VariantName = "[No Variations]"
Added Component: Designator=R75(RES_C_0603)
Add component (AddParameter): Name = "BOM Notes"; Value = ""; VariantName = "[No Variations]"
Add component (AddParameter): Name = "Category"; Value = "Resistor"; VariantName = "[No Variations]"
Add component (AddParameter): Name = "ComponentLink1Description"; Value = "SVN Datasheet"; VariantName = "[No Variations]"
Add component (AddParameter): Name = "ComponentLink1URL"; Value = "https://chn-vm-apps.microchip.com/mchprepo/parts/Datasheets/AOA0000C307.pdf"; VariantName = "[No Variations]"
Add component (AddParameter): Name = "ComponentLink2Description"; Value = "Local Datasheet"; VariantName = "[No Variations]"
Add component (AddParameter): Name = "ComponentLink2URL"; Value = "C:\ALTIUM_WORK\00001_MCHP-CDB\Datasheets\AOA0000C307.pdf"; VariantName = "[No Variations]"
Add component (AddParameter): Name = "ComponentLink3Description"; Value = "Open Symbol"; VariantName = "[No Variations]"
Add component (AddParameter): Name = "ComponentLink3URL"; Value = "C:\ALTIUM_WORK\00001_MCHP-CDB\Library\LibraryRefs\RESISTOR.SchLib"; VariantName = "[No Variations]"
Add component (AddParameter): Name = "ComponentLink4Description"; Value = "Open Footprint"; VariantName = "[No Variations]"
Add component (AddParameter): Name = "ComponentLink4URL"; Value = "C:\ALTIUM_WORK\00001_MCHP-CDB\Library\Footprints\RES_C_0603.PcbLib"; VariantName = "[No Variations]"
Add component (AddParameter): Name = "ComponentLink5Description"; Value = "Open Footprint 2"; VariantName = "[No Variations]"
Add component (AddParameter): Name = "ComponentLink6Description"; Value = "Open Footprint 3"; VariantName = "[No Variations]"
Add component (AddParameter): Name = "ComponentLink7Description"; Value = "Open Footprint 4"; VariantName = "[No Variations]"
Add component (AddParameter): Name = "Composition"; Value = "TF"; VariantName = "[No Variations]"
Add component (AddParameter): Name = "Description_"; Value = "RES TF 402R 0.1% 1/10W AEC-Q200 SMD 0603"; VariantName = "[No Variations]"
Add component (AddParameter): Name = "Dev Tools Status"; Value = "Design"; VariantName = "[No Variations]"
Add component (AddParameter): Name = "Manufacturer 1"; Value = "Panasonic Electronic Components"; VariantName = "[No Variations]"
Add component (AddParameter): Name = "Manufacturer Part Number 1"; Value = "ERA-3AEB4020V"; VariantName = "[No Variations]"
Add component (AddParameter): Name = "MCHP-ID"; Value = "RES2462"; VariantName = "[No Variations]"
Add component (AddParameter): Name = "Operating Temperature"; Value = "-55°C to +155°C"; VariantName = "[No Variations]"
Add component (AddParameter): Name = "Owner"; Value = "Narasimha Murthy"; VariantName = "[No Variations]"
Add component (AddParameter): Name = "Package"; Value = "0603"; VariantName = "[No Variations]"
Add component (AddParameter): Name = "Populated"; Value = "YES"; VariantName = "[No Variations]"
Add component (AddParameter): Name = "Power"; Value = "1/10W"; VariantName = "[No Variations]"
Add component (AddParameter): Name = "Quantity Override"; Value = "1"; VariantName = "[No Variations]"
Add component (AddParameter): Name = "Revision"; Value = "1"; VariantName = "[No Variations]"
Add component (AddParameter): Name = "Status"; Value = "MCL Design"; VariantName = "[No Variations]"
Add component (AddParameter): Name = "Supplier 1"; Value = "Digi-Key"; VariantName = "[No Variations]"
Add component (AddParameter): Name = "Supplier Part Number 1"; Value = "P402DBCT-ND"; VariantName = "[No Variations]"
Add component (AddParameter): Name = "Symbol"; Value = "RESISTOR"; VariantName = "[No Variations]"
Add component (AddParameter): Name = "Temperature Coeffcient"; Value = "±25ppm/°C"; VariantName = "[No Variations]"
Add component (AddParameter): Name = "Tolerance"; Value = "0.1%"; VariantName = "[No Variations]"
Add component (AddParameter): Name = "Type"; Value = "RES SMD"; VariantName = "[No Variations]"
Add component (AddParameter): Name = "Value"; Value = "402R"; VariantName = "[No Variations]"
Added Component: Designator=R76(RES_C_0603)
Add component (AddParameter): Name = "BOM Notes"; Value = ""; VariantName = "[No Variations]"
Add component (AddParameter): Name = "Category"; Value = "Resistor"; VariantName = "[No Variations]"
Add component (AddParameter): Name = "ComponentLink1Description"; Value = "SVN Datasheet"; VariantName = "[No Variations]"
Add component (AddParameter): Name = "ComponentLink1URL"; Value = "https://chn-vm-apps.microchip.com/mchprepo/parts/Datasheets/AOA0000C307.pdf"; VariantName = "[No Variations]"
Add component (AddParameter): Name = "ComponentLink2Description"; Value = "Local Datasheet"; VariantName = "[No Variations]"
Add component (AddParameter): Name = "ComponentLink2URL"; Value = "C:\ALTIUM_WORK\00001_MCHP-CDB\Datasheets\AOA0000C307.pdf"; VariantName = "[No Variations]"
Add component (AddParameter): Name = "ComponentLink3Description"; Value = "Open Symbol"; VariantName = "[No Variations]"
Add component (AddParameter): Name = "ComponentLink3URL"; Value = "C:\ALTIUM_WORK\00001_MCHP-CDB\Library\LibraryRefs\RESISTOR.SchLib"; VariantName = "[No Variations]"
Add component (AddParameter): Name = "ComponentLink4Description"; Value = "Open Footprint"; VariantName = "[No Variations]"
Add component (AddParameter): Name = "ComponentLink4URL"; Value = "C:\ALTIUM_WORK\00001_MCHP-CDB\Library\Footprints\RES_C_0603.PcbLib"; VariantName = "[No Variations]"
Add component (AddParameter): Name = "ComponentLink5Description"; Value = "Open Footprint 2"; VariantName = "[No Variations]"
Add component (AddParameter): Name = "ComponentLink6Description"; Value = "Open Footprint 3"; VariantName = "[No Variations]"
Add component (AddParameter): Name = "ComponentLink7Description"; Value = "Open Footprint 4"; VariantName = "[No Variations]"
Add component (AddParameter): Name = "Composition"; Value = "TF"; VariantName = "[No Variations]"
Add component (AddParameter): Name = "Description_"; Value = "RES TF 3.48K 0.1% 1/10W AEC-Q200 SMD 0603"; VariantName = "[No Variations]"
Add component (AddParameter): Name = "Dev Tools Status"; Value = "Design"; VariantName = "[No Variations]"
Add component (AddParameter): Name = "Manufacturer 1"; Value = "Panasonic Electronic Components"; VariantName = "[No Variations]"
Add component (AddParameter): Name = "Manufacturer Part Number 1"; Value = "ERA-3AEB3481V"; VariantName = "[No Variations]"
Add component (AddParameter): Name = "MCHP-ID"; Value = "RES2463"; VariantName = "[No Variations]"
Add component (AddParameter): Name = "Operating Temperature"; Value = "-55°C to +155°C"; VariantName = "[No Variations]"
Add component (AddParameter): Name = "Owner"; Value = "Narasimha Murthy"; VariantName = "[No Variations]"
Add component (AddParameter): Name = "Package"; Value = "0603"; VariantName = "[No Variations]"
Add component (AddParameter): Name = "Populated"; Value = "YES"; VariantName = "[No Variations]"
Add component (AddParameter): Name = "Power"; Value = "1/10W"; VariantName = "[No Variations]"
Add component (AddParameter): Name = "Quantity Override"; Value = "1"; VariantName = "[No Variations]"
Add component (AddParameter): Name = "Revision"; Value = "1"; VariantName = "[No Variations]"
Add component (AddParameter): Name = "Status"; Value = "MCL Design"; VariantName = "[No Variations]"
Add component (AddParameter): Name = "Supplier 1"; Value = "Digi-Key"; VariantName = "[No Variations]"
Add component (AddParameter): Name = "Supplier Part Number 1"; Value = "P3.48KDBCT-ND"; VariantName = "[No Variations]"
Add component (AddParameter): Name = "Symbol"; Value = "RESISTOR"; VariantName = "[No Variations]"
Add component (AddParameter): Name = "Temperature Coeffcient"; Value = "±25ppm/°C"; VariantName = "[No Variations]"
Add component (AddParameter): Name = "Tolerance"; Value = "0.1%"; VariantName = "[No Variations]"
Add component (AddParameter): Name = "Type"; Value = "RES SMD"; VariantName = "[No Variations]"
Add component (AddParameter): Name = "Value"; Value = "3.48K"; VariantName = "[No Variations]"
Added Component: Designator=R78(RES_C_0603)
Add component (AddParameter): Name = "BOM Notes"; Value = ""; VariantName = "[No Variations]"
Add component (AddParameter): Name = "Category"; Value = "Resistor"; VariantName = "[No Variations]"
Add component (AddParameter): Name = "ComponentLink1Description"; Value = "SVN Datasheet"; VariantName = "[No Variations]"
Add component (AddParameter): Name = "ComponentLink1URL"; Value = "https://chn-vm-apps.microchip.com/mchprepo/parts/Datasheets/dcrcwe3.pdf"; VariantName = "[No Variations]"
Add component (AddParameter): Name = "ComponentLink2Description"; Value = "Local Datasheet"; VariantName = "[No Variations]"
Add component (AddParameter): Name = "ComponentLink2URL"; Value = "C:\ALTIUM_WORK\00001_MCHP-CDB\Datasheets\dcrcwe3.pdf"; VariantName = "[No Variations]"
Add component (AddParameter): Name = "ComponentLink3Description"; Value = "Open Symbol"; VariantName = "[No Variations]"
Add component (AddParameter): Name = "ComponentLink3URL"; Value = "C:\ALTIUM_WORK\00001_MCHP-CDB\Library\LibraryRefs\Resistor.SchLib"; VariantName = "[No Variations]"
Add component (AddParameter): Name = "ComponentLink4Description"; Value = "Open Footprint"; VariantName = "[No Variations]"
Add component (AddParameter): Name = "ComponentLink4URL"; Value = "C:\ALTIUM_WORK\00001_MCHP-CDB\Library\Footprints\RES_C_0603.PcbLib"; VariantName = "[No Variations]"
Add component (AddParameter): Name = "ComponentLink5Description"; Value = "Open Footprint 2"; VariantName = "[No Variations]"
Add component (AddParameter): Name = "ComponentLink6Description"; Value = "Open Footprint 3"; VariantName = "[No Variations]"
Add component (AddParameter): Name = "ComponentLink7Description"; Value = "Open Footprint 4"; VariantName = "[No Variations]"
Add component (AddParameter): Name = "Composition"; Value = "TKF"; VariantName = "[No Variations]"
Add component (AddParameter): Name = "Description_"; Value = "RES TKF 10k 1% 1/10W SMD 0603"; VariantName = "[No Variations]"
Add component (AddParameter): Name = "Dev Tools Status"; Value = "Production"; VariantName = "[No Variations]"
Add component (AddParameter): Name = "Manufacturer 1"; Value = "ROHM"; VariantName = "[No Variations]"
Add component (AddParameter): Name = "Manufacturer 2"; Value = "TE Connectivity"; VariantName = "[No Variations]"
Add component (AddParameter): Name = "Manufacturer 3"; Value = "Vishay"; VariantName = "[No Variations]"
Add component (AddParameter): Name = "Manufacturer 4"; Value = "Yageo"; VariantName = "[No Variations]"
Add component (AddParameter): Name = "Manufacturer Part Number 1"; Value = "MCR03EZPFX1002"; VariantName = "[No Variations]"
Add component (AddParameter): Name = "Manufacturer Part Number 2"; Value = "1622829-1"; VariantName = "[No Variations]"
Add component (AddParameter): Name = "Manufacturer Part Number 3"; Value = "CRCW060310K0FKEA"; VariantName = "[No Variations]"
Add component (AddParameter): Name = "Manufacturer Part Number 4"; Value = "RC0603FR-1310KL"; VariantName = "[No Variations]"
Add component (AddParameter): Name = "MCHP-ID"; Value = "RSMT0625"; VariantName = "[No Variations]"
Add component (AddParameter): Name = "Operating Temperature"; Value = "-55C to +155C"; VariantName = "[No Variations]"
Add component (AddParameter): Name = "Package"; Value = "0603"; VariantName = "[No Variations]"
Add component (AddParameter): Name = "Populated"; Value = "DNP"; VariantName = "[No Variations]"
Add component (AddParameter): Name = "Power"; Value = "1/10W"; VariantName = "[No Variations]"
Add component (AddParameter): Name = "Quantity Override"; Value = "1"; VariantName = "[No Variations]"
Add component (AddParameter): Name = "Revision"; Value = "2"; VariantName = "[No Variations]"
Add component (AddParameter): Name = "Status"; Value = "MCL Design"; VariantName = "[No Variations]"
Add component (AddParameter): Name = "Supplier 1"; Value = "Digi-Key"; VariantName = "[No Variations]"
Add component (AddParameter): Name = "Supplier 2"; Value = "Digi-Key"; VariantName = "[No Variations]"
Add component (AddParameter): Name = "Supplier 3"; Value = "Digi-Key"; VariantName = "[No Variations]"
Add component (AddParameter): Name = "Supplier 4"; Value = "Mouser"; VariantName = "[No Variations]"
Add component (AddParameter): Name = "Supplier Part Number 1"; Value = "RHM10.0KHCT-ND"; VariantName = "[No Variations]"
Add component (AddParameter): Name = "Supplier Part Number 2"; Value = "A106048CT-ND"; VariantName = "[No Variations]"
Add component (AddParameter): Name = "Supplier Part Number 3"; Value = "541-10.0KHCT-ND"; VariantName = "[No Variations]"
Add component (AddParameter): Name = "Supplier Part Number 4"; Value = "603-RC0603FR-1310KL"; VariantName = "[No Variations]"
Add component (AddParameter): Name = "Symbol"; Value = "Resistor"; VariantName = "[No Variations]"
Add component (AddParameter): Name = "Temperature Coefficient"; Value = "100ppm/C"; VariantName = "[No Variations]"
Add component (AddParameter): Name = "Tolerance"; Value = "1%"; VariantName = "[No Variations]"
Add component (AddParameter): Name = "Type"; Value = "RES SMD"; VariantName = "[No Variations]"
Add component (AddParameter): Name = "Value"; Value = "10k"; VariantName = "[No Variations]"
Add component (AddParameter): Name = "Voltage"; Value = "75V"; VariantName = "[No Variations]"
Added Component: Designator=R79(RES_C_0603)
Add component (AddParameter): Name = "BOM Notes"; Value = ""; VariantName = "[No Variations]"
Add component (AddParameter): Name = "Category"; Value = "Resistor"; VariantName = "[No Variations]"
Add component (AddParameter): Name = "ComponentLink1Description"; Value = "SVN Datasheet"; VariantName = "[No Variations]"
Add component (AddParameter): Name = "ComponentLink1URL"; Value = "https://chn-vm-apps.microchip.com/mchprepo/parts/Datasheets/dcrcwe3.pdf"; VariantName = "[No Variations]"
Add component (AddParameter): Name = "ComponentLink2Description"; Value = "Local Datasheet"; VariantName = "[No Variations]"
Add component (AddParameter): Name = "ComponentLink2URL"; Value = "C:\ALTIUM_WORK\00001_MCHP-CDB\Datasheets\dcrcwe3.pdf"; VariantName = "[No Variations]"
Add component (AddParameter): Name = "ComponentLink3Description"; Value = "Open Symbol"; VariantName = "[No Variations]"
Add component (AddParameter): Name = "ComponentLink3URL"; Value = "C:\ALTIUM_WORK\00001_MCHP-CDB\Library\LibraryRefs\Resistor.SchLib"; VariantName = "[No Variations]"
Add component (AddParameter): Name = "ComponentLink4Description"; Value = "Open Footprint"; VariantName = "[No Variations]"
Add component (AddParameter): Name = "ComponentLink4URL"; Value = "C:\ALTIUM_WORK\00001_MCHP-CDB\Library\Footprints\RES_C_0603.PcbLib"; VariantName = "[No Variations]"
Add component (AddParameter): Name = "ComponentLink5Description"; Value = "Open Footprint 2"; VariantName = "[No Variations]"
Add component (AddParameter): Name = "ComponentLink6Description"; Value = "Open Footprint 3"; VariantName = "[No Variations]"
Add component (AddParameter): Name = "ComponentLink7Description"; Value = "Open Footprint 4"; VariantName = "[No Variations]"
Add component (AddParameter): Name = "Composition"; Value = "TKF"; VariantName = "[No Variations]"
Add component (AddParameter): Name = "Description_"; Value = "RES TKF 10k 1% 1/10W SMD 0603"; VariantName = "[No Variations]"
Add component (AddParameter): Name = "Dev Tools Status"; Value = "Production"; VariantName = "[No Variations]"
Add component (AddParameter): Name = "Manufacturer 1"; Value = "ROHM"; VariantName = "[No Variations]"
Add component (AddParameter): Name = "Manufacturer 2"; Value = "TE Connectivity"; VariantName = "[No Variations]"
Add component (AddParameter): Name = "Manufacturer 3"; Value = "Vishay"; VariantName = "[No Variations]"
Add component (AddParameter): Name = "Manufacturer 4"; Value = "Yageo"; VariantName = "[No Variations]"
Add component (AddParameter): Name = "Manufacturer Part Number 1"; Value = "MCR03EZPFX1002"; VariantName = "[No Variations]"
Add component (AddParameter): Name = "Manufacturer Part Number 2"; Value = "1622829-1"; VariantName = "[No Variations]"
Add component (AddParameter): Name = "Manufacturer Part Number 3"; Value = "CRCW060310K0FKEA"; VariantName = "[No Variations]"
Add component (AddParameter): Name = "Manufacturer Part Number 4"; Value = "RC0603FR-1310KL"; VariantName = "[No Variations]"
Add component (AddParameter): Name = "MCHP-ID"; Value = "RSMT0625"; VariantName = "[No Variations]"
Add component (AddParameter): Name = "Operating Temperature"; Value = "-55C to +155C"; VariantName = "[No Variations]"
Add component (AddParameter): Name = "Package"; Value = "0603"; VariantName = "[No Variations]"
Add component (AddParameter): Name = "Populated"; Value = "DNP"; VariantName = "[No Variations]"
Add component (AddParameter): Name = "Power"; Value = "1/10W"; VariantName = "[No Variations]"
Add component (AddParameter): Name = "Quantity Override"; Value = "1"; VariantName = "[No Variations]"
Add component (AddParameter): Name = "Revision"; Value = "2"; VariantName = "[No Variations]"
Add component (AddParameter): Name = "Status"; Value = "MCL Design"; VariantName = "[No Variations]"
Add component (AddParameter): Name = "Supplier 1"; Value = "Digi-Key"; VariantName = "[No Variations]"
Add component (AddParameter): Name = "Supplier 2"; Value = "Digi-Key"; VariantName = "[No Variations]"
Add component (AddParameter): Name = "Supplier 3"; Value = "Digi-Key"; VariantName = "[No Variations]"
Add component (AddParameter): Name = "Supplier 4"; Value = "Mouser"; VariantName = "[No Variations]"
Add component (AddParameter): Name = "Supplier Part Number 1"; Value = "RHM10.0KHCT-ND"; VariantName = "[No Variations]"
Add component (AddParameter): Name = "Supplier Part Number 2"; Value = "A106048CT-ND"; VariantName = "[No Variations]"
Add component (AddParameter): Name = "Supplier Part Number 3"; Value = "541-10.0KHCT-ND"; VariantName = "[No Variations]"
Add component (AddParameter): Name = "Supplier Part Number 4"; Value = "603-RC0603FR-1310KL"; VariantName = "[No Variations]"
Add component (AddParameter): Name = "Symbol"; Value = "Resistor"; VariantName = "[No Variations]"
Add component (AddParameter): Name = "Temperature Coefficient"; Value = "100ppm/C"; VariantName = "[No Variations]"
Add component (AddParameter): Name = "Tolerance"; Value = "1%"; VariantName = "[No Variations]"
Add component (AddParameter): Name = "Type"; Value = "RES SMD"; VariantName = "[No Variations]"
Add component (AddParameter): Name = "Value"; Value = "10k"; VariantName = "[No Variations]"
Add component (AddParameter): Name = "Voltage"; Value = "75V"; VariantName = "[No Variations]"
Added Component: Designator=R83(RES_C_0603)
Add component (AddParameter): Name = "Category"; Value = "Resistor"; VariantName = "[No Variations]"
Add component (AddParameter): Name = "ComponentLink1Description"; Value = "SVN Datasheet"; VariantName = "[No Variations]"
Add component (AddParameter): Name = "ComponentLink1URL"; Value = "https://chn-vm-apps.microchip.com/mchprepo/parts/Datasheets/PYu-RC0603_51_RoHS_L_4.pdf"; VariantName = "[No Variations]"
Add component (AddParameter): Name = "ComponentLink2Description"; Value = "Local Datasheet"; VariantName = "[No Variations]"
Add component (AddParameter): Name = "ComponentLink2URL"; Value = "C:\ALTIUM_WORK\00001_MCHP-CDB\Datasheets\PYu-RC0603_51_RoHS_L_4.pdf"; VariantName = "[No Variations]"
Add component (AddParameter): Name = "ComponentLink3Description"; Value = "Open Symbol"; VariantName = "[No Variations]"
Add component (AddParameter): Name = "ComponentLink3URL"; Value = "C:\ALTIUM_WORK\00001_MCHP-CDB\Library\LibraryRefs\Resistor.SchLib"; VariantName = "[No Variations]"
Add component (AddParameter): Name = "ComponentLink4Description"; Value = "Open Footprint"; VariantName = "[No Variations]"
Add component (AddParameter): Name = "ComponentLink4URL"; Value = "C:\ALTIUM_WORK\00001_MCHP-CDB\Library\Footprints\RES_C_0603.PcbLib"; VariantName = "[No Variations]"
Add component (AddParameter): Name = "ComponentLink5Description"; Value = "Open Footprint 2"; VariantName = "[No Variations]"
Add component (AddParameter): Name = "ComponentLink6Description"; Value = "Open Footprint 3"; VariantName = "[No Variations]"
Add component (AddParameter): Name = "ComponentLink7Description"; Value = "Open Footprint 4"; VariantName = "[No Variations]"
Add component (AddParameter): Name = "Composition"; Value = "TKF"; VariantName = "[No Variations]"
Add component (AddParameter): Name = "Description_"; Value = "RES TKF 62R 1% 1/10W SMD 0603"; VariantName = "[No Variations]"
Add component (AddParameter): Name = "Dev Tools Status"; Value = "Production"; VariantName = "[No Variations]"
Add component (AddParameter): Name = "Manufacturer 1"; Value = "Yageo"; VariantName = "[No Variations]"
Add component (AddParameter): Name = "Manufacturer Part Number 1"; Value = "RC0603FR-0762RL"; VariantName = "[No Variations]"
Add component (AddParameter): Name = "MCHP-ID"; Value = "RSMT0688"; VariantName = "[No Variations]"
Add component (AddParameter): Name = "Operating Temperature"; Value = "-55C to +155C"; VariantName = "[No Variations]"
Add component (AddParameter): Name = "Package"; Value = "0603"; VariantName = "[No Variations]"
Add component (AddParameter): Name = "Populated"; Value = "Yes"; VariantName = "[No Variations]"
Add component (AddParameter): Name = "Power"; Value = "1/10W"; VariantName = "[No Variations]"
Add component (AddParameter): Name = "Quantity Override"; Value = "1"; VariantName = "[No Variations]"
Add component (AddParameter): Name = "Revision"; Value = "1"; VariantName = "[No Variations]"
Add component (AddParameter): Name = "Status"; Value = "MCL Design"; VariantName = "[No Variations]"
Add component (AddParameter): Name = "Supplier 1"; Value = "Digi-Key"; VariantName = "[No Variations]"
Add component (AddParameter): Name = "Supplier Part Number 1"; Value = "311-62.0HRCT-ND"; VariantName = "[No Variations]"
Add component (AddParameter): Name = "Symbol"; Value = "Resistor"; VariantName = "[No Variations]"
Add component (AddParameter): Name = "Temperature Coeffcient"; Value = "100ppm/C"; VariantName = "[No Variations]"
Add component (AddParameter): Name = "Tolerance"; Value = "1%"; VariantName = "[No Variations]"
Add component (AddParameter): Name = "Type"; Value = "RES SMD"; VariantName = "[No Variations]"
Add component (AddParameter): Name = "Value"; Value = "62R"; VariantName = "[No Variations]"
Add component (AddParameter): Name = "Voltage"; Value = "50V"; VariantName = "[No Variations]"
Added Component: Designator=R84(RES_C_0603)
Add component (AddParameter): Name = "BOM Notes"; Value = ""; VariantName = "[No Variations]"
Add component (AddParameter): Name = "Category"; Value = "Resistor"; VariantName = "[No Variations]"
Add component (AddParameter): Name = "ComponentLink1Description"; Value = "SVN Datasheet"; VariantName = "[No Variations]"
Add component (AddParameter): Name = "ComponentLink1URL"; Value = "https://chn-vm-apps.microchip.com/mchprepo/parts/Datasheets/AOA0000C307.pdf"; VariantName = "[No Variations]"
Add component (AddParameter): Name = "ComponentLink2Description"; Value = "Local Datasheet"; VariantName = "[No Variations]"
Add component (AddParameter): Name = "ComponentLink2URL"; Value = "C:\ALTIUM_WORK\00001_MCHP-CDB\Datasheets\AOA0000C307.pdf"; VariantName = "[No Variations]"
Add component (AddParameter): Name = "ComponentLink3Description"; Value = "Open Symbol"; VariantName = "[No Variations]"
Add component (AddParameter): Name = "ComponentLink3URL"; Value = "C:\ALTIUM_WORK\00001_MCHP-CDB\Library\LibraryRefs\RESISTOR.SchLib"; VariantName = "[No Variations]"
Add component (AddParameter): Name = "ComponentLink4Description"; Value = "Open Footprint"; VariantName = "[No Variations]"
Add component (AddParameter): Name = "ComponentLink4URL"; Value = "C:\ALTIUM_WORK\00001_MCHP-CDB\Library\Footprints\RES_C_0603.PcbLib"; VariantName = "[No Variations]"
Add component (AddParameter): Name = "ComponentLink5Description"; Value = "Open Footprint 2"; VariantName = "[No Variations]"
Add component (AddParameter): Name = "ComponentLink6Description"; Value = "Open Footprint 3"; VariantName = "[No Variations]"
Add component (AddParameter): Name = "ComponentLink7Description"; Value = "Open Footprint 4"; VariantName = "[No Variations]"
Add component (AddParameter): Name = "Composition"; Value = "TF"; VariantName = "[No Variations]"
Add component (AddParameter): Name = "Description_"; Value = "RES TF 402R 0.1% 1/10W AEC-Q200 SMD 0603"; VariantName = "[No Variations]"
Add component (AddParameter): Name = "Dev Tools Status"; Value = "Design"; VariantName = "[No Variations]"
Add component (AddParameter): Name = "Manufacturer 1"; Value = "Panasonic Electronic Components"; VariantName = "[No Variations]"
Add component (AddParameter): Name = "Manufacturer Part Number 1"; Value = "ERA-3AEB4020V"; VariantName = "[No Variations]"
Add component (AddParameter): Name = "MCHP-ID"; Value = "RES2462"; VariantName = "[No Variations]"
Add component (AddParameter): Name = "Operating Temperature"; Value = "-55°C to +155°C"; VariantName = "[No Variations]"
Add component (AddParameter): Name = "Owner"; Value = "Narasimha Murthy"; VariantName = "[No Variations]"
Add component (AddParameter): Name = "Package"; Value = "0603"; VariantName = "[No Variations]"
Add component (AddParameter): Name = "Populated"; Value = "YES"; VariantName = "[No Variations]"
Add component (AddParameter): Name = "Power"; Value = "1/10W"; VariantName = "[No Variations]"
Add component (AddParameter): Name = "Quantity Override"; Value = "1"; VariantName = "[No Variations]"
Add component (AddParameter): Name = "Revision"; Value = "1"; VariantName = "[No Variations]"
Add component (AddParameter): Name = "Status"; Value = "MCL Design"; VariantName = "[No Variations]"
Add component (AddParameter): Name = "Supplier 1"; Value = "Digi-Key"; VariantName = "[No Variations]"
Add component (AddParameter): Name = "Supplier Part Number 1"; Value = "P402DBCT-ND"; VariantName = "[No Variations]"
Add component (AddParameter): Name = "Symbol"; Value = "RESISTOR"; VariantName = "[No Variations]"
Add component (AddParameter): Name = "Temperature Coeffcient"; Value = "±25ppm/°C"; VariantName = "[No Variations]"
Add component (AddParameter): Name = "Tolerance"; Value = "0.1%"; VariantName = "[No Variations]"
Add component (AddParameter): Name = "Type"; Value = "RES SMD"; VariantName = "[No Variations]"
Add component (AddParameter): Name = "Value"; Value = "402R"; VariantName = "[No Variations]"
Added Component: Designator=R85(RES_C_0603)
Add component (AddParameter): Name = "BOM Notes"; Value = ""; VariantName = "[No Variations]"
Add component (AddParameter): Name = "Category"; Value = "Resistor"; VariantName = "[No Variations]"
Add component (AddParameter): Name = "ComponentLink1Description"; Value = "SVN Datasheet"; VariantName = "[No Variations]"
Add component (AddParameter): Name = "ComponentLink1URL"; Value = "https://chn-vm-apps.microchip.com/mchprepo/parts/Datasheets/AOA0000C307.pdf"; VariantName = "[No Variations]"
Add component (AddParameter): Name = "ComponentLink2Description"; Value = "Local Datasheet"; VariantName = "[No Variations]"
Add component (AddParameter): Name = "ComponentLink2URL"; Value = "C:\ALTIUM_WORK\00001_MCHP-CDB\Datasheets\AOA0000C307.pdf"; VariantName = "[No Variations]"
Add component (AddParameter): Name = "ComponentLink3Description"; Value = "Open Symbol"; VariantName = "[No Variations]"
Add component (AddParameter): Name = "ComponentLink3URL"; Value = "C:\ALTIUM_WORK\00001_MCHP-CDB\Library\LibraryRefs\RESISTOR.SchLib"; VariantName = "[No Variations]"
Add component (AddParameter): Name = "ComponentLink4Description"; Value = "Open Footprint"; VariantName = "[No Variations]"
Add component (AddParameter): Name = "ComponentLink4URL"; Value = "C:\ALTIUM_WORK\00001_MCHP-CDB\Library\Footprints\RES_C_0603.PcbLib"; VariantName = "[No Variations]"
Add component (AddParameter): Name = "ComponentLink5Description"; Value = "Open Footprint 2"; VariantName = "[No Variations]"
Add component (AddParameter): Name = "ComponentLink6Description"; Value = "Open Footprint 3"; VariantName = "[No Variations]"
Add component (AddParameter): Name = "ComponentLink7Description"; Value = "Open Footprint 4"; VariantName = "[No Variations]"
Add component (AddParameter): Name = "Composition"; Value = "TF"; VariantName = "[No Variations]"
Add component (AddParameter): Name = "Description_"; Value = "RES TF 3.48K 0.1% 1/10W AEC-Q200 SMD 0603"; VariantName = "[No Variations]"
Add component (AddParameter): Name = "Dev Tools Status"; Value = "Design"; VariantName = "[No Variations]"
Add component (AddParameter): Name = "Manufacturer 1"; Value = "Panasonic Electronic Components"; VariantName = "[No Variations]"
Add component (AddParameter): Name = "Manufacturer Part Number 1"; Value = "ERA-3AEB3481V"; VariantName = "[No Variations]"
Add component (AddParameter): Name = "MCHP-ID"; Value = "RES2463"; VariantName = "[No Variations]"
Add component (AddParameter): Name = "Operating Temperature"; Value = "-55°C to +155°C"; VariantName = "[No Variations]"
Add component (AddParameter): Name = "Owner"; Value = "Narasimha Murthy"; VariantName = "[No Variations]"
Add component (AddParameter): Name = "Package"; Value = "0603"; VariantName = "[No Variations]"
Add component (AddParameter): Name = "Populated"; Value = "YES"; VariantName = "[No Variations]"
Add component (AddParameter): Name = "Power"; Value = "1/10W"; VariantName = "[No Variations]"
Add component (AddParameter): Name = "Quantity Override"; Value = "1"; VariantName = "[No Variations]"
Add component (AddParameter): Name = "Revision"; Value = "1"; VariantName = "[No Variations]"
Add component (AddParameter): Name = "Status"; Value = "MCL Design"; VariantName = "[No Variations]"
Add component (AddParameter): Name = "Supplier 1"; Value = "Digi-Key"; VariantName = "[No Variations]"
Add component (AddParameter): Name = "Supplier Part Number 1"; Value = "P3.48KDBCT-ND"; VariantName = "[No Variations]"
Add component (AddParameter): Name = "Symbol"; Value = "RESISTOR"; VariantName = "[No Variations]"
Add component (AddParameter): Name = "Temperature Coeffcient"; Value = "±25ppm/°C"; VariantName = "[No Variations]"
Add component (AddParameter): Name = "Tolerance"; Value = "0.1%"; VariantName = "[No Variations]"
Add component (AddParameter): Name = "Type"; Value = "RES SMD"; VariantName = "[No Variations]"
Add component (AddParameter): Name = "Value"; Value = "3.48K"; VariantName = "[No Variations]"
Add Component: Footprint Not Found RES_C_0603
Added Component: Designator=R91(RES_C_0603)
Add component (AddParameter): Name = "Category"; Value = "Resistor"; VariantName = "[No Variations]"
Add component (AddParameter): Name = "ComponentLink1Description"; Value = "SVN Datasheet"; VariantName = "[No Variations]"
Add component (AddParameter): Name = "ComponentLink1URL"; Value = "https://chn-vm-apps.microchip.com/mchprepo/parts/Datasheets/PYu-RC0603_51_RoHS_L_4.pdf"; VariantName = "[No Variations]"
Add component (AddParameter): Name = "ComponentLink2Description"; Value = "Local Datasheet"; VariantName = "[No Variations]"
Add component (AddParameter): Name = "ComponentLink2URL"; Value = "C:\ALTIUM_WORK\00001_MCHP-CDB\Datasheets\PYu-RC0603_51_RoHS_L_4.pdf"; VariantName = "[No Variations]"
Add component (AddParameter): Name = "ComponentLink3Description"; Value = "Open Symbol"; VariantName = "[No Variations]"
Add component (AddParameter): Name = "ComponentLink3URL"; Value = "C:\ALTIUM_WORK\00001_MCHP-CDB\Library\LibraryRefs\Resistor.SchLib"; VariantName = "[No Variations]"
Add component (AddParameter): Name = "ComponentLink4Description"; Value = "Open Footprint"; VariantName = "[No Variations]"
Add component (AddParameter): Name = "ComponentLink4URL"; Value = "C:\ALTIUM_WORK\00001_MCHP-CDB\Library\Footprints\RES_C_0603.PcbLib"; VariantName = "[No Variations]"
Add component (AddParameter): Name = "ComponentLink5Description"; Value = "Open Footprint 2"; VariantName = "[No Variations]"
Add component (AddParameter): Name = "ComponentLink6Description"; Value = "Open Footprint 3"; VariantName = "[No Variations]"
Add component (AddParameter): Name = "ComponentLink7Description"; Value = "Open Footprint 4"; VariantName = "[No Variations]"
Add component (AddParameter): Name = "Composition"; Value = "TKF"; VariantName = "[No Variations]"
Add component (AddParameter): Name = "Description_"; Value = "RES TKF 62R 1% 1/10W SMD 0603"; VariantName = "[No Variations]"
Add component (AddParameter): Name = "Dev Tools Status"; Value = "Production"; VariantName = "[No Variations]"
Add component (AddParameter): Name = "Manufacturer 1"; Value = "Yageo"; VariantName = "[No Variations]"
Add component (AddParameter): Name = "Manufacturer Part Number 1"; Value = "RC0603FR-0762RL"; VariantName = "[No Variations]"
Add component (AddParameter): Name = "MCHP-ID"; Value = "RSMT0688"; VariantName = "[No Variations]"
Add component (AddParameter): Name = "Operating Temperature"; Value = "-55C to +155C"; VariantName = "[No Variations]"
Add component (AddParameter): Name = "Package"; Value = "0603"; VariantName = "[No Variations]"
Add component (AddParameter): Name = "Populated"; Value = "Yes"; VariantName = "[No Variations]"
Add component (AddParameter): Name = "Power"; Value = "1/10W"; VariantName = "[No Variations]"
Add component (AddParameter): Name = "Quantity Override"; Value = "1"; VariantName = "[No Variations]"
Add component (AddParameter): Name = "Revision"; Value = "1"; VariantName = "[No Variations]"
Add component (AddParameter): Name = "Status"; Value = "MCL Design"; VariantName = "[No Variations]"
Add component (AddParameter): Name = "Supplier 1"; Value = "Digi-Key"; VariantName = "[No Variations]"
Add component (AddParameter): Name = "Supplier Part Number 1"; Value = "311-62.0HRCT-ND"; VariantName = "[No Variations]"
Add component (AddParameter): Name = "Symbol"; Value = "Resistor"; VariantName = "[No Variations]"
Add component (AddParameter): Name = "Temperature Coeffcient"; Value = "100ppm/C"; VariantName = "[No Variations]"
Add component (AddParameter): Name = "Tolerance"; Value = "1%"; VariantName = "[No Variations]"
Add component (AddParameter): Name = "Type"; Value = "RES SMD"; VariantName = "[No Variations]"
Add component (AddParameter): Name = "Value"; Value = "62R"; VariantName = "[No Variations]"
Add component (AddParameter): Name = "Voltage"; Value = "50V"; VariantName = "[No Variations]"
Added Component: Designator=R92(RES_C_0603)
Add component (AddParameter): Name = "BOM Notes"; Value = ""; VariantName = "[No Variations]"
Add component (AddParameter): Name = "Category"; Value = "Resistor"; VariantName = "[No Variations]"
Add component (AddParameter): Name = "ComponentLink1Description"; Value = "SVN Datasheet"; VariantName = "[No Variations]"
Add component (AddParameter): Name = "ComponentLink1URL"; Value = "https://chn-vm-apps.microchip.com/mchprepo/parts/Datasheets/AOA0000C307.pdf"; VariantName = "[No Variations]"
Add component (AddParameter): Name = "ComponentLink2Description"; Value = "Local Datasheet"; VariantName = "[No Variations]"
Add component (AddParameter): Name = "ComponentLink2URL"; Value = "C:\ALTIUM_WORK\00001_MCHP-CDB\Datasheets\AOA0000C307.pdf"; VariantName = "[No Variations]"
Add component (AddParameter): Name = "ComponentLink3Description"; Value = "Open Symbol"; VariantName = "[No Variations]"
Add component (AddParameter): Name = "ComponentLink3URL"; Value = "C:\ALTIUM_WORK\00001_MCHP-CDB\Library\LibraryRefs\RESISTOR.SchLib"; VariantName = "[No Variations]"
Add component (AddParameter): Name = "ComponentLink4Description"; Value = "Open Footprint"; VariantName = "[No Variations]"
Add component (AddParameter): Name = "ComponentLink4URL"; Value = "C:\ALTIUM_WORK\00001_MCHP-CDB\Library\Footprints\RES_C_0603.PcbLib"; VariantName = "[No Variations]"
Add component (AddParameter): Name = "ComponentLink5Description"; Value = "Open Footprint 2"; VariantName = "[No Variations]"
Add component (AddParameter): Name = "ComponentLink6Description"; Value = "Open Footprint 3"; VariantName = "[No Variations]"
Add component (AddParameter): Name = "ComponentLink7Description"; Value = "Open Footprint 4"; VariantName = "[No Variations]"
Add component (AddParameter): Name = "Composition"; Value = "TF"; VariantName = "[No Variations]"
Add component (AddParameter): Name = "Description_"; Value = "RES TF 402R 0.1% 1/10W AEC-Q200 SMD 0603"; VariantName = "[No Variations]"
Add component (AddParameter): Name = "Dev Tools Status"; Value = "Design"; VariantName = "[No Variations]"
Add component (AddParameter): Name = "Manufacturer 1"; Value = "Panasonic Electronic Components"; VariantName = "[No Variations]"
Add component (AddParameter): Name = "Manufacturer Part Number 1"; Value = "ERA-3AEB4020V"; VariantName = "[No Variations]"
Add component (AddParameter): Name = "MCHP-ID"; Value = "RES2462"; VariantName = "[No Variations]"
Add component (AddParameter): Name = "Operating Temperature"; Value = "-55°C to +155°C"; VariantName = "[No Variations]"
Add component (AddParameter): Name = "Owner"; Value = "Narasimha Murthy"; VariantName = "[No Variations]"
Add component (AddParameter): Name = "Package"; Value = "0603"; VariantName = "[No Variations]"
Add component (AddParameter): Name = "Populated"; Value = "YES"; VariantName = "[No Variations]"
Add component (AddParameter): Name = "Power"; Value = "1/10W"; VariantName = "[No Variations]"
Add component (AddParameter): Name = "Quantity Override"; Value = "1"; VariantName = "[No Variations]"
Add component (AddParameter): Name = "Revision"; Value = "1"; VariantName = "[No Variations]"
Add component (AddParameter): Name = "Status"; Value = "MCL Design"; VariantName = "[No Variations]"
Add component (AddParameter): Name = "Supplier 1"; Value = "Digi-Key"; VariantName = "[No Variations]"
Add component (AddParameter): Name = "Supplier Part Number 1"; Value = "P402DBCT-ND"; VariantName = "[No Variations]"
Add component (AddParameter): Name = "Symbol"; Value = "RESISTOR"; VariantName = "[No Variations]"
Add component (AddParameter): Name = "Temperature Coeffcient"; Value = "±25ppm/°C"; VariantName = "[No Variations]"
Add component (AddParameter): Name = "Tolerance"; Value = "0.1%"; VariantName = "[No Variations]"
Add component (AddParameter): Name = "Type"; Value = "RES SMD"; VariantName = "[No Variations]"
Add component (AddParameter): Name = "Value"; Value = "402R"; VariantName = "[No Variations]"
Added Component: Designator=R93(RES_C_0603)
Add component (AddParameter): Name = "BOM Notes"; Value = ""; VariantName = "[No Variations]"
Add component (AddParameter): Name = "Category"; Value = "Resistor"; VariantName = "[No Variations]"
Add component (AddParameter): Name = "ComponentLink1Description"; Value = "SVN Datasheet"; VariantName = "[No Variations]"
Add component (AddParameter): Name = "ComponentLink1URL"; Value = "https://chn-vm-apps.microchip.com/mchprepo/parts/Datasheets/AOA0000C307.pdf"; VariantName = "[No Variations]"
Add component (AddParameter): Name = "ComponentLink2Description"; Value = "Local Datasheet"; VariantName = "[No Variations]"
Add component (AddParameter): Name = "ComponentLink2URL"; Value = "C:\ALTIUM_WORK\00001_MCHP-CDB\Datasheets\AOA0000C307.pdf"; VariantName = "[No Variations]"
Add component (AddParameter): Name = "ComponentLink3Description"; Value = "Open Symbol"; VariantName = "[No Variations]"
Add component (AddParameter): Name = "ComponentLink3URL"; Value = "C:\ALTIUM_WORK\00001_MCHP-CDB\Library\LibraryRefs\RESISTOR.SchLib"; VariantName = "[No Variations]"
Add component (AddParameter): Name = "ComponentLink4Description"; Value = "Open Footprint"; VariantName = "[No Variations]"
Add component (AddParameter): Name = "ComponentLink4URL"; Value = "C:\ALTIUM_WORK\00001_MCHP-CDB\Library\Footprints\RES_C_0603.PcbLib"; VariantName = "[No Variations]"
Add component (AddParameter): Name = "ComponentLink5Description"; Value = "Open Footprint 2"; VariantName = "[No Variations]"
Add component (AddParameter): Name = "ComponentLink6Description"; Value = "Open Footprint 3"; VariantName = "[No Variations]"
Add component (AddParameter): Name = "ComponentLink7Description"; Value = "Open Footprint 4"; VariantName = "[No Variations]"
Add component (AddParameter): Name = "Composition"; Value = "TF"; VariantName = "[No Variations]"
Add component (AddParameter): Name = "Description_"; Value = "RES TF 3.48K 0.1% 1/10W AEC-Q200 SMD 0603"; VariantName = "[No Variations]"
Add component (AddParameter): Name = "Dev Tools Status"; Value = "Design"; VariantName = "[No Variations]"
Add component (AddParameter): Name = "Manufacturer 1"; Value = "Panasonic Electronic Components"; VariantName = "[No Variations]"
Add component (AddParameter): Name = "Manufacturer Part Number 1"; Value = "ERA-3AEB3481V"; VariantName = "[No Variations]"
Add component (AddParameter): Name = "MCHP-ID"; Value = "RES2463"; VariantName = "[No Variations]"
Add component (AddParameter): Name = "Operating Temperature"; Value = "-55°C to +155°C"; VariantName = "[No Variations]"
Add component (AddParameter): Name = "Owner"; Value = "Narasimha Murthy"; VariantName = "[No Variations]"
Add component (AddParameter): Name = "Package"; Value = "0603"; VariantName = "[No Variations]"
Add component (AddParameter): Name = "Populated"; Value = "YES"; VariantName = "[No Variations]"
Add component (AddParameter): Name = "Power"; Value = "1/10W"; VariantName = "[No Variations]"
Add component (AddParameter): Name = "Quantity Override"; Value = "1"; VariantName = "[No Variations]"
Add component (AddParameter): Name = "Revision"; Value = "1"; VariantName = "[No Variations]"
Add component (AddParameter): Name = "Status"; Value = "MCL Design"; VariantName = "[No Variations]"
Add component (AddParameter): Name = "Supplier 1"; Value = "Digi-Key"; VariantName = "[No Variations]"
Add component (AddParameter): Name = "Supplier Part Number 1"; Value = "P3.48KDBCT-ND"; VariantName = "[No Variations]"
Add component (AddParameter): Name = "Symbol"; Value = "RESISTOR"; VariantName = "[No Variations]"
Add component (AddParameter): Name = "Temperature Coeffcient"; Value = "±25ppm/°C"; VariantName = "[No Variations]"
Add component (AddParameter): Name = "Tolerance"; Value = "0.1%"; VariantName = "[No Variations]"
Add component (AddParameter): Name = "Type"; Value = "RES SMD"; VariantName = "[No Variations]"
Add component (AddParameter): Name = "Value"; Value = "3.48K"; VariantName = "[No Variations]"
Added Component: Designator=R99(RES_C_1206)
Add component (AddParameter): Name = "BOM Notes"; Value = ""; VariantName = "[No Variations]"
Add component (AddParameter): Name = "Category"; Value = "Resistor"; VariantName = "[No Variations]"
Add component (AddParameter): Name = "ComponentLink1Description"; Value = "SVN Datasheet"; VariantName = "[No Variations]"
Add component (AddParameter): Name = "ComponentLink1URL"; Value = "https://chn-vm-apps.microchip.com/mchprepo/parts/Datasheets/PYu-RC_Group_51_RoHS_L_11.pdf"; VariantName = "[No Variations]"
Add component (AddParameter): Name = "ComponentLink2Description"; Value = "Local Datasheet"; VariantName = "[No Variations]"
Add component (AddParameter): Name = "ComponentLink2URL"; Value = "C:\ALTIUM_WORK\00001_MCHP-CDB\Datasheets\PYu-RC_Group_51_RoHS_L_11.pdf"; VariantName = "[No Variations]"
Add component (AddParameter): Name = "ComponentLink3Description"; Value = "Open Symbol"; VariantName = "[No Variations]"
Add component (AddParameter): Name = "ComponentLink3URL"; Value = "C:\ALTIUM_WORK\00001_MCHP-CDB\Library\LibraryRefs\Resistor.SchLib"; VariantName = "[No Variations]"
Add component (AddParameter): Name = "ComponentLink4Description"; Value = "Open Footprint"; VariantName = "[No Variations]"
Add component (AddParameter): Name = "ComponentLink4URL"; Value = "C:\ALTIUM_WORK\00001_MCHP-CDB\Library\Footprints\RES_C_1206.PcbLib"; VariantName = "[No Variations]"
Add component (AddParameter): Name = "ComponentLink5Description"; Value = "Open Footprint 2"; VariantName = "[No Variations]"
Add component (AddParameter): Name = "ComponentLink6Description"; Value = "Open Footprint 3"; VariantName = "[No Variations]"
Add component (AddParameter): Name = "ComponentLink7Description"; Value = "Open Footprint 4"; VariantName = "[No Variations]"
Add component (AddParameter): Name = "Composition"; Value = "TF"; VariantName = "[No Variations]"
Add component (AddParameter): Name = "Description_"; Value = "RES TF 60.4R 0.1% 0.4W SMD 1206 AEC-Q200"; VariantName = "[No Variations]"
Add component (AddParameter): Name = "Dev Tools Status"; Value = "Design"; VariantName = "[No Variations]"
Add component (AddParameter): Name = "Manufacturer 1"; Value = "TE Connectivity Passive Product"; VariantName = "[No Variations]"
Add component (AddParameter): Name = "Manufacturer Part Number 1"; Value = "RQ73C2B60R4BTD"; VariantName = "[No Variations]"
Add component (AddParameter): Name = "MCHP-ID"; Value = "RSMT1360"; VariantName = "[No Variations]"
Add component (AddParameter): Name = "Operating Temperature"; Value = "-55C to +155C"; VariantName = "[No Variations]"
Add component (AddParameter): Name = "Owner"; Value = "Narasimha Murthy"; VariantName = "[No Variations]"
Add component (AddParameter): Name = "Package"; Value = "1206"; VariantName = "[No Variations]"
Add component (AddParameter): Name = "Populated"; Value = "YES"; VariantName = "[No Variations]"
Add component (AddParameter): Name = "Power"; Value = "0.4W"; VariantName = "[No Variations]"
Add component (AddParameter): Name = "Quantity Override"; Value = "1"; VariantName = "[No Variations]"
Add component (AddParameter): Name = "Revision"; Value = "1"; VariantName = "[No Variations]"
Add component (AddParameter): Name = "Status"; Value = "MCL Design"; VariantName = "[No Variations]"
Add component (AddParameter): Name = "Supplier 1"; Value = "Digi-Key"; VariantName = "[No Variations]"
Add component (AddParameter): Name = "Supplier Part Number 1"; Value = "A140655CT-ND"; VariantName = "[No Variations]"
Add component (AddParameter): Name = "Symbol"; Value = "Resistor"; VariantName = "[No Variations]"
Add component (AddParameter): Name = "Temperature Coefficient"; Value = "10ppm/C"; VariantName = "[No Variations]"
Add component (AddParameter): Name = "Tolerance"; Value = "0.1%"; VariantName = "[No Variations]"
Add component (AddParameter): Name = "Type"; Value = "RES SMD"; VariantName = "[No Variations]"
Add component (AddParameter): Name = "Value"; Value = "60.4R"; VariantName = "[No Variations]"
Add component (AddParameter): Name = "Voltage"; Value = "200V"; VariantName = "[No Variations]"
Added Component: Designator=R100(RES_C_1206)
Add component (AddParameter): Name = "BOM Notes"; Value = ""; VariantName = "[No Variations]"
Add component (AddParameter): Name = "Category"; Value = "Resistor"; VariantName = "[No Variations]"
Add component (AddParameter): Name = "ComponentLink1Description"; Value = "SVN Datasheet"; VariantName = "[No Variations]"
Add component (AddParameter): Name = "ComponentLink1URL"; Value = "https://chn-vm-apps.microchip.com/mchprepo/parts/Datasheets/PYu-RC_Group_51_RoHS_L_11.pdf"; VariantName = "[No Variations]"
Add component (AddParameter): Name = "ComponentLink2Description"; Value = "Local Datasheet"; VariantName = "[No Variations]"
Add component (AddParameter): Name = "ComponentLink2URL"; Value = "C:\ALTIUM_WORK\00001_MCHP-CDB\Datasheets\PYu-RC_Group_51_RoHS_L_11.pdf"; VariantName = "[No Variations]"
Add component (AddParameter): Name = "ComponentLink3Description"; Value = "Open Symbol"; VariantName = "[No Variations]"
Add component (AddParameter): Name = "ComponentLink3URL"; Value = "C:\ALTIUM_WORK\00001_MCHP-CDB\Library\LibraryRefs\Resistor.SchLib"; VariantName = "[No Variations]"
Add component (AddParameter): Name = "ComponentLink4Description"; Value = "Open Footprint"; VariantName = "[No Variations]"
Add component (AddParameter): Name = "ComponentLink4URL"; Value = "C:\ALTIUM_WORK\00001_MCHP-CDB\Library\Footprints\RES_C_1206.PcbLib"; VariantName = "[No Variations]"
Add component (AddParameter): Name = "ComponentLink5Description"; Value = "Open Footprint 2"; VariantName = "[No Variations]"
Add component (AddParameter): Name = "ComponentLink6Description"; Value = "Open Footprint 3"; VariantName = "[No Variations]"
Add component (AddParameter): Name = "ComponentLink7Description"; Value = "Open Footprint 4"; VariantName = "[No Variations]"
Add component (AddParameter): Name = "Composition"; Value = "TF"; VariantName = "[No Variations]"
Add component (AddParameter): Name = "Description_"; Value = "RES TF 60.4R 0.1% 0.4W SMD 1206 AEC-Q200"; VariantName = "[No Variations]"
Add component (AddParameter): Name = "Dev Tools Status"; Value = "Design"; VariantName = "[No Variations]"
Add component (AddParameter): Name = "Manufacturer 1"; Value = "TE Connectivity Passive Product"; VariantName = "[No Variations]"
Add component (AddParameter): Name = "Manufacturer Part Number 1"; Value = "RQ73C2B60R4BTD"; VariantName = "[No Variations]"
Add component (AddParameter): Name = "MCHP-ID"; Value = "RSMT1360"; VariantName = "[No Variations]"
Add component (AddParameter): Name = "Operating Temperature"; Value = "-55C to +155C"; VariantName = "[No Variations]"
Add component (AddParameter): Name = "Owner"; Value = "Narasimha Murthy"; VariantName = "[No Variations]"
Add component (AddParameter): Name = "Package"; Value = "1206"; VariantName = "[No Variations]"
Add component (AddParameter): Name = "Populated"; Value = "YES"; VariantName = "[No Variations]"
Add component (AddParameter): Name = "Power"; Value = "0.4W"; VariantName = "[No Variations]"
Add component (AddParameter): Name = "Quantity Override"; Value = "1"; VariantName = "[No Variations]"
Add component (AddParameter): Name = "Revision"; Value = "1"; VariantName = "[No Variations]"
Add component (AddParameter): Name = "Status"; Value = "MCL Design"; VariantName = "[No Variations]"
Add component (AddParameter): Name = "Supplier 1"; Value = "Digi-Key"; VariantName = "[No Variations]"
Add component (AddParameter): Name = "Supplier Part Number 1"; Value = "A140655CT-ND"; VariantName = "[No Variations]"
Add component (AddParameter): Name = "Symbol"; Value = "Resistor"; VariantName = "[No Variations]"
Add component (AddParameter): Name = "Temperature Coefficient"; Value = "10ppm/C"; VariantName = "[No Variations]"
Add component (AddParameter): Name = "Tolerance"; Value = "0.1%"; VariantName = "[No Variations]"
Add component (AddParameter): Name = "Type"; Value = "RES SMD"; VariantName = "[No Variations]"
Add component (AddParameter): Name = "Value"; Value = "60.4R"; VariantName = "[No Variations]"
Add component (AddParameter): Name = "Voltage"; Value = "200V"; VariantName = "[No Variations]"
Added Component: Designator=R103(RES_C_1206)
Add component (AddParameter): Name = "BOM Notes"; Value = ""; VariantName = "[No Variations]"
Add component (AddParameter): Name = "Category"; Value = "Resistor"; VariantName = "[No Variations]"
Add component (AddParameter): Name = "ComponentLink1Description"; Value = "SVN Datasheet"; VariantName = "[No Variations]"
Add component (AddParameter): Name = "ComponentLink1URL"; Value = "https://chn-vm-apps.microchip.com/mchprepo/parts/Datasheets/PYu-RC_Group_51_RoHS_L_11.pdf"; VariantName = "[No Variations]"
Add component (AddParameter): Name = "ComponentLink2Description"; Value = "Local Datasheet"; VariantName = "[No Variations]"
Add component (AddParameter): Name = "ComponentLink2URL"; Value = "C:\ALTIUM_WORK\00001_MCHP-CDB\Datasheets\PYu-RC_Group_51_RoHS_L_11.pdf"; VariantName = "[No Variations]"
Add component (AddParameter): Name = "ComponentLink3Description"; Value = "Open Symbol"; VariantName = "[No Variations]"
Add component (AddParameter): Name = "ComponentLink3URL"; Value = "C:\ALTIUM_WORK\00001_MCHP-CDB\Library\LibraryRefs\Resistor.SchLib"; VariantName = "[No Variations]"
Add component (AddParameter): Name = "ComponentLink4Description"; Value = "Open Footprint"; VariantName = "[No Variations]"
Add component (AddParameter): Name = "ComponentLink4URL"; Value = "C:\ALTIUM_WORK\00001_MCHP-CDB\Library\Footprints\RES_C_1206.PcbLib"; VariantName = "[No Variations]"
Add component (AddParameter): Name = "ComponentLink5Description"; Value = "Open Footprint 2"; VariantName = "[No Variations]"
Add component (AddParameter): Name = "ComponentLink6Description"; Value = "Open Footprint 3"; VariantName = "[No Variations]"
Add component (AddParameter): Name = "ComponentLink7Description"; Value = "Open Footprint 4"; VariantName = "[No Variations]"
Add component (AddParameter): Name = "Composition"; Value = "TF"; VariantName = "[No Variations]"
Add component (AddParameter): Name = "Description_"; Value = "RES TF 60.4R 0.1% 0.4W SMD 1206 AEC-Q200"; VariantName = "[No Variations]"
Add component (AddParameter): Name = "Dev Tools Status"; Value = "Design"; VariantName = "[No Variations]"
Add component (AddParameter): Name = "Manufacturer 1"; Value = "TE Connectivity Passive Product"; VariantName = "[No Variations]"
Add component (AddParameter): Name = "Manufacturer Part Number 1"; Value = "RQ73C2B60R4BTD"; VariantName = "[No Variations]"
Add component (AddParameter): Name = "MCHP-ID"; Value = "RSMT1360"; VariantName = "[No Variations]"
Add component (AddParameter): Name = "Operating Temperature"; Value = "-55C to +155C"; VariantName = "[No Variations]"
Add component (AddParameter): Name = "Owner"; Value = "Narasimha Murthy"; VariantName = "[No Variations]"
Add component (AddParameter): Name = "Package"; Value = "1206"; VariantName = "[No Variations]"
Add component (AddParameter): Name = "Populated"; Value = "DNP"; VariantName = "[No Variations]"
Add component (AddParameter): Name = "Power"; Value = "0.4W"; VariantName = "[No Variations]"
Add component (AddParameter): Name = "Quantity Override"; Value = "1"; VariantName = "[No Variations]"
Add component (AddParameter): Name = "Revision"; Value = "1"; VariantName = "[No Variations]"
Add component (AddParameter): Name = "Status"; Value = "MCL Design"; VariantName = "[No Variations]"
Add component (AddParameter): Name = "Supplier 1"; Value = "Digi-Key"; VariantName = "[No Variations]"
Add component (AddParameter): Name = "Supplier Part Number 1"; Value = "A140655CT-ND"; VariantName = "[No Variations]"
Add component (AddParameter): Name = "Symbol"; Value = "Resistor"; VariantName = "[No Variations]"
Add component (AddParameter): Name = "Temperature Coefficient"; Value = "10ppm/C"; VariantName = "[No Variations]"
Add component (AddParameter): Name = "Tolerance"; Value = "0.1%"; VariantName = "[No Variations]"
Add component (AddParameter): Name = "Type"; Value = "RES SMD"; VariantName = "[No Variations]"
Add component (AddParameter): Name = "Value"; Value = "60.4R"; VariantName = "[No Variations]"
Add component (AddParameter): Name = "Voltage"; Value = "200V"; VariantName = "[No Variations]"
Added Component: Designator=R110(RES_C_0603)
Add component (AddParameter): Name = "Category"; Value = "Resistor"; VariantName = "[No Variations]"
Add component (AddParameter): Name = "ComponentLink1Description"; Value = "Datasheet"; VariantName = "[No Variations]"
Add component (AddParameter): Name = "ComponentLink1URL"; Value = "https://chn-vm-apps.microchip.com/mchprepo/parts/Datasheets/AOA0000CE2.pdf"; VariantName = "[No Variations]"
Add component (AddParameter): Name = "Composition"; Value = "TKF"; VariantName = "[No Variations]"
Add component (AddParameter): Name = "Description_"; Value = "RES TKF 18k 1% 1/10W SMD 0603"; VariantName = "[No Variations]"
Add component (AddParameter): Name = "Manufacturer 1"; Value = "Panasonic"; VariantName = "[No Variations]"
Add component (AddParameter): Name = "Manufacturer Part Number 1"; Value = "ERJ-3EKF1802V"; VariantName = "[No Variations]"
Add component (AddParameter): Name = "MCHP-ID"; Value = "RES1126"; VariantName = "[No Variations]"
Add component (AddParameter): Name = "Operating Temperature"; Value = "-55C to +155C"; VariantName = "[No Variations]"
Add component (AddParameter): Name = "Owner"; Value = "Bogdan P (M91398)"; VariantName = "[No Variations]"
Add component (AddParameter): Name = "Package"; Value = "0603"; VariantName = "[No Variations]"
Add component (AddParameter): Name = "Populated"; Value = "Yes"; VariantName = "[No Variations]"
Add component (AddParameter): Name = "Power"; Value = "1/10W"; VariantName = "[No Variations]"
Add component (AddParameter): Name = "Quantity Override"; Value = "1"; VariantName = "[No Variations]"
Add component (AddParameter): Name = "Revision"; Value = "0"; VariantName = "[No Variations]"
Add component (AddParameter): Name = "Status"; Value = "Production"; VariantName = "[No Variations]"
Add component (AddParameter): Name = "Supplier 1"; Value = "Digi-Key"; VariantName = "[No Variations]"
Add component (AddParameter): Name = "Supplier Part Number 1"; Value = "P18.0KHCT-ND"; VariantName = "[No Variations]"
Add component (AddParameter): Name = "Temperature Coeffcient"; Value = "100ppm/C"; VariantName = "[No Variations]"
Add component (AddParameter): Name = "Tolerance"; Value = "1%"; VariantName = "[No Variations]"
Add component (AddParameter): Name = "Type"; Value = "RES SMD"; VariantName = "[No Variations]"
Add component (AddParameter): Name = "Value"; Value = "18k"; VariantName = "[No Variations]"
Add component (AddParameter): Name = "Voltage"; Value = "75V"; VariantName = "[No Variations]"
Added Component: Designator=R111(RES_C_0603)
Add component (AddParameter): Name = "Category"; Value = "Resistor"; VariantName = "[No Variations]"
Add component (AddParameter): Name = "ComponentLink1Description"; Value = "Datasheet"; VariantName = "[No Variations]"
Add component (AddParameter): Name = "ComponentLink1URL"; Value = "https://chn-vm-apps.microchip.com/mchprepo/parts/Datasheets/AOA0000CE2.pdf"; VariantName = "[No Variations]"
Add component (AddParameter): Name = "Composition"; Value = "TKF"; VariantName = "[No Variations]"
Add component (AddParameter): Name = "Description_"; Value = "RES TKF 18k 1% 1/10W SMD 0603"; VariantName = "[No Variations]"
Add component (AddParameter): Name = "Manufacturer 1"; Value = "Panasonic"; VariantName = "[No Variations]"
Add component (AddParameter): Name = "Manufacturer Part Number 1"; Value = "ERJ-3EKF1802V"; VariantName = "[No Variations]"
Add component (AddParameter): Name = "MCHP-ID"; Value = "RES1126"; VariantName = "[No Variations]"
Add component (AddParameter): Name = "Operating Temperature"; Value = "-55C to +155C"; VariantName = "[No Variations]"
Add component (AddParameter): Name = "Owner"; Value = "Bogdan P (M91398)"; VariantName = "[No Variations]"
Add component (AddParameter): Name = "Package"; Value = "0603"; VariantName = "[No Variations]"
Add component (AddParameter): Name = "Populated"; Value = "Yes"; VariantName = "[No Variations]"
Add component (AddParameter): Name = "Power"; Value = "1/10W"; VariantName = "[No Variations]"
Add component (AddParameter): Name = "Quantity Override"; Value = "1"; VariantName = "[No Variations]"
Add component (AddParameter): Name = "Revision"; Value = "0"; VariantName = "[No Variations]"
Add component (AddParameter): Name = "Status"; Value = "Production"; VariantName = "[No Variations]"
Add component (AddParameter): Name = "Supplier 1"; Value = "Digi-Key"; VariantName = "[No Variations]"
Add component (AddParameter): Name = "Supplier Part Number 1"; Value = "P18.0KHCT-ND"; VariantName = "[No Variations]"
Add component (AddParameter): Name = "Temperature Coeffcient"; Value = "100ppm/C"; VariantName = "[No Variations]"
Add component (AddParameter): Name = "Tolerance"; Value = "1%"; VariantName = "[No Variations]"
Add component (AddParameter): Name = "Type"; Value = "RES SMD"; VariantName = "[No Variations]"
Add component (AddParameter): Name = "Value"; Value = "18k"; VariantName = "[No Variations]"
Add component (AddParameter): Name = "Voltage"; Value = "75V"; VariantName = "[No Variations]"
Added Component: Designator=R112(RES_C_0603)
Add component (AddParameter): Name = "Category"; Value = "Resistor"; VariantName = "[No Variations]"
Add component (AddParameter): Name = "ComponentLink1Description"; Value = "Datasheet"; VariantName = "[No Variations]"
Add component (AddParameter): Name = "ComponentLink1URL"; Value = "https://chn-vm-apps.microchip.com/mchprepo/parts/Datasheets/AOA0000CE2.pdf"; VariantName = "[No Variations]"
Add component (AddParameter): Name = "Composition"; Value = "TKF"; VariantName = "[No Variations]"
Add component (AddParameter): Name = "Description_"; Value = "RES TKF 18k 1% 1/10W SMD 0603"; VariantName = "[No Variations]"
Add component (AddParameter): Name = "Manufacturer 1"; Value = "Panasonic"; VariantName = "[No Variations]"
Add component (AddParameter): Name = "Manufacturer Part Number 1"; Value = "ERJ-3EKF1802V"; VariantName = "[No Variations]"
Add component (AddParameter): Name = "MCHP-ID"; Value = "RES1126"; VariantName = "[No Variations]"
Add component (AddParameter): Name = "Operating Temperature"; Value = "-55C to +155C"; VariantName = "[No Variations]"
Add component (AddParameter): Name = "Owner"; Value = "Bogdan P (M91398)"; VariantName = "[No Variations]"
Add component (AddParameter): Name = "Package"; Value = "0603"; VariantName = "[No Variations]"
Add component (AddParameter): Name = "Populated"; Value = "Yes"; VariantName = "[No Variations]"
Add component (AddParameter): Name = "Power"; Value = "1/10W"; VariantName = "[No Variations]"
Add component (AddParameter): Name = "Quantity Override"; Value = "1"; VariantName = "[No Variations]"
Add component (AddParameter): Name = "Revision"; Value = "0"; VariantName = "[No Variations]"
Add component (AddParameter): Name = "Status"; Value = "Production"; VariantName = "[No Variations]"
Add component (AddParameter): Name = "Supplier 1"; Value = "Digi-Key"; VariantName = "[No Variations]"
Add component (AddParameter): Name = "Supplier Part Number 1"; Value = "P18.0KHCT-ND"; VariantName = "[No Variations]"
Add component (AddParameter): Name = "Temperature Coeffcient"; Value = "100ppm/C"; VariantName = "[No Variations]"
Add component (AddParameter): Name = "Tolerance"; Value = "1%"; VariantName = "[No Variations]"
Add component (AddParameter): Name = "Type"; Value = "RES SMD"; VariantName = "[No Variations]"
Add component (AddParameter): Name = "Value"; Value = "18k"; VariantName = "[No Variations]"
Add component (AddParameter): Name = "Voltage"; Value = "75V"; VariantName = "[No Variations]"
Added Component: Designator=R114(RES_C_0603)
Add component (AddParameter): Name = "BOM Notes"; Value = ""; VariantName = "[No Variations]"
Add component (AddParameter): Name = "Category"; Value = "Resistor"; VariantName = "[No Variations]"
Add component (AddParameter): Name = "ComponentLink1Description"; Value = "SVN Datasheet"; VariantName = "[No Variations]"
Add component (AddParameter): Name = "ComponentLink1URL"; Value = "https://chn-vm-apps.microchip.com/mchprepo/parts/Datasheets/AOA0000CE2.pdf"; VariantName = "[No Variations]"
Add component (AddParameter): Name = "ComponentLink2Description"; Value = "Local Datasheet"; VariantName = "[No Variations]"
Add component (AddParameter): Name = "ComponentLink2URL"; Value = "C:\ALTIUM_WORK\00001_MCHP-CDB\Datasheets\AOA0000CE2.pdf"; VariantName = "[No Variations]"
Add component (AddParameter): Name = "ComponentLink3Description"; Value = "Open Symbol"; VariantName = "[No Variations]"
Add component (AddParameter): Name = "ComponentLink3URL"; Value = "C:\ALTIUM_WORK\00001_MCHP-CDB\Library\LibraryRefs\Resistor.SchLib"; VariantName = "[No Variations]"
Add component (AddParameter): Name = "ComponentLink4Description"; Value = "Open Footprint"; VariantName = "[No Variations]"
Add component (AddParameter): Name = "ComponentLink4URL"; Value = "C:\ALTIUM_WORK\00001_MCHP-CDB\Library\Footprints\RES_C_0603.PcbLib"; VariantName = "[No Variations]"
Add component (AddParameter): Name = "ComponentLink5Description"; Value = "Open Footprint 2"; VariantName = "[No Variations]"
Add component (AddParameter): Name = "ComponentLink6Description"; Value = "Open Footprint 3"; VariantName = "[No Variations]"
Add component (AddParameter): Name = "ComponentLink7Description"; Value = "Open Footprint 4"; VariantName = "[No Variations]"
Add component (AddParameter): Name = "Composition"; Value = "TKF"; VariantName = "[No Variations]"
Add component (AddParameter): Name = "Description_"; Value = "RES TKF 100R 1% 1/10W SMD 0603"; VariantName = "[No Variations]"
Add component (AddParameter): Name = "Dev Tools Status"; Value = "Production"; VariantName = "[No Variations]"
Add component (AddParameter): Name = "Manufacturer 1"; Value = "Panasonic"; VariantName = "[No Variations]"
Add component (AddParameter): Name = "Manufacturer 2"; Value = "Stackpole Electronics Inc"; VariantName = "[No Variations]"
Add component (AddParameter): Name = "Manufacturer 3"; Value = "Yageo"; VariantName = "[No Variations]"
Add component (AddParameter): Name = "Manufacturer Part Number 1"; Value = "ERJ-3EKF1000V"; VariantName = "[No Variations]"
Add component (AddParameter): Name = "Manufacturer Part Number 2"; Value = "RMCF 1/16 100 1% R"; VariantName = "[No Variations]"
Add component (AddParameter): Name = "Manufacturer Part Number 3"; Value = "RC0603FR-07100RL"; VariantName = "[No Variations]"
Add component (AddParameter): Name = "MCHP-ID"; Value = "RSMT0324"; VariantName = "[No Variations]"
Add component (AddParameter): Name = "Operating Temperature"; Value = "-55C to +155C"; VariantName = "[No Variations]"
Add component (AddParameter): Name = "Package"; Value = "0603"; VariantName = "[No Variations]"
Add component (AddParameter): Name = "Populated"; Value = "Yes"; VariantName = "[No Variations]"
Add component (AddParameter): Name = "Power"; Value = "1/10W"; VariantName = "[No Variations]"
Add component (AddParameter): Name = "Quantity Override"; Value = "1"; VariantName = "[No Variations]"
Add component (AddParameter): Name = "Revision"; Value = "2"; VariantName = "[No Variations]"
Add component (AddParameter): Name = "Status"; Value = "MCL Design"; VariantName = "[No Variations]"
Add component (AddParameter): Name = "Supplier 1"; Value = "Digi-Key"; VariantName = "[No Variations]"
Add component (AddParameter): Name = "Supplier 2"; Value = "Digi-Key"; VariantName = "[No Variations]"
Add component (AddParameter): Name = "Supplier 3"; Value = "Digi-Key"; VariantName = "[No Variations]"
Add component (AddParameter): Name = "Supplier Part Number 1"; Value = "P100HCT-ND"; VariantName = "[No Variations]"
Add component (AddParameter): Name = "Supplier Part Number 2"; Value = "RMCF1/16100FRTR-ND"; VariantName = "[No Variations]"
Add component (AddParameter): Name = "Supplier Part Number 3"; Value = "311-100HRCT-ND"; VariantName = "[No Variations]"
Add component (AddParameter): Name = "Symbol"; Value = "Resistor"; VariantName = "[No Variations]"
Add component (AddParameter): Name = "Temperature Coeffcient"; Value = "100ppm/C"; VariantName = "[No Variations]"
Add component (AddParameter): Name = "Tolerance"; Value = "1%"; VariantName = "[No Variations]"
Add component (AddParameter): Name = "Type"; Value = "RES SMD"; VariantName = "[No Variations]"
Add component (AddParameter): Name = "Value"; Value = "100R"; VariantName = "[No Variations]"
Add component (AddParameter): Name = "Voltage"; Value = "75V"; VariantName = "[No Variations]"
Added Component: Designator=R115(RES_C_0603)
Add component (AddParameter): Name = "BOM Notes"; Value = ""; VariantName = "[No Variations]"
Add component (AddParameter): Name = "Category"; Value = "Resistor"; VariantName = "[No Variations]"
Add component (AddParameter): Name = "ComponentLink1Description"; Value = "SVN Datasheet"; VariantName = "[No Variations]"
Add component (AddParameter): Name = "ComponentLink1URL"; Value = "https://chn-vm-apps.microchip.com/mchprepo/parts/Datasheets/AOA0000CE2.pdf"; VariantName = "[No Variations]"
Add component (AddParameter): Name = "ComponentLink2Description"; Value = "Local Datasheet"; VariantName = "[No Variations]"
Add component (AddParameter): Name = "ComponentLink2URL"; Value = "C:\ALTIUM_WORK\00001_MCHP-CDB\Datasheets\AOA0000CE2.pdf"; VariantName = "[No Variations]"
Add component (AddParameter): Name = "ComponentLink3Description"; Value = "Open Symbol"; VariantName = "[No Variations]"
Add component (AddParameter): Name = "ComponentLink3URL"; Value = "C:\ALTIUM_WORK\00001_MCHP-CDB\Library\LibraryRefs\Resistor.SchLib"; VariantName = "[No Variations]"
Add component (AddParameter): Name = "ComponentLink4Description"; Value = "Open Footprint"; VariantName = "[No Variations]"
Add component (AddParameter): Name = "ComponentLink4URL"; Value = "C:\ALTIUM_WORK\00001_MCHP-CDB\Library\Footprints\RES_C_0603.PcbLib"; VariantName = "[No Variations]"
Add component (AddParameter): Name = "ComponentLink5Description"; Value = "Open Footprint 2"; VariantName = "[No Variations]"
Add component (AddParameter): Name = "ComponentLink6Description"; Value = "Open Footprint 3"; VariantName = "[No Variations]"
Add component (AddParameter): Name = "ComponentLink7Description"; Value = "Open Footprint 4"; VariantName = "[No Variations]"
Add component (AddParameter): Name = "Composition"; Value = "TKF"; VariantName = "[No Variations]"
Add component (AddParameter): Name = "Description_"; Value = "RES TKF 100R 1% 1/10W SMD 0603"; VariantName = "[No Variations]"
Add component (AddParameter): Name = "Dev Tools Status"; Value = "Production"; VariantName = "[No Variations]"
Add component (AddParameter): Name = "Manufacturer 1"; Value = "Panasonic"; VariantName = "[No Variations]"
Add component (AddParameter): Name = "Manufacturer 2"; Value = "Stackpole Electronics Inc"; VariantName = "[No Variations]"
Add component (AddParameter): Name = "Manufacturer 3"; Value = "Yageo"; VariantName = "[No Variations]"
Add component (AddParameter): Name = "Manufacturer Part Number 1"; Value = "ERJ-3EKF1000V"; VariantName = "[No Variations]"
Add component (AddParameter): Name = "Manufacturer Part Number 2"; Value = "RMCF 1/16 100 1% R"; VariantName = "[No Variations]"
Add component (AddParameter): Name = "Manufacturer Part Number 3"; Value = "RC0603FR-07100RL"; VariantName = "[No Variations]"
Add component (AddParameter): Name = "MCHP-ID"; Value = "RSMT0324"; VariantName = "[No Variations]"
Add component (AddParameter): Name = "Operating Temperature"; Value = "-55C to +155C"; VariantName = "[No Variations]"
Add component (AddParameter): Name = "Package"; Value = "0603"; VariantName = "[No Variations]"
Add component (AddParameter): Name = "Populated"; Value = "Yes"; VariantName = "[No Variations]"
Add component (AddParameter): Name = "Power"; Value = "1/10W"; VariantName = "[No Variations]"
Add component (AddParameter): Name = "Quantity Override"; Value = "1"; VariantName = "[No Variations]"
Add component (AddParameter): Name = "Revision"; Value = "2"; VariantName = "[No Variations]"
Add component (AddParameter): Name = "Status"; Value = "MCL Design"; VariantName = "[No Variations]"
Add component (AddParameter): Name = "Supplier 1"; Value = "Digi-Key"; VariantName = "[No Variations]"
Add component (AddParameter): Name = "Supplier 2"; Value = "Digi-Key"; VariantName = "[No Variations]"
Add component (AddParameter): Name = "Supplier 3"; Value = "Digi-Key"; VariantName = "[No Variations]"
Add component (AddParameter): Name = "Supplier Part Number 1"; Value = "P100HCT-ND"; VariantName = "[No Variations]"
Add component (AddParameter): Name = "Supplier Part Number 2"; Value = "RMCF1/16100FRTR-ND"; VariantName = "[No Variations]"
Add component (AddParameter): Name = "Supplier Part Number 3"; Value = "311-100HRCT-ND"; VariantName = "[No Variations]"
Add component (AddParameter): Name = "Symbol"; Value = "Resistor"; VariantName = "[No Variations]"
Add component (AddParameter): Name = "Temperature Coeffcient"; Value = "100ppm/C"; VariantName = "[No Variations]"
Add component (AddParameter): Name = "Tolerance"; Value = "1%"; VariantName = "[No Variations]"
Add component (AddParameter): Name = "Type"; Value = "RES SMD"; VariantName = "[No Variations]"
Add component (AddParameter): Name = "Value"; Value = "100R"; VariantName = "[No Variations]"
Add component (AddParameter): Name = "Voltage"; Value = "75V"; VariantName = "[No Variations]"
Added Component: Designator=R118(RES_C_0603)
Add component (AddParameter): Name = "BOM Notes"; Value = ""; VariantName = "[No Variations]"
Add component (AddParameter): Name = "Category"; Value = "Resistor"; VariantName = "[No Variations]"
Add component (AddParameter): Name = "ComponentLink1Description"; Value = "SVN Datasheet"; VariantName = "[No Variations]"
Add component (AddParameter): Name = "ComponentLink1URL"; Value = "https://chn-vm-apps.microchip.com/mchprepo/parts/Datasheets/AOA0000CE2.pdf"; VariantName = "[No Variations]"
Add component (AddParameter): Name = "ComponentLink2Description"; Value = "Local Datasheet"; VariantName = "[No Variations]"
Add component (AddParameter): Name = "ComponentLink2URL"; Value = "C:\ALTIUM_WORK\00001_MCHP-CDB\Datasheets\AOA0000CE2.pdf"; VariantName = "[No Variations]"
Add component (AddParameter): Name = "ComponentLink3Description"; Value = "Open Symbol"; VariantName = "[No Variations]"
Add component (AddParameter): Name = "ComponentLink3URL"; Value = "C:\ALTIUM_WORK\00001_MCHP-CDB\Library\LibraryRefs\Resistor.SchLib"; VariantName = "[No Variations]"
Add component (AddParameter): Name = "ComponentLink4Description"; Value = "Open Footprint"; VariantName = "[No Variations]"
Add component (AddParameter): Name = "ComponentLink4URL"; Value = "C:\ALTIUM_WORK\00001_MCHP-CDB\Library\Footprints\RES_C_0603.PcbLib"; VariantName = "[No Variations]"
Add component (AddParameter): Name = "ComponentLink5Description"; Value = "Open Footprint 2"; VariantName = "[No Variations]"
Add component (AddParameter): Name = "ComponentLink6Description"; Value = "Open Footprint 3"; VariantName = "[No Variations]"
Add component (AddParameter): Name = "ComponentLink7Description"; Value = "Open Footprint 4"; VariantName = "[No Variations]"
Add component (AddParameter): Name = "Composition"; Value = "TKF"; VariantName = "[No Variations]"
Add component (AddParameter): Name = "Description_"; Value = "RES TKF 100R 1% 1/10W SMD 0603"; VariantName = "[No Variations]"
Add component (AddParameter): Name = "Dev Tools Status"; Value = "Production"; VariantName = "[No Variations]"
Add component (AddParameter): Name = "Manufacturer 1"; Value = "Panasonic"; VariantName = "[No Variations]"
Add component (AddParameter): Name = "Manufacturer 2"; Value = "Stackpole Electronics Inc"; VariantName = "[No Variations]"
Add component (AddParameter): Name = "Manufacturer 3"; Value = "Yageo"; VariantName = "[No Variations]"
Add component (AddParameter): Name = "Manufacturer Part Number 1"; Value = "ERJ-3EKF1000V"; VariantName = "[No Variations]"
Add component (AddParameter): Name = "Manufacturer Part Number 2"; Value = "RMCF 1/16 100 1% R"; VariantName = "[No Variations]"
Add component (AddParameter): Name = "Manufacturer Part Number 3"; Value = "RC0603FR-07100RL"; VariantName = "[No Variations]"
Add component (AddParameter): Name = "MCHP-ID"; Value = "RSMT0324"; VariantName = "[No Variations]"
Add component (AddParameter): Name = "Operating Temperature"; Value = "-55C to +155C"; VariantName = "[No Variations]"
Add component (AddParameter): Name = "Package"; Value = "0603"; VariantName = "[No Variations]"
Add component (AddParameter): Name = "Populated"; Value = "Yes"; VariantName = "[No Variations]"
Add component (AddParameter): Name = "Power"; Value = "1/10W"; VariantName = "[No Variations]"
Add component (AddParameter): Name = "Quantity Override"; Value = "1"; VariantName = "[No Variations]"
Add component (AddParameter): Name = "Revision"; Value = "2"; VariantName = "[No Variations]"
Add component (AddParameter): Name = "Status"; Value = "MCL Design"; VariantName = "[No Variations]"
Add component (AddParameter): Name = "Supplier 1"; Value = "Digi-Key"; VariantName = "[No Variations]"
Add component (AddParameter): Name = "Supplier 2"; Value = "Digi-Key"; VariantName = "[No Variations]"
Add component (AddParameter): Name = "Supplier 3"; Value = "Digi-Key"; VariantName = "[No Variations]"
Add component (AddParameter): Name = "Supplier Part Number 1"; Value = "P100HCT-ND"; VariantName = "[No Variations]"
Add component (AddParameter): Name = "Supplier Part Number 2"; Value = "RMCF1/16100FRTR-ND"; VariantName = "[No Variations]"
Add component (AddParameter): Name = "Supplier Part Number 3"; Value = "311-100HRCT-ND"; VariantName = "[No Variations]"
Add component (AddParameter): Name = "Symbol"; Value = "Resistor"; VariantName = "[No Variations]"
Add component (AddParameter): Name = "Temperature Coeffcient"; Value = "100ppm/C"; VariantName = "[No Variations]"
Add component (AddParameter): Name = "Tolerance"; Value = "1%"; VariantName = "[No Variations]"
Add component (AddParameter): Name = "Type"; Value = "RES SMD"; VariantName = "[No Variations]"
Add component (AddParameter): Name = "Value"; Value = "100R"; VariantName = "[No Variations]"
Add component (AddParameter): Name = "Voltage"; Value = "75V"; VariantName = "[No Variations]"
Added Component: Designator=R119(RES_C_0603)
Add component (AddParameter): Name = "Category"; Value = "Resistor"; VariantName = "[No Variations]"
Add component (AddParameter): Name = "ComponentLink1Description"; Value = "Datasheet"; VariantName = "[No Variations]"
Add component (AddParameter): Name = "ComponentLink1URL"; Value = "https://chn-vm-apps.microchip.com/mchprepo/parts/Datasheets/AOA0000CE2.pdf"; VariantName = "[No Variations]"
Add component (AddParameter): Name = "Composition"; Value = "TKF"; VariantName = "[No Variations]"
Add component (AddParameter): Name = "Description_"; Value = "RES TKF 1.8k 1% 1/10W SMD 0603"; VariantName = "[No Variations]"
Add component (AddParameter): Name = "Manufacturer 1"; Value = "Panasonic"; VariantName = "[No Variations]"
Add component (AddParameter): Name = "Manufacturer Part Number 1"; Value = "ERJ-3EKF1801V"; VariantName = "[No Variations]"
Add component (AddParameter): Name = "MCHP-ID"; Value = "RES1110"; VariantName = "[No Variations]"
Add component (AddParameter): Name = "Operating Temperature"; Value = "-55C to +155C"; VariantName = "[No Variations]"
Add component (AddParameter): Name = "Owner"; Value = "Bogdan P (M91398)"; VariantName = "[No Variations]"
Add component (AddParameter): Name = "Package"; Value = "0603"; VariantName = "[No Variations]"
Add component (AddParameter): Name = "Populated"; Value = "Yes"; VariantName = "[No Variations]"
Add component (AddParameter): Name = "Power"; Value = "1/10W"; VariantName = "[No Variations]"
Add component (AddParameter): Name = "Quantity Override"; Value = "1"; VariantName = "[No Variations]"
Add component (AddParameter): Name = "Revision"; Value = "0"; VariantName = "[No Variations]"
Add component (AddParameter): Name = "Status"; Value = "Production"; VariantName = "[No Variations]"
Add component (AddParameter): Name = "Supplier 1"; Value = "Digi-Key"; VariantName = "[No Variations]"
Add component (AddParameter): Name = "Supplier Part Number 1"; Value = "P1.80KHCT-ND"; VariantName = "[No Variations]"
Add component (AddParameter): Name = "Temperature Coeffcient"; Value = "100ppm/C"; VariantName = "[No Variations]"
Add component (AddParameter): Name = "Tolerance"; Value = "1%"; VariantName = "[No Variations]"
Add component (AddParameter): Name = "Type"; Value = "RES SMD"; VariantName = "[No Variations]"
Add component (AddParameter): Name = "Value"; Value = "1.8k"; VariantName = "[No Variations]"
Add component (AddParameter): Name = "Voltage"; Value = "75V"; VariantName = "[No Variations]"
Added Component: Designator=R120(RES_C_0603)
Add component (AddParameter): Name = "Category"; Value = "Resistor"; VariantName = "[No Variations]"
Add component (AddParameter): Name = "ComponentLink1Description"; Value = "Datasheet"; VariantName = "[No Variations]"
Add component (AddParameter): Name = "ComponentLink1URL"; Value = "https://chn-vm-apps.microchip.com/mchprepo/parts/Datasheets/AOA0000CE2.pdf"; VariantName = "[No Variations]"
Add component (AddParameter): Name = "Composition"; Value = "TKF"; VariantName = "[No Variations]"
Add component (AddParameter): Name = "Description_"; Value = "RES TKF 1.8k 1% 1/10W SMD 0603"; VariantName = "[No Variations]"
Add component (AddParameter): Name = "Manufacturer 1"; Value = "Panasonic"; VariantName = "[No Variations]"
Add component (AddParameter): Name = "Manufacturer Part Number 1"; Value = "ERJ-3EKF1801V"; VariantName = "[No Variations]"
Add component (AddParameter): Name = "MCHP-ID"; Value = "RES1110"; VariantName = "[No Variations]"
Add component (AddParameter): Name = "Operating Temperature"; Value = "-55C to +155C"; VariantName = "[No Variations]"
Add component (AddParameter): Name = "Owner"; Value = "Bogdan P (M91398)"; VariantName = "[No Variations]"
Add component (AddParameter): Name = "Package"; Value = "0603"; VariantName = "[No Variations]"
Add component (AddParameter): Name = "Populated"; Value = "Yes"; VariantName = "[No Variations]"
Add component (AddParameter): Name = "Power"; Value = "1/10W"; VariantName = "[No Variations]"
Add component (AddParameter): Name = "Quantity Override"; Value = "1"; VariantName = "[No Variations]"
Add component (AddParameter): Name = "Revision"; Value = "0"; VariantName = "[No Variations]"
Add component (AddParameter): Name = "Status"; Value = "Production"; VariantName = "[No Variations]"
Add component (AddParameter): Name = "Supplier 1"; Value = "Digi-Key"; VariantName = "[No Variations]"
Add component (AddParameter): Name = "Supplier Part Number 1"; Value = "P1.80KHCT-ND"; VariantName = "[No Variations]"
Add component (AddParameter): Name = "Temperature Coeffcient"; Value = "100ppm/C"; VariantName = "[No Variations]"
Add component (AddParameter): Name = "Tolerance"; Value = "1%"; VariantName = "[No Variations]"
Add component (AddParameter): Name = "Type"; Value = "RES SMD"; VariantName = "[No Variations]"
Add component (AddParameter): Name = "Value"; Value = "1.8k"; VariantName = "[No Variations]"
Add component (AddParameter): Name = "Voltage"; Value = "75V"; VariantName = "[No Variations]"
Added Component: Designator=R121(RES_C_0603)
Add component (AddParameter): Name = "Category"; Value = "Resistor"; VariantName = "[No Variations]"
Add component (AddParameter): Name = "ComponentLink1Description"; Value = "Datasheet"; VariantName = "[No Variations]"
Add component (AddParameter): Name = "ComponentLink1URL"; Value = "https://chn-vm-apps.microchip.com/mchprepo/parts/Datasheets/AOA0000CE2.pdf"; VariantName = "[No Variations]"
Add component (AddParameter): Name = "Composition"; Value = "TKF"; VariantName = "[No Variations]"
Add component (AddParameter): Name = "Description_"; Value = "RES TKF 1.8k 1% 1/10W SMD 0603"; VariantName = "[No Variations]"
Add component (AddParameter): Name = "Manufacturer 1"; Value = "Panasonic"; VariantName = "[No Variations]"
Add component (AddParameter): Name = "Manufacturer Part Number 1"; Value = "ERJ-3EKF1801V"; VariantName = "[No Variations]"
Add component (AddParameter): Name = "MCHP-ID"; Value = "RES1110"; VariantName = "[No Variations]"
Add component (AddParameter): Name = "Operating Temperature"; Value = "-55C to +155C"; VariantName = "[No Variations]"
Add component (AddParameter): Name = "Owner"; Value = "Bogdan P (M91398)"; VariantName = "[No Variations]"
Add component (AddParameter): Name = "Package"; Value = "0603"; VariantName = "[No Variations]"
Add component (AddParameter): Name = "Populated"; Value = "Yes"; VariantName = "[No Variations]"
Add component (AddParameter): Name = "Power"; Value = "1/10W"; VariantName = "[No Variations]"
Add component (AddParameter): Name = "Quantity Override"; Value = "1"; VariantName = "[No Variations]"
Add component (AddParameter): Name = "Revision"; Value = "0"; VariantName = "[No Variations]"
Add component (AddParameter): Name = "Status"; Value = "Production"; VariantName = "[No Variations]"
Add component (AddParameter): Name = "Supplier 1"; Value = "Digi-Key"; VariantName = "[No Variations]"
Add component (AddParameter): Name = "Supplier Part Number 1"; Value = "P1.80KHCT-ND"; VariantName = "[No Variations]"
Add component (AddParameter): Name = "Temperature Coeffcient"; Value = "100ppm/C"; VariantName = "[No Variations]"
Add component (AddParameter): Name = "Tolerance"; Value = "1%"; VariantName = "[No Variations]"
Add component (AddParameter): Name = "Type"; Value = "RES SMD"; VariantName = "[No Variations]"
Add component (AddParameter): Name = "Value"; Value = "1.8k"; VariantName = "[No Variations]"
Add component (AddParameter): Name = "Voltage"; Value = "75V"; VariantName = "[No Variations]"
Added Component: Designator=R128(RES_C_0603)
Add component (AddParameter): Name = "Category"; Value = "Resistor"; VariantName = "[No Variations]"
Add component (AddParameter): Name = "ComponentLink1Description"; Value = "Datasheet"; VariantName = "[No Variations]"
Add component (AddParameter): Name = "ComponentLink1URL"; Value = "https://chn-vm-apps.microchip.com/mchprepo/parts/Datasheets/AOA0000CE2.pdf"; VariantName = "[No Variations]"
Add component (AddParameter): Name = "Composition"; Value = "TKF"; VariantName = "[No Variations]"
Add component (AddParameter): Name = "Description_"; Value = "RES TKF 18k 1% 1/10W SMD 0603"; VariantName = "[No Variations]"
Add component (AddParameter): Name = "Manufacturer 1"; Value = "Panasonic"; VariantName = "[No Variations]"
Add component (AddParameter): Name = "Manufacturer Part Number 1"; Value = "ERJ-3EKF1802V"; VariantName = "[No Variations]"
Add component (AddParameter): Name = "MCHP-ID"; Value = "RES1126"; VariantName = "[No Variations]"
Add component (AddParameter): Name = "Operating Temperature"; Value = "-55C to +155C"; VariantName = "[No Variations]"
Add component (AddParameter): Name = "Owner"; Value = "Bogdan P (M91398)"; VariantName = "[No Variations]"
Add component (AddParameter): Name = "Package"; Value = "0603"; VariantName = "[No Variations]"
Add component (AddParameter): Name = "Populated"; Value = "Yes"; VariantName = "[No Variations]"
Add component (AddParameter): Name = "Power"; Value = "1/10W"; VariantName = "[No Variations]"
Add component (AddParameter): Name = "Quantity Override"; Value = "1"; VariantName = "[No Variations]"
Add component (AddParameter): Name = "Revision"; Value = "0"; VariantName = "[No Variations]"
Add component (AddParameter): Name = "Status"; Value = "Production"; VariantName = "[No Variations]"
Add component (AddParameter): Name = "Supplier 1"; Value = "Digi-Key"; VariantName = "[No Variations]"
Add component (AddParameter): Name = "Supplier Part Number 1"; Value = "P18.0KHCT-ND"; VariantName = "[No Variations]"
Add component (AddParameter): Name = "Temperature Coeffcient"; Value = "100ppm/C"; VariantName = "[No Variations]"
Add component (AddParameter): Name = "Tolerance"; Value = "1%"; VariantName = "[No Variations]"
Add component (AddParameter): Name = "Type"; Value = "RES SMD"; VariantName = "[No Variations]"
Add component (AddParameter): Name = "Value"; Value = "18k"; VariantName = "[No Variations]"
Add component (AddParameter): Name = "Voltage"; Value = "75V"; VariantName = "[No Variations]"
Added Component: Designator=R133(RES_C_0603)
Add component (AddParameter): Name = "BOM Notes"; Value = ""; VariantName = "[No Variations]"
Add component (AddParameter): Name = "Category"; Value = "Resistor"; VariantName = "[No Variations]"
Add component (AddParameter): Name = "ComponentLink1Description"; Value = "SVN Datasheet"; VariantName = "[No Variations]"
Add component (AddParameter): Name = "ComponentLink1URL"; Value = "https://chn-vm-apps.microchip.com/mchprepo/parts/Datasheets/AOA0000CE2.pdf"; VariantName = "[No Variations]"
Add component (AddParameter): Name = "ComponentLink2Description"; Value = "Local Datasheet"; VariantName = "[No Variations]"
Add component (AddParameter): Name = "ComponentLink2URL"; Value = "C:\ALTIUM_WORK\00001_MCHP-CDB\Datasheets\AOA0000CE2.pdf"; VariantName = "[No Variations]"
Add component (AddParameter): Name = "ComponentLink3Description"; Value = "Open Symbol"; VariantName = "[No Variations]"
Add component (AddParameter): Name = "ComponentLink3URL"; Value = "C:\ALTIUM_WORK\00001_MCHP-CDB\Library\LibraryRefs\Resistor.SchLib"; VariantName = "[No Variations]"
Add component (AddParameter): Name = "ComponentLink4Description"; Value = "Open Footprint"; VariantName = "[No Variations]"
Add component (AddParameter): Name = "ComponentLink4URL"; Value = "C:\ALTIUM_WORK\00001_MCHP-CDB\Library\Footprints\RES_C_0603.PcbLib"; VariantName = "[No Variations]"
Add component (AddParameter): Name = "ComponentLink5Description"; Value = "Open Footprint 2"; VariantName = "[No Variations]"
Add component (AddParameter): Name = "ComponentLink6Description"; Value = "Open Footprint 3"; VariantName = "[No Variations]"
Add component (AddParameter): Name = "ComponentLink7Description"; Value = "Open Footprint 4"; VariantName = "[No Variations]"
Add component (AddParameter): Name = "Composition"; Value = "TKF"; VariantName = "[No Variations]"
Add component (AddParameter): Name = "Description_"; Value = "RES TKF 100R 1% 1/10W SMD 0603"; VariantName = "[No Variations]"
Add component (AddParameter): Name = "Dev Tools Status"; Value = "Production"; VariantName = "[No Variations]"
Add component (AddParameter): Name = "Manufacturer 1"; Value = "Panasonic"; VariantName = "[No Variations]"
Add component (AddParameter): Name = "Manufacturer 2"; Value = "Stackpole Electronics Inc"; VariantName = "[No Variations]"
Add component (AddParameter): Name = "Manufacturer 3"; Value = "Yageo"; VariantName = "[No Variations]"
Add component (AddParameter): Name = "Manufacturer Part Number 1"; Value = "ERJ-3EKF1000V"; VariantName = "[No Variations]"
Add component (AddParameter): Name = "Manufacturer Part Number 2"; Value = "RMCF 1/16 100 1% R"; VariantName = "[No Variations]"
Add component (AddParameter): Name = "Manufacturer Part Number 3"; Value = "RC0603FR-07100RL"; VariantName = "[No Variations]"
Add component (AddParameter): Name = "MCHP-ID"; Value = "RSMT0324"; VariantName = "[No Variations]"
Add component (AddParameter): Name = "Operating Temperature"; Value = "-55C to +155C"; VariantName = "[No Variations]"
Add component (AddParameter): Name = "Package"; Value = "0603"; VariantName = "[No Variations]"
Add component (AddParameter): Name = "Populated"; Value = "Yes"; VariantName = "[No Variations]"
Add component (AddParameter): Name = "Power"; Value = "1/10W"; VariantName = "[No Variations]"
Add component (AddParameter): Name = "Quantity Override"; Value = "1"; VariantName = "[No Variations]"
Add component (AddParameter): Name = "Revision"; Value = "2"; VariantName = "[No Variations]"
Add component (AddParameter): Name = "Status"; Value = "MCL Design"; VariantName = "[No Variations]"
Add component (AddParameter): Name = "Supplier 1"; Value = "Digi-Key"; VariantName = "[No Variations]"
Add component (AddParameter): Name = "Supplier 2"; Value = "Digi-Key"; VariantName = "[No Variations]"
Add component (AddParameter): Name = "Supplier 3"; Value = "Digi-Key"; VariantName = "[No Variations]"
Add component (AddParameter): Name = "Supplier Part Number 1"; Value = "P100HCT-ND"; VariantName = "[No Variations]"
Add component (AddParameter): Name = "Supplier Part Number 2"; Value = "RMCF1/16100FRTR-ND"; VariantName = "[No Variations]"
Add component (AddParameter): Name = "Supplier Part Number 3"; Value = "311-100HRCT-ND"; VariantName = "[No Variations]"
Add component (AddParameter): Name = "Symbol"; Value = "Resistor"; VariantName = "[No Variations]"
Add component (AddParameter): Name = "Temperature Coeffcient"; Value = "100ppm/C"; VariantName = "[No Variations]"
Add component (AddParameter): Name = "Tolerance"; Value = "1%"; VariantName = "[No Variations]"
Add component (AddParameter): Name = "Type"; Value = "RES SMD"; VariantName = "[No Variations]"
Add component (AddParameter): Name = "Value"; Value = "100R"; VariantName = "[No Variations]"
Add component (AddParameter): Name = "Voltage"; Value = "75V"; VariantName = "[No Variations]"
Added Component: Designator=R137(RES_C_0603)
Add component (AddParameter): Name = "Category"; Value = "Resistor"; VariantName = "[No Variations]"
Add component (AddParameter): Name = "ComponentLink1Description"; Value = "Datasheet"; VariantName = "[No Variations]"
Add component (AddParameter): Name = "ComponentLink1URL"; Value = "https://chn-vm-apps.microchip.com/mchprepo/parts/Datasheets/AOA0000CE2.pdf"; VariantName = "[No Variations]"
Add component (AddParameter): Name = "Composition"; Value = "TKF"; VariantName = "[No Variations]"
Add component (AddParameter): Name = "Description_"; Value = "RES TKF 1.8k 1% 1/10W SMD 0603"; VariantName = "[No Variations]"
Add component (AddParameter): Name = "Manufacturer 1"; Value = "Panasonic"; VariantName = "[No Variations]"
Add component (AddParameter): Name = "Manufacturer Part Number 1"; Value = "ERJ-3EKF1801V"; VariantName = "[No Variations]"
Add component (AddParameter): Name = "MCHP-ID"; Value = "RES1110"; VariantName = "[No Variations]"
Add component (AddParameter): Name = "Operating Temperature"; Value = "-55C to +155C"; VariantName = "[No Variations]"
Add component (AddParameter): Name = "Owner"; Value = "Bogdan P (M91398)"; VariantName = "[No Variations]"
Add component (AddParameter): Name = "Package"; Value = "0603"; VariantName = "[No Variations]"
Add component (AddParameter): Name = "Populated"; Value = "Yes"; VariantName = "[No Variations]"
Add component (AddParameter): Name = "Power"; Value = "1/10W"; VariantName = "[No Variations]"
Add component (AddParameter): Name = "Quantity Override"; Value = "1"; VariantName = "[No Variations]"
Add component (AddParameter): Name = "Revision"; Value = "0"; VariantName = "[No Variations]"
Add component (AddParameter): Name = "Status"; Value = "Production"; VariantName = "[No Variations]"
Add component (AddParameter): Name = "Supplier 1"; Value = "Digi-Key"; VariantName = "[No Variations]"
Add component (AddParameter): Name = "Supplier Part Number 1"; Value = "P1.80KHCT-ND"; VariantName = "[No Variations]"
Add component (AddParameter): Name = "Temperature Coeffcient"; Value = "100ppm/C"; VariantName = "[No Variations]"
Add component (AddParameter): Name = "Tolerance"; Value = "1%"; VariantName = "[No Variations]"
Add component (AddParameter): Name = "Type"; Value = "RES SMD"; VariantName = "[No Variations]"
Add component (AddParameter): Name = "Value"; Value = "1.8k"; VariantName = "[No Variations]"
Add component (AddParameter): Name = "Voltage"; Value = "75V"; VariantName = "[No Variations]"
Added Component: Designator=R147(RES_C_0603)
Add component (AddParameter): Name = "Category"; Value = "Resistor"; VariantName = "[No Variations]"
Add component (AddParameter): Name = "ComponentLink1Description"; Value = "SVN Datasheet"; VariantName = "[No Variations]"
Add component (AddParameter): Name = "ComponentLink1URL"; Value = "https://chn-vm-apps.microchip.com/mchprepo/parts/Datasheets/AOA0000CE2.pdf"; VariantName = "[No Variations]"
Add component (AddParameter): Name = "ComponentLink2Description"; Value = "Local Datasheet"; VariantName = "[No Variations]"
Add component (AddParameter): Name = "ComponentLink2URL"; Value = "C:\ALTIUM_WORK\00001_MCHP-CDB\Datasheets\AOA0000CE2.pdf"; VariantName = "[No Variations]"
Add component (AddParameter): Name = "ComponentLink3Description"; Value = "Open Symbol"; VariantName = "[No Variations]"
Add component (AddParameter): Name = "ComponentLink3URL"; Value = "C:\ALTIUM_WORK\00001_MCHP-CDB\Library\LibraryRefs\Resistor.SchLib"; VariantName = "[No Variations]"
Add component (AddParameter): Name = "ComponentLink4Description"; Value = "Open Footprint"; VariantName = "[No Variations]"
Add component (AddParameter): Name = "ComponentLink4URL"; Value = "C:\ALTIUM_WORK\00001_MCHP-CDB\Library\Footprints\RES_C_0603.PcbLib"; VariantName = "[No Variations]"
Add component (AddParameter): Name = "ComponentLink5Description"; Value = "Open Footprint 2"; VariantName = "[No Variations]"
Add component (AddParameter): Name = "ComponentLink6Description"; Value = "Open Footprint 3"; VariantName = "[No Variations]"
Add component (AddParameter): Name = "ComponentLink7Description"; Value = "Open Footprint 4"; VariantName = "[No Variations]"
Add component (AddParameter): Name = "Composition"; Value = "TKF"; VariantName = "[No Variations]"
Add component (AddParameter): Name = "Description_"; Value = "RES TKF 1k 1% 1/10W SMD 0603"; VariantName = "[No Variations]"
Add component (AddParameter): Name = "Dev Tools Status"; Value = "Production"; VariantName = "[No Variations]"
Add component (AddParameter): Name = "Manufacturer 1"; Value = "Panasonic"; VariantName = "[No Variations]"
Add component (AddParameter): Name = "Manufacturer 2"; Value = "ROHM"; VariantName = "[No Variations]"
Add component (AddParameter): Name = "Manufacturer 3"; Value = "Stackpole Electronics Inc"; VariantName = "[No Variations]"
Add component (AddParameter): Name = "Manufacturer 4"; Value = "Stackpole Electronics Inc"; VariantName = "[No Variations]"
Add component (AddParameter): Name = "Manufacturer 5"; Value = "Vishay"; VariantName = "[No Variations]"
Add component (AddParameter): Name = "Manufacturer 6"; Value = "Stackpole Electronics Inc"; VariantName = "[No Variations]"
Add component (AddParameter): Name = "Manufacturer 7"; Value = "Yageo"; VariantName = "[No Variations]"
Add component (AddParameter): Name = "Manufacturer 8"; Value = "TE Connectivity"; VariantName = "[No Variations]"
Add component (AddParameter): Name = "Manufacturer Part Number 1"; Value = "ERJ-3EKF1001V"; VariantName = "[No Variations]"
Add component (AddParameter): Name = "Manufacturer Part Number 2"; Value = "MCR03EZPFX1001"; VariantName = "[No Variations]"
Add component (AddParameter): Name = "Manufacturer Part Number 3"; Value = "RMCF0603FT1K00"; VariantName = "[No Variations]"
Add component (AddParameter): Name = "Manufacturer Part Number 4"; Value = "RMCF 1/16 1K 1% R"; VariantName = "[No Variations]"
Add component (AddParameter): Name = "Manufacturer Part Number 5"; Value = "CRCW06031K00FKEA"; VariantName = "[No Variations]"
Add component (AddParameter): Name = "Manufacturer Part Number 6"; Value = "RMCF1/161.0K1%TR"; VariantName = "[No Variations]"
Add component (AddParameter): Name = "Manufacturer Part Number 7"; Value = "RC0603FR-071KL"; VariantName = "[No Variations]"
Add component (AddParameter): Name = "Manufacturer Part Number 8"; Value = "1622866-1"; VariantName = "[No Variations]"
Add component (AddParameter): Name = "MCHP-ID"; Value = "RSMT0138"; VariantName = "[No Variations]"
Add component (AddParameter): Name = "Operating Temperature"; Value = "-55C to +155C"; VariantName = "[No Variations]"
Add component (AddParameter): Name = "Package"; Value = "0603"; VariantName = "[No Variations]"
Add component (AddParameter): Name = "Populated"; Value = "Yes"; VariantName = "[No Variations]"
Add component (AddParameter): Name = "Power"; Value = "1/10W"; VariantName = "[No Variations]"
Add component (AddParameter): Name = "Quantity Override"; Value = "1"; VariantName = "[No Variations]"
Add component (AddParameter): Name = "Revision"; Value = "2"; VariantName = "[No Variations]"
Add component (AddParameter): Name = "Status"; Value = "MCL Design"; VariantName = "[No Variations]"
Add component (AddParameter): Name = "Supplier 1"; Value = "Digi-Key"; VariantName = "[No Variations]"
Add component (AddParameter): Name = "Supplier 2"; Value = "Digi-Key"; VariantName = "[No Variations]"
Add component (AddParameter): Name = "Supplier 3"; Value = "Digi-Key"; VariantName = "[No Variations]"
Add component (AddParameter): Name = "Supplier 4"; Value = "Digi-Key"; VariantName = "[No Variations]"
Add component (AddParameter): Name = "Supplier 5"; Value = "Digi-Key"; VariantName = "[No Variations]"
Add component (AddParameter): Name = "Supplier 6"; Value = "Newark"; VariantName = "[No Variations]"
Add component (AddParameter): Name = "Supplier 7"; Value = "Stackpole Electronics Inc"; VariantName = "[No Variations]"
Add component (AddParameter): Name = "Supplier 8"; Value = "Digi-Key"; VariantName = "[No Variations]"
Add component (AddParameter): Name = "Supplier 9"; Value = "Digi-Key"; VariantName = "[No Variations]"
Add component (AddParameter): Name = "Supplier Part Number 1"; Value = "P1.00KHCT-ND"; VariantName = "[No Variations]"
Add component (AddParameter): Name = "Supplier Part Number 2"; Value = "P1.00KHTR-ND"; VariantName = "[No Variations]"
Add component (AddParameter): Name = "Supplier Part Number 3"; Value = "RHM1.00KHCT-ND"; VariantName = "[No Variations]"
Add component (AddParameter): Name = "Supplier Part Number 4"; Value = "RMCF1/161KFRTR-ND"; VariantName = "[No Variations]"
Add component (AddParameter): Name = "Supplier Part Number 5"; Value = "RMCF0603FT1K00TR-ND"; VariantName = "[No Variations]"
Add component (AddParameter): Name = "Supplier Part Number 6"; Value = "52K8015"; VariantName = "[No Variations]"
Add component (AddParameter): Name = "Supplier Part Number 7"; Value = "RMCF1/161.0K1%TR"; VariantName = "[No Variations]"
Add component (AddParameter): Name = "Supplier Part Number 8"; Value = "311-1.00KHRCT-ND"; VariantName = "[No Variations]"
Add component (AddParameter): Name = "Supplier Part Number 9"; Value = "A106049CT-ND"; VariantName = "[No Variations]"
Add component (AddParameter): Name = "Symbol"; Value = "Resistor"; VariantName = "[No Variations]"
Add component (AddParameter): Name = "Temperature Coeffcient"; Value = "100ppm/C"; VariantName = "[No Variations]"
Add component (AddParameter): Name = "Tolerance"; Value = "1%"; VariantName = "[No Variations]"
Add component (AddParameter): Name = "Type"; Value = "RES SMD"; VariantName = "[No Variations]"
Add component (AddParameter): Name = "Value"; Value = "1k"; VariantName = "[No Variations]"
Add component (AddParameter): Name = "Voltage"; Value = "75V"; VariantName = "[No Variations]"
Added Component: Designator=R148(RES_C_0603)
Add component (AddParameter): Name = "Category"; Value = "Resistor"; VariantName = "[No Variations]"
Add component (AddParameter): Name = "Circuit Type"; Value = "Isolated"; VariantName = "[No Variations]"
Add component (AddParameter): Name = "ComponentLink1Description"; Value = "SVN Datasheet"; VariantName = "[No Variations]"
Add component (AddParameter): Name = "ComponentLink1URL"; Value = "https://chn-vm-apps.microchip.com/mchprepo/parts/Datasheets/ENG_DS_1773200_H.pdf"; VariantName = "[No Variations]"
Add component (AddParameter): Name = "ComponentLink2Description"; Value = "Local Datasheet"; VariantName = "[No Variations]"
Add component (AddParameter): Name = "ComponentLink2URL"; Value = "C:\ALTIUM_WORK\00001_MCHP-CDB\Datasheets\ENG_DS_1773200_H.pdf"; VariantName = "[No Variations]"
Add component (AddParameter): Name = "ComponentLink3Description"; Value = "Open Symbol"; VariantName = "[No Variations]"
Add component (AddParameter): Name = "ComponentLink3URL"; Value = "C:\ALTIUM_WORK\00001_MCHP-CDB\Library\LibraryRefs\Resistor.SchLib"; VariantName = "[No Variations]"
Add component (AddParameter): Name = "ComponentLink4Description"; Value = "Open Footprint"; VariantName = "[No Variations]"
Add component (AddParameter): Name = "ComponentLink4URL"; Value = "C:\ALTIUM_WORK\00001_MCHP-CDB\Library\Footprints\RES_C_0603.PcbLib"; VariantName = "[No Variations]"
Add component (AddParameter): Name = "ComponentLink5Description"; Value = "Open Footprint 2"; VariantName = "[No Variations]"
Add component (AddParameter): Name = "ComponentLink6Description"; Value = "Open Footprint 3"; VariantName = "[No Variations]"
Add component (AddParameter): Name = "ComponentLink7Description"; Value = "Open Footprint 4"; VariantName = "[No Variations]"
Add component (AddParameter): Name = "Composition"; Value = "TF"; VariantName = "[No Variations]"
Add component (AddParameter): Name = "Description_"; Value = "RES TF 10k 1% 1/16W SMD 0603"; VariantName = "[No Variations]"
Add component (AddParameter): Name = "Dev Tools Status"; Value = "Production"; VariantName = "[No Variations]"
Add component (AddParameter): Name = "Manufacturer 1"; Value = "TE Connectivity"; VariantName = "[No Variations]"
Add component (AddParameter): Name = "Manufacturer Part Number 1"; Value = "5-1879337-9"; VariantName = "[No Variations]"
Add component (AddParameter): Name = "MCHP-ID"; Value = "RES1368"; VariantName = "[No Variations]"
Add component (AddParameter): Name = "Operating Temperature"; Value = "-55C to +155C"; VariantName = "[No Variations]"
Add component (AddParameter): Name = "Owner"; Value = "Jairuz Agang-ang"; VariantName = "[No Variations]"
Add component (AddParameter): Name = "Package"; Value = "0603"; VariantName = "[No Variations]"
Add component (AddParameter): Name = "Populated"; Value = "YES"; VariantName = "[No Variations]"
Add component (AddParameter): Name = "Power"; Value = "1/16W"; VariantName = "[No Variations]"
Add component (AddParameter): Name = "Quantity Override"; Value = "1"; VariantName = "[No Variations]"
Add component (AddParameter): Name = "Revision"; Value = "1"; VariantName = "[No Variations]"
Add component (AddParameter): Name = "Status"; Value = "MCL Design"; VariantName = "[No Variations]"
Add component (AddParameter): Name = "Supplier 1"; Value = "Digi-Key"; VariantName = "[No Variations]"
Add component (AddParameter): Name = "Supplier Part Number 1"; Value = "A102203CT-ND"; VariantName = "[No Variations]"
Add component (AddParameter): Name = "Symbol"; Value = "Resistor"; VariantName = "[No Variations]"
Add component (AddParameter): Name = "Temperature Coeffcient"; Value = "50ppm/C"; VariantName = "[No Variations]"
Add component (AddParameter): Name = "Tolerance"; Value = "1%"; VariantName = "[No Variations]"
Add component (AddParameter): Name = "Type"; Value = "RES SMD"; VariantName = "[No Variations]"
Add component (AddParameter): Name = "Value"; Value = "10k"; VariantName = "[No Variations]"
Add component (AddParameter): Name = "Voltage"; Value = "100V"; VariantName = "[No Variations]"
Added Component: Designator=R150(RES_C_0603)
Add component (AddParameter): Name = "Category"; Value = "Resistor"; VariantName = "[No Variations]"
Add component (AddParameter): Name = "ComponentLink1Description"; Value = "SVN Datasheet"; VariantName = "[No Variations]"
Add component (AddParameter): Name = "ComponentLink1URL"; Value = "https://chn-vm-apps.microchip.com/mchprepo/parts/Datasheets/AOA0000CE2.pdf"; VariantName = "[No Variations]"
Add component (AddParameter): Name = "ComponentLink2Description"; Value = "Local Datasheet"; VariantName = "[No Variations]"
Add component (AddParameter): Name = "ComponentLink2URL"; Value = "C:\ALTIUM_WORK\00001_MCHP-CDB\Datasheets\AOA0000CE2.pdf"; VariantName = "[No Variations]"
Add component (AddParameter): Name = "ComponentLink3Description"; Value = "Open Symbol"; VariantName = "[No Variations]"
Add component (AddParameter): Name = "ComponentLink3URL"; Value = "C:\ALTIUM_WORK\00001_MCHP-CDB\Library\LibraryRefs\Resistor.SchLib"; VariantName = "[No Variations]"
Add component (AddParameter): Name = "ComponentLink4Description"; Value = "Open Footprint"; VariantName = "[No Variations]"
Add component (AddParameter): Name = "ComponentLink4URL"; Value = "C:\ALTIUM_WORK\00001_MCHP-CDB\Library\Footprints\RES_C_0603.PcbLib"; VariantName = "[No Variations]"
Add component (AddParameter): Name = "ComponentLink5Description"; Value = "Open Footprint 2"; VariantName = "[No Variations]"
Add component (AddParameter): Name = "ComponentLink6Description"; Value = "Open Footprint 3"; VariantName = "[No Variations]"
Add component (AddParameter): Name = "ComponentLink7Description"; Value = "Open Footprint 4"; VariantName = "[No Variations]"
Add component (AddParameter): Name = "Composition"; Value = "TKF"; VariantName = "[No Variations]"
Add component (AddParameter): Name = "Description_"; Value = "RES TKF 20R 1% 1/10W SMD 0603"; VariantName = "[No Variations]"
Add component (AddParameter): Name = "Dev Tools Status"; Value = "Production"; VariantName = "[No Variations]"
Add component (AddParameter): Name = "Manufacturer 1"; Value = "Panasonic"; VariantName = "[No Variations]"
Add component (AddParameter): Name = "Manufacturer Part Number 1"; Value = "ERJ-3EKF20R0V"; VariantName = "[No Variations]"
Add component (AddParameter): Name = "MCHP-ID"; Value = "RES1137"; VariantName = "[No Variations]"
Add component (AddParameter): Name = "Operating Temperature"; Value = "-55C to +155C"; VariantName = "[No Variations]"
Add component (AddParameter): Name = "Owner"; Value = "Bogdan P (M91398)"; VariantName = "[No Variations]"
Add component (AddParameter): Name = "Package"; Value = "0603"; VariantName = "[No Variations]"
Add component (AddParameter): Name = "Populated"; Value = "Yes"; VariantName = "[No Variations]"
Add component (AddParameter): Name = "Power"; Value = "1/10W"; VariantName = "[No Variations]"
Add component (AddParameter): Name = "Quantity Override"; Value = "1"; VariantName = "[No Variations]"
Add component (AddParameter): Name = "Revision"; Value = "0"; VariantName = "[No Variations]"
Add component (AddParameter): Name = "Status"; Value = "MCL Design"; VariantName = "[No Variations]"
Add component (AddParameter): Name = "Supplier 1"; Value = "Digi-Key"; VariantName = "[No Variations]"
Add component (AddParameter): Name = "Supplier Part Number 1"; Value = "P20.0HCT-ND"; VariantName = "[No Variations]"
Add component (AddParameter): Name = "Symbol"; Value = "Resistor"; VariantName = "[No Variations]"
Add component (AddParameter): Name = "Temperature Coeffcient"; Value = "100ppm/C"; VariantName = "[No Variations]"
Add component (AddParameter): Name = "Tolerance"; Value = "1%"; VariantName = "[No Variations]"
Add component (AddParameter): Name = "Type"; Value = "RES SMD"; VariantName = "[No Variations]"
Add component (AddParameter): Name = "Value"; Value = "20R"; VariantName = "[No Variations]"
Add component (AddParameter): Name = "Voltage"; Value = "75V"; VariantName = "[No Variations]"
Add Component: Footprint Not Found RES_C_0603
Add Component: Footprint Not Found RES_C_0603
Added Component: Designator=R153(RES_C_0603)
Add component (AddParameter): Name = "Category"; Value = "Resistor"; VariantName = "[No Variations]"
Add component (AddParameter): Name = "ComponentLink1Description"; Value = "Datasheet"; VariantName = "[No Variations]"
Add component (AddParameter): Name = "ComponentLink1URL"; Value = "https://chn-vm-apps.microchip.com/mchprepo/parts/Datasheets/AOA0000CE2.pdf"; VariantName = "[No Variations]"
Add component (AddParameter): Name = "Composition"; Value = "TKF"; VariantName = "[No Variations]"
Add component (AddParameter): Name = "Description_"; Value = "RES TKF 332k 1% 1/10W SMD 0603"; VariantName = "[No Variations]"
Add component (AddParameter): Name = "Manufacturer 1"; Value = "Panasonic"; VariantName = "[No Variations]"
Add component (AddParameter): Name = "Manufacturer Part Number 1"; Value = "ERJ-3EKF3323V"; VariantName = "[No Variations]"
Add component (AddParameter): Name = "MCHP-ID"; Value = "RES1168"; VariantName = "[No Variations]"
Add component (AddParameter): Name = "Operating Temperature"; Value = "-55C to +155C"; VariantName = "[No Variations]"
Add component (AddParameter): Name = "Owner"; Value = "Bogdan P (M91398)"; VariantName = "[No Variations]"
Add component (AddParameter): Name = "Package"; Value = "0603"; VariantName = "[No Variations]"
Add component (AddParameter): Name = "Populated"; Value = "Yes"; VariantName = "[No Variations]"
Add component (AddParameter): Name = "Power"; Value = "1/10W"; VariantName = "[No Variations]"
Add component (AddParameter): Name = "Quantity Override"; Value = "1"; VariantName = "[No Variations]"
Add component (AddParameter): Name = "Revision"; Value = "0"; VariantName = "[No Variations]"
Add component (AddParameter): Name = "Status"; Value = "Production"; VariantName = "[No Variations]"
Add component (AddParameter): Name = "Supplier 1"; Value = "Digi-Key"; VariantName = "[No Variations]"
Add component (AddParameter): Name = "Supplier Part Number 1"; Value = "P332KHCT-ND"; VariantName = "[No Variations]"
Add component (AddParameter): Name = "Temperature Coeffcient"; Value = "100ppm/C"; VariantName = "[No Variations]"
Add component (AddParameter): Name = "Tolerance"; Value = "1%"; VariantName = "[No Variations]"
Add component (AddParameter): Name = "Type"; Value = "RES SMD"; VariantName = "[No Variations]"
Add component (AddParameter): Name = "Value"; Value = "332k"; VariantName = "[No Variations]"
Add component (AddParameter): Name = "Voltage"; Value = "75V"; VariantName = "[No Variations]"
Added Component: Designator=R154(RES_C_0603)
Add component (AddParameter): Name = "Category"; Value = "Resistor"; VariantName = "[No Variations]"
Add component (AddParameter): Name = "ComponentLink1Description"; Value = "Datasheet"; VariantName = "[No Variations]"
Add component (AddParameter): Name = "ComponentLink1URL"; Value = "https://chn-vm-apps.microchip.com/mchprepo/parts/Datasheets/AOA0000CE2.pdf"; VariantName = "[No Variations]"
Add component (AddParameter): Name = "Composition"; Value = "TKF"; VariantName = "[No Variations]"
Add component (AddParameter): Name = "Description_"; Value = "RES TKF 332k 1% 1/10W SMD 0603"; VariantName = "[No Variations]"
Add component (AddParameter): Name = "Manufacturer 1"; Value = "Panasonic"; VariantName = "[No Variations]"
Add component (AddParameter): Name = "Manufacturer Part Number 1"; Value = "ERJ-3EKF3323V"; VariantName = "[No Variations]"
Add component (AddParameter): Name = "MCHP-ID"; Value = "RES1168"; VariantName = "[No Variations]"
Add component (AddParameter): Name = "Operating Temperature"; Value = "-55C to +155C"; VariantName = "[No Variations]"
Add component (AddParameter): Name = "Owner"; Value = "Bogdan P (M91398)"; VariantName = "[No Variations]"
Add component (AddParameter): Name = "Package"; Value = "0603"; VariantName = "[No Variations]"
Add component (AddParameter): Name = "Populated"; Value = "Yes"; VariantName = "[No Variations]"
Add component (AddParameter): Name = "Power"; Value = "1/10W"; VariantName = "[No Variations]"
Add component (AddParameter): Name = "Quantity Override"; Value = "1"; VariantName = "[No Variations]"
Add component (AddParameter): Name = "Revision"; Value = "0"; VariantName = "[No Variations]"
Add component (AddParameter): Name = "Status"; Value = "Production"; VariantName = "[No Variations]"
Add component (AddParameter): Name = "Supplier 1"; Value = "Digi-Key"; VariantName = "[No Variations]"
Add component (AddParameter): Name = "Supplier Part Number 1"; Value = "P332KHCT-ND"; VariantName = "[No Variations]"
Add component (AddParameter): Name = "Temperature Coeffcient"; Value = "100ppm/C"; VariantName = "[No Variations]"
Add component (AddParameter): Name = "Tolerance"; Value = "1%"; VariantName = "[No Variations]"
Add component (AddParameter): Name = "Type"; Value = "RES SMD"; VariantName = "[No Variations]"
Add component (AddParameter): Name = "Value"; Value = "332k"; VariantName = "[No Variations]"
Add component (AddParameter): Name = "Voltage"; Value = "75V"; VariantName = "[No Variations]"
Added Component: Designator=R156(RES_C_0603)
Add component (AddParameter): Name = "Category"; Value = "Resistor"; VariantName = "[No Variations]"
Add component (AddParameter): Name = "ComponentLink1Description"; Value = "Datasheet"; VariantName = "[No Variations]"
Add component (AddParameter): Name = "ComponentLink1URL"; Value = "https://chn-vm-apps.microchip.com/mchprepo/parts/Datasheets/AOA0000CE2.pdf"; VariantName = "[No Variations]"
Add component (AddParameter): Name = "Composition"; Value = "TKF"; VariantName = "[No Variations]"
Add component (AddParameter): Name = "Description_"; Value = "RES TKF 332k 1% 1/10W SMD 0603"; VariantName = "[No Variations]"
Add component (AddParameter): Name = "Manufacturer 1"; Value = "Panasonic"; VariantName = "[No Variations]"
Add component (AddParameter): Name = "Manufacturer Part Number 1"; Value = "ERJ-3EKF3323V"; VariantName = "[No Variations]"
Add component (AddParameter): Name = "MCHP-ID"; Value = "RES1168"; VariantName = "[No Variations]"
Add component (AddParameter): Name = "Operating Temperature"; Value = "-55C to +155C"; VariantName = "[No Variations]"
Add component (AddParameter): Name = "Owner"; Value = "Bogdan P (M91398)"; VariantName = "[No Variations]"
Add component (AddParameter): Name = "Package"; Value = "0603"; VariantName = "[No Variations]"
Add component (AddParameter): Name = "Populated"; Value = "Yes"; VariantName = "[No Variations]"
Add component (AddParameter): Name = "Power"; Value = "1/10W"; VariantName = "[No Variations]"
Add component (AddParameter): Name = "Quantity Override"; Value = "1"; VariantName = "[No Variations]"
Add component (AddParameter): Name = "Revision"; Value = "0"; VariantName = "[No Variations]"
Add component (AddParameter): Name = "Status"; Value = "Production"; VariantName = "[No Variations]"
Add component (AddParameter): Name = "Supplier 1"; Value = "Digi-Key"; VariantName = "[No Variations]"
Add component (AddParameter): Name = "Supplier Part Number 1"; Value = "P332KHCT-ND"; VariantName = "[No Variations]"
Add component (AddParameter): Name = "Temperature Coeffcient"; Value = "100ppm/C"; VariantName = "[No Variations]"
Add component (AddParameter): Name = "Tolerance"; Value = "1%"; VariantName = "[No Variations]"
Add component (AddParameter): Name = "Type"; Value = "RES SMD"; VariantName = "[No Variations]"
Add component (AddParameter): Name = "Value"; Value = "332k"; VariantName = "[No Variations]"
Add component (AddParameter): Name = "Voltage"; Value = "75V"; VariantName = "[No Variations]"
Added Component: Designator=R157(RES_C_0603)
Add component (AddParameter): Name = "Category"; Value = "Resistor"; VariantName = "[No Variations]"
Add component (AddParameter): Name = "ComponentLink1Description"; Value = "Datasheet"; VariantName = "[No Variations]"
Add component (AddParameter): Name = "ComponentLink1URL"; Value = "https://chn-vm-apps.microchip.com/mchprepo/parts/Datasheets/AOA0000CE2.pdf"; VariantName = "[No Variations]"
Add component (AddParameter): Name = "Composition"; Value = "TKF"; VariantName = "[No Variations]"
Add component (AddParameter): Name = "Description_"; Value = "RES TKF 332k 1% 1/10W SMD 0603"; VariantName = "[No Variations]"
Add component (AddParameter): Name = "Manufacturer 1"; Value = "Panasonic"; VariantName = "[No Variations]"
Add component (AddParameter): Name = "Manufacturer Part Number 1"; Value = "ERJ-3EKF3323V"; VariantName = "[No Variations]"
Add component (AddParameter): Name = "MCHP-ID"; Value = "RES1168"; VariantName = "[No Variations]"
Add component (AddParameter): Name = "Operating Temperature"; Value = "-55C to +155C"; VariantName = "[No Variations]"
Add component (AddParameter): Name = "Owner"; Value = "Bogdan P (M91398)"; VariantName = "[No Variations]"
Add component (AddParameter): Name = "Package"; Value = "0603"; VariantName = "[No Variations]"
Add component (AddParameter): Name = "Populated"; Value = "Yes"; VariantName = "[No Variations]"
Add component (AddParameter): Name = "Power"; Value = "1/10W"; VariantName = "[No Variations]"
Add component (AddParameter): Name = "Quantity Override"; Value = "1"; VariantName = "[No Variations]"
Add component (AddParameter): Name = "Revision"; Value = "0"; VariantName = "[No Variations]"
Add component (AddParameter): Name = "Status"; Value = "Production"; VariantName = "[No Variations]"
Add component (AddParameter): Name = "Supplier 1"; Value = "Digi-Key"; VariantName = "[No Variations]"
Add component (AddParameter): Name = "Supplier Part Number 1"; Value = "P332KHCT-ND"; VariantName = "[No Variations]"
Add component (AddParameter): Name = "Temperature Coeffcient"; Value = "100ppm/C"; VariantName = "[No Variations]"
Add component (AddParameter): Name = "Tolerance"; Value = "1%"; VariantName = "[No Variations]"
Add component (AddParameter): Name = "Type"; Value = "RES SMD"; VariantName = "[No Variations]"
Add component (AddParameter): Name = "Value"; Value = "332k"; VariantName = "[No Variations]"
Add component (AddParameter): Name = "Voltage"; Value = "75V"; VariantName = "[No Variations]"
Added Component: Designator=R158(RES_C_0603)
Add component (AddParameter): Name = "Category"; Value = "Resistor"; VariantName = "[No Variations]"
Add component (AddParameter): Name = "ComponentLink1Description"; Value = "Datasheet"; VariantName = "[No Variations]"
Add component (AddParameter): Name = "ComponentLink1URL"; Value = "https://chn-vm-apps.microchip.com/mchprepo/parts/Datasheets/AOA0000CE2.pdf"; VariantName = "[No Variations]"
Add component (AddParameter): Name = "Composition"; Value = "TKF"; VariantName = "[No Variations]"
Add component (AddParameter): Name = "Description_"; Value = "RES TKF 332k 1% 1/10W SMD 0603"; VariantName = "[No Variations]"
Add component (AddParameter): Name = "Manufacturer 1"; Value = "Panasonic"; VariantName = "[No Variations]"
Add component (AddParameter): Name = "Manufacturer Part Number 1"; Value = "ERJ-3EKF3323V"; VariantName = "[No Variations]"
Add component (AddParameter): Name = "MCHP-ID"; Value = "RES1168"; VariantName = "[No Variations]"
Add component (AddParameter): Name = "Operating Temperature"; Value = "-55C to +155C"; VariantName = "[No Variations]"
Add component (AddParameter): Name = "Owner"; Value = "Bogdan P (M91398)"; VariantName = "[No Variations]"
Add component (AddParameter): Name = "Package"; Value = "0603"; VariantName = "[No Variations]"
Add component (AddParameter): Name = "Populated"; Value = "Yes"; VariantName = "[No Variations]"
Add component (AddParameter): Name = "Power"; Value = "1/10W"; VariantName = "[No Variations]"
Add component (AddParameter): Name = "Quantity Override"; Value = "1"; VariantName = "[No Variations]"
Add component (AddParameter): Name = "Revision"; Value = "0"; VariantName = "[No Variations]"
Add component (AddParameter): Name = "Status"; Value = "Production"; VariantName = "[No Variations]"
Add component (AddParameter): Name = "Supplier 1"; Value = "Digi-Key"; VariantName = "[No Variations]"
Add component (AddParameter): Name = "Supplier Part Number 1"; Value = "P332KHCT-ND"; VariantName = "[No Variations]"
Add component (AddParameter): Name = "Temperature Coeffcient"; Value = "100ppm/C"; VariantName = "[No Variations]"
Add component (AddParameter): Name = "Tolerance"; Value = "1%"; VariantName = "[No Variations]"
Add component (AddParameter): Name = "Type"; Value = "RES SMD"; VariantName = "[No Variations]"
Add component (AddParameter): Name = "Value"; Value = "332k"; VariantName = "[No Variations]"
Add component (AddParameter): Name = "Voltage"; Value = "75V"; VariantName = "[No Variations]"
Added Component: Designator=R159(RES_C_0603)
Add component (AddParameter): Name = "Category"; Value = "Resistor"; VariantName = "[No Variations]"
Add component (AddParameter): Name = "ComponentLink1Description"; Value = "Datasheet"; VariantName = "[No Variations]"
Add component (AddParameter): Name = "ComponentLink1URL"; Value = "https://chn-vm-apps.microchip.com/mchprepo/parts/Datasheets/AOA0000CE2.pdf"; VariantName = "[No Variations]"
Add component (AddParameter): Name = "Composition"; Value = "TKF"; VariantName = "[No Variations]"
Add component (AddParameter): Name = "Description_"; Value = "RES TKF 332k 1% 1/10W SMD 0603"; VariantName = "[No Variations]"
Add component (AddParameter): Name = "Manufacturer 1"; Value = "Panasonic"; VariantName = "[No Variations]"
Add component (AddParameter): Name = "Manufacturer Part Number 1"; Value = "ERJ-3EKF3323V"; VariantName = "[No Variations]"
Add component (AddParameter): Name = "MCHP-ID"; Value = "RES1168"; VariantName = "[No Variations]"
Add component (AddParameter): Name = "Operating Temperature"; Value = "-55C to +155C"; VariantName = "[No Variations]"
Add component (AddParameter): Name = "Owner"; Value = "Bogdan P (M91398)"; VariantName = "[No Variations]"
Add component (AddParameter): Name = "Package"; Value = "0603"; VariantName = "[No Variations]"
Add component (AddParameter): Name = "Populated"; Value = "Yes"; VariantName = "[No Variations]"
Add component (AddParameter): Name = "Power"; Value = "1/10W"; VariantName = "[No Variations]"
Add component (AddParameter): Name = "Quantity Override"; Value = "1"; VariantName = "[No Variations]"
Add component (AddParameter): Name = "Revision"; Value = "0"; VariantName = "[No Variations]"
Add component (AddParameter): Name = "Status"; Value = "Production"; VariantName = "[No Variations]"
Add component (AddParameter): Name = "Supplier 1"; Value = "Digi-Key"; VariantName = "[No Variations]"
Add component (AddParameter): Name = "Supplier Part Number 1"; Value = "P332KHCT-ND"; VariantName = "[No Variations]"
Add component (AddParameter): Name = "Temperature Coeffcient"; Value = "100ppm/C"; VariantName = "[No Variations]"
Add component (AddParameter): Name = "Tolerance"; Value = "1%"; VariantName = "[No Variations]"
Add component (AddParameter): Name = "Type"; Value = "RES SMD"; VariantName = "[No Variations]"
Add component (AddParameter): Name = "Value"; Value = "332k"; VariantName = "[No Variations]"
Add component (AddParameter): Name = "Voltage"; Value = "75V"; VariantName = "[No Variations]"
Added Component: Designator=R160(RES_C_0805)
Add component (AddParameter): Name = "BOM Notes"; Value = ""; VariantName = "[No Variations]"
Add component (AddParameter): Name = "Category"; Value = "Resistor"; VariantName = "[No Variations]"
Add component (AddParameter): Name = "ComponentLink1Description"; Value = "SVN Datasheet"; VariantName = "[No Variations]"
Add component (AddParameter): Name = "ComponentLink1URL"; Value = "https://chn-vm-apps.microchip.com/mchprepo/parts/Datasheets/PYu-R_INT-thick_7.pdf"; VariantName = "[No Variations]"
Add component (AddParameter): Name = "ComponentLink2Description"; Value = "Local Datasheet"; VariantName = "[No Variations]"
Add component (AddParameter): Name = "ComponentLink2URL"; Value = "C:\ALTIUM_WORK\00001_MCHP-CDB\Datasheets\PYu-R_INT-thick_7.pdf"; VariantName = "[No Variations]"
Add component (AddParameter): Name = "ComponentLink3Description"; Value = "Open Symbol"; VariantName = "[No Variations]"
Add component (AddParameter): Name = "ComponentLink3URL"; Value = "C:\ALTIUM_WORK\00001_MCHP-CDB\Library\LibraryRefs\Resistor.SchLib"; VariantName = "[No Variations]"
Add component (AddParameter): Name = "ComponentLink4Description"; Value = "Open Footprint"; VariantName = "[No Variations]"
Add component (AddParameter): Name = "ComponentLink4URL"; Value = "C:\ALTIUM_WORK\00001_MCHP-CDB\Library\Footprints\RES_C_0805.PcbLib"; VariantName = "[No Variations]"
Add component (AddParameter): Name = "ComponentLink5Description"; Value = "Open Footprint 2"; VariantName = "[No Variations]"
Add component (AddParameter): Name = "ComponentLink6Description"; Value = "Open Footprint 3"; VariantName = "[No Variations]"
Add component (AddParameter): Name = "ComponentLink7Description"; Value = "Open Footprint 4"; VariantName = "[No Variations]"
Add component (AddParameter): Name = "Composition"; Value = "TKF"; VariantName = "[No Variations]"
Add component (AddParameter): Name = "Description_"; Value = "RES TKF 47R 1% 1/8W SMD 0805"; VariantName = "[No Variations]"
Add component (AddParameter): Name = "Dev Tools Status"; Value = "Production"; VariantName = "[No Variations]"
Add component (AddParameter): Name = "Manufacturer 1"; Value = "Yageo"; VariantName = "[No Variations]"
Add component (AddParameter): Name = "Manufacturer Part Number 1"; Value = "RC0805FR-0747RL"; VariantName = "[No Variations]"
Add component (AddParameter): Name = "MCHP-ID"; Value = "RES1422"; VariantName = "[No Variations]"
Add component (AddParameter): Name = "Operating Temperature"; Value = "-55C to +155C"; VariantName = "[No Variations]"
Add component (AddParameter): Name = "Owner"; Value = "Henry de Villiers"; VariantName = "[No Variations]"
Add component (AddParameter): Name = "Package"; Value = "0805"; VariantName = "[No Variations]"
Add component (AddParameter): Name = "Populated"; Value = "YES"; VariantName = "[No Variations]"
Add component (AddParameter): Name = "Power"; Value = "1/8W"; VariantName = "[No Variations]"
Add component (AddParameter): Name = "Quantity Override"; Value = "1"; VariantName = "[No Variations]"
Add component (AddParameter): Name = "Revision"; Value = "1"; VariantName = "[No Variations]"
Add component (AddParameter): Name = "Status"; Value = "MCL Design"; VariantName = "[No Variations]"
Add component (AddParameter): Name = "Supplier 1"; Value = "Digi-Key"; VariantName = "[No Variations]"
Add component (AddParameter): Name = "Supplier Part Number 1"; Value = "311-47.0CRCT-ND"; VariantName = "[No Variations]"
Add component (AddParameter): Name = "Symbol"; Value = "Resistor"; VariantName = "[No Variations]"
Add component (AddParameter): Name = "Temperature Coeffcient"; Value = "100ppm/C"; VariantName = "[No Variations]"
Add component (AddParameter): Name = "Tolerance"; Value = "1%"; VariantName = "[No Variations]"
Add component (AddParameter): Name = "Type"; Value = "RES SMD"; VariantName = "[No Variations]"
Add component (AddParameter): Name = "Value"; Value = "47R"; VariantName = "[No Variations]"
Added Component: Designator=R161(RES_C_0805)
Add component (AddParameter): Name = "BOM Notes"; Value = ""; VariantName = "[No Variations]"
Add component (AddParameter): Name = "Category"; Value = "Resistor"; VariantName = "[No Variations]"
Add component (AddParameter): Name = "ComponentLink1Description"; Value = "SVN Datasheet"; VariantName = "[No Variations]"
Add component (AddParameter): Name = "ComponentLink1URL"; Value = "https://chn-vm-apps.microchip.com/mchprepo/parts/Datasheets/PYu-R_INT-thick_7.pdf"; VariantName = "[No Variations]"
Add component (AddParameter): Name = "ComponentLink2Description"; Value = "Local Datasheet"; VariantName = "[No Variations]"
Add component (AddParameter): Name = "ComponentLink2URL"; Value = "C:\ALTIUM_WORK\00001_MCHP-CDB\Datasheets\PYu-R_INT-thick_7.pdf"; VariantName = "[No Variations]"
Add component (AddParameter): Name = "ComponentLink3Description"; Value = "Open Symbol"; VariantName = "[No Variations]"
Add component (AddParameter): Name = "ComponentLink3URL"; Value = "C:\ALTIUM_WORK\00001_MCHP-CDB\Library\LibraryRefs\Resistor.SchLib"; VariantName = "[No Variations]"
Add component (AddParameter): Name = "ComponentLink4Description"; Value = "Open Footprint"; VariantName = "[No Variations]"
Add component (AddParameter): Name = "ComponentLink4URL"; Value = "C:\ALTIUM_WORK\00001_MCHP-CDB\Library\Footprints\RES_C_0805.PcbLib"; VariantName = "[No Variations]"
Add component (AddParameter): Name = "ComponentLink5Description"; Value = "Open Footprint 2"; VariantName = "[No Variations]"
Add component (AddParameter): Name = "ComponentLink6Description"; Value = "Open Footprint 3"; VariantName = "[No Variations]"
Add component (AddParameter): Name = "ComponentLink7Description"; Value = "Open Footprint 4"; VariantName = "[No Variations]"
Add component (AddParameter): Name = "Composition"; Value = "TKF"; VariantName = "[No Variations]"
Add component (AddParameter): Name = "Description_"; Value = "RES TKF 47R 1% 1/8W SMD 0805"; VariantName = "[No Variations]"
Add component (AddParameter): Name = "Dev Tools Status"; Value = "Production"; VariantName = "[No Variations]"
Add component (AddParameter): Name = "Manufacturer 1"; Value = "Yageo"; VariantName = "[No Variations]"
Add component (AddParameter): Name = "Manufacturer Part Number 1"; Value = "RC0805FR-0747RL"; VariantName = "[No Variations]"
Add component (AddParameter): Name = "MCHP-ID"; Value = "RES1422"; VariantName = "[No Variations]"
Add component (AddParameter): Name = "Operating Temperature"; Value = "-55C to +155C"; VariantName = "[No Variations]"
Add component (AddParameter): Name = "Owner"; Value = "Henry de Villiers"; VariantName = "[No Variations]"
Add component (AddParameter): Name = "Package"; Value = "0805"; VariantName = "[No Variations]"
Add component (AddParameter): Name = "Populated"; Value = "YES"; VariantName = "[No Variations]"
Add component (AddParameter): Name = "Power"; Value = "1/8W"; VariantName = "[No Variations]"
Add component (AddParameter): Name = "Quantity Override"; Value = "1"; VariantName = "[No Variations]"
Add component (AddParameter): Name = "Revision"; Value = "1"; VariantName = "[No Variations]"
Add component (AddParameter): Name = "Status"; Value = "MCL Design"; VariantName = "[No Variations]"
Add component (AddParameter): Name = "Supplier 1"; Value = "Digi-Key"; VariantName = "[No Variations]"
Add component (AddParameter): Name = "Supplier Part Number 1"; Value = "311-47.0CRCT-ND"; VariantName = "[No Variations]"
Add component (AddParameter): Name = "Symbol"; Value = "Resistor"; VariantName = "[No Variations]"
Add component (AddParameter): Name = "Temperature Coeffcient"; Value = "100ppm/C"; VariantName = "[No Variations]"
Add component (AddParameter): Name = "Tolerance"; Value = "1%"; VariantName = "[No Variations]"
Add component (AddParameter): Name = "Type"; Value = "RES SMD"; VariantName = "[No Variations]"
Add component (AddParameter): Name = "Value"; Value = "47R"; VariantName = "[No Variations]"
Added Component: Designator=R162(RES_C_0805)
Add component (AddParameter): Name = "BOM Notes"; Value = ""; VariantName = "[No Variations]"
Add component (AddParameter): Name = "Category"; Value = "Resistor"; VariantName = "[No Variations]"
Add component (AddParameter): Name = "ComponentLink1Description"; Value = "SVN Datasheet"; VariantName = "[No Variations]"
Add component (AddParameter): Name = "ComponentLink1URL"; Value = "https://chn-vm-apps.microchip.com/mchprepo/parts/Datasheets/dcrcwe3.pdf"; VariantName = "[No Variations]"
Add component (AddParameter): Name = "ComponentLink2Description"; Value = "Local Datasheet"; VariantName = "[No Variations]"
Add component (AddParameter): Name = "ComponentLink2URL"; Value = "C:\ALTIUM_WORK\00001_MCHP-CDB\Datasheets\dcrcwe3.pdf"; VariantName = "[No Variations]"
Add component (AddParameter): Name = "ComponentLink3Description"; Value = "Open Symbol"; VariantName = "[No Variations]"
Add component (AddParameter): Name = "ComponentLink3URL"; Value = "C:\ALTIUM_WORK\00001_MCHP-CDB\Library\LibraryRefs\Resistor.SchLib"; VariantName = "[No Variations]"
Add component (AddParameter): Name = "ComponentLink4Description"; Value = "Open Footprint"; VariantName = "[No Variations]"
Add component (AddParameter): Name = "ComponentLink4URL"; Value = "C:\ALTIUM_WORK\00001_MCHP-CDB\Library\Footprints\RES_C_0805.PcbLib"; VariantName = "[No Variations]"
Add component (AddParameter): Name = "ComponentLink5Description"; Value = "Open Footprint 2"; VariantName = "[No Variations]"
Add component (AddParameter): Name = "ComponentLink6Description"; Value = "Open Footprint 3"; VariantName = "[No Variations]"
Add component (AddParameter): Name = "ComponentLink7Description"; Value = "Open Footprint 4"; VariantName = "[No Variations]"
Add component (AddParameter): Name = "Composition"; Value = "TKF"; VariantName = "[No Variations]"
Add component (AddParameter): Name = "Description_"; Value = "RES TKF 3.24R 1% 1/8W SMD 0805"; VariantName = "[No Variations]"
Add component (AddParameter): Name = "Dev Tools Status"; Value = "Production"; VariantName = "[No Variations]"
Add component (AddParameter): Name = "Manufacturer 1"; Value = "Vishay Dale"; VariantName = "[No Variations]"
Add component (AddParameter): Name = "Manufacturer Part Number 1"; Value = "CRCW08053R24FKEA"; VariantName = "[No Variations]"
Add component (AddParameter): Name = "MCHP-ID"; Value = "RES1779"; VariantName = "[No Variations]"
Add component (AddParameter): Name = "Operating Temperature"; Value = "-55C to +155C"; VariantName = "[No Variations]"
Add component (AddParameter): Name = "Owner"; Value = "Cristian Papuc"; VariantName = "[No Variations]"
Add component (AddParameter): Name = "Package"; Value = "0805"; VariantName = "[No Variations]"
Add component (AddParameter): Name = "Populated"; Value = "DNP"; VariantName = "[No Variations]"
Add component (AddParameter): Name = "Power"; Value = "1/8W"; VariantName = "[No Variations]"
Add component (AddParameter): Name = "Quantity Override"; Value = "1"; VariantName = "[No Variations]"
Add component (AddParameter): Name = "Revision"; Value = "1"; VariantName = "[No Variations]"
Add component (AddParameter): Name = "Status"; Value = "MCL Design"; VariantName = "[No Variations]"
Add component (AddParameter): Name = "Supplier 1"; Value = "Digi-Key"; VariantName = "[No Variations]"
Add component (AddParameter): Name = "Supplier Part Number 1"; Value = "541-3.24CCCT-ND"; VariantName = "[No Variations]"
Add component (AddParameter): Name = "Symbol"; Value = "Resistor"; VariantName = "[No Variations]"
Add component (AddParameter): Name = "Temperature Coeffcient"; Value = "100ppm/C"; VariantName = "[No Variations]"
Add component (AddParameter): Name = "Tolerance"; Value = "1%"; VariantName = "[No Variations]"
Add component (AddParameter): Name = "Type"; Value = "RES SMD"; VariantName = "[No Variations]"
Add component (AddParameter): Name = "Value"; Value = "3.24R"; VariantName = "[No Variations]"
Add component (AddParameter): Name = "Voltage"; Value = "150V"; VariantName = "[No Variations]"
Added Component: Designator=R163(RES_C_0805)
Add component (AddParameter): Name = "BOM Notes"; Value = ""; VariantName = "[No Variations]"
Add component (AddParameter): Name = "Category"; Value = "Resistor"; VariantName = "[No Variations]"
Add component (AddParameter): Name = "ComponentLink1Description"; Value = "SVN Datasheet"; VariantName = "[No Variations]"
Add component (AddParameter): Name = "ComponentLink1URL"; Value = "https://chn-vm-apps.microchip.com/mchprepo/parts/Datasheets/dcrcwe3.pdf"; VariantName = "[No Variations]"
Add component (AddParameter): Name = "ComponentLink2Description"; Value = "Local Datasheet"; VariantName = "[No Variations]"
Add component (AddParameter): Name = "ComponentLink2URL"; Value = "C:\ALTIUM_WORK\00001_MCHP-CDB\Datasheets\dcrcwe3.pdf"; VariantName = "[No Variations]"
Add component (AddParameter): Name = "ComponentLink3Description"; Value = "Open Symbol"; VariantName = "[No Variations]"
Add component (AddParameter): Name = "ComponentLink3URL"; Value = "C:\ALTIUM_WORK\00001_MCHP-CDB\Library\LibraryRefs\Resistor.SchLib"; VariantName = "[No Variations]"
Add component (AddParameter): Name = "ComponentLink4Description"; Value = "Open Footprint"; VariantName = "[No Variations]"
Add component (AddParameter): Name = "ComponentLink4URL"; Value = "C:\ALTIUM_WORK\00001_MCHP-CDB\Library\Footprints\RES_C_0805.PcbLib"; VariantName = "[No Variations]"
Add component (AddParameter): Name = "ComponentLink5Description"; Value = "Open Footprint 2"; VariantName = "[No Variations]"
Add component (AddParameter): Name = "ComponentLink6Description"; Value = "Open Footprint 3"; VariantName = "[No Variations]"
Add component (AddParameter): Name = "ComponentLink7Description"; Value = "Open Footprint 4"; VariantName = "[No Variations]"
Add component (AddParameter): Name = "Composition"; Value = "TKF"; VariantName = "[No Variations]"
Add component (AddParameter): Name = "Description_"; Value = "RES TKF 3.24R 1% 1/8W SMD 0805"; VariantName = "[No Variations]"
Add component (AddParameter): Name = "Dev Tools Status"; Value = "Production"; VariantName = "[No Variations]"
Add component (AddParameter): Name = "Manufacturer 1"; Value = "Vishay Dale"; VariantName = "[No Variations]"
Add component (AddParameter): Name = "Manufacturer Part Number 1"; Value = "CRCW08053R24FKEA"; VariantName = "[No Variations]"
Add component (AddParameter): Name = "MCHP-ID"; Value = "RES1779"; VariantName = "[No Variations]"
Add component (AddParameter): Name = "Operating Temperature"; Value = "-55C to +155C"; VariantName = "[No Variations]"
Add component (AddParameter): Name = "Owner"; Value = "Cristian Papuc"; VariantName = "[No Variations]"
Add component (AddParameter): Name = "Package"; Value = "0805"; VariantName = "[No Variations]"
Add component (AddParameter): Name = "Populated"; Value = "DNP"; VariantName = "[No Variations]"
Add component (AddParameter): Name = "Power"; Value = "1/8W"; VariantName = "[No Variations]"
Add component (AddParameter): Name = "Quantity Override"; Value = "1"; VariantName = "[No Variations]"
Add component (AddParameter): Name = "Revision"; Value = "1"; VariantName = "[No Variations]"
Add component (AddParameter): Name = "Status"; Value = "MCL Design"; VariantName = "[No Variations]"
Add component (AddParameter): Name = "Supplier 1"; Value = "Digi-Key"; VariantName = "[No Variations]"
Add component (AddParameter): Name = "Supplier Part Number 1"; Value = "541-3.24CCCT-ND"; VariantName = "[No Variations]"
Add component (AddParameter): Name = "Symbol"; Value = "Resistor"; VariantName = "[No Variations]"
Add component (AddParameter): Name = "Temperature Coeffcient"; Value = "100ppm/C"; VariantName = "[No Variations]"
Add component (AddParameter): Name = "Tolerance"; Value = "1%"; VariantName = "[No Variations]"
Add component (AddParameter): Name = "Type"; Value = "RES SMD"; VariantName = "[No Variations]"
Add component (AddParameter): Name = "Value"; Value = "3.24R"; VariantName = "[No Variations]"
Add component (AddParameter): Name = "Voltage"; Value = "150V"; VariantName = "[No Variations]"
Add Component: Footprint Not Found RES_C_0603
Add Component: Footprint Not Found RES_C_0603
Add Component: Footprint Not Found RES_C_0603
Added Component: Designator=R167(RES_C_0805)
Add component (AddParameter): Name = "BOM Notes"; Value = ""; VariantName = "[No Variations]"
Add component (AddParameter): Name = "Category"; Value = "Resistor"; VariantName = "[No Variations]"
Add component (AddParameter): Name = "ComponentLink1Description"; Value = "SVN Datasheet"; VariantName = "[No Variations]"
Add component (AddParameter): Name = "ComponentLink1URL"; Value = "https://chn-vm-apps.microchip.com/mchprepo/parts/Datasheets/PYu-R_INT-thick_7.pdf"; VariantName = "[No Variations]"
Add component (AddParameter): Name = "ComponentLink2Description"; Value = "Local Datasheet"; VariantName = "[No Variations]"
Add component (AddParameter): Name = "ComponentLink2URL"; Value = "C:\ALTIUM_WORK\00001_MCHP-CDB\Datasheets\PYu-R_INT-thick_7.pdf"; VariantName = "[No Variations]"
Add component (AddParameter): Name = "ComponentLink3Description"; Value = "Open Symbol"; VariantName = "[No Variations]"
Add component (AddParameter): Name = "ComponentLink3URL"; Value = "C:\ALTIUM_WORK\00001_MCHP-CDB\Library\LibraryRefs\Resistor.SchLib"; VariantName = "[No Variations]"
Add component (AddParameter): Name = "ComponentLink4Description"; Value = "Open Footprint"; VariantName = "[No Variations]"
Add component (AddParameter): Name = "ComponentLink4URL"; Value = "C:\ALTIUM_WORK\00001_MCHP-CDB\Library\Footprints\RES_C_0805.PcbLib"; VariantName = "[No Variations]"
Add component (AddParameter): Name = "ComponentLink5Description"; Value = "Open Footprint 2"; VariantName = "[No Variations]"
Add component (AddParameter): Name = "ComponentLink6Description"; Value = "Open Footprint 3"; VariantName = "[No Variations]"
Add component (AddParameter): Name = "ComponentLink7Description"; Value = "Open Footprint 4"; VariantName = "[No Variations]"
Add component (AddParameter): Name = "Composition"; Value = "TKF"; VariantName = "[No Variations]"
Add component (AddParameter): Name = "Description_"; Value = "RES TKF 47R 1% 1/8W SMD 0805"; VariantName = "[No Variations]"
Add component (AddParameter): Name = "Dev Tools Status"; Value = "Production"; VariantName = "[No Variations]"
Add component (AddParameter): Name = "Manufacturer 1"; Value = "Yageo"; VariantName = "[No Variations]"
Add component (AddParameter): Name = "Manufacturer Part Number 1"; Value = "RC0805FR-0747RL"; VariantName = "[No Variations]"
Add component (AddParameter): Name = "MCHP-ID"; Value = "RES1422"; VariantName = "[No Variations]"
Add component (AddParameter): Name = "Operating Temperature"; Value = "-55C to +155C"; VariantName = "[No Variations]"
Add component (AddParameter): Name = "Owner"; Value = "Henry de Villiers"; VariantName = "[No Variations]"
Add component (AddParameter): Name = "Package"; Value = "0805"; VariantName = "[No Variations]"
Add component (AddParameter): Name = "Populated"; Value = "YES"; VariantName = "[No Variations]"
Add component (AddParameter): Name = "Power"; Value = "1/8W"; VariantName = "[No Variations]"
Add component (AddParameter): Name = "Quantity Override"; Value = "1"; VariantName = "[No Variations]"
Add component (AddParameter): Name = "Revision"; Value = "1"; VariantName = "[No Variations]"
Add component (AddParameter): Name = "Status"; Value = "MCL Design"; VariantName = "[No Variations]"
Add component (AddParameter): Name = "Supplier 1"; Value = "Digi-Key"; VariantName = "[No Variations]"
Add component (AddParameter): Name = "Supplier Part Number 1"; Value = "311-47.0CRCT-ND"; VariantName = "[No Variations]"
Add component (AddParameter): Name = "Symbol"; Value = "Resistor"; VariantName = "[No Variations]"
Add component (AddParameter): Name = "Temperature Coeffcient"; Value = "100ppm/C"; VariantName = "[No Variations]"
Add component (AddParameter): Name = "Tolerance"; Value = "1%"; VariantName = "[No Variations]"
Add component (AddParameter): Name = "Type"; Value = "RES SMD"; VariantName = "[No Variations]"
Add component (AddParameter): Name = "Value"; Value = "47R"; VariantName = "[No Variations]"
Added Component: Designator=R168(RES_C_0805)
Add component (AddParameter): Name = "BOM Notes"; Value = ""; VariantName = "[No Variations]"
Add component (AddParameter): Name = "Category"; Value = "Resistor"; VariantName = "[No Variations]"
Add component (AddParameter): Name = "ComponentLink1Description"; Value = "SVN Datasheet"; VariantName = "[No Variations]"
Add component (AddParameter): Name = "ComponentLink1URL"; Value = "https://chn-vm-apps.microchip.com/mchprepo/parts/Datasheets/PYu-R_INT-thick_7.pdf"; VariantName = "[No Variations]"
Add component (AddParameter): Name = "ComponentLink2Description"; Value = "Local Datasheet"; VariantName = "[No Variations]"
Add component (AddParameter): Name = "ComponentLink2URL"; Value = "C:\ALTIUM_WORK\00001_MCHP-CDB\Datasheets\PYu-R_INT-thick_7.pdf"; VariantName = "[No Variations]"
Add component (AddParameter): Name = "ComponentLink3Description"; Value = "Open Symbol"; VariantName = "[No Variations]"
Add component (AddParameter): Name = "ComponentLink3URL"; Value = "C:\ALTIUM_WORK\00001_MCHP-CDB\Library\LibraryRefs\Resistor.SchLib"; VariantName = "[No Variations]"
Add component (AddParameter): Name = "ComponentLink4Description"; Value = "Open Footprint"; VariantName = "[No Variations]"
Add component (AddParameter): Name = "ComponentLink4URL"; Value = "C:\ALTIUM_WORK\00001_MCHP-CDB\Library\Footprints\RES_C_0805.PcbLib"; VariantName = "[No Variations]"
Add component (AddParameter): Name = "ComponentLink5Description"; Value = "Open Footprint 2"; VariantName = "[No Variations]"
Add component (AddParameter): Name = "ComponentLink6Description"; Value = "Open Footprint 3"; VariantName = "[No Variations]"
Add component (AddParameter): Name = "ComponentLink7Description"; Value = "Open Footprint 4"; VariantName = "[No Variations]"
Add component (AddParameter): Name = "Composition"; Value = "TKF"; VariantName = "[No Variations]"
Add component (AddParameter): Name = "Description_"; Value = "RES TKF 47R 1% 1/8W SMD 0805"; VariantName = "[No Variations]"
Add component (AddParameter): Name = "Dev Tools Status"; Value = "Production"; VariantName = "[No Variations]"
Add component (AddParameter): Name = "Manufacturer 1"; Value = "Yageo"; VariantName = "[No Variations]"
Add component (AddParameter): Name = "Manufacturer Part Number 1"; Value = "RC0805FR-0747RL"; VariantName = "[No Variations]"
Add component (AddParameter): Name = "MCHP-ID"; Value = "RES1422"; VariantName = "[No Variations]"
Add component (AddParameter): Name = "Operating Temperature"; Value = "-55C to +155C"; VariantName = "[No Variations]"
Add component (AddParameter): Name = "Owner"; Value = "Henry de Villiers"; VariantName = "[No Variations]"
Add component (AddParameter): Name = "Package"; Value = "0805"; VariantName = "[No Variations]"
Add component (AddParameter): Name = "Populated"; Value = "YES"; VariantName = "[No Variations]"
Add component (AddParameter): Name = "Power"; Value = "1/8W"; VariantName = "[No Variations]"
Add component (AddParameter): Name = "Quantity Override"; Value = "1"; VariantName = "[No Variations]"
Add component (AddParameter): Name = "Revision"; Value = "1"; VariantName = "[No Variations]"
Add component (AddParameter): Name = "Status"; Value = "MCL Design"; VariantName = "[No Variations]"
Add component (AddParameter): Name = "Supplier 1"; Value = "Digi-Key"; VariantName = "[No Variations]"
Add component (AddParameter): Name = "Supplier Part Number 1"; Value = "311-47.0CRCT-ND"; VariantName = "[No Variations]"
Add component (AddParameter): Name = "Symbol"; Value = "Resistor"; VariantName = "[No Variations]"
Add component (AddParameter): Name = "Temperature Coeffcient"; Value = "100ppm/C"; VariantName = "[No Variations]"
Add component (AddParameter): Name = "Tolerance"; Value = "1%"; VariantName = "[No Variations]"
Add component (AddParameter): Name = "Type"; Value = "RES SMD"; VariantName = "[No Variations]"
Add component (AddParameter): Name = "Value"; Value = "47R"; VariantName = "[No Variations]"
Added Component: Designator=R169(RES_C_0805)
Add component (AddParameter): Name = "BOM Notes"; Value = ""; VariantName = "[No Variations]"
Add component (AddParameter): Name = "Category"; Value = "Resistor"; VariantName = "[No Variations]"
Add component (AddParameter): Name = "ComponentLink1Description"; Value = "SVN Datasheet"; VariantName = "[No Variations]"
Add component (AddParameter): Name = "ComponentLink1URL"; Value = "https://chn-vm-apps.microchip.com/mchprepo/parts/Datasheets/dcrcwe3.pdf"; VariantName = "[No Variations]"
Add component (AddParameter): Name = "ComponentLink2Description"; Value = "Local Datasheet"; VariantName = "[No Variations]"
Add component (AddParameter): Name = "ComponentLink2URL"; Value = "C:\ALTIUM_WORK\00001_MCHP-CDB\Datasheets\dcrcwe3.pdf"; VariantName = "[No Variations]"
Add component (AddParameter): Name = "ComponentLink3Description"; Value = "Open Symbol"; VariantName = "[No Variations]"
Add component (AddParameter): Name = "ComponentLink3URL"; Value = "C:\ALTIUM_WORK\00001_MCHP-CDB\Library\LibraryRefs\Resistor.SchLib"; VariantName = "[No Variations]"
Add component (AddParameter): Name = "ComponentLink4Description"; Value = "Open Footprint"; VariantName = "[No Variations]"
Add component (AddParameter): Name = "ComponentLink4URL"; Value = "C:\ALTIUM_WORK\00001_MCHP-CDB\Library\Footprints\RES_C_0805.PcbLib"; VariantName = "[No Variations]"
Add component (AddParameter): Name = "ComponentLink5Description"; Value = "Open Footprint 2"; VariantName = "[No Variations]"
Add component (AddParameter): Name = "ComponentLink6Description"; Value = "Open Footprint 3"; VariantName = "[No Variations]"
Add component (AddParameter): Name = "ComponentLink7Description"; Value = "Open Footprint 4"; VariantName = "[No Variations]"
Add component (AddParameter): Name = "Composition"; Value = "TKF"; VariantName = "[No Variations]"
Add component (AddParameter): Name = "Description_"; Value = "RES TKF 3.24R 1% 1/8W SMD 0805"; VariantName = "[No Variations]"
Add component (AddParameter): Name = "Dev Tools Status"; Value = "Production"; VariantName = "[No Variations]"
Add component (AddParameter): Name = "Manufacturer 1"; Value = "Vishay Dale"; VariantName = "[No Variations]"
Add component (AddParameter): Name = "Manufacturer Part Number 1"; Value = "CRCW08053R24FKEA"; VariantName = "[No Variations]"
Add component (AddParameter): Name = "MCHP-ID"; Value = "RES1779"; VariantName = "[No Variations]"
Add component (AddParameter): Name = "Operating Temperature"; Value = "-55C to +155C"; VariantName = "[No Variations]"
Add component (AddParameter): Name = "Owner"; Value = "Cristian Papuc"; VariantName = "[No Variations]"
Add component (AddParameter): Name = "Package"; Value = "0805"; VariantName = "[No Variations]"
Add component (AddParameter): Name = "Populated"; Value = "DNP"; VariantName = "[No Variations]"
Add component (AddParameter): Name = "Power"; Value = "1/8W"; VariantName = "[No Variations]"
Add component (AddParameter): Name = "Quantity Override"; Value = "1"; VariantName = "[No Variations]"
Add component (AddParameter): Name = "Revision"; Value = "1"; VariantName = "[No Variations]"
Add component (AddParameter): Name = "Status"; Value = "MCL Design"; VariantName = "[No Variations]"
Add component (AddParameter): Name = "Supplier 1"; Value = "Digi-Key"; VariantName = "[No Variations]"
Add component (AddParameter): Name = "Supplier Part Number 1"; Value = "541-3.24CCCT-ND"; VariantName = "[No Variations]"
Add component (AddParameter): Name = "Symbol"; Value = "Resistor"; VariantName = "[No Variations]"
Add component (AddParameter): Name = "Temperature Coeffcient"; Value = "100ppm/C"; VariantName = "[No Variations]"
Add component (AddParameter): Name = "Tolerance"; Value = "1%"; VariantName = "[No Variations]"
Add component (AddParameter): Name = "Type"; Value = "RES SMD"; VariantName = "[No Variations]"
Add component (AddParameter): Name = "Value"; Value = "3.24R"; VariantName = "[No Variations]"
Add component (AddParameter): Name = "Voltage"; Value = "150V"; VariantName = "[No Variations]"
Added Component: Designator=R170(RES_C_0805)
Add component (AddParameter): Name = "BOM Notes"; Value = ""; VariantName = "[No Variations]"
Add component (AddParameter): Name = "Category"; Value = "Resistor"; VariantName = "[No Variations]"
Add component (AddParameter): Name = "ComponentLink1Description"; Value = "SVN Datasheet"; VariantName = "[No Variations]"
Add component (AddParameter): Name = "ComponentLink1URL"; Value = "https://chn-vm-apps.microchip.com/mchprepo/parts/Datasheets/dcrcwe3.pdf"; VariantName = "[No Variations]"
Add component (AddParameter): Name = "ComponentLink2Description"; Value = "Local Datasheet"; VariantName = "[No Variations]"
Add component (AddParameter): Name = "ComponentLink2URL"; Value = "C:\ALTIUM_WORK\00001_MCHP-CDB\Datasheets\dcrcwe3.pdf"; VariantName = "[No Variations]"
Add component (AddParameter): Name = "ComponentLink3Description"; Value = "Open Symbol"; VariantName = "[No Variations]"
Add component (AddParameter): Name = "ComponentLink3URL"; Value = "C:\ALTIUM_WORK\00001_MCHP-CDB\Library\LibraryRefs\Resistor.SchLib"; VariantName = "[No Variations]"
Add component (AddParameter): Name = "ComponentLink4Description"; Value = "Open Footprint"; VariantName = "[No Variations]"
Add component (AddParameter): Name = "ComponentLink4URL"; Value = "C:\ALTIUM_WORK\00001_MCHP-CDB\Library\Footprints\RES_C_0805.PcbLib"; VariantName = "[No Variations]"
Add component (AddParameter): Name = "ComponentLink5Description"; Value = "Open Footprint 2"; VariantName = "[No Variations]"
Add component (AddParameter): Name = "ComponentLink6Description"; Value = "Open Footprint 3"; VariantName = "[No Variations]"
Add component (AddParameter): Name = "ComponentLink7Description"; Value = "Open Footprint 4"; VariantName = "[No Variations]"
Add component (AddParameter): Name = "Composition"; Value = "TKF"; VariantName = "[No Variations]"
Add component (AddParameter): Name = "Description_"; Value = "RES TKF 3.24R 1% 1/8W SMD 0805"; VariantName = "[No Variations]"
Add component (AddParameter): Name = "Dev Tools Status"; Value = "Production"; VariantName = "[No Variations]"
Add component (AddParameter): Name = "Manufacturer 1"; Value = "Vishay Dale"; VariantName = "[No Variations]"
Add component (AddParameter): Name = "Manufacturer Part Number 1"; Value = "CRCW08053R24FKEA"; VariantName = "[No Variations]"
Add component (AddParameter): Name = "MCHP-ID"; Value = "RES1779"; VariantName = "[No Variations]"
Add component (AddParameter): Name = "Operating Temperature"; Value = "-55C to +155C"; VariantName = "[No Variations]"
Add component (AddParameter): Name = "Owner"; Value = "Cristian Papuc"; VariantName = "[No Variations]"
Add component (AddParameter): Name = "Package"; Value = "0805"; VariantName = "[No Variations]"
Add component (AddParameter): Name = "Populated"; Value = "DNP"; VariantName = "[No Variations]"
Add component (AddParameter): Name = "Power"; Value = "1/8W"; VariantName = "[No Variations]"
Add component (AddParameter): Name = "Quantity Override"; Value = "1"; VariantName = "[No Variations]"
Add component (AddParameter): Name = "Revision"; Value = "1"; VariantName = "[No Variations]"
Add component (AddParameter): Name = "Status"; Value = "MCL Design"; VariantName = "[No Variations]"
Add component (AddParameter): Name = "Supplier 1"; Value = "Digi-Key"; VariantName = "[No Variations]"
Add component (AddParameter): Name = "Supplier Part Number 1"; Value = "541-3.24CCCT-ND"; VariantName = "[No Variations]"
Add component (AddParameter): Name = "Symbol"; Value = "Resistor"; VariantName = "[No Variations]"
Add component (AddParameter): Name = "Temperature Coeffcient"; Value = "100ppm/C"; VariantName = "[No Variations]"
Add component (AddParameter): Name = "Tolerance"; Value = "1%"; VariantName = "[No Variations]"
Add component (AddParameter): Name = "Type"; Value = "RES SMD"; VariantName = "[No Variations]"
Add component (AddParameter): Name = "Value"; Value = "3.24R"; VariantName = "[No Variations]"
Add component (AddParameter): Name = "Voltage"; Value = "150V"; VariantName = "[No Variations]"
Added Component: Designator=R171(RES_C_0805)
Add component (AddParameter): Name = "BOM Notes"; Value = ""; VariantName = "[No Variations]"
Add component (AddParameter): Name = "Category"; Value = "Resistor"; VariantName = "[No Variations]"
Add component (AddParameter): Name = "ComponentLink1Description"; Value = "SVN Datasheet"; VariantName = "[No Variations]"
Add component (AddParameter): Name = "ComponentLink1URL"; Value = "https://chn-vm-apps.microchip.com/mchprepo/parts/Datasheets/PYu-R_INT-thick_7.pdf"; VariantName = "[No Variations]"
Add component (AddParameter): Name = "ComponentLink2Description"; Value = "Local Datasheet"; VariantName = "[No Variations]"
Add component (AddParameter): Name = "ComponentLink2URL"; Value = "C:\ALTIUM_WORK\00001_MCHP-CDB\Datasheets\PYu-R_INT-thick_7.pdf"; VariantName = "[No Variations]"
Add component (AddParameter): Name = "ComponentLink3Description"; Value = "Open Symbol"; VariantName = "[No Variations]"
Add component (AddParameter): Name = "ComponentLink3URL"; Value = "C:\ALTIUM_WORK\00001_MCHP-CDB\Library\LibraryRefs\Resistor.SchLib"; VariantName = "[No Variations]"
Add component (AddParameter): Name = "ComponentLink4Description"; Value = "Open Footprint"; VariantName = "[No Variations]"
Add component (AddParameter): Name = "ComponentLink4URL"; Value = "C:\ALTIUM_WORK\00001_MCHP-CDB\Library\Footprints\RES_C_0805.PcbLib"; VariantName = "[No Variations]"
Add component (AddParameter): Name = "ComponentLink5Description"; Value = "Open Footprint 2"; VariantName = "[No Variations]"
Add component (AddParameter): Name = "ComponentLink6Description"; Value = "Open Footprint 3"; VariantName = "[No Variations]"
Add component (AddParameter): Name = "ComponentLink7Description"; Value = "Open Footprint 4"; VariantName = "[No Variations]"
Add component (AddParameter): Name = "Composition"; Value = "TKF"; VariantName = "[No Variations]"
Add component (AddParameter): Name = "Description_"; Value = "RES TKF 47R 1% 1/8W SMD 0805"; VariantName = "[No Variations]"
Add component (AddParameter): Name = "Dev Tools Status"; Value = "Production"; VariantName = "[No Variations]"
Add component (AddParameter): Name = "Manufacturer 1"; Value = "Yageo"; VariantName = "[No Variations]"
Add component (AddParameter): Name = "Manufacturer Part Number 1"; Value = "RC0805FR-0747RL"; VariantName = "[No Variations]"
Add component (AddParameter): Name = "MCHP-ID"; Value = "RES1422"; VariantName = "[No Variations]"
Add component (AddParameter): Name = "Operating Temperature"; Value = "-55C to +155C"; VariantName = "[No Variations]"
Add component (AddParameter): Name = "Owner"; Value = "Henry de Villiers"; VariantName = "[No Variations]"
Add component (AddParameter): Name = "Package"; Value = "0805"; VariantName = "[No Variations]"
Add component (AddParameter): Name = "Populated"; Value = "YES"; VariantName = "[No Variations]"
Add component (AddParameter): Name = "Power"; Value = "1/8W"; VariantName = "[No Variations]"
Add component (AddParameter): Name = "Quantity Override"; Value = "1"; VariantName = "[No Variations]"
Add component (AddParameter): Name = "Revision"; Value = "1"; VariantName = "[No Variations]"
Add component (AddParameter): Name = "Status"; Value = "MCL Design"; VariantName = "[No Variations]"
Add component (AddParameter): Name = "Supplier 1"; Value = "Digi-Key"; VariantName = "[No Variations]"
Add component (AddParameter): Name = "Supplier Part Number 1"; Value = "311-47.0CRCT-ND"; VariantName = "[No Variations]"
Add component (AddParameter): Name = "Symbol"; Value = "Resistor"; VariantName = "[No Variations]"
Add component (AddParameter): Name = "Temperature Coeffcient"; Value = "100ppm/C"; VariantName = "[No Variations]"
Add component (AddParameter): Name = "Tolerance"; Value = "1%"; VariantName = "[No Variations]"
Add component (AddParameter): Name = "Type"; Value = "RES SMD"; VariantName = "[No Variations]"
Add component (AddParameter): Name = "Value"; Value = "47R"; VariantName = "[No Variations]"
Added Component: Designator=R172(RES_C_0805)
Add component (AddParameter): Name = "BOM Notes"; Value = ""; VariantName = "[No Variations]"
Add component (AddParameter): Name = "Category"; Value = "Resistor"; VariantName = "[No Variations]"
Add component (AddParameter): Name = "ComponentLink1Description"; Value = "SVN Datasheet"; VariantName = "[No Variations]"
Add component (AddParameter): Name = "ComponentLink1URL"; Value = "https://chn-vm-apps.microchip.com/mchprepo/parts/Datasheets/dcrcwe3.pdf"; VariantName = "[No Variations]"
Add component (AddParameter): Name = "ComponentLink2Description"; Value = "Local Datasheet"; VariantName = "[No Variations]"
Add component (AddParameter): Name = "ComponentLink2URL"; Value = "C:\ALTIUM_WORK\00001_MCHP-CDB\Datasheets\dcrcwe3.pdf"; VariantName = "[No Variations]"
Add component (AddParameter): Name = "ComponentLink3Description"; Value = "Open Symbol"; VariantName = "[No Variations]"
Add component (AddParameter): Name = "ComponentLink3URL"; Value = "C:\ALTIUM_WORK\00001_MCHP-CDB\Library\LibraryRefs\Resistor.SchLib"; VariantName = "[No Variations]"
Add component (AddParameter): Name = "ComponentLink4Description"; Value = "Open Footprint"; VariantName = "[No Variations]"
Add component (AddParameter): Name = "ComponentLink4URL"; Value = "C:\ALTIUM_WORK\00001_MCHP-CDB\Library\Footprints\RES_C_0805.PcbLib"; VariantName = "[No Variations]"
Add component (AddParameter): Name = "ComponentLink5Description"; Value = "Open Footprint 2"; VariantName = "[No Variations]"
Add component (AddParameter): Name = "ComponentLink6Description"; Value = "Open Footprint 3"; VariantName = "[No Variations]"
Add component (AddParameter): Name = "ComponentLink7Description"; Value = "Open Footprint 4"; VariantName = "[No Variations]"
Add component (AddParameter): Name = "Composition"; Value = "TKF"; VariantName = "[No Variations]"
Add component (AddParameter): Name = "Description_"; Value = "RES TKF 3.24R 1% 1/8W SMD 0805"; VariantName = "[No Variations]"
Add component (AddParameter): Name = "Dev Tools Status"; Value = "Production"; VariantName = "[No Variations]"
Add component (AddParameter): Name = "Manufacturer 1"; Value = "Vishay Dale"; VariantName = "[No Variations]"
Add component (AddParameter): Name = "Manufacturer Part Number 1"; Value = "CRCW08053R24FKEA"; VariantName = "[No Variations]"
Add component (AddParameter): Name = "MCHP-ID"; Value = "RES1779"; VariantName = "[No Variations]"
Add component (AddParameter): Name = "Operating Temperature"; Value = "-55C to +155C"; VariantName = "[No Variations]"
Add component (AddParameter): Name = "Owner"; Value = "Cristian Papuc"; VariantName = "[No Variations]"
Add component (AddParameter): Name = "Package"; Value = "0805"; VariantName = "[No Variations]"
Add component (AddParameter): Name = "Populated"; Value = "DNP"; VariantName = "[No Variations]"
Add component (AddParameter): Name = "Power"; Value = "1/8W"; VariantName = "[No Variations]"
Add component (AddParameter): Name = "Quantity Override"; Value = "1"; VariantName = "[No Variations]"
Add component (AddParameter): Name = "Revision"; Value = "1"; VariantName = "[No Variations]"
Add component (AddParameter): Name = "Status"; Value = "MCL Design"; VariantName = "[No Variations]"
Add component (AddParameter): Name = "Supplier 1"; Value = "Digi-Key"; VariantName = "[No Variations]"
Add component (AddParameter): Name = "Supplier Part Number 1"; Value = "541-3.24CCCT-ND"; VariantName = "[No Variations]"
Add component (AddParameter): Name = "Symbol"; Value = "Resistor"; VariantName = "[No Variations]"
Add component (AddParameter): Name = "Temperature Coeffcient"; Value = "100ppm/C"; VariantName = "[No Variations]"
Add component (AddParameter): Name = "Tolerance"; Value = "1%"; VariantName = "[No Variations]"
Add component (AddParameter): Name = "Type"; Value = "RES SMD"; VariantName = "[No Variations]"
Add component (AddParameter): Name = "Value"; Value = "3.24R"; VariantName = "[No Variations]"
Add component (AddParameter): Name = "Voltage"; Value = "150V"; VariantName = "[No Variations]"
Added Component: Designator=R173(RES_C_0805)
Add component (AddParameter): Name = "BOM Notes"; Value = ""; VariantName = "[No Variations]"
Add component (AddParameter): Name = "Category"; Value = "Resistor"; VariantName = "[No Variations]"
Add component (AddParameter): Name = "ComponentLink1Description"; Value = "SVN Datasheet"; VariantName = "[No Variations]"
Add component (AddParameter): Name = "ComponentLink1URL"; Value = "https://chn-vm-apps.microchip.com/mchprepo/parts/Datasheets/PYu-R_INT-thick_7.pdf"; VariantName = "[No Variations]"
Add component (AddParameter): Name = "ComponentLink2Description"; Value = "Local Datasheet"; VariantName = "[No Variations]"
Add component (AddParameter): Name = "ComponentLink2URL"; Value = "C:\ALTIUM_WORK\00001_MCHP-CDB\Datasheets\PYu-R_INT-thick_7.pdf"; VariantName = "[No Variations]"
Add component (AddParameter): Name = "ComponentLink3Description"; Value = "Open Symbol"; VariantName = "[No Variations]"
Add component (AddParameter): Name = "ComponentLink3URL"; Value = "C:\ALTIUM_WORK\00001_MCHP-CDB\Library\LibraryRefs\Resistor.SchLib"; VariantName = "[No Variations]"
Add component (AddParameter): Name = "ComponentLink4Description"; Value = "Open Footprint"; VariantName = "[No Variations]"
Add component (AddParameter): Name = "ComponentLink4URL"; Value = "C:\ALTIUM_WORK\00001_MCHP-CDB\Library\Footprints\RES_C_0805.PcbLib"; VariantName = "[No Variations]"
Add component (AddParameter): Name = "ComponentLink5Description"; Value = "Open Footprint 2"; VariantName = "[No Variations]"
Add component (AddParameter): Name = "ComponentLink6Description"; Value = "Open Footprint 3"; VariantName = "[No Variations]"
Add component (AddParameter): Name = "ComponentLink7Description"; Value = "Open Footprint 4"; VariantName = "[No Variations]"
Add component (AddParameter): Name = "Composition"; Value = "TKF"; VariantName = "[No Variations]"
Add component (AddParameter): Name = "Description_"; Value = "RES TKF 47R 1% 1/8W SMD 0805"; VariantName = "[No Variations]"
Add component (AddParameter): Name = "Dev Tools Status"; Value = "Production"; VariantName = "[No Variations]"
Add component (AddParameter): Name = "Manufacturer 1"; Value = "Yageo"; VariantName = "[No Variations]"
Add component (AddParameter): Name = "Manufacturer Part Number 1"; Value = "RC0805FR-0747RL"; VariantName = "[No Variations]"
Add component (AddParameter): Name = "MCHP-ID"; Value = "RES1422"; VariantName = "[No Variations]"
Add component (AddParameter): Name = "Operating Temperature"; Value = "-55C to +155C"; VariantName = "[No Variations]"
Add component (AddParameter): Name = "Owner"; Value = "Henry de Villiers"; VariantName = "[No Variations]"
Add component (AddParameter): Name = "Package"; Value = "0805"; VariantName = "[No Variations]"
Add component (AddParameter): Name = "Populated"; Value = "YES"; VariantName = "[No Variations]"
Add component (AddParameter): Name = "Power"; Value = "1/8W"; VariantName = "[No Variations]"
Add component (AddParameter): Name = "Quantity Override"; Value = "1"; VariantName = "[No Variations]"
Add component (AddParameter): Name = "Revision"; Value = "1"; VariantName = "[No Variations]"
Add component (AddParameter): Name = "Status"; Value = "MCL Design"; VariantName = "[No Variations]"
Add component (AddParameter): Name = "Supplier 1"; Value = "Digi-Key"; VariantName = "[No Variations]"
Add component (AddParameter): Name = "Supplier Part Number 1"; Value = "311-47.0CRCT-ND"; VariantName = "[No Variations]"
Add component (AddParameter): Name = "Symbol"; Value = "Resistor"; VariantName = "[No Variations]"
Add component (AddParameter): Name = "Temperature Coeffcient"; Value = "100ppm/C"; VariantName = "[No Variations]"
Add component (AddParameter): Name = "Tolerance"; Value = "1%"; VariantName = "[No Variations]"
Add component (AddParameter): Name = "Type"; Value = "RES SMD"; VariantName = "[No Variations]"
Add component (AddParameter): Name = "Value"; Value = "47R"; VariantName = "[No Variations]"
Added Component: Designator=R174(RES_C_0805)
Add component (AddParameter): Name = "BOM Notes"; Value = ""; VariantName = "[No Variations]"
Add component (AddParameter): Name = "Category"; Value = "Resistor"; VariantName = "[No Variations]"
Add component (AddParameter): Name = "ComponentLink1Description"; Value = "SVN Datasheet"; VariantName = "[No Variations]"
Add component (AddParameter): Name = "ComponentLink1URL"; Value = "https://chn-vm-apps.microchip.com/mchprepo/parts/Datasheets/dcrcwe3.pdf"; VariantName = "[No Variations]"
Add component (AddParameter): Name = "ComponentLink2Description"; Value = "Local Datasheet"; VariantName = "[No Variations]"
Add component (AddParameter): Name = "ComponentLink2URL"; Value = "C:\ALTIUM_WORK\00001_MCHP-CDB\Datasheets\dcrcwe3.pdf"; VariantName = "[No Variations]"
Add component (AddParameter): Name = "ComponentLink3Description"; Value = "Open Symbol"; VariantName = "[No Variations]"
Add component (AddParameter): Name = "ComponentLink3URL"; Value = "C:\ALTIUM_WORK\00001_MCHP-CDB\Library\LibraryRefs\Resistor.SchLib"; VariantName = "[No Variations]"
Add component (AddParameter): Name = "ComponentLink4Description"; Value = "Open Footprint"; VariantName = "[No Variations]"
Add component (AddParameter): Name = "ComponentLink4URL"; Value = "C:\ALTIUM_WORK\00001_MCHP-CDB\Library\Footprints\RES_C_0805.PcbLib"; VariantName = "[No Variations]"
Add component (AddParameter): Name = "ComponentLink5Description"; Value = "Open Footprint 2"; VariantName = "[No Variations]"
Add component (AddParameter): Name = "ComponentLink6Description"; Value = "Open Footprint 3"; VariantName = "[No Variations]"
Add component (AddParameter): Name = "ComponentLink7Description"; Value = "Open Footprint 4"; VariantName = "[No Variations]"
Add component (AddParameter): Name = "Composition"; Value = "TKF"; VariantName = "[No Variations]"
Add component (AddParameter): Name = "Description_"; Value = "RES TKF 3.24R 1% 1/8W SMD 0805"; VariantName = "[No Variations]"
Add component (AddParameter): Name = "Dev Tools Status"; Value = "Production"; VariantName = "[No Variations]"
Add component (AddParameter): Name = "Manufacturer 1"; Value = "Vishay Dale"; VariantName = "[No Variations]"
Add component (AddParameter): Name = "Manufacturer Part Number 1"; Value = "CRCW08053R24FKEA"; VariantName = "[No Variations]"
Add component (AddParameter): Name = "MCHP-ID"; Value = "RES1779"; VariantName = "[No Variations]"
Add component (AddParameter): Name = "Operating Temperature"; Value = "-55C to +155C"; VariantName = "[No Variations]"
Add component (AddParameter): Name = "Owner"; Value = "Cristian Papuc"; VariantName = "[No Variations]"
Add component (AddParameter): Name = "Package"; Value = "0805"; VariantName = "[No Variations]"
Add component (AddParameter): Name = "Populated"; Value = "DNP"; VariantName = "[No Variations]"
Add component (AddParameter): Name = "Power"; Value = "1/8W"; VariantName = "[No Variations]"
Add component (AddParameter): Name = "Quantity Override"; Value = "1"; VariantName = "[No Variations]"
Add component (AddParameter): Name = "Revision"; Value = "1"; VariantName = "[No Variations]"
Add component (AddParameter): Name = "Status"; Value = "MCL Design"; VariantName = "[No Variations]"
Add component (AddParameter): Name = "Supplier 1"; Value = "Digi-Key"; VariantName = "[No Variations]"
Add component (AddParameter): Name = "Supplier Part Number 1"; Value = "541-3.24CCCT-ND"; VariantName = "[No Variations]"
Add component (AddParameter): Name = "Symbol"; Value = "Resistor"; VariantName = "[No Variations]"
Add component (AddParameter): Name = "Temperature Coeffcient"; Value = "100ppm/C"; VariantName = "[No Variations]"
Add component (AddParameter): Name = "Tolerance"; Value = "1%"; VariantName = "[No Variations]"
Add component (AddParameter): Name = "Type"; Value = "RES SMD"; VariantName = "[No Variations]"
Add component (AddParameter): Name = "Value"; Value = "3.24R"; VariantName = "[No Variations]"
Add component (AddParameter): Name = "Voltage"; Value = "150V"; VariantName = "[No Variations]"
Added Component: Designator=R181(RES_C_0603)
Add component (AddParameter): Name = "Category"; Value = "Resistor"; VariantName = "[No Variations]"
Add component (AddParameter): Name = "ComponentLink1Description"; Value = "Datasheet"; VariantName = "[No Variations]"
Add component (AddParameter): Name = "ComponentLink1URL"; Value = "https://chn-vm-apps.microchip.com/mchprepo/parts/Datasheets/AOA0000CE2.pdf"; VariantName = "[No Variations]"
Add component (AddParameter): Name = "Composition"; Value = "TKF"; VariantName = "[No Variations]"
Add component (AddParameter): Name = "Description_"; Value = "RES TKF 4.7k 1% 1/10W SMD 0603"; VariantName = "[No Variations]"
Add component (AddParameter): Name = "Manufacturer 1"; Value = "Panasonic"; VariantName = "[No Variations]"
Add component (AddParameter): Name = "Manufacturer Part Number 1"; Value = "ERJ-3EKF4701V"; VariantName = "[No Variations]"
Add component (AddParameter): Name = "MCHP-ID"; Value = "RSMT0628"; VariantName = "[No Variations]"
Add component (AddParameter): Name = "Operating Temperature"; Value = "-55C to +155C"; VariantName = "[No Variations]"
Add component (AddParameter): Name = "Package"; Value = "0603"; VariantName = "[No Variations]"
Add component (AddParameter): Name = "Populated"; Value = "Yes"; VariantName = "[No Variations]"
Add component (AddParameter): Name = "Power"; Value = "1/10W"; VariantName = "[No Variations]"
Add component (AddParameter): Name = "Quantity Override"; Value = "1"; VariantName = "[No Variations]"
Add component (AddParameter): Name = "Revision"; Value = "1"; VariantName = "[No Variations]"
Add component (AddParameter): Name = "Status"; Value = "Production"; VariantName = "[No Variations]"
Add component (AddParameter): Name = "Supplier 1"; Value = "Digi-Key"; VariantName = "[No Variations]"
Add component (AddParameter): Name = "Supplier Part Number 1"; Value = "P4.70KHCT-ND"; VariantName = "[No Variations]"
Add component (AddParameter): Name = "Temperature Coeffcient"; Value = "100ppm/C"; VariantName = "[No Variations]"
Add component (AddParameter): Name = "Tolerance"; Value = "1%"; VariantName = "[No Variations]"
Add component (AddParameter): Name = "Type"; Value = "RES SMD"; VariantName = "[No Variations]"
Add component (AddParameter): Name = "Value"; Value = "4.7k"; VariantName = "[No Variations]"
Add component (AddParameter): Name = "Voltage"; Value = "75V"; VariantName = "[No Variations]"
Added Component: Designator=R183(RES_C_0603)
Add component (AddParameter): Name = "Category"; Value = "Resistor"; VariantName = "[No Variations]"
Add component (AddParameter): Name = "ComponentLink1Description"; Value = "Datasheet"; VariantName = "[No Variations]"
Add component (AddParameter): Name = "ComponentLink1URL"; Value = "https://chn-vm-apps.microchip.com/mchprepo/parts/Datasheets/PYu-RC0603_51_RoHS_L_4.pdf"; VariantName = "[No Variations]"
Add component (AddParameter): Name = "Composition"; Value = "TKF"; VariantName = "[No Variations]"
Add component (AddParameter): Name = "Description_"; Value = "RES TKF 470R 1% 1/10W SMD 0603"; VariantName = "[No Variations]"
Add component (AddParameter): Name = "Manufacturer 1"; Value = "Yageo"; VariantName = "[No Variations]"
Add component (AddParameter): Name = "Manufacturer 2"; Value = "Panasonic"; VariantName = "[No Variations]"
Add component (AddParameter): Name = "Manufacturer 3"; Value = "Stackpole Electronics Inc"; VariantName = "[No Variations]"
Add component (AddParameter): Name = "Manufacturer Part Number 1"; Value = "RC0603FR-07470RL"; VariantName = "[No Variations]"
Add component (AddParameter): Name = "Manufacturer Part Number 2"; Value = "ERJ-3EKF4700V"; VariantName = "[No Variations]"
Add component (AddParameter): Name = "Manufacturer Part Number 3"; Value = "RMCF0603FT470R"; VariantName = "[No Variations]"
Add component (AddParameter): Name = "MCHP-ID"; Value = "RSMT0518"; VariantName = "[No Variations]"
Add component (AddParameter): Name = "Operating Temperature"; Value = "-55C to +155C"; VariantName = "[No Variations]"
Add component (AddParameter): Name = "Package"; Value = "0603"; VariantName = "[No Variations]"
Add component (AddParameter): Name = "Populated"; Value = "Yes"; VariantName = "[No Variations]"
Add component (AddParameter): Name = "Power"; Value = "1/10W"; VariantName = "[No Variations]"
Add component (AddParameter): Name = "Quantity Override"; Value = "1"; VariantName = "[No Variations]"
Add component (AddParameter): Name = "Revision"; Value = "1"; VariantName = "[No Variations]"
Add component (AddParameter): Name = "Status"; Value = "Production"; VariantName = "[No Variations]"
Add component (AddParameter): Name = "Supplier 1"; Value = "Digi-Key"; VariantName = "[No Variations]"
Add component (AddParameter): Name = "Supplier 2"; Value = "Digi-Key"; VariantName = "[No Variations]"
Add component (AddParameter): Name = "Supplier 3"; Value = "Digi-Key"; VariantName = "[No Variations]"
Add component (AddParameter): Name = "Supplier Part Number 1"; Value = "311-470HRCT-ND"; VariantName = "[No Variations]"
Add component (AddParameter): Name = "Supplier Part Number 2"; Value = "P470HCT-ND"; VariantName = "[No Variations]"
Add component (AddParameter): Name = "Supplier Part Number 3"; Value = "RMCF1/16470FRTR-ND"; VariantName = "[No Variations]"
Add component (AddParameter): Name = "Temperature Coeffcient"; Value = "100ppm/C"; VariantName = "[No Variations]"
Add component (AddParameter): Name = "Tolerance"; Value = "1%"; VariantName = "[No Variations]"
Add component (AddParameter): Name = "Type"; Value = "RES SMD"; VariantName = "[No Variations]"
Add component (AddParameter): Name = "Value"; Value = "470R"; VariantName = "[No Variations]"
Add component (AddParameter): Name = "Voltage"; Value = "50V"; VariantName = "[No Variations]"
Added Component: Designator=R187(RES_C_0603)
Add component (AddParameter): Name = "Category"; Value = "Resistor"; VariantName = "[No Variations]"
Add component (AddParameter): Name = "ComponentLink1Description"; Value = "Datasheet"; VariantName = "[No Variations]"
Add component (AddParameter): Name = "ComponentLink1URL"; Value = "https://chn-vm-apps.microchip.com/mchprepo/parts/Datasheets/AOA0000CE2.pdf"; VariantName = "[No Variations]"
Add component (AddParameter): Name = "Composition"; Value = "TKF"; VariantName = "[No Variations]"
Add component (AddParameter): Name = "Description_"; Value = "RES TKF 1k 1% 1/10W SMD 0603"; VariantName = "[No Variations]"
Add component (AddParameter): Name = "Manufacturer 1"; Value = "Panasonic"; VariantName = "[No Variations]"
Add component (AddParameter): Name = "Manufacturer 2"; Value = "ROHM"; VariantName = "[No Variations]"
Add component (AddParameter): Name = "Manufacturer 3"; Value = "Vishay"; VariantName = "[No Variations]"
Add component (AddParameter): Name = "Manufacturer 4"; Value = "Stackpole Electronics Inc"; VariantName = "[No Variations]"
Add component (AddParameter): Name = "Manufacturer 5"; Value = "Yageo"; VariantName = "[No Variations]"
Add component (AddParameter): Name = "Manufacturer 6"; Value = "Stackpole Electronics Inc"; VariantName = "[No Variations]"
Add component (AddParameter): Name = "Manufacturer 7"; Value = "Stackpole Electronics Inc"; VariantName = "[No Variations]"
Add component (AddParameter): Name = "Manufacturer Part Number 1"; Value = "ERJ-3EKF1001V"; VariantName = "[No Variations]"
Add component (AddParameter): Name = "Manufacturer Part Number 2"; Value = "MCR03EZPFX1001"; VariantName = "[No Variations]"
Add component (AddParameter): Name = "Manufacturer Part Number 3"; Value = "CRCW06031K00FKEA"; VariantName = "[No Variations]"
Add component (AddParameter): Name = "Manufacturer Part Number 4"; Value = "RMCF1/161.0K1%TR"; VariantName = "[No Variations]"
Add component (AddParameter): Name = "Manufacturer Part Number 5"; Value = "RC0603FR-071KL"; VariantName = "[No Variations]"
Add component (AddParameter): Name = "Manufacturer Part Number 6"; Value = "RMCF0603FT1K00"; VariantName = "[No Variations]"
Add component (AddParameter): Name = "Manufacturer Part Number 7"; Value = "RMCF 1/16 1K 1% R"; VariantName = "[No Variations]"
Add component (AddParameter): Name = "MCHP-ID"; Value = "RSMT0138"; VariantName = "[No Variations]"
Add component (AddParameter): Name = "Operating Temperature"; Value = "-55C to +155C"; VariantName = "[No Variations]"
Add component (AddParameter): Name = "Package"; Value = "0603"; VariantName = "[No Variations]"
Add component (AddParameter): Name = "Populated"; Value = "Yes"; VariantName = "[No Variations]"
Add component (AddParameter): Name = "Power"; Value = "1/10W"; VariantName = "[No Variations]"
Add component (AddParameter): Name = "Quantity Override"; Value = "1"; VariantName = "[No Variations]"
Add component (AddParameter): Name = "Revision"; Value = "2"; VariantName = "[No Variations]"
Add component (AddParameter): Name = "Status"; Value = "Production"; VariantName = "[No Variations]"
Add component (AddParameter): Name = "Supplier 1"; Value = "Digi-Key"; VariantName = "[No Variations]"
Add component (AddParameter): Name = "Supplier 2"; Value = "Digi-Key"; VariantName = "[No Variations]"
Add component (AddParameter): Name = "Supplier 3"; Value = "Digi-Key"; VariantName = "[No Variations]"
Add component (AddParameter): Name = "Supplier 4"; Value = "Newark"; VariantName = "[No Variations]"
Add component (AddParameter): Name = "Supplier 5"; Value = "Stackpole Electronics Inc"; VariantName = "[No Variations]"
Add component (AddParameter): Name = "Supplier 6"; Value = "Digi-Key"; VariantName = "[No Variations]"
Add component (AddParameter): Name = "Supplier 7"; Value = "Digi-Key"; VariantName = "[No Variations]"
Add component (AddParameter): Name = "Supplier 8"; Value = "Digi-Key"; VariantName = "[No Variations]"
Add component (AddParameter): Name = "Supplier Part Number 1"; Value = "P1.00KHTR-ND"; VariantName = "[No Variations]"
Add component (AddParameter): Name = "Supplier Part Number 2"; Value = "P1.00KHCT-ND"; VariantName = "[No Variations]"
Add component (AddParameter): Name = "Supplier Part Number 3"; Value = "RHM1.00KHCT-ND"; VariantName = "[No Variations]"
Add component (AddParameter): Name = "Supplier Part Number 4"; Value = "52K8015"; VariantName = "[No Variations]"
Add component (AddParameter): Name = "Supplier Part Number 5"; Value = "RMCF1/161.0K1%TR"; VariantName = "[No Variations]"
Add component (AddParameter): Name = "Supplier Part Number 6"; Value = "311-1.00KHRCT-ND"; VariantName = "[No Variations]"
Add component (AddParameter): Name = "Supplier Part Number 7"; Value = "RMCF1/161KFRTR-ND"; VariantName = "[No Variations]"
Add component (AddParameter): Name = "Supplier Part Number 8"; Value = "RMCF0603FT1K00TR-ND"; VariantName = "[No Variations]"
Add component (AddParameter): Name = "Temperature Coeffcient"; Value = "100ppm/C"; VariantName = "[No Variations]"
Add component (AddParameter): Name = "Tolerance"; Value = "1%"; VariantName = "[No Variations]"
Add component (AddParameter): Name = "Type"; Value = "RES SMD"; VariantName = "[No Variations]"
Add component (AddParameter): Name = "Value"; Value = "1k"; VariantName = "[No Variations]"
Add component (AddParameter): Name = "Voltage"; Value = "75V"; VariantName = "[No Variations]"
Added Component: Designator=R188(RES_C_0603)
Add component (AddParameter): Name = "Category"; Value = "Resistor"; VariantName = "[No Variations]"
Add component (AddParameter): Name = "ComponentLink1Description"; Value = "Datasheet"; VariantName = "[No Variations]"
Add component (AddParameter): Name = "ComponentLink1URL"; Value = "https://chn-vm-apps.microchip.com/mchprepo/parts/Datasheets/AOA0000CE2.pdf"; VariantName = "[No Variations]"
Add component (AddParameter): Name = "Composition"; Value = "TKF"; VariantName = "[No Variations]"
Add component (AddParameter): Name = "Description_"; Value = "RES TKF 1k 1% 1/10W SMD 0603"; VariantName = "[No Variations]"
Add component (AddParameter): Name = "Manufacturer 1"; Value = "Panasonic"; VariantName = "[No Variations]"
Add component (AddParameter): Name = "Manufacturer 2"; Value = "ROHM"; VariantName = "[No Variations]"
Add component (AddParameter): Name = "Manufacturer 3"; Value = "Vishay"; VariantName = "[No Variations]"
Add component (AddParameter): Name = "Manufacturer 4"; Value = "Stackpole Electronics Inc"; VariantName = "[No Variations]"
Add component (AddParameter): Name = "Manufacturer 5"; Value = "Yageo"; VariantName = "[No Variations]"
Add component (AddParameter): Name = "Manufacturer 6"; Value = "Stackpole Electronics Inc"; VariantName = "[No Variations]"
Add component (AddParameter): Name = "Manufacturer 7"; Value = "Stackpole Electronics Inc"; VariantName = "[No Variations]"
Add component (AddParameter): Name = "Manufacturer Part Number 1"; Value = "ERJ-3EKF1001V"; VariantName = "[No Variations]"
Add component (AddParameter): Name = "Manufacturer Part Number 2"; Value = "MCR03EZPFX1001"; VariantName = "[No Variations]"
Add component (AddParameter): Name = "Manufacturer Part Number 3"; Value = "CRCW06031K00FKEA"; VariantName = "[No Variations]"
Add component (AddParameter): Name = "Manufacturer Part Number 4"; Value = "RMCF1/161.0K1%TR"; VariantName = "[No Variations]"
Add component (AddParameter): Name = "Manufacturer Part Number 5"; Value = "RC0603FR-071KL"; VariantName = "[No Variations]"
Add component (AddParameter): Name = "Manufacturer Part Number 6"; Value = "RMCF0603FT1K00"; VariantName = "[No Variations]"
Add component (AddParameter): Name = "Manufacturer Part Number 7"; Value = "RMCF 1/16 1K 1% R"; VariantName = "[No Variations]"
Add component (AddParameter): Name = "MCHP-ID"; Value = "RSMT0138"; VariantName = "[No Variations]"
Add component (AddParameter): Name = "Operating Temperature"; Value = "-55C to +155C"; VariantName = "[No Variations]"
Add component (AddParameter): Name = "Package"; Value = "0603"; VariantName = "[No Variations]"
Add component (AddParameter): Name = "Populated"; Value = "Yes"; VariantName = "[No Variations]"
Add component (AddParameter): Name = "Power"; Value = "1/10W"; VariantName = "[No Variations]"
Add component (AddParameter): Name = "Quantity Override"; Value = "1"; VariantName = "[No Variations]"
Add component (AddParameter): Name = "Revision"; Value = "2"; VariantName = "[No Variations]"
Add component (AddParameter): Name = "Status"; Value = "Production"; VariantName = "[No Variations]"
Add component (AddParameter): Name = "Supplier 1"; Value = "Digi-Key"; VariantName = "[No Variations]"
Add component (AddParameter): Name = "Supplier 2"; Value = "Digi-Key"; VariantName = "[No Variations]"
Add component (AddParameter): Name = "Supplier 3"; Value = "Digi-Key"; VariantName = "[No Variations]"
Add component (AddParameter): Name = "Supplier 4"; Value = "Newark"; VariantName = "[No Variations]"
Add component (AddParameter): Name = "Supplier 5"; Value = "Stackpole Electronics Inc"; VariantName = "[No Variations]"
Add component (AddParameter): Name = "Supplier 6"; Value = "Digi-Key"; VariantName = "[No Variations]"
Add component (AddParameter): Name = "Supplier 7"; Value = "Digi-Key"; VariantName = "[No Variations]"
Add component (AddParameter): Name = "Supplier 8"; Value = "Digi-Key"; VariantName = "[No Variations]"
Add component (AddParameter): Name = "Supplier Part Number 1"; Value = "P1.00KHTR-ND"; VariantName = "[No Variations]"
Add component (AddParameter): Name = "Supplier Part Number 2"; Value = "P1.00KHCT-ND"; VariantName = "[No Variations]"
Add component (AddParameter): Name = "Supplier Part Number 3"; Value = "RHM1.00KHCT-ND"; VariantName = "[No Variations]"
Add component (AddParameter): Name = "Supplier Part Number 4"; Value = "52K8015"; VariantName = "[No Variations]"
Add component (AddParameter): Name = "Supplier Part Number 5"; Value = "RMCF1/161.0K1%TR"; VariantName = "[No Variations]"
Add component (AddParameter): Name = "Supplier Part Number 6"; Value = "311-1.00KHRCT-ND"; VariantName = "[No Variations]"
Add component (AddParameter): Name = "Supplier Part Number 7"; Value = "RMCF1/161KFRTR-ND"; VariantName = "[No Variations]"
Add component (AddParameter): Name = "Supplier Part Number 8"; Value = "RMCF0603FT1K00TR-ND"; VariantName = "[No Variations]"
Add component (AddParameter): Name = "Temperature Coeffcient"; Value = "100ppm/C"; VariantName = "[No Variations]"
Add component (AddParameter): Name = "Tolerance"; Value = "1%"; VariantName = "[No Variations]"
Add component (AddParameter): Name = "Type"; Value = "RES SMD"; VariantName = "[No Variations]"
Add component (AddParameter): Name = "Value"; Value = "1k"; VariantName = "[No Variations]"
Add component (AddParameter): Name = "Voltage"; Value = "75V"; VariantName = "[No Variations]"
Added Component: Designator=R191(RES_C_2512)
Add component (AddParameter): Name = "BOM Notes"; Value = ""; VariantName = "[No Variations]"
Add component (AddParameter): Name = "Category"; Value = "Resistor"; VariantName = "[No Variations]"
Add component (AddParameter): Name = "ComponentLink1Description"; Value = "SVN Datasheet"; VariantName = "[No Variations]"
Add component (AddParameter): Name = "ComponentLink1URL"; Value = "https://chn-vm-apps.microchip.com/mchprepo/parts/Datasheets/dcrcwe3.pdf"; VariantName = "[No Variations]"
Add component (AddParameter): Name = "ComponentLink2Description"; Value = "Local Datasheet"; VariantName = "[No Variations]"
Add component (AddParameter): Name = "ComponentLink2URL"; Value = "C:\ALTIUM_WORK\00001_MCHP-CDB\Datasheets\dcrcwe3.pdf"; VariantName = "[No Variations]"
Add component (AddParameter): Name = "ComponentLink3Description"; Value = "Open Symbol"; VariantName = "[No Variations]"
Add component (AddParameter): Name = "ComponentLink3URL"; Value = "C:\ALTIUM_WORK\00001_MCHP-CDB\Library\LibraryRefs\Resistor.SchLib"; VariantName = "[No Variations]"
Add component (AddParameter): Name = "ComponentLink4Description"; Value = "Open Footprint"; VariantName = "[No Variations]"
Add component (AddParameter): Name = "ComponentLink4URL"; Value = "C:\ALTIUM_WORK\00001_MCHP-CDB\Library\Footprints\RES_C_2512.PcbLib"; VariantName = "[No Variations]"
Add component (AddParameter): Name = "ComponentLink5Description"; Value = "Open Footprint 2"; VariantName = "[No Variations]"
Add component (AddParameter): Name = "ComponentLink6Description"; Value = "Open Footprint 3"; VariantName = "[No Variations]"
Add component (AddParameter): Name = "ComponentLink7Description"; Value = "Open Footprint 4"; VariantName = "[No Variations]"
Add component (AddParameter): Name = "Composition"; Value = "TKF"; VariantName = "[No Variations]"
Add component (AddParameter): Name = "Description_"; Value = "RES TKF 0R JUMPER 1W AEC-Q200 SMD 2512"; VariantName = "[No Variations]"
Add component (AddParameter): Name = "Dev Tools Status"; Value = "Design"; VariantName = "[No Variations]"
Add component (AddParameter): Name = "Manufacturer 1"; Value = "Vishay Dale"; VariantName = "[No Variations]"
Add component (AddParameter): Name = "Manufacturer Part Number 1"; Value = "CRCW25120000Z0EG"; VariantName = "[No Variations]"
Add component (AddParameter): Name = "MCHP-ID"; Value = "RES2467"; VariantName = "[No Variations]"
Add component (AddParameter): Name = "Operating Temperature"; Value = "-55C to +155C"; VariantName = "[No Variations]"
Add component (AddParameter): Name = "Owner"; Value = "Narasimha Murthy"; VariantName = "[No Variations]"
Add component (AddParameter): Name = "Package"; Value = "2512"; VariantName = "[No Variations]"
Add component (AddParameter): Name = "Populated"; Value = "YES"; VariantName = "[No Variations]"
Add component (AddParameter): Name = "Power"; Value = "1W"; VariantName = "[No Variations]"
Add component (AddParameter): Name = "Quantity Override"; Value = "1"; VariantName = "[No Variations]"
Add component (AddParameter): Name = "Revision"; Value = "1"; VariantName = "[No Variations]"
Add component (AddParameter): Name = "Status"; Value = "MCL Design"; VariantName = "[No Variations]"
Add component (AddParameter): Name = "Supplier 1"; Value = "Digi-Key"; VariantName = "[No Variations]"
Add component (AddParameter): Name = "Supplier Part Number 1"; Value = "541-0.0XCT-ND"; VariantName = "[No Variations]"
Add component (AddParameter): Name = "Symbol"; Value = "Resistor"; VariantName = "[No Variations]"
Add component (AddParameter): Name = "Type"; Value = "RES SMD"; VariantName = "[No Variations]"
Add component (AddParameter): Name = "Value"; Value = "0R"; VariantName = "[No Variations]"
Add component (AddParameter): Name = "Voltage"; Value = "500V"; VariantName = "[No Variations]"
Added Component: Designator=Rsh1(RES_C_2512)
Add component (AddParameter): Name = "Category"; Value = "Resistor"; VariantName = "[No Variations]"
Add component (AddParameter): Name = "ComponentLink1Description"; Value = "SVN Datasheet"; VariantName = "[No Variations]"
Add component (AddParameter): Name = "ComponentLink1URL"; Value = "https://chn-vm-apps.microchip.com/mchprepo/parts/Datasheets/cra.pdf"; VariantName = "[No Variations]"
Add component (AddParameter): Name = "ComponentLink2Description"; Value = "Local Datasheet"; VariantName = "[No Variations]"
Add component (AddParameter): Name = "ComponentLink2URL"; Value = "C:\ALTIUM_WORK\00001_MCHP-CDB\Datasheets\cra.pdf"; VariantName = "[No Variations]"
Add component (AddParameter): Name = "ComponentLink3Description"; Value = "Open Symbol"; VariantName = "[No Variations]"
Add component (AddParameter): Name = "ComponentLink3URL"; Value = "C:\ALTIUM_WORK\00001_MCHP-CDB\Library\LibraryRefs\Resistor.SchLib"; VariantName = "[No Variations]"
Add component (AddParameter): Name = "ComponentLink4Description"; Value = "Open Footprint"; VariantName = "[No Variations]"
Add component (AddParameter): Name = "ComponentLink4URL"; Value = "C:\ALTIUM_WORK\00001_MCHP-CDB\Library\Footprints\RES_C_2512.PcbLib"; VariantName = "[No Variations]"
Add component (AddParameter): Name = "ComponentLink5Description"; Value = "Open Footprint 2"; VariantName = "[No Variations]"
Add component (AddParameter): Name = "ComponentLink6Description"; Value = "Open Footprint 3"; VariantName = "[No Variations]"
Add component (AddParameter): Name = "ComponentLink7Description"; Value = "Open Footprint 4"; VariantName = "[No Variations]"
Add component (AddParameter): Name = "Composition"; Value = "MF"; VariantName = "[No Variations]"
Add component (AddParameter): Name = "Description_"; Value = "RES MF 0.01R 1% 3W SMD 2512 AEC-Q200"; VariantName = "[No Variations]"
Add component (AddParameter): Name = "Dev Tools Status"; Value = "Design"; VariantName = "[No Variations]"
Add component (AddParameter): Name = "Manufacturer 1"; Value = "Bourns Inc."; VariantName = "[No Variations]"
Add component (AddParameter): Name = "Manufacturer Part Number 1"; Value = "CRA2512-FZ-R010ELF"; VariantName = "[No Variations]"
Add component (AddParameter): Name = "MCHP-ID"; Value = "RES2263"; VariantName = "[No Variations]"
Add component (AddParameter): Name = "Operating Temperature"; Value = "-55°C ~ 170°C"; VariantName = "[No Variations]"
Add component (AddParameter): Name = "Owner"; Value = "Narasimha Murthy"; VariantName = "[No Variations]"
Add component (AddParameter): Name = "Package"; Value = "2512"; VariantName = "[No Variations]"
Add component (AddParameter): Name = "Populated"; Value = "YES"; VariantName = "[No Variations]"
Add component (AddParameter): Name = "Power"; Value = "3W"; VariantName = "[No Variations]"
Add component (AddParameter): Name = "Quantity Override"; Value = "1"; VariantName = "[No Variations]"
Add component (AddParameter): Name = "Revision"; Value = "A"; VariantName = "[No Variations]"
Add component (AddParameter): Name = "Status"; Value = "MCL Design"; VariantName = "[No Variations]"
Add component (AddParameter): Name = "Supplier 1"; Value = "Digi-Key"; VariantName = "[No Variations]"
Add component (AddParameter): Name = "Supplier Part Number 1"; Value = "CRA2512-FZ-R010ELFCT-ND"; VariantName = "[No Variations]"
Add component (AddParameter): Name = "Symbol"; Value = "Resistor"; VariantName = "[No Variations]"
Add component (AddParameter): Name = "Temperature Coeffcient"; Value = "±50ppm/°C"; VariantName = "[No Variations]"
Add component (AddParameter): Name = "Tolerance"; Value = "±1%"; VariantName = "[No Variations]"
Add component (AddParameter): Name = "Type"; Value = "RES SMD"; VariantName = "[No Variations]"
Add component (AddParameter): Name = "Value"; Value = "0.01R"; VariantName = "[No Variations]"
Added Component: Designator=Rsh2(RES_C_2512)
Add component (AddParameter): Name = "Category"; Value = "Resistor"; VariantName = "[No Variations]"
Add component (AddParameter): Name = "ComponentLink1Description"; Value = "SVN Datasheet"; VariantName = "[No Variations]"
Add component (AddParameter): Name = "ComponentLink1URL"; Value = "https://chn-vm-apps.microchip.com/mchprepo/parts/Datasheets/cra.pdf"; VariantName = "[No Variations]"
Add component (AddParameter): Name = "ComponentLink2Description"; Value = "Local Datasheet"; VariantName = "[No Variations]"
Add component (AddParameter): Name = "ComponentLink2URL"; Value = "C:\ALTIUM_WORK\00001_MCHP-CDB\Datasheets\cra.pdf"; VariantName = "[No Variations]"
Add component (AddParameter): Name = "ComponentLink3Description"; Value = "Open Symbol"; VariantName = "[No Variations]"
Add component (AddParameter): Name = "ComponentLink3URL"; Value = "C:\ALTIUM_WORK\00001_MCHP-CDB\Library\LibraryRefs\Resistor.SchLib"; VariantName = "[No Variations]"
Add component (AddParameter): Name = "ComponentLink4Description"; Value = "Open Footprint"; VariantName = "[No Variations]"
Add component (AddParameter): Name = "ComponentLink4URL"; Value = "C:\ALTIUM_WORK\00001_MCHP-CDB\Library\Footprints\RES_C_2512.PcbLib"; VariantName = "[No Variations]"
Add component (AddParameter): Name = "ComponentLink5Description"; Value = "Open Footprint 2"; VariantName = "[No Variations]"
Add component (AddParameter): Name = "ComponentLink6Description"; Value = "Open Footprint 3"; VariantName = "[No Variations]"
Add component (AddParameter): Name = "ComponentLink7Description"; Value = "Open Footprint 4"; VariantName = "[No Variations]"
Add component (AddParameter): Name = "Composition"; Value = "MF"; VariantName = "[No Variations]"
Add component (AddParameter): Name = "Description_"; Value = "RES MF 0.01R 1% 3W SMD 2512 AEC-Q200"; VariantName = "[No Variations]"
Add component (AddParameter): Name = "Dev Tools Status"; Value = "Design"; VariantName = "[No Variations]"
Add component (AddParameter): Name = "Manufacturer 1"; Value = "Bourns Inc."; VariantName = "[No Variations]"
Add component (AddParameter): Name = "Manufacturer Part Number 1"; Value = "CRA2512-FZ-R010ELF"; VariantName = "[No Variations]"
Add component (AddParameter): Name = "MCHP-ID"; Value = "RES2263"; VariantName = "[No Variations]"
Add component (AddParameter): Name = "Operating Temperature"; Value = "-55°C ~ 170°C"; VariantName = "[No Variations]"
Add component (AddParameter): Name = "Owner"; Value = "Narasimha Murthy"; VariantName = "[No Variations]"
Add component (AddParameter): Name = "Package"; Value = "2512"; VariantName = "[No Variations]"
Add component (AddParameter): Name = "Populated"; Value = "YES"; VariantName = "[No Variations]"
Add component (AddParameter): Name = "Power"; Value = "3W"; VariantName = "[No Variations]"
Add component (AddParameter): Name = "Quantity Override"; Value = "1"; VariantName = "[No Variations]"
Add component (AddParameter): Name = "Revision"; Value = "A"; VariantName = "[No Variations]"
Add component (AddParameter): Name = "Status"; Value = "MCL Design"; VariantName = "[No Variations]"
Add component (AddParameter): Name = "Supplier 1"; Value = "Digi-Key"; VariantName = "[No Variations]"
Add component (AddParameter): Name = "Supplier Part Number 1"; Value = "CRA2512-FZ-R010ELFCT-ND"; VariantName = "[No Variations]"
Add component (AddParameter): Name = "Symbol"; Value = "Resistor"; VariantName = "[No Variations]"
Add component (AddParameter): Name = "Temperature Coeffcient"; Value = "±50ppm/°C"; VariantName = "[No Variations]"
Add component (AddParameter): Name = "Tolerance"; Value = "±1%"; VariantName = "[No Variations]"
Add component (AddParameter): Name = "Type"; Value = "RES SMD"; VariantName = "[No Variations]"
Add component (AddParameter): Name = "Value"; Value = "0.01R"; VariantName = "[No Variations]"
Added Component: Designator=Rsh3(RES_C_2512)
Add component (AddParameter): Name = "Category"; Value = "Resistor"; VariantName = "[No Variations]"
Add component (AddParameter): Name = "ComponentLink1Description"; Value = "SVN Datasheet"; VariantName = "[No Variations]"
Add component (AddParameter): Name = "ComponentLink1URL"; Value = "https://chn-vm-apps.microchip.com/mchprepo/parts/Datasheets/cra.pdf"; VariantName = "[No Variations]"
Add component (AddParameter): Name = "ComponentLink2Description"; Value = "Local Datasheet"; VariantName = "[No Variations]"
Add component (AddParameter): Name = "ComponentLink2URL"; Value = "C:\ALTIUM_WORK\00001_MCHP-CDB\Datasheets\cra.pdf"; VariantName = "[No Variations]"
Add component (AddParameter): Name = "ComponentLink3Description"; Value = "Open Symbol"; VariantName = "[No Variations]"
Add component (AddParameter): Name = "ComponentLink3URL"; Value = "C:\ALTIUM_WORK\00001_MCHP-CDB\Library\LibraryRefs\Resistor.SchLib"; VariantName = "[No Variations]"
Add component (AddParameter): Name = "ComponentLink4Description"; Value = "Open Footprint"; VariantName = "[No Variations]"
Add component (AddParameter): Name = "ComponentLink4URL"; Value = "C:\ALTIUM_WORK\00001_MCHP-CDB\Library\Footprints\RES_C_2512.PcbLib"; VariantName = "[No Variations]"
Add component (AddParameter): Name = "ComponentLink5Description"; Value = "Open Footprint 2"; VariantName = "[No Variations]"
Add component (AddParameter): Name = "ComponentLink6Description"; Value = "Open Footprint 3"; VariantName = "[No Variations]"
Add component (AddParameter): Name = "ComponentLink7Description"; Value = "Open Footprint 4"; VariantName = "[No Variations]"
Add component (AddParameter): Name = "Composition"; Value = "MF"; VariantName = "[No Variations]"
Add component (AddParameter): Name = "Description_"; Value = "RES MF 0.01R 1% 3W SMD 2512 AEC-Q200"; VariantName = "[No Variations]"
Add component (AddParameter): Name = "Dev Tools Status"; Value = "Design"; VariantName = "[No Variations]"
Add component (AddParameter): Name = "Manufacturer 1"; Value = "Bourns Inc."; VariantName = "[No Variations]"
Add component (AddParameter): Name = "Manufacturer Part Number 1"; Value = "CRA2512-FZ-R010ELF"; VariantName = "[No Variations]"
Add component (AddParameter): Name = "MCHP-ID"; Value = "RES2263"; VariantName = "[No Variations]"
Add component (AddParameter): Name = "Operating Temperature"; Value = "-55°C ~ 170°C"; VariantName = "[No Variations]"
Add component (AddParameter): Name = "Owner"; Value = "Narasimha Murthy"; VariantName = "[No Variations]"
Add component (AddParameter): Name = "Package"; Value = "2512"; VariantName = "[No Variations]"
Add component (AddParameter): Name = "Populated"; Value = "YES"; VariantName = "[No Variations]"
Add component (AddParameter): Name = "Power"; Value = "3W"; VariantName = "[No Variations]"
Add component (AddParameter): Name = "Quantity Override"; Value = "1"; VariantName = "[No Variations]"
Add component (AddParameter): Name = "Revision"; Value = "A"; VariantName = "[No Variations]"
Add component (AddParameter): Name = "Status"; Value = "MCL Design"; VariantName = "[No Variations]"
Add component (AddParameter): Name = "Supplier 1"; Value = "Digi-Key"; VariantName = "[No Variations]"
Add component (AddParameter): Name = "Supplier Part Number 1"; Value = "CRA2512-FZ-R010ELFCT-ND"; VariantName = "[No Variations]"
Add component (AddParameter): Name = "Symbol"; Value = "Resistor"; VariantName = "[No Variations]"
Add component (AddParameter): Name = "Temperature Coeffcient"; Value = "±50ppm/°C"; VariantName = "[No Variations]"
Add component (AddParameter): Name = "Tolerance"; Value = "±1%"; VariantName = "[No Variations]"
Add component (AddParameter): Name = "Type"; Value = "RES SMD"; VariantName = "[No Variations]"
Add component (AddParameter): Name = "Value"; Value = "0.01R"; VariantName = "[No Variations]"
Added Component: Designator=Rsh4(RES_C_2512)
Add component (AddParameter): Name = "Category"; Value = "Resistor"; VariantName = "[No Variations]"
Add component (AddParameter): Name = "ComponentLink1Description"; Value = "SVN Datasheet"; VariantName = "[No Variations]"
Add component (AddParameter): Name = "ComponentLink1URL"; Value = "https://chn-vm-apps.microchip.com/mchprepo/parts/Datasheets/cra.pdf"; VariantName = "[No Variations]"
Add component (AddParameter): Name = "ComponentLink2Description"; Value = "Local Datasheet"; VariantName = "[No Variations]"
Add component (AddParameter): Name = "ComponentLink2URL"; Value = "C:\ALTIUM_WORK\00001_MCHP-CDB\Datasheets\cra.pdf"; VariantName = "[No Variations]"
Add component (AddParameter): Name = "ComponentLink3Description"; Value = "Open Symbol"; VariantName = "[No Variations]"
Add component (AddParameter): Name = "ComponentLink3URL"; Value = "C:\ALTIUM_WORK\00001_MCHP-CDB\Library\LibraryRefs\Resistor.SchLib"; VariantName = "[No Variations]"
Add component (AddParameter): Name = "ComponentLink4Description"; Value = "Open Footprint"; VariantName = "[No Variations]"
Add component (AddParameter): Name = "ComponentLink4URL"; Value = "C:\ALTIUM_WORK\00001_MCHP-CDB\Library\Footprints\RES_C_2512.PcbLib"; VariantName = "[No Variations]"
Add component (AddParameter): Name = "ComponentLink5Description"; Value = "Open Footprint 2"; VariantName = "[No Variations]"
Add component (AddParameter): Name = "ComponentLink6Description"; Value = "Open Footprint 3"; VariantName = "[No Variations]"
Add component (AddParameter): Name = "ComponentLink7Description"; Value = "Open Footprint 4"; VariantName = "[No Variations]"
Add component (AddParameter): Name = "Composition"; Value = "MF"; VariantName = "[No Variations]"
Add component (AddParameter): Name = "Description_"; Value = "RES MF 0.01R 1% 3W SMD 2512 AEC-Q200"; VariantName = "[No Variations]"
Add component (AddParameter): Name = "Dev Tools Status"; Value = "Design"; VariantName = "[No Variations]"
Add component (AddParameter): Name = "Manufacturer 1"; Value = "Bourns Inc."; VariantName = "[No Variations]"
Add component (AddParameter): Name = "Manufacturer Part Number 1"; Value = "CRA2512-FZ-R010ELF"; VariantName = "[No Variations]"
Add component (AddParameter): Name = "MCHP-ID"; Value = "RES2263"; VariantName = "[No Variations]"
Add component (AddParameter): Name = "Operating Temperature"; Value = "-55°C ~ 170°C"; VariantName = "[No Variations]"
Add component (AddParameter): Name = "Owner"; Value = "Narasimha Murthy"; VariantName = "[No Variations]"
Add component (AddParameter): Name = "Package"; Value = "2512"; VariantName = "[No Variations]"
Add component (AddParameter): Name = "Populated"; Value = "YES"; VariantName = "[No Variations]"
Add component (AddParameter): Name = "Power"; Value = "3W"; VariantName = "[No Variations]"
Add component (AddParameter): Name = "Quantity Override"; Value = "1"; VariantName = "[No Variations]"
Add component (AddParameter): Name = "Revision"; Value = "A"; VariantName = "[No Variations]"
Add component (AddParameter): Name = "Status"; Value = "MCL Design"; VariantName = "[No Variations]"
Add component (AddParameter): Name = "Supplier 1"; Value = "Digi-Key"; VariantName = "[No Variations]"
Add component (AddParameter): Name = "Supplier Part Number 1"; Value = "CRA2512-FZ-R010ELFCT-ND"; VariantName = "[No Variations]"
Add component (AddParameter): Name = "Symbol"; Value = "Resistor"; VariantName = "[No Variations]"
Add component (AddParameter): Name = "Temperature Coeffcient"; Value = "±50ppm/°C"; VariantName = "[No Variations]"
Add component (AddParameter): Name = "Tolerance"; Value = "±1%"; VariantName = "[No Variations]"
Add component (AddParameter): Name = "Type"; Value = "RES SMD"; VariantName = "[No Variations]"
Add component (AddParameter): Name = "Value"; Value = "0.01R"; VariantName = "[No Variations]"
Added Component: Designator=TP12(TP_1.2x0.7)
Add component (AddParameter): Name = "Category"; Value = "Connector"; VariantName = "[No Variations]"
Add component (AddParameter): Name = "ComponentLink1Description"; Value = "Datasheet"; VariantName = "[No Variations]"
Add component (AddParameter): Name = "Description_"; Value = "CON TP Via_1.2x0.7"; VariantName = "[No Variations]"
Add component (AddParameter): Name = "MCHP-ID"; Value = "CON1128"; VariantName = "[No Variations]"
Add component (AddParameter): Name = "Owner"; Value = "Bogdan P (M91398)"; VariantName = "[No Variations]"
Add component (AddParameter): Name = "Populated"; Value = "DNP"; VariantName = "[No Variations]"
Add component (AddParameter): Name = "Quantity Override"; Value = "1"; VariantName = "[No Variations]"
Add component (AddParameter): Name = "Revision"; Value = "0"; VariantName = "[No Variations]"
Add component (AddParameter): Name = "Status"; Value = "Production"; VariantName = "[No Variations]"
Add component (AddParameter): Name = "Type"; Value = "Test Point"; VariantName = "[No Variations]"
Add component (AddParameter): Name = "Value"; Value = "PIN10"; VariantName = "[No Variations]"
Added Component: Designator=TP13(TP_1.2x0.7)
Add component (AddParameter): Name = "Category"; Value = "Connector"; VariantName = "[No Variations]"
Add component (AddParameter): Name = "ComponentLink1Description"; Value = "Datasheet"; VariantName = "[No Variations]"
Add component (AddParameter): Name = "Description_"; Value = "CON TP Via_1.2x0.7"; VariantName = "[No Variations]"
Add component (AddParameter): Name = "MCHP-ID"; Value = "CON1128"; VariantName = "[No Variations]"
Add component (AddParameter): Name = "Owner"; Value = "Bogdan P (M91398)"; VariantName = "[No Variations]"
Add component (AddParameter): Name = "Populated"; Value = "DNP"; VariantName = "[No Variations]"
Add component (AddParameter): Name = "Quantity Override"; Value = "1"; VariantName = "[No Variations]"
Add component (AddParameter): Name = "Revision"; Value = "0"; VariantName = "[No Variations]"
Add component (AddParameter): Name = "Status"; Value = "Production"; VariantName = "[No Variations]"
Add component (AddParameter): Name = "Type"; Value = "Test Point"; VariantName = "[No Variations]"
Add component (AddParameter): Name = "Value"; Value = "PIN53"; VariantName = "[No Variations]"
Added Component: Designator=TP14(TP_1.2x0.7)
Add component (AddParameter): Name = "Category"; Value = "Connector"; VariantName = "[No Variations]"
Add component (AddParameter): Name = "ComponentLink1Description"; Value = "Datasheet"; VariantName = "[No Variations]"
Add component (AddParameter): Name = "Description_"; Value = "CON TP Via_1.2x0.7"; VariantName = "[No Variations]"
Add component (AddParameter): Name = "MCHP-ID"; Value = "CON1128"; VariantName = "[No Variations]"
Add component (AddParameter): Name = "Owner"; Value = "Bogdan P (M91398)"; VariantName = "[No Variations]"
Add component (AddParameter): Name = "Populated"; Value = "DNP"; VariantName = "[No Variations]"
Add component (AddParameter): Name = "Quantity Override"; Value = "1"; VariantName = "[No Variations]"
Add component (AddParameter): Name = "Revision"; Value = "0"; VariantName = "[No Variations]"
Add component (AddParameter): Name = "Status"; Value = "Production"; VariantName = "[No Variations]"
Add component (AddParameter): Name = "Type"; Value = "Test Point"; VariantName = "[No Variations]"
Add component (AddParameter): Name = "Value"; Value = "PIN54"; VariantName = "[No Variations]"
Added Component: Designator=TP15(TP_1.2x0.7)
Add component (AddParameter): Name = "Category"; Value = "Connector"; VariantName = "[No Variations]"
Add component (AddParameter): Name = "ComponentLink1Description"; Value = "Datasheet"; VariantName = "[No Variations]"
Add component (AddParameter): Name = "Description_"; Value = "CON TP Via_1.2x0.7"; VariantName = "[No Variations]"
Add component (AddParameter): Name = "MCHP-ID"; Value = "CON1128"; VariantName = "[No Variations]"
Add component (AddParameter): Name = "Owner"; Value = "Bogdan P (M91398)"; VariantName = "[No Variations]"
Add component (AddParameter): Name = "Populated"; Value = "DNP"; VariantName = "[No Variations]"
Add component (AddParameter): Name = "Quantity Override"; Value = "1"; VariantName = "[No Variations]"
Add component (AddParameter): Name = "Revision"; Value = "0"; VariantName = "[No Variations]"
Add component (AddParameter): Name = "Status"; Value = "Production"; VariantName = "[No Variations]"
Add component (AddParameter): Name = "Type"; Value = "Test Point"; VariantName = "[No Variations]"
Add component (AddParameter): Name = "Value"; Value = "VREF"; VariantName = "[No Variations]"
Added Component: Designator=TP17(TP_1.2x0.7)
Add component (AddParameter): Name = "Category"; Value = "Connector"; VariantName = "[No Variations]"
Add component (AddParameter): Name = "ComponentLink1Description"; Value = "Datasheet"; VariantName = "[No Variations]"
Add component (AddParameter): Name = "Description_"; Value = "CON TP Via_1.2x0.7"; VariantName = "[No Variations]"
Add component (AddParameter): Name = "MCHP-ID"; Value = "CON1128"; VariantName = "[No Variations]"
Add component (AddParameter): Name = "Owner"; Value = "Bogdan P (M91398)"; VariantName = "[No Variations]"
Add component (AddParameter): Name = "Populated"; Value = "DNP"; VariantName = "[No Variations]"
Add component (AddParameter): Name = "Quantity Override"; Value = "1"; VariantName = "[No Variations]"
Add component (AddParameter): Name = "Revision"; Value = "0"; VariantName = "[No Variations]"
Add component (AddParameter): Name = "Status"; Value = "Production"; VariantName = "[No Variations]"
Add component (AddParameter): Name = "Type"; Value = "Test Point"; VariantName = "[No Variations]"
Add component (AddParameter): Name = "Value"; Value = "LED1"; VariantName = "[No Variations]"
Added Component: Designator=TP18(TP_1.2x0.7)
Add component (AddParameter): Name = "Category"; Value = "Connector"; VariantName = "[No Variations]"
Add component (AddParameter): Name = "ComponentLink1Description"; Value = "Datasheet"; VariantName = "[No Variations]"
Add component (AddParameter): Name = "Description_"; Value = "CON TP Via_1.2x0.7"; VariantName = "[No Variations]"
Add component (AddParameter): Name = "MCHP-ID"; Value = "CON1128"; VariantName = "[No Variations]"
Add component (AddParameter): Name = "Owner"; Value = "Bogdan P (M91398)"; VariantName = "[No Variations]"
Add component (AddParameter): Name = "Populated"; Value = "DNP"; VariantName = "[No Variations]"
Add component (AddParameter): Name = "Quantity Override"; Value = "1"; VariantName = "[No Variations]"
Add component (AddParameter): Name = "Revision"; Value = "0"; VariantName = "[No Variations]"
Add component (AddParameter): Name = "Status"; Value = "Production"; VariantName = "[No Variations]"
Add component (AddParameter): Name = "Type"; Value = "Test Point"; VariantName = "[No Variations]"
Add component (AddParameter): Name = "Value"; Value = "LED2"; VariantName = "[No Variations]"
Added Component: Designator=TP19(TP_1.2x0.7)
Add component (AddParameter): Name = "Category"; Value = "Connector"; VariantName = "[No Variations]"
Add component (AddParameter): Name = "ComponentLink1Description"; Value = "Datasheet"; VariantName = "[No Variations]"
Add component (AddParameter): Name = "Description_"; Value = "CON TP Via_1.2x0.7"; VariantName = "[No Variations]"
Add component (AddParameter): Name = "MCHP-ID"; Value = "CON1128"; VariantName = "[No Variations]"
Add component (AddParameter): Name = "Owner"; Value = "Bogdan P (M91398)"; VariantName = "[No Variations]"
Add component (AddParameter): Name = "Populated"; Value = "DNP"; VariantName = "[No Variations]"
Add component (AddParameter): Name = "Quantity Override"; Value = "1"; VariantName = "[No Variations]"
Add component (AddParameter): Name = "Revision"; Value = "0"; VariantName = "[No Variations]"
Add component (AddParameter): Name = "Status"; Value = "Production"; VariantName = "[No Variations]"
Add component (AddParameter): Name = "Type"; Value = "Test Point"; VariantName = "[No Variations]"
Add component (AddParameter): Name = "Value"; Value = "PIN11"; VariantName = "[No Variations]"
Added Component: Designator=TP20(TP_1.2x0.7)
Add component (AddParameter): Name = "Category"; Value = "Connector"; VariantName = "[No Variations]"
Add component (AddParameter): Name = "ComponentLink1Description"; Value = "Datasheet"; VariantName = "[No Variations]"
Add component (AddParameter): Name = "Description_"; Value = "CON TP Via_1.2x0.7"; VariantName = "[No Variations]"
Add component (AddParameter): Name = "MCHP-ID"; Value = "CON1128"; VariantName = "[No Variations]"
Add component (AddParameter): Name = "Owner"; Value = "Bogdan P (M91398)"; VariantName = "[No Variations]"
Add component (AddParameter): Name = "Populated"; Value = "DNP"; VariantName = "[No Variations]"
Add component (AddParameter): Name = "Quantity Override"; Value = "1"; VariantName = "[No Variations]"
Add component (AddParameter): Name = "Revision"; Value = "0"; VariantName = "[No Variations]"
Add component (AddParameter): Name = "Status"; Value = "Production"; VariantName = "[No Variations]"
Add component (AddParameter): Name = "Type"; Value = "Test Point"; VariantName = "[No Variations]"
Add component (AddParameter): Name = "Value"; Value = "PIN43"; VariantName = "[No Variations]"
Added Component: Designator=TP21(TP_1.2x0.7)
Add component (AddParameter): Name = "Category"; Value = "Connector"; VariantName = "[No Variations]"
Add component (AddParameter): Name = "ComponentLink1Description"; Value = "Datasheet"; VariantName = "[No Variations]"
Add component (AddParameter): Name = "Description_"; Value = "CON TP Via_1.2x0.7"; VariantName = "[No Variations]"
Add component (AddParameter): Name = "MCHP-ID"; Value = "CON1128"; VariantName = "[No Variations]"
Add component (AddParameter): Name = "Owner"; Value = "Bogdan P (M91398)"; VariantName = "[No Variations]"
Add component (AddParameter): Name = "Populated"; Value = "DNP"; VariantName = "[No Variations]"
Add component (AddParameter): Name = "Quantity Override"; Value = "1"; VariantName = "[No Variations]"
Add component (AddParameter): Name = "Revision"; Value = "0"; VariantName = "[No Variations]"
Add component (AddParameter): Name = "Status"; Value = "Production"; VariantName = "[No Variations]"
Add component (AddParameter): Name = "Type"; Value = "Test Point"; VariantName = "[No Variations]"
Add component (AddParameter): Name = "Value"; Value = "PIN42"; VariantName = "[No Variations]"
Added Component: Designator=U1(SOT-23-6)
Add component (AddParameter): Name = "Accuracy"; Value = "2"; VariantName = "[No Variations]"
Add component (AddParameter): Name = "Adjustable"; Value = "Yes"; VariantName = "[No Variations]"
Add component (AddParameter): Name = "Category"; Value = "MCHP-Analog"; VariantName = "[No Variations]"
Add component (AddParameter): Name = "ComponentLink1Description"; Value = "Datasheet"; VariantName = "[No Variations]"
Add component (AddParameter): Name = "ComponentLink1URL"; Value = "http://www.microchip.com/stellent/idcplg?IdcService=SS_GET_PAGE&nodeId=1335&dDocName=en554058"; VariantName = "[No Variations]"
Add component (AddParameter): Name = "ControlPWM"; Value = "PWM"; VariantName = "[No Variations]"
Add component (AddParameter): Name = "Description_"; Value = "MCHP ANA Switcher MCP16301 SOT-23-6"; VariantName = "[No Variations]"
Add component (AddParameter): Name = "ExternalSync"; Value = "No"; VariantName = "[No Variations]"
Add component (AddParameter): Name = "ForceMinOrderQtyMult"; Value = "True"; VariantName = "[No Variations]"
Add component (AddParameter): Name = "InputVoltageRangeMax"; Value = "30"; VariantName = "[No Variations]"
Add component (AddParameter): Name = "InputVoltageRangeMin"; Value = "4.0"; VariantName = "[No Variations]"
Add component (AddParameter): Name = "IntroductionDate"; Value = "2011-05-20"; VariantName = "[No Variations]"
Add component (AddParameter): Name = "LeadContent"; Value = "Pb-FREE"; VariantName = "[No Variations]"
Add component (AddParameter): Name = "LeadCount"; Value = "6"; VariantName = "[No Variations]"
Add component (AddParameter): Name = "Manufacturer 1"; Value = "Microchip"; VariantName = "[No Variations]"
Add component (AddParameter): Name = "Manufacturer Part Number 1"; Value = "MCP16301T-I/CHY"; VariantName = "[No Variations]"
Add component (AddParameter): Name = "MAPS Description"; Value = "30V ASYNCHRONOUS BUCK VOLTAGE REGULATOR"; VariantName = "[No Variations]"
Add component (AddParameter): Name = "MaxIOUT"; Value = "600"; VariantName = "[No Variations]"
Add component (AddParameter): Name = "MCHP-ID"; Value = "MIC0762"; VariantName = "[No Variations]"
Add component (AddParameter): Name = "MinOrderQty"; Value = "5"; VariantName = "[No Variations]"
Add component (AddParameter): Name = "MPC"; Value = "V7AA1T6AXA00"; VariantName = "[No Variations]"
Add component (AddParameter): Name = "OutputCapType"; Value = "AL / Tant / CER"; VariantName = "[No Variations]"
Add component (AddParameter): Name = "PackageType"; Value = "SOT-23"; VariantName = "[No Variations]"
Add component (AddParameter): Name = "PackingMedia"; Value = "T/R"; VariantName = "[No Variations]"
Add component (AddParameter): Name = "Populated"; Value = "Yes"; VariantName = "[No Variations]"
Add component (AddParameter): Name = "Quantity Override"; Value = "1"; VariantName = "[No Variations]"
Add component (AddParameter): Name = "QuiescentCurrent"; Value = "2000"; VariantName = "[No Variations]"
Add component (AddParameter): Name = "ResetOutput"; Value = "No"; VariantName = "[No Variations]"
Add component (AddParameter): Name = "Revision"; Value = "1"; VariantName = "[No Variations]"
Add component (AddParameter): Name = "SHDN"; Value = "Yes"; VariantName = "[No Variations]"
Add component (AddParameter): Name = "SingleDual"; Value = "Single"; VariantName = "[No Variations]"
Add component (AddParameter): Name = "Stage"; Value = "REL"; VariantName = "[No Variations]"
Add component (AddParameter): Name = "Status"; Value = "Production"; VariantName = "[No Variations]"
Add component (AddParameter): Name = "Supplier 1"; Value = "Microchip"; VariantName = "[No Variations]"
Add component (AddParameter): Name = "Supplier Part Number 1"; Value = "MCP16301T-I/CHY"; VariantName = "[No Variations]"
Add component (AddParameter): Name = "SwitchingFrequency"; Value = "500"; VariantName = "[No Variations]"
Add component (AddParameter): Name = "tblDeviceFamilyID"; Value = "2856"; VariantName = "[No Variations]"
Add component (AddParameter): Name = "Technology"; Value = "Inductive Switcher"; VariantName = "[No Variations]"
Add component (AddParameter): Name = "TempRange"; Value = "-40C to +85C"; VariantName = "[No Variations]"
Add component (AddParameter): Name = "Topology"; Value = "Buck Regulator"; VariantName = "[No Variations]"
Add component (AddParameter): Name = "Type"; Value = "Switcher"; VariantName = "[No Variations]"
Add component (AddParameter): Name = "UVLO"; Value = "No"; VariantName = "[No Variations]"
Add component (AddParameter): Name = "Value"; Value = "MCP16301"; VariantName = "[No Variations]"
Add component (AddParameter): Name = "VoutMax"; Value = "15"; VariantName = "[No Variations]"
Add component (AddParameter): Name = "VoutMin"; Value = "2"; VariantName = "[No Variations]"
Add Component: Footprint Not Found SOT-223-3
Added Component: Designator=U6(SOT-23-3)
Add component (AddParameter): Name = "BOM Notes"; Value = ""; VariantName = "[No Variations]"
Add component (AddParameter): Name = "Category"; Value = "MCHP-Analog"; VariantName = "[No Variations]"
Add component (AddParameter): Name = "ComponentLink1Description"; Value = "SVN Datasheet"; VariantName = "[No Variations]"
Add component (AddParameter): Name = "ComponentLink1URL"; Value = "https://www.microchip.com/sitesearch/search/Product%20and%20Development%20Tools/MCP9700AT-E/TT"; VariantName = "[No Variations]"
Add component (AddParameter): Name = "ComponentLink2Description"; Value = "Local Datasheet"; VariantName = "[No Variations]"
Add component (AddParameter): Name = "ComponentLink3Description"; Value = "Open Symbol"; VariantName = "[No Variations]"
Add component (AddParameter): Name = "ComponentLink3URL"; Value = "C:\ALTIUM_WORK\00001_MCHP-CDB\Library\LibraryRefs\MCP9700(A)_1(A) TO-92-3_SOT-23-3.SchLib"; VariantName = "[No Variations]"
Add component (AddParameter): Name = "ComponentLink4Description"; Value = "Open Footprint"; VariantName = "[No Variations]"
Add component (AddParameter): Name = "ComponentLink4URL"; Value = "C:\ALTIUM_WORK\00001_MCHP-CDB\Library\Footprints\SOT-23-3.PcbLib"; VariantName = "[No Variations]"
Add component (AddParameter): Name = "ComponentLink5Description"; Value = "Open Footprint 2"; VariantName = "[No Variations]"
Add component (AddParameter): Name = "ComponentLink6Description"; Value = "Open Footprint 3"; VariantName = "[No Variations]"
Add component (AddParameter): Name = "ComponentLink7Description"; Value = "Open Footprint 4"; VariantName = "[No Variations]"
Add component (AddParameter): Name = "Description_"; Value = "MCHP ANALOG TEMPERATURE SENSOR -40C to +150C MCP9700AT-E/TT SOT-23-3"; VariantName = "[No Variations]"
Add component (AddParameter): Name = "Dev Tools Status"; Value = "Production"; VariantName = "[No Variations]"
Add component (AddParameter): Name = "Manufacturer 1"; Value = "Microchip"; VariantName = "[No Variations]"
Add component (AddParameter): Name = "Manufacturer Part Number 1"; Value = "MCP9700AT-E/TT"; VariantName = "[No Variations]"
Add component (AddParameter): Name = "MCHP-ID"; Value = "MIC3211"; VariantName = "[No Variations]"
Add component (AddParameter): Name = "Operating Temperature"; Value = "-40C to +125C"; VariantName = "[No Variations]"
Add component (AddParameter): Name = "Populated"; Value = "Yes"; VariantName = "[No Variations]"
Add component (AddParameter): Name = "Quantity Override"; Value = "1"; VariantName = "[No Variations]"
Add component (AddParameter): Name = "Revision"; Value = "0"; VariantName = "[No Variations]"
Add component (AddParameter): Name = "Status"; Value = "MCL Design"; VariantName = "[No Variations]"
Add component (AddParameter): Name = "Supplier 1"; Value = "Microchip"; VariantName = "[No Variations]"
Add component (AddParameter): Name = "Supplier Part Number 1"; Value = "MCP9700AT-E/TT"; VariantName = "[No Variations]"
Add component (AddParameter): Name = "Symbol"; Value = "MCP9700(A)_1(A) TO-92-3_SOT-23-3"; VariantName = "[No Variations]"
Add component (AddParameter): Name = "Type"; Value = "Temperature Sensor"; VariantName = "[No Variations]"
Add component (AddParameter): Name = "Value"; Value = "MCP9700A"; VariantName = "[No Variations]"
Added Component: Designator=U9(QFN-64_9X9_3EP_M9)
Add component (AddParameter): Name = "BOM Notes"; Value = ""; VariantName = "[No Variations]"
Add component (AddParameter): Name = "Category"; Value = "MCHP-Microcontroller"; VariantName = "[No Variations]"
Add component (AddParameter): Name = "ComponentLink1Description"; Value = "SVN Datasheet"; VariantName = "[No Variations]"
Add component (AddParameter): Name = "ComponentLink1URL"; Value = "https://www.microchip.com/sitesearch/search/Product%20and%20Development%20Tools/dsPIC33CDVC256MP506-E/M9"; VariantName = "[No Variations]"
Add component (AddParameter): Name = "ComponentLink2Description"; Value = "Local Datasheet"; VariantName = "[No Variations]"
Add component (AddParameter): Name = "ComponentLink3Description"; Value = "Open Symbol"; VariantName = "[No Variations]"
Add component (AddParameter): Name = "ComponentLink3URL"; Value = "C:\ALTIUM_WORK\00001_MCHP-CDB\Library\LibraryRefs\dsPIC33CDVC256MP506_VGQFN-64.SchLib"; VariantName = "[No Variations]"
Add component (AddParameter): Name = "ComponentLink4Description"; Value = "Open Footprint"; VariantName = "[No Variations]"
Add component (AddParameter): Name = "ComponentLink4URL"; Value = "C:\ALTIUM_WORK\00001_MCHP-CDB\Library\Footprints\QFN-64_9X9_3EP_M9.PcbLib"; VariantName = "[No Variations]"
Add component (AddParameter): Name = "ComponentLink5Description"; Value = "Open Footprint 2"; VariantName = "[No Variations]"
Add component (AddParameter): Name = "ComponentLink6Description"; Value = "Open Footprint 3"; VariantName = "[No Variations]"
Add component (AddParameter): Name = "ComponentLink7Description"; Value = "Open Footprint 4"; VariantName = "[No Variations]"
Add component (AddParameter): Name = "Description_"; Value = "MCHP MCU 16-BIT 100MIPS 256kB 24kB dsPIC33CDVC256MP506-E/M9"; VariantName = "[No Variations]"
Add component (AddParameter): Name = "Dev Tools Status"; Value = "Design"; VariantName = "[No Variations]"
Add component (AddParameter): Name = "Manufacturer 1"; Value = "Microchip Technology"; VariantName = "[No Variations]"
Add component (AddParameter): Name = "Manufacturer Part Number 1"; Value = "dsPIC33CDVC256MP506-E/M9"; VariantName = "[No Variations]"
Add component (AddParameter): Name = "MCHP-ID"; Value = "MIC9437"; VariantName = "[No Variations]"
Add component (AddParameter): Name = "Operating Temperature"; Value = "-40C to +125C"; VariantName = "[No Variations]"
Add component (AddParameter): Name = "Owner"; Value = "Narasimha Murthy"; VariantName = "[No Variations]"
Add component (AddParameter): Name = "Populated"; Value = "YES"; VariantName = "[No Variations]"
Add component (AddParameter): Name = "Quantity Override"; Value = "1"; VariantName = "[No Variations]"
Add component (AddParameter): Name = "Revision"; Value = "1"; VariantName = "[No Variations]"
Add component (AddParameter): Name = "Status"; Value = "MCL Design"; VariantName = "[No Variations]"
Add component (AddParameter): Name = "Supplier 1"; Value = "Microchip Technology"; VariantName = "[No Variations]"
Add component (AddParameter): Name = "Supplier Part Number 1"; Value = "dsPIC33CDVC256MP506-E/M9"; VariantName = "[No Variations]"
Add component (AddParameter): Name = "Symbol"; Value = "dsPIC33CDVC256MP506_VGQFN-64"; VariantName = "[No Variations]"
Add component (AddParameter): Name = "Type"; Value = "16-Bit"; VariantName = "[No Variations]"
Add component (AddParameter): Name = "Value"; Value = "dsPIC33CDVC256MP506-E/M9"; VariantName = "[No Variations]"
Added Component: Designator=U10(SOIC-14)
Add component (AddParameter): Name = "Amplifiers"; Value = "4"; VariantName = "[No Variations]"
Add component (AddParameter): Name = "Category"; Value = "MCHP-Analog"; VariantName = "[No Variations]"
Add component (AddParameter): Name = "ComponentLink1Description"; Value = "SVN Datasheet"; VariantName = "[No Variations]"
Add component (AddParameter): Name = "ComponentLink1URL"; Value = "http://www.microchip.com/wwwproducts/MCP6024"; VariantName = "[No Variations]"
Add component (AddParameter): Name = "ComponentLink2Description"; Value = "Local Datasheet"; VariantName = "[No Variations]"
Add component (AddParameter): Name = "ComponentLink3Description"; Value = "Open Symbol"; VariantName = "[No Variations]"
Add component (AddParameter): Name = "ComponentLink3URL"; Value = "C:\ALTIUM_WORK\00001_MCHP-CDB\Library\LibraryRefs\MCP6XX4_9 SOIC-14_TSSOP-14_PDIP-14.SchLib"; VariantName = "[No Variations]"
Add component (AddParameter): Name = "ComponentLink4Description"; Value = "Open Footprint"; VariantName = "[No Variations]"
Add component (AddParameter): Name = "ComponentLink4URL"; Value = "C:\ALTIUM_WORK\00001_MCHP-CDB\Library\Footprints\SOIC-14.PcbLib"; VariantName = "[No Variations]"
Add component (AddParameter): Name = "ComponentLink5Description"; Value = "Open Footprint 2"; VariantName = "[No Variations]"
Add component (AddParameter): Name = "ComponentLink6Description"; Value = "Open Footprint 3"; VariantName = "[No Variations]"
Add component (AddParameter): Name = "ComponentLink7Description"; Value = "Open Footprint 4"; VariantName = "[No Variations]"
Add component (AddParameter): Name = "Description_"; Value = "MCHP ANALOG OPAMP 4-Ch 10MHz MCP6024T-I/SL SOIC-14"; VariantName = "[No Variations]"
Add component (AddParameter): Name = "Dev Tools Status"; Value = "Production"; VariantName = "[No Variations]"
Add component (AddParameter): Name = "ForceMinOrderQtyMult"; Value = "True"; VariantName = "[No Variations]"
Add component (AddParameter): Name = "GBWP_KHz"; Value = "10000"; VariantName = "[No Variations]"
Add component (AddParameter): Name = "IntroductionDate"; Value = "2002-01-01"; VariantName = "[No Variations]"
Add component (AddParameter): Name = "IqMax"; Value = "1350"; VariantName = "[No Variations]"
Add component (AddParameter): Name = "LeadContent"; Value = "Pb-FREE"; VariantName = "[No Variations]"
Add component (AddParameter): Name = "LeadCount"; Value = "14"; VariantName = "[No Variations]"
Add component (AddParameter): Name = "Manufacturer 1"; Value = "Microchip"; VariantName = "[No Variations]"
Add component (AddParameter): Name = "Manufacturer 2"; Value = "Microchip"; VariantName = "[No Variations]"
Add component (AddParameter): Name = "Manufacturer Part Number 1"; Value = "MCP6024T-I/SL"; VariantName = "[No Variations]"
Add component (AddParameter): Name = "Manufacturer Part Number 2"; Value = "MCP6024-I/SL"; VariantName = "[No Variations]"
Add component (AddParameter): Name = "MAPS Description"; Value = "Quad 2.5V 10 MHz OP, I temp"; VariantName = "[No Variations]"
Add component (AddParameter): Name = "MCHP-ID"; Value = "MIC0270"; VariantName = "[No Variations]"
Add component (AddParameter): Name = "MinOrderQty"; Value = "50"; VariantName = "[No Variations]"
Add component (AddParameter): Name = "MPC"; Value = "A7BN2TD3XB00"; VariantName = "[No Variations]"
Add component (AddParameter): Name = "PackageType"; Value = "SOIC"; VariantName = "[No Variations]"
Add component (AddParameter): Name = "PackageWidth"; Value = ".150in"; VariantName = "[No Variations]"
Add component (AddParameter): Name = "PackingMedia"; Value = "T/R"; VariantName = "[No Variations]"
Add component (AddParameter): Name = "Populated"; Value = "Yes"; VariantName = "[No Variations]"
Add component (AddParameter): Name = "Quantity Override"; Value = "1"; VariantName = "[No Variations]"
Add component (AddParameter): Name = "RailIn"; Value = "True"; VariantName = "[No Variations]"
Add component (AddParameter): Name = "RailOut"; Value = "True"; VariantName = "[No Variations]"
Add component (AddParameter): Name = "Revision"; Value = "1"; VariantName = "[No Variations]"
Add component (AddParameter): Name = "StableGainMin"; Value = "1"; VariantName = "[No Variations]"
Add component (AddParameter): Name = "Stage"; Value = "REL"; VariantName = "[No Variations]"
Add component (AddParameter): Name = "Status"; Value = "MCL Design"; VariantName = "[No Variations]"
Add component (AddParameter): Name = "Supplier 1"; Value = "Microchip"; VariantName = "[No Variations]"
Add component (AddParameter): Name = "Supplier 2"; Value = "Microchip"; VariantName = "[No Variations]"
Add component (AddParameter): Name = "Supplier Part Number 1"; Value = "MCP6024T-I/SL"; VariantName = "[No Variations]"
Add component (AddParameter): Name = "Supplier Part Number 2"; Value = "MCP6024-I/SL"; VariantName = "[No Variations]"
Add component (AddParameter): Name = "Symbol"; Value = "MCP6XX4_9 SOIC-14_TSSOP-14_PDIP-14"; VariantName = "[No Variations]"
Add component (AddParameter): Name = "tblDeviceFamilyID"; Value = "270"; VariantName = "[No Variations]"
Add component (AddParameter): Name = "TempRange"; Value = "-40C to +85C"; VariantName = "[No Variations]"
Add component (AddParameter): Name = "Type"; Value = "OpAmp"; VariantName = "[No Variations]"
Add component (AddParameter): Name = "Value"; Value = "MCP6024"; VariantName = "[No Variations]"
Add component (AddParameter): Name = "VDDmax"; Value = "5.5"; VariantName = "[No Variations]"
Add component (AddParameter): Name = "VDDmin"; Value = "2.5"; VariantName = "[No Variations]"
Add component (AddParameter): Name = "VosMax"; Value = "250"; VariantName = "[No Variations]"
Added Component: Designator=U12(SOT-23-3)
Add component (AddParameter): Name = "Category"; Value = "IC"; VariantName = "[No Variations]"
Add component (AddParameter): Name = "ComponentLink1Description"; Value = "SVN Datasheet"; VariantName = "[No Variations]"
Add component (AddParameter): Name = "ComponentLink1URL"; Value = "https://chn-vm-apps.microchip.com/mchprepo/parts/Datasheets/TLV431A-D.PDF"; VariantName = "[No Variations]"
Add component (AddParameter): Name = "ComponentLink2Description"; Value = "Local Datasheet"; VariantName = "[No Variations]"
Add component (AddParameter): Name = "ComponentLink2URL"; Value = "C:\ALTIUM_WORK\00001_MCHP-CDB\Datasheets\TLV431A-D.PDF"; VariantName = "[No Variations]"
Add component (AddParameter): Name = "ComponentLink3Description"; Value = "Open Symbol"; VariantName = "[No Variations]"
Add component (AddParameter): Name = "ComponentLink3URL"; Value = "C:\ALTIUM_WORK\00001_MCHP-CDB\Library\LibraryRefs\TLV431 SOT-23-3.SchLib"; VariantName = "[No Variations]"
Add component (AddParameter): Name = "ComponentLink4Description"; Value = "Open Footprint"; VariantName = "[No Variations]"
Add component (AddParameter): Name = "ComponentLink4URL"; Value = "C:\ALTIUM_WORK\00001_MCHP-CDB\Library\Footprints\SOT-23-3.PcbLib"; VariantName = "[No Variations]"
Add component (AddParameter): Name = "ComponentLink5Description"; Value = "Open Footprint 2"; VariantName = "[No Variations]"
Add component (AddParameter): Name = "ComponentLink6Description"; Value = "Open Footprint 3"; VariantName = "[No Variations]"
Add component (AddParameter): Name = "ComponentLink7Description"; Value = "Open Footprint 4"; VariantName = "[No Variations]"
Add component (AddParameter): Name = "Description_"; Value = "IC POWER TLV431BSN1T1G Shunt Voltage Reference  SOT23-3"; VariantName = "[No Variations]"
Add component (AddParameter): Name = "Dev Tools Status"; Value = "Design"; VariantName = "[No Variations]"
Add component (AddParameter): Name = "Manufacturer 1"; Value = "ON Semiconductor"; VariantName = "[No Variations]"
Add component (AddParameter): Name = "Manufacturer Part Number 1"; Value = "TLV431BSN1T1G"; VariantName = "[No Variations]"
Add component (AddParameter): Name = "MCHP-ID"; Value = "IC1347"; VariantName = "[No Variations]"
Add component (AddParameter): Name = "Operating Temperature"; Value = "-40C to +85C"; VariantName = "[No Variations]"
Add component (AddParameter): Name = "Owner"; Value = "Narasimha Murthy"; VariantName = "[No Variations]"
Add component (AddParameter): Name = "Package"; Value = "SOT-23-3"; VariantName = "[No Variations]"
Add component (AddParameter): Name = "Populated"; Value = "DNP"; VariantName = "[No Variations]"
Add component (AddParameter): Name = "Quantity Override"; Value = "1"; VariantName = "[No Variations]"
Add component (AddParameter): Name = "Revision"; Value = "0"; VariantName = "[No Variations]"
Add component (AddParameter): Name = "Status"; Value = "MCL Design"; VariantName = "[No Variations]"
Add component (AddParameter): Name = "Supplier 1"; Value = "Digi-Key"; VariantName = "[No Variations]"
Add component (AddParameter): Name = "Supplier Part Number 1"; Value = "TLV431BSN1T1GOSCT-ND"; VariantName = "[No Variations]"
Add component (AddParameter): Name = "Symbol"; Value = "TLV431 SOT-23-3"; VariantName = "[No Variations]"
Add component (AddParameter): Name = "Type"; Value = "Power Management"; VariantName = "[No Variations]"
Add component (AddParameter): Name = "Value"; Value = "TLV431A-D"; VariantName = "[No Variations]"
Added Component: Designator=VA(TP_1.2x0.7)
Add component (AddParameter): Name = "Category"; Value = "Connector"; VariantName = "[No Variations]"
Add component (AddParameter): Name = "ComponentLink1Description"; Value = "Datasheet"; VariantName = "[No Variations]"
Add component (AddParameter): Name = "Description_"; Value = "CON TP Via_1.2x0.7"; VariantName = "[No Variations]"
Add component (AddParameter): Name = "MCHP-ID"; Value = "CON1128"; VariantName = "[No Variations]"
Add component (AddParameter): Name = "Owner"; Value = "Bogdan P (M91398)"; VariantName = "[No Variations]"
Add component (AddParameter): Name = "Populated"; Value = "Yes"; VariantName = "[No Variations]"
Add component (AddParameter): Name = "Quantity Override"; Value = "1"; VariantName = "[No Variations]"
Add component (AddParameter): Name = "Revision"; Value = "0"; VariantName = "[No Variations]"
Add component (AddParameter): Name = "Status"; Value = "Production"; VariantName = "[No Variations]"
Add component (AddParameter): Name = "Type"; Value = "Test Point"; VariantName = "[No Variations]"
Add component (AddParameter): Name = "Value"; Value = "1x1"; VariantName = "[No Variations]"
Added Component: Designator=VBOOT(TP_1.2x0.7)
Add component (AddParameter): Name = "Category"; Value = "Connector"; VariantName = "[No Variations]"
Add component (AddParameter): Name = "ComponentLink1Description"; Value = "Datasheet"; VariantName = "[No Variations]"
Add component (AddParameter): Name = "Description_"; Value = "CON TP Via_1.2x0.7"; VariantName = "[No Variations]"
Add component (AddParameter): Name = "MCHP-ID"; Value = "CON1128"; VariantName = "[No Variations]"
Add component (AddParameter): Name = "Owner"; Value = "Bogdan P (M91398)"; VariantName = "[No Variations]"
Add component (AddParameter): Name = "Populated"; Value = "Yes"; VariantName = "[No Variations]"
Add component (AddParameter): Name = "Quantity Override"; Value = "1"; VariantName = "[No Variations]"
Add component (AddParameter): Name = "Revision"; Value = "0"; VariantName = "[No Variations]"
Add component (AddParameter): Name = "Status"; Value = "Production"; VariantName = "[No Variations]"
Add component (AddParameter): Name = "Type"; Value = "Test Point"; VariantName = "[No Variations]"
Add component (AddParameter): Name = "Value"; Value = "1x1"; VariantName = "[No Variations]"
Added Component: Designator=VB(TP_1.2x0.7)
Add component (AddParameter): Name = "Category"; Value = "Connector"; VariantName = "[No Variations]"
Add component (AddParameter): Name = "ComponentLink1Description"; Value = "Datasheet"; VariantName = "[No Variations]"
Add component (AddParameter): Name = "Description_"; Value = "CON TP Via_1.2x0.7"; VariantName = "[No Variations]"
Add component (AddParameter): Name = "MCHP-ID"; Value = "CON1128"; VariantName = "[No Variations]"
Add component (AddParameter): Name = "Owner"; Value = "Bogdan P (M91398)"; VariantName = "[No Variations]"
Add component (AddParameter): Name = "Populated"; Value = "Yes"; VariantName = "[No Variations]"
Add component (AddParameter): Name = "Quantity Override"; Value = "1"; VariantName = "[No Variations]"
Add component (AddParameter): Name = "Revision"; Value = "0"; VariantName = "[No Variations]"
Add component (AddParameter): Name = "Status"; Value = "Production"; VariantName = "[No Variations]"
Add component (AddParameter): Name = "Type"; Value = "Test Point"; VariantName = "[No Variations]"
Add component (AddParameter): Name = "Value"; Value = "1x1"; VariantName = "[No Variations]"
Added Component: Designator=VBUS(TP_1.2x0.7)
Add component (AddParameter): Name = "Category"; Value = "Connector"; VariantName = "[No Variations]"
Add component (AddParameter): Name = "ComponentLink1Description"; Value = "Datasheet"; VariantName = "[No Variations]"
Add component (AddParameter): Name = "Description_"; Value = "CON TP Via_1.2x0.7"; VariantName = "[No Variations]"
Add component (AddParameter): Name = "MCHP-ID"; Value = "CON1128"; VariantName = "[No Variations]"
Add component (AddParameter): Name = "Owner"; Value = "Bogdan P (M91398)"; VariantName = "[No Variations]"
Add component (AddParameter): Name = "Populated"; Value = "Yes"; VariantName = "[No Variations]"
Add component (AddParameter): Name = "Quantity Override"; Value = "1"; VariantName = "[No Variations]"
Add component (AddParameter): Name = "Revision"; Value = "0"; VariantName = "[No Variations]"
Add component (AddParameter): Name = "Status"; Value = "Production"; VariantName = "[No Variations]"
Add component (AddParameter): Name = "Type"; Value = "Test Point"; VariantName = "[No Variations]"
Add component (AddParameter): Name = "Value"; Value = "1x1"; VariantName = "[No Variations]"
Added Component: Designator=VC(TP_1.2x0.7)
Add component (AddParameter): Name = "Category"; Value = "Connector"; VariantName = "[No Variations]"
Add component (AddParameter): Name = "ComponentLink1Description"; Value = "Datasheet"; VariantName = "[No Variations]"
Add component (AddParameter): Name = "Description_"; Value = "CON TP Via_1.2x0.7"; VariantName = "[No Variations]"
Add component (AddParameter): Name = "MCHP-ID"; Value = "CON1128"; VariantName = "[No Variations]"
Add component (AddParameter): Name = "Owner"; Value = "Bogdan P (M91398)"; VariantName = "[No Variations]"
Add component (AddParameter): Name = "Populated"; Value = "Yes"; VariantName = "[No Variations]"
Add component (AddParameter): Name = "Quantity Override"; Value = "1"; VariantName = "[No Variations]"
Add component (AddParameter): Name = "Revision"; Value = "0"; VariantName = "[No Variations]"
Add component (AddParameter): Name = "Status"; Value = "Production"; VariantName = "[No Variations]"
Add component (AddParameter): Name = "Type"; Value = "Test Point"; VariantName = "[No Variations]"
Add component (AddParameter): Name = "Value"; Value = "1x1"; VariantName = "[No Variations]"
Added Component: Designator=VREG(TP_1.2x0.7)
Add component (AddParameter): Name = "Category"; Value = "Connector"; VariantName = "[No Variations]"
Add component (AddParameter): Name = "ComponentLink1Description"; Value = "Datasheet"; VariantName = "[No Variations]"
Add component (AddParameter): Name = "Description_"; Value = "CON TP Via_1.2x0.7"; VariantName = "[No Variations]"
Add component (AddParameter): Name = "MCHP-ID"; Value = "CON1128"; VariantName = "[No Variations]"
Add component (AddParameter): Name = "Owner"; Value = "Bogdan P (M91398)"; VariantName = "[No Variations]"
Add component (AddParameter): Name = "Populated"; Value = "Yes"; VariantName = "[No Variations]"
Add component (AddParameter): Name = "Quantity Override"; Value = "1"; VariantName = "[No Variations]"
Add component (AddParameter): Name = "Revision"; Value = "0"; VariantName = "[No Variations]"
Add component (AddParameter): Name = "Status"; Value = "Production"; VariantName = "[No Variations]"
Add component (AddParameter): Name = "Type"; Value = "Test Point"; VariantName = "[No Variations]"
Add component (AddParameter): Name = "Value"; Value = "1x1"; VariantName = "[No Variations]"
Added Component: Designator=Y2(OSCILLATOR_DSC60000L2.5W2.0H0.89)
Add component (AddParameter): Name = "BOM Notes"; Value = ""; VariantName = "[No Variations]"
Add component (AddParameter): Name = "Category"; Value = "MCHP-Clock/Timing"; VariantName = "[No Variations]"
Add component (AddParameter): Name = "ComponentLink1Description"; Value = "SVN Datasheet"; VariantName = "[No Variations]"
Add component (AddParameter): Name = "ComponentLink1URL"; Value = "https://www.microchip.com/sitesearch/search/Product%20and%20Development%20Tools/DSC6011JI2B-008.0000"; VariantName = "[No Variations]"
Add component (AddParameter): Name = "ComponentLink2Description"; Value = "Local Datasheet"; VariantName = "[No Variations]"
Add component (AddParameter): Name = "ComponentLink3Description"; Value = "Open Symbol"; VariantName = "[No Variations]"
Add component (AddParameter): Name = "ComponentLink3URL"; Value = "C:\ALTIUM_WORK\00001_MCHP-CDB\Library\LibraryRefs\DSC60xx DFN-4_LGA-4.SchLib"; VariantName = "[No Variations]"
Add component (AddParameter): Name = "ComponentLink4Description"; Value = "Open Footprint"; VariantName = "[No Variations]"
Add component (AddParameter): Name = "ComponentLink4URL"; Value = "C:\ALTIUM_WORK\00001_MCHP-CDB\Library\Footprints\OSCILLATOR_DSC60000L2.5W2.0H0.89.PcbLib"; VariantName = "[No Variations]"
Add component (AddParameter): Name = "ComponentLink5Description"; Value = "Open Footprint 2"; VariantName = "[No Variations]"
Add component (AddParameter): Name = "ComponentLink6Description"; Value = "Open Footprint 3"; VariantName = "[No Variations]"
Add component (AddParameter): Name = "ComponentLink7Description"; Value = "Open Footprint 4"; VariantName = "[No Variations]"
Add component (AddParameter): Name = "Description_"; Value = "MCHP CLOCK OSCILLATOR SINGLE 8.000MHz DSC6011JI2B-008.0000 VLGA-4"; VariantName = "[No Variations]"
Add component (AddParameter): Name = "Dev Tools Status"; Value = "Design"; VariantName = "[No Variations]"
Add component (AddParameter): Name = "Manufacturer 1"; Value = "Microchip Technology"; VariantName = "[No Variations]"
Add component (AddParameter): Name = "Manufacturer Part Number 1"; Value = "DSC6011JI2B-008.0000"; VariantName = "[No Variations]"
Add component (AddParameter): Name = "MCHP-ID"; Value = "MIC8585"; VariantName = "[No Variations]"
Add component (AddParameter): Name = "Operating Temperature"; Value = "-40C to +85C"; VariantName = "[No Variations]"
Add component (AddParameter): Name = "Owner"; Value = "Gabor Bihari"; VariantName = "[No Variations]"
Add component (AddParameter): Name = "Populated"; Value = "YES"; VariantName = "[No Variations]"
Add component (AddParameter): Name = "Quantity Override"; Value = "1"; VariantName = "[No Variations]"
Add component (AddParameter): Name = "Revision"; Value = "A"; VariantName = "[No Variations]"
Add component (AddParameter): Name = "Status"; Value = "MCL Design"; VariantName = "[No Variations]"
Add component (AddParameter): Name = "Supplier 1"; Value = "Microchip Technology"; VariantName = "[No Variations]"
Add component (AddParameter): Name = "Supplier Part Number 1"; Value = "DSC6011JI2B-008.0000"; VariantName = "[No Variations]"
Add component (AddParameter): Name = "Symbol"; Value = "DSC60xx DFN-4_LGA-4"; VariantName = "[No Variations]"
Add component (AddParameter): Name = "Type"; Value = "Oscillator"; VariantName = "[No Variations]"
Add component (AddParameter): Name = "Value"; Value = "8.000MHz"; VariantName = "[No Variations]"
Added Pin To Net: NetName=NetC1_1 Pin=C1-1
Added Pin To Net: NetName=+5V Pin=C7-2
Added Pin To Net: NetName=+5V Pin=C8-2
Added Pin To Net: NetName=+5V Pin=C9-2
Added Pin To Net: NetName=GND Pin=C29-1
Added Pin To Net: NetName=TEMP Pin=C29-2
Added Pin To Net: NetName=GND Pin=C33-1
Added Pin To Net: NetName=VDD Pin=C33-2
Added Pin To Net: NetName=+5V Pin=C123-1
Added Pin To Net: NetName=+5V Pin=C124-2
Added Pin To Net: NetName=+5V Pin=D1-1
Added Pin To Net: NetName=NetD1_2 Pin=D1-2
Added Pin To Net: NetName=NetC1_1 Pin=D3-2
Added Pin To Net: NetName=IA Pin=IA-1
Added Pin To Net: NetName=IB Pin=IB-1
Added Pin To Net: NetName=M\C\L\R\ Pin=J6-1
Added Pin To Net: NetName=UART_RX Pin=J7-1
Added Pin To Net: NetName=VDD Pin=J7-2
Added Pin To Net: NetName=GND Pin=J7-3
Added Pin To Net: NetName=UART_TX Pin=J7-6
Add Pin To Net: Unknown Pin: Pin L1-1
Add Pin To Net: Unknown Pin: Pin L1-2
Added Pin To Net: NetName=NetD1_2 Pin=R1-1
Added Pin To Net: NetName=+5V Pin=R2-2
Added Pin To Net: NetName=NetC1_1 Pin=R5-2
Add Pin To Net: Unknown Pin: Pin R53-2
Added Pin To Net: NetName=UART_RX Pin=R78-1
Added Pin To Net: NetName=VDD Pin=R78-2
Added Pin To Net: NetName=UART_TX Pin=R79-1
Added Pin To Net: NetName=VDD Pin=R79-2
Added Pin To Net: NetName=NetR85_2 Pin=R85-2
Add Pin To Net: Unknown Pin: Pin R86-1
Add Pin To Net: Unknown Pin: Pin R86-2
Added Pin To Net: NetName=V_C Pin=R114-2
Added Pin To Net: NetName=V_A Pin=R115-2
Added Pin To Net: NetName=V_B Pin=R118-2
Added Pin To Net: NetName=M\C\L\R\ Pin=R183-2
Added Pin To Net: NetName=LED1 Pin=R187-1
Added Pin To Net: NetName=LED2 Pin=R188-1
Added Pin To Net: NetName=LED1 Pin=TP17-1
Added Pin To Net: NetName=LED2 Pin=TP18-1
Added Pin To Net: NetName=NetD1_2 Pin=U1-1
Added Pin To Net: NetName=NetC1_1 Pin=U1-6
Add Pin To Net: Unknown Pin: Pin U5-1
Added Pin To Net: NetName=VDD Pin=U6-1
Added Pin To Net: NetName=TEMP Pin=U6-2
Added Pin To Net: NetName=GND Pin=U6-3
Added Pin To Net: NetName=M\C\L\R\ Pin=U9-12
Added Pin To Net: NetName=IA Pin=U9-14
Added Pin To Net: NetName=IB Pin=U9-18
Added Pin To Net: NetName=POT Pin=U9-27
Added Pin To Net: NetName=LED1 Pin=U9-29
Added Pin To Net: NetName=+5V Pin=U9-48
Added Pin To Net: NetName=+3.3VA Pin=C12-2
Added Pin To Net: NetName=+3.3VA Pin=C13-2
Added Pin To Net: NetName=+3.3VA Pin=D9-2
Added Pin To Net: NetName=+3.3VA Pin=D10-2
Added Pin To Net: NetName=+3.3VA Pin=D11-2
Added Pin To Net: NetName=+3.3VA Pin=D12-2
Added Pin To Net: NetName=+3.3VA Pin=R3-2
Added Pin To Net: NetName=+3.3VA Pin=R148-1
Added Net: Name=+3.3VA
Added Pin To Net: NetName=+3.3V Pin=C10-2
Added Pin To Net: NetName=+3.3V Pin=C11-2
Added Pin To Net: NetName=+3.3V Pin=C39-2
Added Pin To Net: NetName=+3.3V Pin=C66-2
Added Pin To Net: NetName=+3.3V Pin=J6-2
Added Pin To Net: NetName=+3.3V Pin=R3-1
Added Pin To Net: NetName=+3.3V Pin=R181-1
Added Pin To Net: NetName=+3.3V Pin=Y2-1
Added Pin To Net: NetName=+3.3V Pin=Y2-4
Added Net: Name=+3.3V
Added Pin To Net: NetName=AGND Pin=C12-1
Added Pin To Net: NetName=AGND Pin=C13-1
Added Pin To Net: NetName=AGND Pin=C33-2
Added Pin To Net: NetName=AGND Pin=C47-1
Added Pin To Net: NetName=AGND Pin=C52-2
Added Pin To Net: NetName=AGND Pin=C56-1
Added Pin To Net: NetName=AGND Pin=C57-1
Added Pin To Net: NetName=AGND Pin=C58-1
Added Pin To Net: NetName=AGND Pin=C59-1
Added Pin To Net: NetName=AGND Pin=C64-2
Added Pin To Net: NetName=AGND Pin=C68-1
Added Pin To Net: NetName=AGND Pin=C75-1
Added Pin To Net: NetName=AGND Pin=C76-1
Added Pin To Net: NetName=AGND Pin=C78-1
Added Pin To Net: NetName=AGND Pin=C85-1
Added Pin To Net: NetName=AGND Pin=C96-1
Added Pin To Net: NetName=AGND Pin=C97-1
Added Pin To Net: NetName=AGND Pin=C98-1
Added Pin To Net: NetName=AGND Pin=D9-1
Added Pin To Net: NetName=AGND Pin=D10-1
Added Pin To Net: NetName=AGND Pin=D11-1
Added Pin To Net: NetName=AGND Pin=D12-1
Added Pin To Net: NetName=AGND Pin=NT2-2
Added Pin To Net: NetName=AGND Pin=R119-2
Added Pin To Net: NetName=AGND Pin=R120-2
Added Pin To Net: NetName=AGND Pin=R121-2
Added Pin To Net: NetName=AGND Pin=R137-2
Added Pin To Net: NetName=AGND Pin=U9-20
Added Pin To Net: NetName=AGND Pin=U12-3
Added Net: Name=AGND
Added Pin To Net: NetName=CLKI Pin=U9-28
Added Pin To Net: NetName=CLKI Pin=Y2-3
Added Net: Name=CLKI
Added Pin To Net: NetName=DGND Pin=C2-1
Added Pin To Net: NetName=DGND Pin=C7-1
Added Pin To Net: NetName=DGND Pin=C8-1
Added Pin To Net: NetName=DGND Pin=C9-1
Added Pin To Net: NetName=DGND Pin=C10-1
Added Pin To Net: NetName=DGND Pin=C11-1
Added Pin To Net: NetName=DGND Pin=C15-1
Added Pin To Net: NetName=DGND Pin=C21-1
Added Pin To Net: NetName=DGND Pin=C22-1
Added Pin To Net: NetName=DGND Pin=C39-1
Added Pin To Net: NetName=DGND Pin=C53-1
Added Pin To Net: NetName=DGND Pin=C54-1
Added Pin To Net: NetName=DGND Pin=C60-1
Added Pin To Net: NetName=DGND Pin=C61-1
Added Pin To Net: NetName=DGND Pin=C62-1
Added Pin To Net: NetName=DGND Pin=C63-1
Added Pin To Net: NetName=DGND Pin=C66-1
Added Pin To Net: NetName=DGND Pin=C69-2
Added Pin To Net: NetName=DGND Pin=C70-1
Added Pin To Net: NetName=DGND Pin=C71-2
Added Pin To Net: NetName=DGND Pin=C118-1
Added Pin To Net: NetName=DGND Pin=C123-2
Added Pin To Net: NetName=DGND Pin=C124-1
Added Pin To Net: NetName=DGND Pin=D3-1
Added Pin To Net: NetName=DGND Pin=D22-3
Added Pin To Net: NetName=DGND Pin=J6-3
Added Pin To Net: NetName=DGND Pin=J7-3
Added Pin To Net: NetName=DGND Pin=LD1-2
Added Pin To Net: NetName=DGND Pin=LD2-2
Added Pin To Net: NetName=DGND Pin=NT1-2
Added Pin To Net: NetName=DGND Pin=NT2-1
Added Pin To Net: NetName=DGND Pin=R6-1
Added Pin To Net: NetName=DGND Pin=U1-2
Added Pin To Net: NetName=DGND Pin=U9-26
Added Pin To Net: NetName=DGND Pin=U9-40
Added Pin To Net: NetName=DGND Pin=U9-51
Added Pin To Net: NetName=DGND Pin=U9-65
Added Pin To Net: NetName=DGND Pin=U9-67
Added Pin To Net: NetName=DGND Pin=Y2-2
Added Net: Name=DGND
Added Pin To Net: NetName=DRV_VBOOT Pin=C48-1
Added Pin To Net: NetName=DRV_VBOOT Pin=U9-4
Added Pin To Net: NetName=DRV_VBOOT Pin=VBOOT-1
Added Net: Name=DRV_VBOOT
Added Pin To Net: NetName=DRV_VREG Pin=C49-1
Added Pin To Net: NetName=DRV_VREG Pin=U9-6
Added Pin To Net: NetName=DRV_VREG Pin=VREG-1
Added Net: Name=DRV_VREG
Added Pin To Net: NetName=DRV_WAKE Pin=U9-55
Added Net: Name=DRV_WAKE
Added Pin To Net: NetName=dsPIC_DEBUG_RX Pin=U9-32
Added Net: Name=dsPIC_DEBUG_RX
Added Pin To Net: NetName=dsPIC_DEBUG_TX Pin=U9-31
Added Net: Name=dsPIC_DEBUG_TX
Added Pin To Net: NetName=dsPIC_PIN_21 Pin=U9-21
Added Net: Name=dsPIC_PIN_21
Added Pin To Net: NetName=dsPIC_PIN_24 Pin=U9-24
Added Net: Name=dsPIC_PIN_24
Added Pin To Net: NetName=dsPIC_PIN_30 Pin=U9-30
Added Net: Name=dsPIC_PIN_30
Added Pin To Net: NetName=dsPIC_PIN_36 Pin=U9-36
Added Net: Name=dsPIC_PIN_36
Added Pin To Net: NetName=dsPIC_PIN_37 Pin=U9-37
Added Net: Name=dsPIC_PIN_37
Added Pin To Net: NetName=dsPIC_PIN_38 Pin=U9-38
Added Net: Name=dsPIC_PIN_38
Added Pin To Net: NetName=dsPIC_PIN_39 Pin=U9-39
Added Net: Name=dsPIC_PIN_39
Added Pin To Net: NetName=dsPIC_PIN_42 Pin=TP21-1
Added Pin To Net: NetName=dsPIC_PIN_42 Pin=U9-42
Added Net: Name=dsPIC_PIN_42
Added Pin To Net: NetName=dsPIC_PIN_43 Pin=C2-2
Added Pin To Net: NetName=dsPIC_PIN_43 Pin=TP20-1
Added Pin To Net: NetName=dsPIC_PIN_43 Pin=U9-43
Added Net: Name=dsPIC_PIN_43
Added Pin To Net: NetName=dsPIC_PIN_45 Pin=U9-45
Added Net: Name=dsPIC_PIN_45
Added Pin To Net: NetName=dsPIC_PIN_46 Pin=U9-46
Added Net: Name=dsPIC_PIN_46
Added Pin To Net: NetName=dsPIC_PIN_47 Pin=U9-47
Added Net: Name=dsPIC_PIN_47
Added Pin To Net: NetName=dsPIC_PIN_49 Pin=L2-4
Added Pin To Net: NetName=dsPIC_PIN_49 Pin=R7-1
Added Pin To Net: NetName=dsPIC_PIN_49 Pin=U9-49
Added Net: Name=dsPIC_PIN_49
Added Pin To Net: NetName=dsPIC_PIN_50 Pin=L2-1
Added Pin To Net: NetName=dsPIC_PIN_50 Pin=R8-1
Added Pin To Net: NetName=dsPIC_PIN_50 Pin=U9-50
Added Net: Name=dsPIC_PIN_50
Added Pin To Net: NetName=dsPIC_VDD Pin=C53-2
Added Pin To Net: NetName=dsPIC_VDD Pin=C54-2
Added Pin To Net: NetName=dsPIC_VDD Pin=C56-2
Added Pin To Net: NetName=dsPIC_VDD Pin=C57-2
Added Pin To Net: NetName=dsPIC_VDD Pin=C58-2
Added Pin To Net: NetName=dsPIC_VDD Pin=C60-2
Added Pin To Net: NetName=dsPIC_VDD Pin=C61-2
Added Pin To Net: NetName=dsPIC_VDD Pin=C62-2
Added Pin To Net: NetName=dsPIC_VDD Pin=C63-2
Added Pin To Net: NetName=dsPIC_VDD Pin=dsPIC VDD-1
Added Pin To Net: NetName=dsPIC_VDD Pin=U9-19
Added Pin To Net: NetName=dsPIC_VDD Pin=U9-25
Added Pin To Net: NetName=dsPIC_VDD Pin=U9-41
Added Pin To Net: NetName=dsPIC_VDD Pin=U9-52
Added Net: Name=dsPIC_VDD
Added Pin To Net: NetName=HS_GATE_A Pin=C106-2
Added Pin To Net: NetName=HS_GATE_A Pin=Q1-1
Added Pin To Net: NetName=HS_GATE_A Pin=R154-1
Added Pin To Net: NetName=HS_GATE_A Pin=R161-2
Added Pin To Net: NetName=HS_GATE_A Pin=R163-2
Added Net: Name=HS_GATE_A
Added Pin To Net: NetName=HS_GATE_B Pin=C105-2
Added Pin To Net: NetName=HS_GATE_B Pin=Q3-1
Added Pin To Net: NetName=HS_GATE_B Pin=R156-1
Added Pin To Net: NetName=HS_GATE_B Pin=R160-2
Added Pin To Net: NetName=HS_GATE_B Pin=R162-2
Added Net: Name=HS_GATE_B
Added Pin To Net: NetName=HS_GATE_C Pin=C107-2
Added Pin To Net: NetName=HS_GATE_C Pin=Q5-1
Added Pin To Net: NetName=HS_GATE_C Pin=R153-1
Added Pin To Net: NetName=HS_GATE_C Pin=R171-2
Added Pin To Net: NetName=HS_GATE_C Pin=R172-2
Added Net: Name=HS_GATE_C
Added Pin To Net: NetName=IBUS_FILT_EXT Pin=U9-17
Added Net: Name=IBUS_FILT_EXT
Added Pin To Net: NetName=IBUS_IC Pin=IBUS_IC-1
Added Pin To Net: NetName=IBUS_IC Pin=U9-33
Added Net: Name=IBUS_IC
Added Pin To Net: NetName=LS_GATE_A Pin=C110-2
Added Pin To Net: NetName=LS_GATE_A Pin=Q2-1
Added Pin To Net: NetName=LS_GATE_A Pin=R158-1
Added Pin To Net: NetName=LS_GATE_A Pin=R168-2
Added Pin To Net: NetName=LS_GATE_A Pin=R170-2
Added Net: Name=LS_GATE_A
Added Pin To Net: NetName=LS_GATE_B Pin=C108-2
Added Pin To Net: NetName=LS_GATE_B Pin=Q4-1
Added Pin To Net: NetName=LS_GATE_B Pin=R157-1
Added Pin To Net: NetName=LS_GATE_B Pin=R167-2
Added Pin To Net: NetName=LS_GATE_B Pin=R169-2
Added Net: Name=LS_GATE_B
Added Pin To Net: NetName=LS_GATE_C Pin=C109-2
Added Pin To Net: NetName=LS_GATE_C Pin=Q6-1
Added Pin To Net: NetName=LS_GATE_C Pin=R159-1
Added Pin To Net: NetName=LS_GATE_C Pin=R173-2
Added Pin To Net: NetName=LS_GATE_C Pin=R174-2
Added Net: Name=LS_GATE_C
Added Pin To Net: NetName=NetC1_2 Pin=C1-2
Added Pin To Net: NetName=NetC1_2 Pin=R1-2
Added Net: Name=NetC1_2
Added Pin To Net: NetName=NetC15_2 Pin=C15-2
Added Pin To Net: NetName=NetC15_2 Pin=C21-2
Added Pin To Net: NetName=NetC15_2 Pin=J1-1
Added Pin To Net: NetName=NetC15_2 Pin=R4-2
Added Pin To Net: NetName=NetC15_2 Pin=R191-2
Added Pin To Net: NetName=NetC15_2 Pin=U1-5
Added Net: Name=NetC15_2
Added Pin To Net: NetName=NetC22_2 Pin=C22-2
Added Pin To Net: NetName=NetC22_2 Pin=R5-1
Added Net: Name=NetC22_2
Added Pin To Net: NetName=NetC33_1 Pin=C33-1
Added Pin To Net: NetName=NetC33_1 Pin=C46-2
Added Pin To Net: NetName=NetC33_1 Pin=R21-2
Added Pin To Net: NetName=NetC33_1 Pin=R22-1
Added Net: Name=NetC33_1
Added Pin To Net: NetName=NetC46_1 Pin=C46-1
Added Pin To Net: NetName=NetC46_1 Pin=C47-2
Added Pin To Net: NetName=NetC46_1 Pin=R58-2
Added Pin To Net: NetName=NetC46_1 Pin=R59-1
Added Net: Name=NetC46_1
Added Pin To Net: NetName=NetC51_1 Pin=C51-1
Added Pin To Net: NetName=NetC51_1 Pin=U9-8
Added Net: Name=NetC51_1
Added Pin To Net: NetName=NetC51_2 Pin=C51-2
Added Pin To Net: NetName=NetC51_2 Pin=D24-2
Added Pin To Net: NetName=NetC51_2 Pin=U9-9
Added Net: Name=NetC51_2
Added Pin To Net: NetName=NetC52_1 Pin=C52-1
Added Pin To Net: NetName=NetC52_1 Pin=C55-2
Added Pin To Net: NetName=NetC52_1 Pin=R67-2
Added Pin To Net: NetName=NetC52_1 Pin=R68-1
Added Net: Name=NetC52_1
Added Pin To Net: NetName=NetC55_1 Pin=C55-1
Added Pin To Net: NetName=NetC55_1 Pin=C59-2
Added Pin To Net: NetName=NetC55_1 Pin=R74-2
Added Pin To Net: NetName=NetC55_1 Pin=R75-1
Added Net: Name=NetC55_1
Added Pin To Net: NetName=NetC64_1 Pin=C64-1
Added Pin To Net: NetName=NetC64_1 Pin=C65-2
Added Pin To Net: NetName=NetC64_1 Pin=R83-2
Added Pin To Net: NetName=NetC64_1 Pin=R84-1
Added Net: Name=NetC64_1
Added Pin To Net: NetName=NetC65_1 Pin=C65-1
Added Pin To Net: NetName=NetC65_1 Pin=C68-2
Added Pin To Net: NetName=NetC65_1 Pin=R91-2
Added Pin To Net: NetName=NetC65_1 Pin=R92-1
Added Net: Name=NetC65_1
Added Pin To Net: NetName=NetC69_1 Pin=C69-1
Added Pin To Net: NetName=NetC69_1 Pin=C121-2
Added Pin To Net: NetName=NetC69_1 Pin=D22-2
Added Pin To Net: NetName=NetC69_1 Pin=J7-7
Added Pin To Net: NetName=NetC69_1 Pin=L2-2
Added Pin To Net: NetName=NetC69_1 Pin=R8-2
Added Pin To Net: NetName=NetC69_1 Pin=R100-2
Added Pin To Net: NetName=NetC69_1 Pin=R103-2
Added Net: Name=NetC69_1
Added Pin To Net: NetName=NetC70_2 Pin=C70-2
Added Pin To Net: NetName=NetC70_2 Pin=R99-1
Added Pin To Net: NetName=NetC70_2 Pin=R100-1
Added Net: Name=NetC70_2
Added Pin To Net: NetName=NetC71_1 Pin=C71-1
Added Pin To Net: NetName=NetC71_1 Pin=C121-1
Added Pin To Net: NetName=NetC71_1 Pin=D22-1
Added Pin To Net: NetName=NetC71_1 Pin=J7-2
Added Pin To Net: NetName=NetC71_1 Pin=L2-3
Added Pin To Net: NetName=NetC71_1 Pin=R7-2
Added Pin To Net: NetName=NetC71_1 Pin=R99-2
Added Pin To Net: NetName=NetC71_1 Pin=R103-1
Added Net: Name=NetC71_1
Added Pin To Net: NetName=NetC75_2 Pin=C75-2
Added Pin To Net: NetName=NetC75_2 Pin=D9-3
Added Pin To Net: NetName=NetC75_2 Pin=R110-2
Added Pin To Net: NetName=NetC75_2 Pin=R114-1
Added Pin To Net: NetName=NetC75_2 Pin=R119-1
Added Pin To Net: NetName=NetC75_2 Pin=VC-1
Added Net: Name=NetC75_2
Added Pin To Net: NetName=NetC76_2 Pin=C76-2
Added Pin To Net: NetName=NetC76_2 Pin=D11-3
Added Pin To Net: NetName=NetC76_2 Pin=R111-2
Added Pin To Net: NetName=NetC76_2 Pin=R115-1
Added Pin To Net: NetName=NetC76_2 Pin=R120-1
Added Pin To Net: NetName=NetC76_2 Pin=VA-1
Added Net: Name=NetC76_2
Added Pin To Net: NetName=NetC78_2 Pin=C78-2
Added Pin To Net: NetName=NetC78_2 Pin=D10-3
Added Pin To Net: NetName=NetC78_2 Pin=R112-2
Added Pin To Net: NetName=NetC78_2 Pin=R118-1
Added Pin To Net: NetName=NetC78_2 Pin=R121-1
Added Pin To Net: NetName=NetC78_2 Pin=VB-1
Added Net: Name=NetC78_2
Added Pin To Net: NetName=NetC85_2 Pin=C85-2
Added Pin To Net: NetName=NetC85_2 Pin=D12-3
Added Pin To Net: NetName=NetC85_2 Pin=R128-2
Added Pin To Net: NetName=NetC85_2 Pin=R133-1
Added Pin To Net: NetName=NetC85_2 Pin=R137-1
Added Pin To Net: NetName=NetC85_2 Pin=VBUS-1
Added Net: Name=NetC85_2
Added Pin To Net: NetName=NetC93_1 Pin=C93-1
Added Pin To Net: NetName=NetC93_1 Pin=R147-1
Added Pin To Net: NetName=NetC93_1 Pin=U10-13
Added Net: Name=NetC93_1
Added Pin To Net: NetName=NetC93_2 Pin=C93-2
Added Pin To Net: NetName=NetC93_2 Pin=R150-1
Added Pin To Net: NetName=NetC93_2 Pin=U10-14
Added Net: Name=NetC93_2
Added Pin To Net: NetName=NetC97_2 Pin=C97-2
Added Pin To Net: NetName=NetC97_2 Pin=U12-1
Added Net: Name=NetC97_2
Added Pin To Net: NetName=NetC98_2 Pin=C98-2
Added Pin To Net: NetName=NetC98_2 Pin=R148-2
Added Pin To Net: NetName=NetC98_2 Pin=U10-12
Added Pin To Net: NetName=NetC98_2 Pin=U12-2
Added Net: Name=NetC98_2
Added Pin To Net: NetName=NetC111_2 Pin=C111-2
Added Pin To Net: NetName=NetC111_2 Pin=D17-2
Added Pin To Net: NetName=NetC111_2 Pin=U9-64
Added Net: Name=NetC111_2
Added Pin To Net: NetName=NetC112_2 Pin=C112-2
Added Pin To Net: NetName=NetC112_2 Pin=D15-2
Added Pin To Net: NetName=NetC112_2 Pin=U9-58
Added Net: Name=NetC112_2
Added Pin To Net: NetName=NetC113_2 Pin=C113-2
Added Pin To Net: NetName=NetC113_2 Pin=D16-2
Added Pin To Net: NetName=NetC113_2 Pin=U9-61
Added Net: Name=NetC113_2
Added Pin To Net: NetName=NetC118_2 Pin=C118-2
Added Pin To Net: NetName=NetC118_2 Pin=R181-2
Added Pin To Net: NetName=NetC118_2 Pin=R183-1
Added Net: Name=NetC118_2
Added Pin To Net: NetName=NetD13_1 Pin=D13-1
Added Pin To Net: NetName=NetD13_1 Pin=R162-1
Added Net: Name=NetD13_1
Added Pin To Net: NetName=NetD13_2 Pin=D13-2
Added Pin To Net: NetName=NetD13_2 Pin=R160-1
Added Pin To Net: NetName=NetD13_2 Pin=U9-60
Added Net: Name=NetD13_2
Added Pin To Net: NetName=NetD14_1 Pin=D14-1
Added Pin To Net: NetName=NetD14_1 Pin=R163-1
Added Net: Name=NetD14_1
Added Pin To Net: NetName=NetD14_2 Pin=D14-2
Added Pin To Net: NetName=NetD14_2 Pin=R161-1
Added Pin To Net: NetName=NetD14_2 Pin=U9-57
Added Net: Name=NetD14_2
Added Pin To Net: NetName=NetD15_1 Pin=D15-1
Added Net: Name=NetD15_1
Added Pin To Net: NetName=NetD16_1 Pin=D16-1
Added Net: Name=NetD16_1
Added Pin To Net: NetName=NetD17_1 Pin=D17-1
Added Net: Name=NetD17_1
Added Pin To Net: NetName=NetD18_1 Pin=D18-1
Added Pin To Net: NetName=NetD18_1 Pin=R169-1
Added Net: Name=NetD18_1
Added Pin To Net: NetName=NetD18_2 Pin=D18-2
Added Pin To Net: NetName=NetD18_2 Pin=R167-1
Added Pin To Net: NetName=NetD18_2 Pin=U9-2
Added Net: Name=NetD18_2
Added Pin To Net: NetName=NetD19_1 Pin=D19-1
Added Pin To Net: NetName=NetD19_1 Pin=R170-1
Added Net: Name=NetD19_1
Added Pin To Net: NetName=NetD19_2 Pin=D19-2
Added Pin To Net: NetName=NetD19_2 Pin=R168-1
Added Pin To Net: NetName=NetD19_2 Pin=U9-1
Added Net: Name=NetD19_2
Added Pin To Net: NetName=NetD20_1 Pin=D20-1
Added Pin To Net: NetName=NetD20_1 Pin=R172-1
Added Net: Name=NetD20_1
Added Pin To Net: NetName=NetD20_2 Pin=D20-2
Added Pin To Net: NetName=NetD20_2 Pin=R171-1
Added Pin To Net: NetName=NetD20_2 Pin=U9-63
Added Net: Name=NetD20_2
Added Pin To Net: NetName=NetD21_1 Pin=D21-1
Added Pin To Net: NetName=NetD21_1 Pin=R174-1
Added Net: Name=NetD21_1
Added Pin To Net: NetName=NetD21_2 Pin=D21-2
Added Pin To Net: NetName=NetD21_2 Pin=R173-1
Added Pin To Net: NetName=NetD21_2 Pin=U9-3
Added Net: Name=NetD21_2
Added Pin To Net: NetName=NetLD1_1 Pin=LD1-1
Added Pin To Net: NetName=NetLD1_1 Pin=R187-2
Added Net: Name=NetLD1_1
Added Pin To Net: NetName=NetLD2_1 Pin=LD2-1
Added Pin To Net: NetName=NetLD2_1 Pin=R188-2
Added Net: Name=NetLD2_1
Added Pin To Net: NetName=NetR2_1 Pin=R2-1
Added Pin To Net: NetName=NetR2_1 Pin=R6-2
Added Pin To Net: NetName=NetR2_1 Pin=U1-3
Added Net: Name=NetR2_1
Added Pin To Net: NetName=NetR4_1 Pin=R4-1
Added Pin To Net: NetName=NetR4_1 Pin=U1-4
Added Net: Name=NetR4_1
Added Pin To Net: NetName=NetR52_2 Pin=R52-2
Added Net: Name=NetR52_2
Added Pin To Net: NetName=NetR69_2 Pin=R69-2
Added Net: Name=NetR69_2
Added Pin To Net: NetName=NetTP12_1 Pin=TP12-1
Added Pin To Net: NetName=NetTP12_1 Pin=U9-10
Added Net: Name=NetTP12_1
Added Pin To Net: NetName=NetTP13_1 Pin=TP13-1
Added Pin To Net: NetName=NetTP13_1 Pin=U9-53
Added Net: Name=NetTP13_1
Added Pin To Net: NetName=NetTP14_1 Pin=TP14-1
Added Pin To Net: NetName=NetTP14_1 Pin=U9-54
Added Net: Name=NetTP14_1
Added Pin To Net: NetName=NetTP19_1 Pin=TP19-1
Added Pin To Net: NetName=NetTP19_1 Pin=U9-11
Added Net: Name=NetTP19_1
Added Pin To Net: NetName=OA1IN+ Pin=R59-2
Added Pin To Net: NetName=OA1IN+ Pin=R60-1
Added Pin To Net: NetName=OA1IN+ Pin=U9-16
Added Net: Name=OA1IN+
Added Pin To Net: NetName=OA1IN- Pin=R22-2
Added Pin To Net: NetName=OA1IN- Pin=R52-1
Added Pin To Net: NetName=OA1IN- Pin=U9-15
Added Net: Name=OA1IN-
Added Pin To Net: NetName=OA2IN+ Pin=R75-2
Added Pin To Net: NetName=OA2IN+ Pin=R76-1
Added Pin To Net: NetName=OA2IN+ Pin=U9-35
Added Net: Name=OA2IN+
Added Pin To Net: NetName=OA2IN- Pin=R68-2
Added Pin To Net: NetName=OA2IN- Pin=R69-1
Added Pin To Net: NetName=OA2IN- Pin=U9-34
Added Net: Name=OA2IN-
Added Pin To Net: NetName=OA3IN+ Pin=R92-2
Added Pin To Net: NetName=OA3IN+ Pin=R93-1
Added Pin To Net: NetName=OA3IN+ Pin=U9-23
Added Net: Name=OA3IN+
Added Pin To Net: NetName=OA3IN- Pin=R84-2
Added Pin To Net: NetName=OA3IN- Pin=R85-1
Added Pin To Net: NetName=OA3IN- Pin=U9-22
Added Net: Name=OA3IN-
Added Pin To Net: NetName=PGC Pin=J6-5
Added Pin To Net: NetName=PGC Pin=U9-44
Added Net: Name=PGC
Added Pin To Net: NetName=PGD Pin=J6-4
Added Net: Name=PGD
Added Pin To Net: NetName=PGND Pin=C3-2
Added Pin To Net: NetName=PGND Pin=C4-2
Added Pin To Net: NetName=PGND Pin=C5-2
Added Pin To Net: NetName=PGND Pin=C6-1
Added Pin To Net: NetName=PGND Pin=C48-2
Added Pin To Net: NetName=PGND Pin=C49-2
Added Pin To Net: NetName=PGND Pin=C50-1
Added Pin To Net: NetName=PGND Pin=C99-2
Added Pin To Net: NetName=PGND Pin=C100-2
Added Pin To Net: NetName=PGND Pin=C101-2
Added Pin To Net: NetName=PGND Pin=C102-2
Added Pin To Net: NetName=PGND Pin=C103-2
Added Pin To Net: NetName=PGND Pin=C104-2
Added Pin To Net: NetName=PGND Pin=D24-1
Added Pin To Net: NetName=PGND Pin=J1-2
Added Pin To Net: NetName=PGND Pin=J1-3
Added Pin To Net: NetName=PGND Pin=J2-1
Added Pin To Net: NetName=PGND Pin=NT1-1
Added Pin To Net: NetName=PGND Pin=R67-1
Added Pin To Net: NetName=PGND Pin=Rsh4-1
Added Pin To Net: NetName=PGND Pin=U9-5
Added Pin To Net: NetName=PGND Pin=U9-66
Added Net: Name=PGND
Added Pin To Net: NetName=PHASE_A Pin=C106-1
Added Pin To Net: NetName=PHASE_A Pin=C112-1
Added Pin To Net: NetName=PHASE_A Pin=J10-3
Added Pin To Net: NetName=PHASE_A Pin=Q1-3
Added Pin To Net: NetName=PHASE_A Pin=Q2-2
Added Pin To Net: NetName=PHASE_A Pin=R111-1
Added Pin To Net: NetName=PHASE_A Pin=R154-2
Added Pin To Net: NetName=PHASE_A Pin=U9-56
Added Net: Name=PHASE_A
Added Pin To Net: NetName=PHASE_B Pin=C105-1
Added Pin To Net: NetName=PHASE_B Pin=C113-1
Added Pin To Net: NetName=PHASE_B Pin=J10-2
Added Pin To Net: NetName=PHASE_B Pin=Q3-3
Added Pin To Net: NetName=PHASE_B Pin=Q4-2
Added Pin To Net: NetName=PHASE_B Pin=R112-1
Added Pin To Net: NetName=PHASE_B Pin=R156-2
Added Pin To Net: NetName=PHASE_B Pin=U9-59
Added Net: Name=PHASE_B
Added Pin To Net: NetName=PHASE_C Pin=C107-1
Added Pin To Net: NetName=PHASE_C Pin=C111-1
Added Pin To Net: NetName=PHASE_C Pin=J10-1
Added Pin To Net: NetName=PHASE_C Pin=Q5-3
Added Pin To Net: NetName=PHASE_C Pin=Q6-2
Added Pin To Net: NetName=PHASE_C Pin=R110-1
Added Pin To Net: NetName=PHASE_C Pin=R153-2
Added Pin To Net: NetName=PHASE_C Pin=U9-62
Added Net: Name=PHASE_C
Added Pin To Net: NetName=SHUNT_IA_N Pin=R21-1
Added Pin To Net: NetName=SHUNT_IA_N Pin=R74-1
Added Pin To Net: NetName=SHUNT_IA_N Pin=R83-1
Added Pin To Net: NetName=SHUNT_IA_N Pin=Rsh1-1
Added Pin To Net: NetName=SHUNT_IA_N Pin=Rsh2-1
Added Pin To Net: NetName=SHUNT_IA_N Pin=Rsh3-1
Added Pin To Net: NetName=SHUNT_IA_N Pin=Rsh4-2
Added Net: Name=SHUNT_IA_N
Added Pin To Net: NetName=SHUNT_IA_P Pin=C110-1
Added Pin To Net: NetName=SHUNT_IA_P Pin=Q2-3
Added Pin To Net: NetName=SHUNT_IA_P Pin=R58-1
Added Pin To Net: NetName=SHUNT_IA_P Pin=R158-2
Added Pin To Net: NetName=SHUNT_IA_P Pin=Rsh1-2
Added Net: Name=SHUNT_IA_P
Added Pin To Net: NetName=SHUNT_IB_P Pin=C108-1
Added Pin To Net: NetName=SHUNT_IB_P Pin=Q4-3
Added Pin To Net: NetName=SHUNT_IB_P Pin=R91-1
Added Pin To Net: NetName=SHUNT_IB_P Pin=R157-2
Added Pin To Net: NetName=SHUNT_IB_P Pin=Rsh2-2
Added Net: Name=SHUNT_IB_P
Added Pin To Net: NetName=SHUNT_IC_P Pin=C109-1
Added Pin To Net: NetName=SHUNT_IC_P Pin=Q6-3
Added Pin To Net: NetName=SHUNT_IC_P Pin=R159-2
Added Pin To Net: NetName=SHUNT_IC_P Pin=Rsh3-2
Added Net: Name=SHUNT_IC_P
Added Pin To Net: NetName=V_BUS Pin=R133-2
Added Pin To Net: NetName=V_BUS Pin=U9-13
Added Net: Name=V_BUS
Added Pin To Net: NetName=VDC Pin=C3-1
Added Pin To Net: NetName=VDC Pin=C4-1
Added Pin To Net: NetName=VDC Pin=C5-1
Added Pin To Net: NetName=VDC Pin=C6-2
Added Pin To Net: NetName=VDC Pin=C50-2
Added Pin To Net: NetName=VDC Pin=C99-1
Added Pin To Net: NetName=VDC Pin=C100-1
Added Pin To Net: NetName=VDC Pin=C101-1
Added Pin To Net: NetName=VDC Pin=C102-1
Added Pin To Net: NetName=VDC Pin=C103-1
Added Pin To Net: NetName=VDC Pin=C104-1
Added Pin To Net: NetName=VDC Pin=J2-2
Added Pin To Net: NetName=VDC Pin=Q1-2
Added Pin To Net: NetName=VDC Pin=Q3-2
Added Pin To Net: NetName=VDC Pin=Q5-2
Added Pin To Net: NetName=VDC Pin=R128-1
Added Pin To Net: NetName=VDC Pin=R191-1
Added Pin To Net: NetName=VDC Pin=U9-7
Added Net: Name=VDC
Added Pin To Net: NetName=VREF Pin=C96-2
Added Pin To Net: NetName=VREF Pin=R60-2
Added Pin To Net: NetName=VREF Pin=R76-2
Added Pin To Net: NetName=VREF Pin=R93-2
Added Pin To Net: NetName=VREF Pin=R147-2
Added Pin To Net: NetName=VREF Pin=R150-2
Added Pin To Net: NetName=VREF Pin=TP15-1
Added Net: Name=VREF
Added Class: Name=Sheet1_dsPIC33CDV+OpAmp
Added Class: Name=Sheet2_Inverter_GateDriver
Added Class: Name=Sheet3_SenseCkts_Programming_Interface
Added Class: Name=Sheet4_Power_Supply
Added Class: Name=Sheet5_CAN_Interface
Added Room: Name=Sheet4_Power_Supply
Added Rule: Name=Schematic Supply Nets
Added Rule: Name=Schematic Supply Nets_1
Added Rule: Name=Schematic Supply Nets_2
Added Rule: Name=Schematic Supply Nets_3
Added Rule: Name=Schematic Supply Nets_4
Added Rule: Name=Schematic Supply Nets_5
Added Rule: Name=Schematic Supply Nets_6
Added Rule: Name=Schematic Supply Nets_7
Added Rule: Name=Schematic Supply Nets_8
Added Rule: Name=Schematic Supply Nets_9
