Removed Pin From Net: NetName=VDC Pin=C3-1
Removed Pin From Net: NetName=PGND Pin=C3-2
Removed Pin From Net: NetName=VDC Pin=C4-1
Removed Pin From Net: NetName=PGND Pin=C4-2
Removed Pin From Net: NetName=VDC Pin=C5-1
Removed Pin From Net: NetName=PGND Pin=C5-2
Removed Pin From Net: NetName=PGND Pin=C6-1
Removed Pin From Net: NetName=VDC Pin=C6-2
Removed Pin From Net: NetName=DGND Pin=C9-1
Removed Pin From Net: NetName=+5V Pin=C9-2
Removed Pin From Net: NetName=DGND Pin=C10-1
Removed Pin From Net: NetName=+3.3V Pin=C10-2
Removed Pin From Net: NetName=DGND Pin=C11-1
Removed Pin From Net: NetName=+3.3V Pin=C11-2
Removed Pin From Net: NetName=AGND Pin=C12-1
Removed Pin From Net: NetName=AGND Pin=C13-1
Removed Pin From Net: NetName=+3.3V Pin=C39-2
Removed Pin From Net: NetName=VDC Pin=C50-2
Removed Pin From Net: NetName=+3.3V Pin=C66-2
Removed Pin From Net: NetName=AGND Pin=C96-1
Removed Pin From Net: NetName=VREF Pin=C96-2
Removed Pin From Net: NetName=AGND Pin=C97-1
Removed Pin From Net: NetName=AGND Pin=C98-1
Removed Pin From Net: NetName=PGND Pin=D2-1
Removed Pin From Net: NetName=VDC Pin=D2-2
Removed Pin From Net: NetName=dsPIC_VDD Pin=dsPIC VDD-1
Removed Pin From Net: NetName=NetC15_2 Pin=J1-1
Removed Pin From Net: NetName=PGND Pin=J1-2
Removed Pin From Net: NetName=PGND Pin=J1-3
Removed Pin From Net: NetName=PGND Pin=J2-1
Removed Pin From Net: NetName=VDC Pin=J2-2
Removed Pin From Net: NetName=+3.3V Pin=J6-2
Remove Pin from Net: Failed to remove Pin
Remove Pin from Net: Failed to remove Pin
Remove Pin from Net: Unknown Pin: Pin J7-7
Removed Pin From Net: NetName=DGND Pin=NT2-1
Removed Pin From Net: NetName=AGND Pin=NT2-2
Removed Pin From Net: NetName=HS_GATE_A Pin=Q1-1
Removed Pin From Net: NetName=VDC Pin=Q1-2
Removed Pin From Net: NetName=LS_GATE_A Pin=Q2-1
Removed Pin From Net: NetName=PHASE_A Pin=Q2-2
Removed Pin From Net: NetName=HS_GATE_B Pin=Q3-1
Removed Pin From Net: NetName=VDC Pin=Q3-2
Removed Pin From Net: NetName=LS_GATE_B Pin=Q4-1
Removed Pin From Net: NetName=PHASE_B Pin=Q4-2
Removed Pin From Net: NetName=HS_GATE_C Pin=Q5-1
Removed Pin From Net: NetName=VDC Pin=Q5-2
Removed Pin From Net: NetName=LS_GATE_C Pin=Q6-1
Removed Pin From Net: NetName=PHASE_C Pin=Q6-2
Removed Pin From Net: NetName=+3.3V Pin=R3-1
Removed Pin From Net: NetName=dsPIC_VDD Pin=R19-1
Removed Pin From Net: NetName=dsPIC_VDD Pin=R54-1
Removed Pin From Net: NetName=VDC Pin=R128-1
Removed Pin From Net: NetName=VREF Pin=R147-2
Removed Pin From Net: NetName=VREF Pin=R150-2
Removed Pin From Net: NetName=AGND Pin=R152-1
Removed Pin From Net: NetName=+3.3V Pin=R181-1
Removed Pin From Net: NetName=VDC Pin=R191-1
Removed Pin From Net: NetName=NetC15_2 Pin=R191-2
Removed Pin From Net: NetName=SHUNT_IA_N Pin=Rsh3-1
Removed Pin From Net: NetName=VREF Pin=TP15-1
Removed Pin From Net: NetName=+5V Pin=U5-1
Removed Pin From Net: NetName=DGND Pin=U5-2
Removed Pin From Net: NetName=DGND Pin=U5-2
Removed Pin From Net: NetName=+3.3V Pin=U5-3
Removed Pin From Net: NetName=VDC Pin=U9-7
Removed Pin From Net: NetName=AGND Pin=U12-3
Removed Pin From Net: NetName=+3.3V Pin=Y2-1
Removed Pin From Net: NetName=+3.3V Pin=Y2-4
Removed Member From Class: ClassName=Sheet4_Power_Supply Member=C3
Removed Member From Class: ClassName=Sheet4_Power_Supply Member=C4
Removed Member From Class: ClassName=Sheet4_Power_Supply Member=C5
Removed Member From Class: ClassName=Sheet4_Power_Supply Member=C6
Removed Member From Class: ClassName=Sheet4_Power_Supply Member=C9
Removed Member From Class: ClassName=Sheet4_Power_Supply Member=C10
Removed Member From Class: ClassName=Sheet4_Power_Supply Member=C11
Removed Member From Class: ClassName=Sheet4_Power_Supply Member=C12
Removed Member From Class: ClassName=Sheet4_Power_Supply Member=C13
Removed Member From Class: ClassName=Sheet4_Power_Supply Member=C93
Removed Member From Class: ClassName=Sheet4_Power_Supply Member=C96
Removed Member From Class: ClassName=Sheet4_Power_Supply Member=C97
Removed Member From Class: ClassName=Sheet4_Power_Supply Member=C98
Removed Member From Class: ClassName=Sheet4_Power_Supply Member=D2
Removed Member From Class: ClassName=Sheet4_Power_Supply Member=J1
Removed Member From Class: ClassName=Sheet4_Power_Supply Member=J2
Removed Member From Class: ClassName=Sheet5_CAN_Interface Member=J7
Removed Member From Class: ClassName=Sheet4_Power_Supply Member=NT2
Removed Member From Class: ClassName=Sheet4_Power_Supply Member=R3
Removed Member From Class: ClassName=Sheet4_Power_Supply Member=R147
Removed Member From Class: ClassName=Sheet4_Power_Supply Member=R148
Removed Member From Class: ClassName=Sheet4_Power_Supply Member=R150
Removed Member From Class: ClassName=Sheet4_Power_Supply Member=R151
Removed Member From Class: ClassName=Sheet4_Power_Supply Member=R152
Removed Member From Class: ClassName=Sheet4_Power_Supply Member=R191
Removed Member From Class: ClassName=Sheet2_Inverter_GateDriver Member=Rsh3
Removed Member From Class: ClassName=Sheet4_Power_Supply Member=TP15
Removed Member From Class: ClassName=Sheet4_Power_Supply Member=U5
Removed Member From Class: ClassName=Sheet4_Power_Supply Member=U10
Removed Member From Class: ClassName=Sheet4_Power_Supply Member=U12
Change Component Footprint: Designator=Q1 Old Footprint=TO-263-2L New Footprint=PPAK_SO-8L
Change Component Footprint: Designator=Q2 Old Footprint=TO-263-2L New Footprint=PPAK_SO-8L
Change Component Footprint: Designator=Q3 Old Footprint=TO-263-2L New Footprint=PPAK_SO-8L
Change Component Footprint: Designator=Q4 Old Footprint=TO-263-2L New Footprint=PPAK_SO-8L
Change Component Footprint: Designator=Q5 Old Footprint=TO-263-2L New Footprint=PPAK_SO-8L
Change Component Footprint: Designator=Q6 Old Footprint=TO-263-2L New Footprint=PPAK_SO-8L
Change Component Footprint: Designator=dsPIC VDD Old Footprint=TP_1.2x0.7 New Footprint=TP_TH_0.7PADX0.4HOLE
Change Component Footprint: Designator=IA Old Footprint=TP_1.2x0.7 New Footprint=TP_TH_0.7PADX0.4HOLE
Change Component Footprint: Designator=IB Old Footprint=TP_1.2x0.7 New Footprint=TP_TH_0.7PADX0.4HOLE
Change Component Footprint: Designator=IBUS_IC Old Footprint=TP_1.2x0.7 New Footprint=TP_TH_0.7PADX0.4HOLE
Change Component Footprint: Designator=TP12 Old Footprint=TP_1.2x0.7 New Footprint=TP_TH_0.7PADX0.4HOLE
Change Component Footprint: Designator=TP13 Old Footprint=TP_1.2x0.7 New Footprint=TP_TH_0.7PADX0.4HOLE
Change Component Footprint: Designator=TP14 Old Footprint=TP_1.2x0.7 New Footprint=TP_TH_0.7PADX0.4HOLE
Change Component Footprint: Designator=TP17 Old Footprint=TP_1.2x0.7 New Footprint=TP_TH_0.7PADX0.4HOLE
Change Component Footprint: Designator=TP18 Old Footprint=TP_1.2x0.7 New Footprint=TP_TH_0.7PADX0.4HOLE
Change Component Footprint: Designator=TP19 Old Footprint=TP_1.2x0.7 New Footprint=TP_TH_0.7PADX0.4HOLE
Change Component Footprint: Designator=TP21 Old Footprint=TP_1.2x0.7 New Footprint=TP_TH_0.7PADX0.4HOLE
Change Component Footprint: Designator=VA Old Footprint=TP_1.2x0.7 New Footprint=TP_TH_0.7PADX0.4HOLE
Change Component Footprint: Designator=VB Old Footprint=TP_1.2x0.7 New Footprint=TP_TH_0.7PADX0.4HOLE
Change Component Footprint: Designator=VBOOT Old Footprint=TP_1.2x0.7 New Footprint=TP_TH_0.7PADX0.4HOLE
Change Component Footprint: Designator=VBUS Old Footprint=TP_1.2x0.7 New Footprint=TP_TH_0.7PADX0.4HOLE
Change Component Footprint: Designator=VC Old Footprint=TP_1.2x0.7 New Footprint=TP_TH_0.7PADX0.4HOLE
Change Component Footprint: Designator=VREG Old Footprint=TP_1.2x0.7 New Footprint=TP_TH_0.7PADX0.4HOLE
Change Component Comment : Designator=dsPIC VDD Old Comment=dsPIC VDD New Comment=Test Point No BOM
Change Component Comment : Designator=IA Old Comment=TP1 New Comment=Test Point No BOM
Change Component Comment : Designator=IB Old Comment=TP1 New Comment=Test Point No BOM
Change Component Comment : Designator=IBUS_IC Old Comment=TP2 New Comment=Test Point No BOM
Change Component Comment : Designator=Q1 Old Comment=Transistor MOS-N GDS New Comment=Transistor MOS-N SSSGD
Change Component Comment : Designator=Q2 Old Comment=Transistor MOS-N GDS New Comment=Transistor MOS-N SSSGD
Change Component Comment : Designator=Q3 Old Comment=Transistor MOS-N GDS New Comment=Transistor MOS-N SSSGD
Change Component Comment : Designator=Q4 Old Comment=Transistor MOS-N GDS New Comment=Transistor MOS-N SSSGD
Change Component Comment : Designator=Q5 Old Comment=Transistor MOS-N GDS New Comment=Transistor MOS-N SSSGD
Change Component Comment : Designator=Q6 Old Comment=Transistor MOS-N GDS New Comment=Transistor MOS-N SSSGD
Change Component Comment : Designator=VBOOT Old Comment=VBOOT New Comment=Test Point No BOM
Change Component Comment : Designator=VREG Old Comment=VREG New Comment=Test Point No BOM
Change Component Designator: OldDesignator=dsPIC VDD NewDesignator=dsPIC_VDD
Change component parameters: Designator = "C66" ("C66"); Footprint = "CAP_C_0603"; UniqueID = "\ZXWCOPJO" ("\ZXWCOPJO")
Change component parameters (AddParameter): Name = "Category"; Value = "Capacitor"; VariantName = "[No Variations]"
Change component parameters (AddParameter): Name = "ComponentLink1Description"; Value = "SVN Datasheet"; VariantName = "[No Variations]"
Change component parameters (AddParameter): Name = "ComponentLink1URL"; Value = "https://chn-vm-apps.microchip.com/mchprepo/parts/Datasheets/nmc2.pdf"; VariantName = "[No Variations]"
Change component parameters (AddParameter): Name = "ComponentLink2Description"; Value = "Local Datasheet"; VariantName = "[No Variations]"
Change component parameters (AddParameter): Name = "ComponentLink2URL"; Value = "C:\ALTIUM_WORK\00001_MCHP-CDB\Datasheets\nmc2.pdf"; VariantName = "[No Variations]"
Change component parameters (AddParameter): Name = "ComponentLink3Description"; Value = "Open Symbol"; VariantName = "[No Variations]"
Change component parameters (AddParameter): Name = "ComponentLink3URL"; Value = "C:\ALTIUM_WORK\00001_MCHP-CDB\Library\LibraryRefs\Capacitor NP.SchLib"; VariantName = "[No Variations]"
Change component parameters (AddParameter): Name = "ComponentLink4Description"; Value = "Open Footprint"; VariantName = "[No Variations]"
Change component parameters (AddParameter): Name = "ComponentLink4URL"; Value = "C:\ALTIUM_WORK\00001_MCHP-CDB\Library\Footprints\CAP_C_0603.PcbLib"; VariantName = "[No Variations]"
Change component parameters (AddParameter): Name = "ComponentLink5Description"; Value = "Open Footprint 2"; VariantName = "[No Variations]"
Change component parameters (AddParameter): Name = "ComponentLink6Description"; Value = "Open Footprint 3"; VariantName = "[No Variations]"
Change component parameters (AddParameter): Name = "ComponentLink7Description"; Value = "Open Footprint 4"; VariantName = "[No Variations]"
Change component parameters (AddParameter): Name = "Description_"; Value = "CAP CER 0.1uF 16V 10% X7R SMD 0603"; VariantName = "[No Variations]"
Change component parameters (AddParameter): Name = "Dev Tools Status"; Value = "Production"; VariantName = "[No Variations]"
Change component parameters (AddParameter): Name = "Manufacturer 1"; Value = "Taiyo Yuden"; VariantName = "[No Variations]"
Change component parameters (AddParameter): Name = "Manufacturer 2"; Value = "Wurth Electronics Inc"; VariantName = "[No Variations]"
Change component parameters (AddParameter): Name = "Manufacturer 3"; Value = "Samsung"; VariantName = "[No Variations]"
Change component parameters (AddParameter): Name = "Manufacturer 4"; Value = "AVX"; VariantName = "[No Variations]"
Change component parameters (AddParameter): Name = "Manufacturer 5"; Value = "Murata"; VariantName = "[No Variations]"
Change component parameters (AddParameter): Name = "Manufacturer 6"; Value = "Yageo"; VariantName = "[No Variations]"
Change component parameters (AddParameter): Name = "Manufacturer 7"; Value = "Taiyo Yuden"; VariantName = "[No Variations]"
Change component parameters (AddParameter): Name = "Manufacturer 8"; Value = "Murata Electronics North America"; VariantName = "[No Variations]"
Change component parameters (AddParameter): Name = "Manufacturer Part Number 1"; Value = "EMK107B7104KA-T"; VariantName = "[No Variations]"
Change component parameters (AddParameter): Name = "Manufacturer Part Number 2"; Value = "885012206046"; VariantName = "[No Variations]"
Change component parameters (AddParameter): Name = "Manufacturer Part Number 3"; Value = "CL10B104KO8NNNC"; VariantName = "[No Variations]"
Change component parameters (AddParameter): Name = "Manufacturer Part Number 4"; Value = "0603YC104KAT2A"; VariantName = "[No Variations]"
Change component parameters (AddParameter): Name = "Manufacturer Part Number 5"; Value = "GRM188R71C104KA01D"; VariantName = "[No Variations]"
Change component parameters (AddParameter): Name = "Manufacturer Part Number 6"; Value = "CC0603KRX7R7BB104"; VariantName = "[No Variations]"
Change component parameters (AddParameter): Name = "Manufacturer Part Number 7"; Value = "EMK107B7104KA-T"; VariantName = "[No Variations]"
Change component parameters (AddParameter): Name = "Manufacturer Part Number 8"; Value = "GCM188R71C104KA37D"; VariantName = "[No Variations]"
Change component parameters (AddParameter): Name = "MCHP-ID"; Value = "CAP0011"; VariantName = "[No Variations]"
Change component parameters (AddParameter): Name = "Operating Temperature"; Value = "-55C to +125C"; VariantName = "[No Variations]"
Change component parameters (AddParameter): Name = "Owner"; Value = "Cristian Papuc"; VariantName = "[No Variations]"
Change component parameters (AddParameter): Name = "Package"; Value = "0603"; VariantName = "[No Variations]"
Change component parameters (AddParameter): Name = "Populated"; Value = "DNP"; VariantName = "[No Variations]"
Change component parameters (AddParameter): Name = "Quantity Override"; Value = "1"; VariantName = "[No Variations]"
Change component parameters (AddParameter): Name = "Revision"; Value = "3"; VariantName = "[No Variations]"
Change component parameters (AddParameter): Name = "Status"; Value = "MCL Design"; VariantName = "[No Variations]"
Change component parameters (AddParameter): Name = "Supplier 1"; Value = "Digi-Key"; VariantName = "[No Variations]"
Change component parameters (AddParameter): Name = "Supplier 2"; Value = "Digi-Key"; VariantName = "[No Variations]"
Change component parameters (AddParameter): Name = "Supplier 3"; Value = "Digi-Key"; VariantName = "[No Variations]"
Change component parameters (AddParameter): Name = "Supplier 4"; Value = "Digi-Key"; VariantName = "[No Variations]"
Change component parameters (AddParameter): Name = "Supplier 5"; Value = "Digi-Key"; VariantName = "[No Variations]"
Change component parameters (AddParameter): Name = "Supplier 6"; Value = "Digi-Key"; VariantName = "[No Variations]"
Change component parameters (AddParameter): Name = "Supplier 7"; Value = "Newark"; VariantName = "[No Variations]"
Change component parameters (AddParameter): Name = "Supplier 8"; Value = "Digi-Key"; VariantName = "[No Variations]"
Change component parameters (AddParameter): Name = "Supplier Part Number 1"; Value = "587-1240-1-ND"; VariantName = "[No Variations]"
Change component parameters (AddParameter): Name = "Supplier Part Number 2"; Value = "732-7965-1-ND"; VariantName = "[No Variations]"
Change component parameters (AddParameter): Name = "Supplier Part Number 3"; Value = "1276-1005-1-ND"; VariantName = "[No Variations]"
Change component parameters (AddParameter): Name = "Supplier Part Number 4"; Value = "478-1239-1-ND"; VariantName = "[No Variations]"
Change component parameters (AddParameter): Name = "Supplier Part Number 5"; Value = "490-1532-1-ND"; VariantName = "[No Variations]"
Change component parameters (AddParameter): Name = "Supplier Part Number 6"; Value = "311-1088-1-ND"; VariantName = "[No Variations]"
Change component parameters (AddParameter): Name = "Supplier Part Number 7"; Value = "86H5248"; VariantName = "[No Variations]"
Change component parameters (AddParameter): Name = "Supplier Part Number 8"; Value = "490-4774-1-ND"; VariantName = "[No Variations]"
Change component parameters (AddParameter): Name = "Symbol"; Value = "Capacitor NP"; VariantName = "[No Variations]"
Change component parameters (AddParameter): Name = "Temperature Coeffcient"; Value = "X7R"; VariantName = "[No Variations]"
Change component parameters (AddParameter): Name = "Tolerance"; Value = "10%"; VariantName = "[No Variations]"
Change component parameters (AddParameter): Name = "Type"; Value = "Ceramic"; VariantName = "[No Variations]"
Change component parameters (AddParameter): Name = "Value"; Value = "0.1uF"; VariantName = "[No Variations]"
Change component parameters (AddParameter): Name = "Voltage"; Value = "16V"; VariantName = "[No Variations]"
Change component parameters: Designator = "dsPIC VDD" ("dsPIC_VDD"); Footprint = "TP_1.2x0.7"; UniqueID = "\FITKGPHA" ("\FITKGPHA")
Change component parameters (AddParameter): Name = "Assembly Type"; Value = "TH"; VariantName = "[No Variations]"
Change component parameters (AddParameter): Name = "Category"; Value = "Connector"; VariantName = "[No Variations]"
Change component parameters (AddParameter): Name = "ComponentLink1Description"; Value = "SVN Datasheet"; VariantName = "[No Variations]"
Change component parameters (AddParameter): Name = "ComponentLink2Description"; Value = "Local Datasheet"; VariantName = "[No Variations]"
Change component parameters (AddParameter): Name = "ComponentLink3Description"; Value = "Open Symbol"; VariantName = "[No Variations]"
Change component parameters (AddParameter): Name = "ComponentLink3URL"; Value = "C:\ALTIUM_WORK\00001_MCHP-CDB\Library\LibraryRefs\Test Point No BOM.SchLib"; VariantName = "[No Variations]"
Change component parameters (AddParameter): Name = "ComponentLink4Description"; Value = "Open Footprint"; VariantName = "[No Variations]"
Change component parameters (AddParameter): Name = "ComponentLink4URL"; Value = "C:\ALTIUM_WORK\00001_MCHP-CDB\Library\Footprints\TP_TH_0.7PADX0.4HOLE.PcbLib"; VariantName = "[No Variations]"
Change component parameters (AddParameter): Name = "ComponentLink5Description"; Value = "Open Footprint 2"; VariantName = "[No Variations]"
Change component parameters (AddParameter): Name = "ComponentLink6Description"; Value = "Open Footprint 3"; VariantName = "[No Variations]"
Change component parameters (AddParameter): Name = "ComponentLink7Description"; Value = "Open Footprint 4"; VariantName = "[No Variations]"
Change component parameters (AddParameter): Name = "Description_"; Value = "CON TP PAD PCB TH D0.7H0.4"; VariantName = "[No Variations]"
Change component parameters (AddParameter): Name = "Dev Tools Status"; Value = "Design"; VariantName = "[No Variations]"
Change component parameters (AddParameter): Name = "MCHP-ID"; Value = "CON2938"; VariantName = "[No Variations]"
Change component parameters (AddParameter): Name = "Owner"; Value = "Severino Balong Jr."; VariantName = "[No Variations]"
Change component parameters (AddParameter): Name = "Populated"; Value = "DNP"; VariantName = "[No Variations]"
Change component parameters (AddParameter): Name = "Quantity Override"; Value = "1"; VariantName = "[No Variations]"
Change component parameters (AddParameter): Name = "Restricted Sourcing"; Value = "No"; VariantName = "[No Variations]"
Change component parameters (AddParameter): Name = "Revision"; Value = "1"; VariantName = "[No Variations]"
Change component parameters (AddParameter): Name = "Status"; Value = "MCL Design"; VariantName = "[No Variations]"
Change component parameters (AddParameter): Name = "Symbol"; Value = "Test Point No BOM"; VariantName = "[No Variations]"
Change component parameters (AddParameter): Name = "Type"; Value = "Test Point No BOM"; VariantName = "[No Variations]"
Change component parameters: Designator = "IA" ("IA"); Footprint = "TP_1.2x0.7"; UniqueID = "\NAMQVHOR" ("\NAMQVHOR")
Change component parameters (AddParameter): Name = "Assembly Type"; Value = "TH"; VariantName = "[No Variations]"
Change component parameters (AddParameter): Name = "Category"; Value = "Connector"; VariantName = "[No Variations]"
Change component parameters (AddParameter): Name = "ComponentLink1Description"; Value = "SVN Datasheet"; VariantName = "[No Variations]"
Change component parameters (AddParameter): Name = "ComponentLink2Description"; Value = "Local Datasheet"; VariantName = "[No Variations]"
Change component parameters (AddParameter): Name = "ComponentLink3Description"; Value = "Open Symbol"; VariantName = "[No Variations]"
Change component parameters (AddParameter): Name = "ComponentLink3URL"; Value = "C:\ALTIUM_WORK\00001_MCHP-CDB\Library\LibraryRefs\Test Point No BOM.SchLib"; VariantName = "[No Variations]"
Change component parameters (AddParameter): Name = "ComponentLink4Description"; Value = "Open Footprint"; VariantName = "[No Variations]"
Change component parameters (AddParameter): Name = "ComponentLink4URL"; Value = "C:\ALTIUM_WORK\00001_MCHP-CDB\Library\Footprints\TP_TH_0.7PADX0.4HOLE.PcbLib"; VariantName = "[No Variations]"
Change component parameters (AddParameter): Name = "ComponentLink5Description"; Value = "Open Footprint 2"; VariantName = "[No Variations]"
Change component parameters (AddParameter): Name = "ComponentLink6Description"; Value = "Open Footprint 3"; VariantName = "[No Variations]"
Change component parameters (AddParameter): Name = "ComponentLink7Description"; Value = "Open Footprint 4"; VariantName = "[No Variations]"
Change component parameters (AddParameter): Name = "Description_"; Value = "CON TP PAD PCB TH D0.7H0.4"; VariantName = "[No Variations]"
Change component parameters (AddParameter): Name = "Dev Tools Status"; Value = "Design"; VariantName = "[No Variations]"
Change component parameters (AddParameter): Name = "MCHP-ID"; Value = "CON2938"; VariantName = "[No Variations]"
Change component parameters (AddParameter): Name = "Owner"; Value = "Severino Balong Jr."; VariantName = "[No Variations]"
Change component parameters (AddParameter): Name = "Populated"; Value = "DNP"; VariantName = "[No Variations]"
Change component parameters (AddParameter): Name = "Quantity Override"; Value = "1"; VariantName = "[No Variations]"
Change component parameters (AddParameter): Name = "Restricted Sourcing"; Value = "No"; VariantName = "[No Variations]"
Change component parameters (AddParameter): Name = "Revision"; Value = "1"; VariantName = "[No Variations]"
Change component parameters (AddParameter): Name = "Status"; Value = "MCL Design"; VariantName = "[No Variations]"
Change component parameters (AddParameter): Name = "Symbol"; Value = "Test Point No BOM"; VariantName = "[No Variations]"
Change component parameters (AddParameter): Name = "Type"; Value = "Test Point No BOM"; VariantName = "[No Variations]"
Change component parameters: Designator = "IB" ("IB"); Footprint = "TP_1.2x0.7"; UniqueID = "\CRIKGAAT" ("\CRIKGAAT")
Change component parameters (AddParameter): Name = "Assembly Type"; Value = "TH"; VariantName = "[No Variations]"
Change component parameters (AddParameter): Name = "Category"; Value = "Connector"; VariantName = "[No Variations]"
Change component parameters (AddParameter): Name = "ComponentLink1Description"; Value = "SVN Datasheet"; VariantName = "[No Variations]"
Change component parameters (AddParameter): Name = "ComponentLink2Description"; Value = "Local Datasheet"; VariantName = "[No Variations]"
Change component parameters (AddParameter): Name = "ComponentLink3Description"; Value = "Open Symbol"; VariantName = "[No Variations]"
Change component parameters (AddParameter): Name = "ComponentLink3URL"; Value = "C:\ALTIUM_WORK\00001_MCHP-CDB\Library\LibraryRefs\Test Point No BOM.SchLib"; VariantName = "[No Variations]"
Change component parameters (AddParameter): Name = "ComponentLink4Description"; Value = "Open Footprint"; VariantName = "[No Variations]"
Change component parameters (AddParameter): Name = "ComponentLink4URL"; Value = "C:\ALTIUM_WORK\00001_MCHP-CDB\Library\Footprints\TP_TH_0.7PADX0.4HOLE.PcbLib"; VariantName = "[No Variations]"
Change component parameters (AddParameter): Name = "ComponentLink5Description"; Value = "Open Footprint 2"; VariantName = "[No Variations]"
Change component parameters (AddParameter): Name = "ComponentLink6Description"; Value = "Open Footprint 3"; VariantName = "[No Variations]"
Change component parameters (AddParameter): Name = "ComponentLink7Description"; Value = "Open Footprint 4"; VariantName = "[No Variations]"
Change component parameters (AddParameter): Name = "Description_"; Value = "CON TP PAD PCB TH D0.7H0.4"; VariantName = "[No Variations]"
Change component parameters (AddParameter): Name = "Dev Tools Status"; Value = "Design"; VariantName = "[No Variations]"
Change component parameters (AddParameter): Name = "MCHP-ID"; Value = "CON2938"; VariantName = "[No Variations]"
Change component parameters (AddParameter): Name = "Owner"; Value = "Severino Balong Jr."; VariantName = "[No Variations]"
Change component parameters (AddParameter): Name = "Populated"; Value = "DNP"; VariantName = "[No Variations]"
Change component parameters (AddParameter): Name = "Quantity Override"; Value = "1"; VariantName = "[No Variations]"
Change component parameters (AddParameter): Name = "Restricted Sourcing"; Value = "No"; VariantName = "[No Variations]"
Change component parameters (AddParameter): Name = "Revision"; Value = "1"; VariantName = "[No Variations]"
Change component parameters (AddParameter): Name = "Status"; Value = "MCL Design"; VariantName = "[No Variations]"
Change component parameters (AddParameter): Name = "Symbol"; Value = "Test Point No BOM"; VariantName = "[No Variations]"
Change component parameters (AddParameter): Name = "Type"; Value = "Test Point No BOM"; VariantName = "[No Variations]"
Change component parameters: Designator = "IBUS_IC" ("IBUS_IC"); Footprint = "TP_1.2x0.7"; UniqueID = "\DXLVLVKO" ("\DXLVLVKO")
Change component parameters (AddParameter): Name = "Assembly Type"; Value = "TH"; VariantName = "[No Variations]"
Change component parameters (AddParameter): Name = "Category"; Value = "Connector"; VariantName = "[No Variations]"
Change component parameters (AddParameter): Name = "ComponentLink1Description"; Value = "SVN Datasheet"; VariantName = "[No Variations]"
Change component parameters (AddParameter): Name = "ComponentLink2Description"; Value = "Local Datasheet"; VariantName = "[No Variations]"
Change component parameters (AddParameter): Name = "ComponentLink3Description"; Value = "Open Symbol"; VariantName = "[No Variations]"
Change component parameters (AddParameter): Name = "ComponentLink3URL"; Value = "C:\ALTIUM_WORK\00001_MCHP-CDB\Library\LibraryRefs\Test Point No BOM.SchLib"; VariantName = "[No Variations]"
Change component parameters (AddParameter): Name = "ComponentLink4Description"; Value = "Open Footprint"; VariantName = "[No Variations]"
Change component parameters (AddParameter): Name = "ComponentLink4URL"; Value = "C:\ALTIUM_WORK\00001_MCHP-CDB\Library\Footprints\TP_TH_0.7PADX0.4HOLE.PcbLib"; VariantName = "[No Variations]"
Change component parameters (AddParameter): Name = "ComponentLink5Description"; Value = "Open Footprint 2"; VariantName = "[No Variations]"
Change component parameters (AddParameter): Name = "ComponentLink6Description"; Value = "Open Footprint 3"; VariantName = "[No Variations]"
Change component parameters (AddParameter): Name = "ComponentLink7Description"; Value = "Open Footprint 4"; VariantName = "[No Variations]"
Change component parameters (AddParameter): Name = "Description_"; Value = "CON TP PAD PCB TH D0.7H0.4"; VariantName = "[No Variations]"
Change component parameters (AddParameter): Name = "Dev Tools Status"; Value = "Design"; VariantName = "[No Variations]"
Change component parameters (AddParameter): Name = "MCHP-ID"; Value = "CON2938"; VariantName = "[No Variations]"
Change component parameters (AddParameter): Name = "Owner"; Value = "Severino Balong Jr."; VariantName = "[No Variations]"
Change component parameters (AddParameter): Name = "Populated"; Value = "DNP"; VariantName = "[No Variations]"
Change component parameters (AddParameter): Name = "Quantity Override"; Value = "1"; VariantName = "[No Variations]"
Change component parameters (AddParameter): Name = "Restricted Sourcing"; Value = "No"; VariantName = "[No Variations]"
Change component parameters (AddParameter): Name = "Revision"; Value = "1"; VariantName = "[No Variations]"
Change component parameters (AddParameter): Name = "Status"; Value = "MCL Design"; VariantName = "[No Variations]"
Change component parameters (AddParameter): Name = "Symbol"; Value = "Test Point No BOM"; VariantName = "[No Variations]"
Change component parameters (AddParameter): Name = "Type"; Value = "Test Point No BOM"; VariantName = "[No Variations]"
Change component parameters: Designator = "Q1" ("Q1"); Footprint = "TO-263-2L"; UniqueID = "\KIFWSEDW" ("\KIFWSEDW")
Change component parameters (AddParameter): Name = "Category"; Value = "Transistor"; VariantName = "[No Variations]"
Change component parameters (AddParameter): Name = "ComponentLink1Description"; Value = "SVN Datasheet"; VariantName = "[No Variations]"
Change component parameters (AddParameter): Name = "ComponentLink1URL"; Value = "https://chn-vm-apps.microchip.com/mchprepo/parts/Datasheets/sija72adp.pdf"; VariantName = "[No Variations]"
Change component parameters (AddParameter): Name = "ComponentLink2Description"; Value = "Local Datasheet"; VariantName = "[No Variations]"
Change component parameters (AddParameter): Name = "ComponentLink2URL"; Value = "C:\ALTIUM_WORK\00001_MCHP-CDB\Datasheets\sija72adp.pdf"; VariantName = "[No Variations]"
Change component parameters (AddParameter): Name = "ComponentLink3Description"; Value = "Open Symbol"; VariantName = "[No Variations]"
Change component parameters (AddParameter): Name = "ComponentLink3URL"; Value = "C:\ALTIUM_WORK\00001_MCHP-CDB\Library\LibraryRefs\Transistor MOS-N SSSGD.SchLib"; VariantName = "[No Variations]"
Change component parameters (AddParameter): Name = "ComponentLink4Description"; Value = "Open Footprint"; VariantName = "[No Variations]"
Change component parameters (AddParameter): Name = "ComponentLink4URL"; Value = "C:\ALTIUM_WORK\00001_MCHP-CDB\Library\Footprints\PPAK_SO-8L.PcbLib"; VariantName = "[No Variations]"
Change component parameters (AddParameter): Name = "ComponentLink5Description"; Value = "Open Footprint 2"; VariantName = "[No Variations]"
Change component parameters (AddParameter): Name = "ComponentLink6Description"; Value = "Open Footprint 3"; VariantName = "[No Variations]"
Change component parameters (AddParameter): Name = "ComponentLink7Description"; Value = "Open Footprint 4"; VariantName = "[No Variations]"
Change component parameters (AddParameter): Name = "Current"; Value = "27.9A"; VariantName = "[No Variations]"
Change component parameters (AddParameter): Name = "Description_"; Value = "TRANS FET N-CH SIJA72ADP-T1-GE3 40V 27.9A 4.8W PowerPAK SO-8L AEC-Q101"; VariantName = "[No Variations]"
Change component parameters (AddParameter): Name = "Dev Tools Status"; Value = "Production"; VariantName = "[No Variations]"
Change component parameters (AddParameter): Name = "Drain to Source Voltage"; Value = "40V"; VariantName = "[No Variations]"
Change component parameters (AddParameter): Name = "Gate to Source Voltage"; Value = "20V"; VariantName = "[No Variations]"
Change component parameters (AddParameter): Name = "Manufacturer 1"; Value = "Vishay"; VariantName = "[No Variations]"
Change component parameters (AddParameter): Name = "Manufacturer Part Number 1"; Value = "SIJA72ADP-T1-GE3"; VariantName = "[No Variations]"
Change component parameters (AddParameter): Name = "MCHP-ID"; Value = "TRA1519"; VariantName = "[No Variations]"
Change component parameters (AddParameter): Name = "Operating Temperature"; Value = "-55C to +150C"; VariantName = "[No Variations]"
Change component parameters (AddParameter): Name = "Owner"; Value = "Cristina Salanti"; VariantName = "[No Variations]"
Change component parameters (AddParameter): Name = "Package"; Value = "PowerPAK SO-8L"; VariantName = "[No Variations]"
Change component parameters (AddParameter): Name = "Populated"; Value = "YES"; VariantName = "[No Variations]"
Change component parameters (AddParameter): Name = "Power"; Value = "4.8W"; VariantName = "[No Variations]"
Change component parameters (AddParameter): Name = "Quantity Override"; Value = "1"; VariantName = "[No Variations]"
Change component parameters (AddParameter): Name = "Restricted Sourcing"; Value = "No"; VariantName = "[No Variations]"
Change component parameters (AddParameter): Name = "Revision"; Value = "2"; VariantName = "[No Variations]"
Change component parameters (AddParameter): Name = "Status"; Value = "MCL Design"; VariantName = "[No Variations]"
Change component parameters (AddParameter): Name = "Supplier 1"; Value = "Digi-Key"; VariantName = "[No Variations]"
Change component parameters (AddParameter): Name = "Supplier Part Number 1"; Value = "SIJA72ADP-T1-GE3CT-ND"; VariantName = "[No Variations]"
Change component parameters (AddParameter): Name = "Symbol"; Value = "Transistor MOS-N SSSGD"; VariantName = "[No Variations]"
Change component parameters (AddParameter): Name = "Type"; Value = "FET"; VariantName = "[No Variations]"
Change component parameters (AddParameter): Name = "Value"; Value = "SIJA72ADP-T1-GE3"; VariantName = "[No Variations]"
Change component parameters (AddParameter): Name = "Voltage"; Value = "40V"; VariantName = "[No Variations]"
Change component parameters: Designator = "Q2" ("Q2"); Footprint = "TO-263-2L"; UniqueID = "\GMEYSIIX" ("\GMEYSIIX")
Change component parameters (AddParameter): Name = "Category"; Value = "Transistor"; VariantName = "[No Variations]"
Change component parameters (AddParameter): Name = "ComponentLink1Description"; Value = "SVN Datasheet"; VariantName = "[No Variations]"
Change component parameters (AddParameter): Name = "ComponentLink1URL"; Value = "https://chn-vm-apps.microchip.com/mchprepo/parts/Datasheets/sija72adp.pdf"; VariantName = "[No Variations]"
Change component parameters (AddParameter): Name = "ComponentLink2Description"; Value = "Local Datasheet"; VariantName = "[No Variations]"
Change component parameters (AddParameter): Name = "ComponentLink2URL"; Value = "C:\ALTIUM_WORK\00001_MCHP-CDB\Datasheets\sija72adp.pdf"; VariantName = "[No Variations]"
Change component parameters (AddParameter): Name = "ComponentLink3Description"; Value = "Open Symbol"; VariantName = "[No Variations]"
Change component parameters (AddParameter): Name = "ComponentLink3URL"; Value = "C:\ALTIUM_WORK\00001_MCHP-CDB\Library\LibraryRefs\Transistor MOS-N SSSGD.SchLib"; VariantName = "[No Variations]"
Change component parameters (AddParameter): Name = "ComponentLink4Description"; Value = "Open Footprint"; VariantName = "[No Variations]"
Change component parameters (AddParameter): Name = "ComponentLink4URL"; Value = "C:\ALTIUM_WORK\00001_MCHP-CDB\Library\Footprints\PPAK_SO-8L.PcbLib"; VariantName = "[No Variations]"
Change component parameters (AddParameter): Name = "ComponentLink5Description"; Value = "Open Footprint 2"; VariantName = "[No Variations]"
Change component parameters (AddParameter): Name = "ComponentLink6Description"; Value = "Open Footprint 3"; VariantName = "[No Variations]"
Change component parameters (AddParameter): Name = "ComponentLink7Description"; Value = "Open Footprint 4"; VariantName = "[No Variations]"
Change component parameters (AddParameter): Name = "Current"; Value = "27.9A"; VariantName = "[No Variations]"
Change component parameters (AddParameter): Name = "Description_"; Value = "TRANS FET N-CH SIJA72ADP-T1-GE3 40V 27.9A 4.8W PowerPAK SO-8L AEC-Q101"; VariantName = "[No Variations]"
Change component parameters (AddParameter): Name = "Dev Tools Status"; Value = "Production"; VariantName = "[No Variations]"
Change component parameters (AddParameter): Name = "Drain to Source Voltage"; Value = "40V"; VariantName = "[No Variations]"
Change component parameters (AddParameter): Name = "Gate to Source Voltage"; Value = "20V"; VariantName = "[No Variations]"
Change component parameters (AddParameter): Name = "Manufacturer 1"; Value = "Vishay"; VariantName = "[No Variations]"
Change component parameters (AddParameter): Name = "Manufacturer Part Number 1"; Value = "SIJA72ADP-T1-GE3"; VariantName = "[No Variations]"
Change component parameters (AddParameter): Name = "MCHP-ID"; Value = "TRA1519"; VariantName = "[No Variations]"
Change component parameters (AddParameter): Name = "Operating Temperature"; Value = "-55C to +150C"; VariantName = "[No Variations]"
Change component parameters (AddParameter): Name = "Owner"; Value = "Cristina Salanti"; VariantName = "[No Variations]"
Change component parameters (AddParameter): Name = "Package"; Value = "PowerPAK SO-8L"; VariantName = "[No Variations]"
Change component parameters (AddParameter): Name = "Populated"; Value = "YES"; VariantName = "[No Variations]"
Change component parameters (AddParameter): Name = "Power"; Value = "4.8W"; VariantName = "[No Variations]"
Change component parameters (AddParameter): Name = "Quantity Override"; Value = "1"; VariantName = "[No Variations]"
Change component parameters (AddParameter): Name = "Restricted Sourcing"; Value = "No"; VariantName = "[No Variations]"
Change component parameters (AddParameter): Name = "Revision"; Value = "2"; VariantName = "[No Variations]"
Change component parameters (AddParameter): Name = "Status"; Value = "MCL Design"; VariantName = "[No Variations]"
Change component parameters (AddParameter): Name = "Supplier 1"; Value = "Digi-Key"; VariantName = "[No Variations]"
Change component parameters (AddParameter): Name = "Supplier Part Number 1"; Value = "SIJA72ADP-T1-GE3CT-ND"; VariantName = "[No Variations]"
Change component parameters (AddParameter): Name = "Symbol"; Value = "Transistor MOS-N SSSGD"; VariantName = "[No Variations]"
Change component parameters (AddParameter): Name = "Type"; Value = "FET"; VariantName = "[No Variations]"
Change component parameters (AddParameter): Name = "Value"; Value = "SIJA72ADP-T1-GE3"; VariantName = "[No Variations]"
Change component parameters (AddParameter): Name = "Voltage"; Value = "40V"; VariantName = "[No Variations]"
Change component parameters: Designator = "Q3" ("Q3"); Footprint = "TO-263-2L"; UniqueID = "\MUDABLBR" ("\MUDABLBR")
Change component parameters (AddParameter): Name = "Category"; Value = "Transistor"; VariantName = "[No Variations]"
Change component parameters (AddParameter): Name = "ComponentLink1Description"; Value = "SVN Datasheet"; VariantName = "[No Variations]"
Change component parameters (AddParameter): Name = "ComponentLink1URL"; Value = "https://chn-vm-apps.microchip.com/mchprepo/parts/Datasheets/sija72adp.pdf"; VariantName = "[No Variations]"
Change component parameters (AddParameter): Name = "ComponentLink2Description"; Value = "Local Datasheet"; VariantName = "[No Variations]"
Change component parameters (AddParameter): Name = "ComponentLink2URL"; Value = "C:\ALTIUM_WORK\00001_MCHP-CDB\Datasheets\sija72adp.pdf"; VariantName = "[No Variations]"
Change component parameters (AddParameter): Name = "ComponentLink3Description"; Value = "Open Symbol"; VariantName = "[No Variations]"
Change component parameters (AddParameter): Name = "ComponentLink3URL"; Value = "C:\ALTIUM_WORK\00001_MCHP-CDB\Library\LibraryRefs\Transistor MOS-N SSSGD.SchLib"; VariantName = "[No Variations]"
Change component parameters (AddParameter): Name = "ComponentLink4Description"; Value = "Open Footprint"; VariantName = "[No Variations]"
Change component parameters (AddParameter): Name = "ComponentLink4URL"; Value = "C:\ALTIUM_WORK\00001_MCHP-CDB\Library\Footprints\PPAK_SO-8L.PcbLib"; VariantName = "[No Variations]"
Change component parameters (AddParameter): Name = "ComponentLink5Description"; Value = "Open Footprint 2"; VariantName = "[No Variations]"
Change component parameters (AddParameter): Name = "ComponentLink6Description"; Value = "Open Footprint 3"; VariantName = "[No Variations]"
Change component parameters (AddParameter): Name = "ComponentLink7Description"; Value = "Open Footprint 4"; VariantName = "[No Variations]"
Change component parameters (AddParameter): Name = "Current"; Value = "27.9A"; VariantName = "[No Variations]"
Change component parameters (AddParameter): Name = "Description_"; Value = "TRANS FET N-CH SIJA72ADP-T1-GE3 40V 27.9A 4.8W PowerPAK SO-8L AEC-Q101"; VariantName = "[No Variations]"
Change component parameters (AddParameter): Name = "Dev Tools Status"; Value = "Production"; VariantName = "[No Variations]"
Change component parameters (AddParameter): Name = "Drain to Source Voltage"; Value = "40V"; VariantName = "[No Variations]"
Change component parameters (AddParameter): Name = "Gate to Source Voltage"; Value = "20V"; VariantName = "[No Variations]"
Change component parameters (AddParameter): Name = "Manufacturer 1"; Value = "Vishay"; VariantName = "[No Variations]"
Change component parameters (AddParameter): Name = "Manufacturer Part Number 1"; Value = "SIJA72ADP-T1-GE3"; VariantName = "[No Variations]"
Change component parameters (AddParameter): Name = "MCHP-ID"; Value = "TRA1519"; VariantName = "[No Variations]"
Change component parameters (AddParameter): Name = "Operating Temperature"; Value = "-55C to +150C"; VariantName = "[No Variations]"
Change component parameters (AddParameter): Name = "Owner"; Value = "Cristina Salanti"; VariantName = "[No Variations]"
Change component parameters (AddParameter): Name = "Package"; Value = "PowerPAK SO-8L"; VariantName = "[No Variations]"
Change component parameters (AddParameter): Name = "Populated"; Value = "YES"; VariantName = "[No Variations]"
Change component parameters (AddParameter): Name = "Power"; Value = "4.8W"; VariantName = "[No Variations]"
Change component parameters (AddParameter): Name = "Quantity Override"; Value = "1"; VariantName = "[No Variations]"
Change component parameters (AddParameter): Name = "Restricted Sourcing"; Value = "No"; VariantName = "[No Variations]"
Change component parameters (AddParameter): Name = "Revision"; Value = "2"; VariantName = "[No Variations]"
Change component parameters (AddParameter): Name = "Status"; Value = "MCL Design"; VariantName = "[No Variations]"
Change component parameters (AddParameter): Name = "Supplier 1"; Value = "Digi-Key"; VariantName = "[No Variations]"
Change component parameters (AddParameter): Name = "Supplier Part Number 1"; Value = "SIJA72ADP-T1-GE3CT-ND"; VariantName = "[No Variations]"
Change component parameters (AddParameter): Name = "Symbol"; Value = "Transistor MOS-N SSSGD"; VariantName = "[No Variations]"
Change component parameters (AddParameter): Name = "Type"; Value = "FET"; VariantName = "[No Variations]"
Change component parameters (AddParameter): Name = "Value"; Value = "SIJA72ADP-T1-GE3"; VariantName = "[No Variations]"
Change component parameters (AddParameter): Name = "Voltage"; Value = "40V"; VariantName = "[No Variations]"
Change component parameters: Designator = "Q4" ("Q4"); Footprint = "TO-263-2L"; UniqueID = "\SCJRPMIJ" ("\SCJRPMIJ")
Change component parameters (AddParameter): Name = "Category"; Value = "Transistor"; VariantName = "[No Variations]"
Change component parameters (AddParameter): Name = "ComponentLink1Description"; Value = "SVN Datasheet"; VariantName = "[No Variations]"
Change component parameters (AddParameter): Name = "ComponentLink1URL"; Value = "https://chn-vm-apps.microchip.com/mchprepo/parts/Datasheets/sija72adp.pdf"; VariantName = "[No Variations]"
Change component parameters (AddParameter): Name = "ComponentLink2Description"; Value = "Local Datasheet"; VariantName = "[No Variations]"
Change component parameters (AddParameter): Name = "ComponentLink2URL"; Value = "C:\ALTIUM_WORK\00001_MCHP-CDB\Datasheets\sija72adp.pdf"; VariantName = "[No Variations]"
Change component parameters (AddParameter): Name = "ComponentLink3Description"; Value = "Open Symbol"; VariantName = "[No Variations]"
Change component parameters (AddParameter): Name = "ComponentLink3URL"; Value = "C:\ALTIUM_WORK\00001_MCHP-CDB\Library\LibraryRefs\Transistor MOS-N SSSGD.SchLib"; VariantName = "[No Variations]"
Change component parameters (AddParameter): Name = "ComponentLink4Description"; Value = "Open Footprint"; VariantName = "[No Variations]"
Change component parameters (AddParameter): Name = "ComponentLink4URL"; Value = "C:\ALTIUM_WORK\00001_MCHP-CDB\Library\Footprints\PPAK_SO-8L.PcbLib"; VariantName = "[No Variations]"
Change component parameters (AddParameter): Name = "ComponentLink5Description"; Value = "Open Footprint 2"; VariantName = "[No Variations]"
Change component parameters (AddParameter): Name = "ComponentLink6Description"; Value = "Open Footprint 3"; VariantName = "[No Variations]"
Change component parameters (AddParameter): Name = "ComponentLink7Description"; Value = "Open Footprint 4"; VariantName = "[No Variations]"
Change component parameters (AddParameter): Name = "Current"; Value = "27.9A"; VariantName = "[No Variations]"
Change component parameters (AddParameter): Name = "Description_"; Value = "TRANS FET N-CH SIJA72ADP-T1-GE3 40V 27.9A 4.8W PowerPAK SO-8L AEC-Q101"; VariantName = "[No Variations]"
Change component parameters (AddParameter): Name = "Dev Tools Status"; Value = "Production"; VariantName = "[No Variations]"
Change component parameters (AddParameter): Name = "Drain to Source Voltage"; Value = "40V"; VariantName = "[No Variations]"
Change component parameters (AddParameter): Name = "Gate to Source Voltage"; Value = "20V"; VariantName = "[No Variations]"
Change component parameters (AddParameter): Name = "Manufacturer 1"; Value = "Vishay"; VariantName = "[No Variations]"
Change component parameters (AddParameter): Name = "Manufacturer Part Number 1"; Value = "SIJA72ADP-T1-GE3"; VariantName = "[No Variations]"
Change component parameters (AddParameter): Name = "MCHP-ID"; Value = "TRA1519"; VariantName = "[No Variations]"
Change component parameters (AddParameter): Name = "Operating Temperature"; Value = "-55C to +150C"; VariantName = "[No Variations]"
Change component parameters (AddParameter): Name = "Owner"; Value = "Cristina Salanti"; VariantName = "[No Variations]"
Change component parameters (AddParameter): Name = "Package"; Value = "PowerPAK SO-8L"; VariantName = "[No Variations]"
Change component parameters (AddParameter): Name = "Populated"; Value = "YES"; VariantName = "[No Variations]"
Change component parameters (AddParameter): Name = "Power"; Value = "4.8W"; VariantName = "[No Variations]"
Change component parameters (AddParameter): Name = "Quantity Override"; Value = "1"; VariantName = "[No Variations]"
Change component parameters (AddParameter): Name = "Restricted Sourcing"; Value = "No"; VariantName = "[No Variations]"
Change component parameters (AddParameter): Name = "Revision"; Value = "2"; VariantName = "[No Variations]"
Change component parameters (AddParameter): Name = "Status"; Value = "MCL Design"; VariantName = "[No Variations]"
Change component parameters (AddParameter): Name = "Supplier 1"; Value = "Digi-Key"; VariantName = "[No Variations]"
Change component parameters (AddParameter): Name = "Supplier Part Number 1"; Value = "SIJA72ADP-T1-GE3CT-ND"; VariantName = "[No Variations]"
Change component parameters (AddParameter): Name = "Symbol"; Value = "Transistor MOS-N SSSGD"; VariantName = "[No Variations]"
Change component parameters (AddParameter): Name = "Type"; Value = "FET"; VariantName = "[No Variations]"
Change component parameters (AddParameter): Name = "Value"; Value = "SIJA72ADP-T1-GE3"; VariantName = "[No Variations]"
Change component parameters (AddParameter): Name = "Voltage"; Value = "40V"; VariantName = "[No Variations]"
Change component parameters: Designator = "Q5" ("Q5"); Footprint = "TO-263-2L"; UniqueID = "\ZTHKNCOC" ("\ZTHKNCOC")
Change component parameters (AddParameter): Name = "Category"; Value = "Transistor"; VariantName = "[No Variations]"
Change component parameters (AddParameter): Name = "ComponentLink1Description"; Value = "SVN Datasheet"; VariantName = "[No Variations]"
Change component parameters (AddParameter): Name = "ComponentLink1URL"; Value = "https://chn-vm-apps.microchip.com/mchprepo/parts/Datasheets/sija72adp.pdf"; VariantName = "[No Variations]"
Change component parameters (AddParameter): Name = "ComponentLink2Description"; Value = "Local Datasheet"; VariantName = "[No Variations]"
Change component parameters (AddParameter): Name = "ComponentLink2URL"; Value = "C:\ALTIUM_WORK\00001_MCHP-CDB\Datasheets\sija72adp.pdf"; VariantName = "[No Variations]"
Change component parameters (AddParameter): Name = "ComponentLink3Description"; Value = "Open Symbol"; VariantName = "[No Variations]"
Change component parameters (AddParameter): Name = "ComponentLink3URL"; Value = "C:\ALTIUM_WORK\00001_MCHP-CDB\Library\LibraryRefs\Transistor MOS-N SSSGD.SchLib"; VariantName = "[No Variations]"
Change component parameters (AddParameter): Name = "ComponentLink4Description"; Value = "Open Footprint"; VariantName = "[No Variations]"
Change component parameters (AddParameter): Name = "ComponentLink4URL"; Value = "C:\ALTIUM_WORK\00001_MCHP-CDB\Library\Footprints\PPAK_SO-8L.PcbLib"; VariantName = "[No Variations]"
Change component parameters (AddParameter): Name = "ComponentLink5Description"; Value = "Open Footprint 2"; VariantName = "[No Variations]"
Change component parameters (AddParameter): Name = "ComponentLink6Description"; Value = "Open Footprint 3"; VariantName = "[No Variations]"
Change component parameters (AddParameter): Name = "ComponentLink7Description"; Value = "Open Footprint 4"; VariantName = "[No Variations]"
Change component parameters (AddParameter): Name = "Current"; Value = "27.9A"; VariantName = "[No Variations]"
Change component parameters (AddParameter): Name = "Description_"; Value = "TRANS FET N-CH SIJA72ADP-T1-GE3 40V 27.9A 4.8W PowerPAK SO-8L AEC-Q101"; VariantName = "[No Variations]"
Change component parameters (AddParameter): Name = "Dev Tools Status"; Value = "Production"; VariantName = "[No Variations]"
Change component parameters (AddParameter): Name = "Drain to Source Voltage"; Value = "40V"; VariantName = "[No Variations]"
Change component parameters (AddParameter): Name = "Gate to Source Voltage"; Value = "20V"; VariantName = "[No Variations]"
Change component parameters (AddParameter): Name = "Manufacturer 1"; Value = "Vishay"; VariantName = "[No Variations]"
Change component parameters (AddParameter): Name = "Manufacturer Part Number 1"; Value = "SIJA72ADP-T1-GE3"; VariantName = "[No Variations]"
Change component parameters (AddParameter): Name = "MCHP-ID"; Value = "TRA1519"; VariantName = "[No Variations]"
Change component parameters (AddParameter): Name = "Operating Temperature"; Value = "-55C to +150C"; VariantName = "[No Variations]"
Change component parameters (AddParameter): Name = "Owner"; Value = "Cristina Salanti"; VariantName = "[No Variations]"
Change component parameters (AddParameter): Name = "Package"; Value = "PowerPAK SO-8L"; VariantName = "[No Variations]"
Change component parameters (AddParameter): Name = "Populated"; Value = "YES"; VariantName = "[No Variations]"
Change component parameters (AddParameter): Name = "Power"; Value = "4.8W"; VariantName = "[No Variations]"
Change component parameters (AddParameter): Name = "Quantity Override"; Value = "1"; VariantName = "[No Variations]"
Change component parameters (AddParameter): Name = "Restricted Sourcing"; Value = "No"; VariantName = "[No Variations]"
Change component parameters (AddParameter): Name = "Revision"; Value = "2"; VariantName = "[No Variations]"
Change component parameters (AddParameter): Name = "Status"; Value = "MCL Design"; VariantName = "[No Variations]"
Change component parameters (AddParameter): Name = "Supplier 1"; Value = "Digi-Key"; VariantName = "[No Variations]"
Change component parameters (AddParameter): Name = "Supplier Part Number 1"; Value = "SIJA72ADP-T1-GE3CT-ND"; VariantName = "[No Variations]"
Change component parameters (AddParameter): Name = "Symbol"; Value = "Transistor MOS-N SSSGD"; VariantName = "[No Variations]"
Change component parameters (AddParameter): Name = "Type"; Value = "FET"; VariantName = "[No Variations]"
Change component parameters (AddParameter): Name = "Value"; Value = "SIJA72ADP-T1-GE3"; VariantName = "[No Variations]"
Change component parameters (AddParameter): Name = "Voltage"; Value = "40V"; VariantName = "[No Variations]"
Change component parameters: Designator = "Q6" ("Q6"); Footprint = "TO-263-2L"; UniqueID = "\ITQGXBPL" ("\ITQGXBPL")
Change component parameters (AddParameter): Name = "Category"; Value = "Transistor"; VariantName = "[No Variations]"
Change component parameters (AddParameter): Name = "ComponentLink1Description"; Value = "SVN Datasheet"; VariantName = "[No Variations]"
Change component parameters (AddParameter): Name = "ComponentLink1URL"; Value = "https://chn-vm-apps.microchip.com/mchprepo/parts/Datasheets/sija72adp.pdf"; VariantName = "[No Variations]"
Change component parameters (AddParameter): Name = "ComponentLink2Description"; Value = "Local Datasheet"; VariantName = "[No Variations]"
Change component parameters (AddParameter): Name = "ComponentLink2URL"; Value = "C:\ALTIUM_WORK\00001_MCHP-CDB\Datasheets\sija72adp.pdf"; VariantName = "[No Variations]"
Change component parameters (AddParameter): Name = "ComponentLink3Description"; Value = "Open Symbol"; VariantName = "[No Variations]"
Change component parameters (AddParameter): Name = "ComponentLink3URL"; Value = "C:\ALTIUM_WORK\00001_MCHP-CDB\Library\LibraryRefs\Transistor MOS-N SSSGD.SchLib"; VariantName = "[No Variations]"
Change component parameters (AddParameter): Name = "ComponentLink4Description"; Value = "Open Footprint"; VariantName = "[No Variations]"
Change component parameters (AddParameter): Name = "ComponentLink4URL"; Value = "C:\ALTIUM_WORK\00001_MCHP-CDB\Library\Footprints\PPAK_SO-8L.PcbLib"; VariantName = "[No Variations]"
Change component parameters (AddParameter): Name = "ComponentLink5Description"; Value = "Open Footprint 2"; VariantName = "[No Variations]"
Change component parameters (AddParameter): Name = "ComponentLink6Description"; Value = "Open Footprint 3"; VariantName = "[No Variations]"
Change component parameters (AddParameter): Name = "ComponentLink7Description"; Value = "Open Footprint 4"; VariantName = "[No Variations]"
Change component parameters (AddParameter): Name = "Current"; Value = "27.9A"; VariantName = "[No Variations]"
Change component parameters (AddParameter): Name = "Description_"; Value = "TRANS FET N-CH SIJA72ADP-T1-GE3 40V 27.9A 4.8W PowerPAK SO-8L AEC-Q101"; VariantName = "[No Variations]"
Change component parameters (AddParameter): Name = "Dev Tools Status"; Value = "Production"; VariantName = "[No Variations]"
Change component parameters (AddParameter): Name = "Drain to Source Voltage"; Value = "40V"; VariantName = "[No Variations]"
Change component parameters (AddParameter): Name = "Gate to Source Voltage"; Value = "20V"; VariantName = "[No Variations]"
Change component parameters (AddParameter): Name = "Manufacturer 1"; Value = "Vishay"; VariantName = "[No Variations]"
Change component parameters (AddParameter): Name = "Manufacturer Part Number 1"; Value = "SIJA72ADP-T1-GE3"; VariantName = "[No Variations]"
Change component parameters (AddParameter): Name = "MCHP-ID"; Value = "TRA1519"; VariantName = "[No Variations]"
Change component parameters (AddParameter): Name = "Operating Temperature"; Value = "-55C to +150C"; VariantName = "[No Variations]"
Change component parameters (AddParameter): Name = "Owner"; Value = "Cristina Salanti"; VariantName = "[No Variations]"
Change component parameters (AddParameter): Name = "Package"; Value = "PowerPAK SO-8L"; VariantName = "[No Variations]"
Change component parameters (AddParameter): Name = "Populated"; Value = "YES"; VariantName = "[No Variations]"
Change component parameters (AddParameter): Name = "Power"; Value = "4.8W"; VariantName = "[No Variations]"
Change component parameters (AddParameter): Name = "Quantity Override"; Value = "1"; VariantName = "[No Variations]"
Change component parameters (AddParameter): Name = "Restricted Sourcing"; Value = "No"; VariantName = "[No Variations]"
Change component parameters (AddParameter): Name = "Revision"; Value = "2"; VariantName = "[No Variations]"
Change component parameters (AddParameter): Name = "Status"; Value = "MCL Design"; VariantName = "[No Variations]"
Change component parameters (AddParameter): Name = "Supplier 1"; Value = "Digi-Key"; VariantName = "[No Variations]"
Change component parameters (AddParameter): Name = "Supplier Part Number 1"; Value = "SIJA72ADP-T1-GE3CT-ND"; VariantName = "[No Variations]"
Change component parameters (AddParameter): Name = "Symbol"; Value = "Transistor MOS-N SSSGD"; VariantName = "[No Variations]"
Change component parameters (AddParameter): Name = "Type"; Value = "FET"; VariantName = "[No Variations]"
Change component parameters (AddParameter): Name = "Value"; Value = "SIJA72ADP-T1-GE3"; VariantName = "[No Variations]"
Change component parameters (AddParameter): Name = "Voltage"; Value = "40V"; VariantName = "[No Variations]"
Change component parameters: Designator = "R19" ("R19"); Footprint = "RES_C_0603"; UniqueID = "\JHUBAWYR" ("\JHUBAWYR")
Change component parameters (AddParameter): Name = "Category"; Value = "Resistor"; VariantName = "[No Variations]"
Change component parameters (AddParameter): Name = "ComponentLink1Description"; Value = "SVN Datasheet"; VariantName = "[No Variations]"
Change component parameters (AddParameter): Name = "ComponentLink1URL"; Value = "https://chn-vm-apps.microchip.com/mchprepo/parts/Datasheets/nrc.pdf"; VariantName = "[No Variations]"
Change component parameters (AddParameter): Name = "ComponentLink2Description"; Value = "Local Datasheet"; VariantName = "[No Variations]"
Change component parameters (AddParameter): Name = "ComponentLink2URL"; Value = "C:\ALTIUM_WORK\00001_MCHP-CDB\Datasheets\nrc.pdf"; VariantName = "[No Variations]"
Change component parameters (AddParameter): Name = "ComponentLink3Description"; Value = "Open Symbol"; VariantName = "[No Variations]"
Change component parameters (AddParameter): Name = "ComponentLink3URL"; Value = "C:\ALTIUM_WORK\00001_MCHP-CDB\Library\LibraryRefs\Resistor.SchLib"; VariantName = "[No Variations]"
Change component parameters (AddParameter): Name = "ComponentLink4Description"; Value = "Open Footprint"; VariantName = "[No Variations]"
Change component parameters (AddParameter): Name = "ComponentLink4URL"; Value = "C:\ALTIUM_WORK\00001_MCHP-CDB\Library\Footprints\RES_C_0603.PcbLib"; VariantName = "[No Variations]"
Change component parameters (AddParameter): Name = "ComponentLink5Description"; Value = "Open Footprint 2"; VariantName = "[No Variations]"
Change component parameters (AddParameter): Name = "ComponentLink6Description"; Value = "Open Footprint 3"; VariantName = "[No Variations]"
Change component parameters (AddParameter): Name = "ComponentLink7Description"; Value = "Open Footprint 4"; VariantName = "[No Variations]"
Change component parameters (AddParameter): Name = "Composition"; Value = "TKF"; VariantName = "[No Variations]"
Change component parameters (AddParameter): Name = "Description_"; Value = "RES TKF 0R 1/10W SMD 0603"; VariantName = "[No Variations]"
Change component parameters (AddParameter): Name = "Dev Tools Status"; Value = "Production"; VariantName = "[No Variations]"
Change component parameters (AddParameter): Name = "Manufacturer 1"; Value = "Panasonic"; VariantName = "[No Variations]"
Change component parameters (AddParameter): Name = "Manufacturer 2"; Value = "Stackpole Electronics Inc"; VariantName = "[No Variations]"
Change component parameters (AddParameter): Name = "Manufacturer 3"; Value = "Vishay"; VariantName = "[No Variations]"
Change component parameters (AddParameter): Name = "Manufacturer 4"; Value = "Yageo"; VariantName = "[No Variations]"
Change component parameters (AddParameter): Name = "Manufacturer 5"; Value = "KOA Speer"; VariantName = "[No Variations]"
Change component parameters (AddParameter): Name = "Manufacturer Part Number 1"; Value = "ERJ-3GEY0R00V"; VariantName = "[No Variations]"
Change component parameters (AddParameter): Name = "Manufacturer Part Number 2"; Value = "RMCF0603ZT0R00"; VariantName = "[No Variations]"
Change component parameters (AddParameter): Name = "Manufacturer Part Number 3"; Value = "CRCW06030000Z0EA"; VariantName = "[No Variations]"
Change component parameters (AddParameter): Name = "Manufacturer Part Number 4"; Value = "RC0603JR-070RL"; VariantName = "[No Variations]"
Change component parameters (AddParameter): Name = "Manufacturer Part Number 5"; Value = "RK73Z1JTTP"; VariantName = "[No Variations]"
Change component parameters (AddParameter): Name = "MCHP-ID"; Value = "RSMT0001"; VariantName = "[No Variations]"
Change component parameters (AddParameter): Name = "Operating Temperature"; Value = "-55C to +155C"; VariantName = "[No Variations]"
Change component parameters (AddParameter): Name = "Package"; Value = "0603"; VariantName = "[No Variations]"
Change component parameters (AddParameter): Name = "Populated"; Value = "DNP"; VariantName = "[No Variations]"
Change component parameters (AddParameter): Name = "Power"; Value = "1/10W"; VariantName = "[No Variations]"
Change component parameters (AddParameter): Name = "Quantity Override"; Value = "1"; VariantName = "[No Variations]"
Change component parameters (AddParameter): Name = "Revision"; Value = "7"; VariantName = "[No Variations]"
Change component parameters (AddParameter): Name = "Status"; Value = "MCL Design"; VariantName = "[No Variations]"
Change component parameters (AddParameter): Name = "Supplier 1"; Value = "Digi-Key"; VariantName = "[No Variations]"
Change component parameters (AddParameter): Name = "Supplier 2"; Value = "Digi-Key"; VariantName = "[No Variations]"
Change component parameters (AddParameter): Name = "Supplier 3"; Value = "Digi-Key"; VariantName = "[No Variations]"
Change component parameters (AddParameter): Name = "Supplier 4"; Value = "Digi-Key"; VariantName = "[No Variations]"
Change component parameters (AddParameter): Name = "Supplier 5"; Value = "Digi-Key"; VariantName = "[No Variations]"
Change component parameters (AddParameter): Name = "Supplier 6"; Value = "Mouser"; VariantName = "[No Variations]"
Change component parameters (AddParameter): Name = "Supplier Part Number 1"; Value = "P0.0GTR-ND"; VariantName = "[No Variations]"
Change component parameters (AddParameter): Name = "Supplier Part Number 2"; Value = "RMCF0603ZT0R00TR-ND"; VariantName = "[No Variations]"
Change component parameters (AddParameter): Name = "Supplier Part Number 3"; Value = "RMCF0603ZT0R00CT-ND"; VariantName = "[No Variations]"
Change component parameters (AddParameter): Name = "Supplier Part Number 4"; Value = "541-0.0GCT-ND"; VariantName = "[No Variations]"
Change component parameters (AddParameter): Name = "Supplier Part Number 5"; Value = "311-0.0GRCT-ND"; VariantName = "[No Variations]"
Change component parameters (AddParameter): Name = "Supplier Part Number 6"; Value = "660-RK73Z1JTTP"; VariantName = "[No Variations]"
Change component parameters (AddParameter): Name = "Symbol"; Value = "Resistor"; VariantName = "[No Variations]"
Change component parameters (AddParameter): Name = "Type"; Value = "RES SMD"; VariantName = "[No Variations]"
Change component parameters (AddParameter): Name = "Value"; Value = "0R"; VariantName = "[No Variations]"
Change component parameters: Designator = "TP12" ("TP12"); Footprint = "TP_1.2x0.7"; UniqueID = "\CVYVHAHR" ("\CVYVHAHR")
Change component parameters (AddParameter): Name = "Assembly Type"; Value = "TH"; VariantName = "[No Variations]"
Change component parameters (AddParameter): Name = "Category"; Value = "Connector"; VariantName = "[No Variations]"
Change component parameters (AddParameter): Name = "ComponentLink1Description"; Value = "SVN Datasheet"; VariantName = "[No Variations]"
Change component parameters (AddParameter): Name = "ComponentLink2Description"; Value = "Local Datasheet"; VariantName = "[No Variations]"
Change component parameters (AddParameter): Name = "ComponentLink3Description"; Value = "Open Symbol"; VariantName = "[No Variations]"
Change component parameters (AddParameter): Name = "ComponentLink3URL"; Value = "C:\ALTIUM_WORK\00001_MCHP-CDB\Library\LibraryRefs\Test Point No BOM.SchLib"; VariantName = "[No Variations]"
Change component parameters (AddParameter): Name = "ComponentLink4Description"; Value = "Open Footprint"; VariantName = "[No Variations]"
Change component parameters (AddParameter): Name = "ComponentLink4URL"; Value = "C:\ALTIUM_WORK\00001_MCHP-CDB\Library\Footprints\TP_TH_0.7PADX0.4HOLE.PcbLib"; VariantName = "[No Variations]"
Change component parameters (AddParameter): Name = "ComponentLink5Description"; Value = "Open Footprint 2"; VariantName = "[No Variations]"
Change component parameters (AddParameter): Name = "ComponentLink6Description"; Value = "Open Footprint 3"; VariantName = "[No Variations]"
Change component parameters (AddParameter): Name = "ComponentLink7Description"; Value = "Open Footprint 4"; VariantName = "[No Variations]"
Change component parameters (AddParameter): Name = "Description_"; Value = "CON TP PAD PCB TH D0.7H0.4"; VariantName = "[No Variations]"
Change component parameters (AddParameter): Name = "Dev Tools Status"; Value = "Design"; VariantName = "[No Variations]"
Change component parameters (AddParameter): Name = "MCHP-ID"; Value = "CON2938"; VariantName = "[No Variations]"
Change component parameters (AddParameter): Name = "Owner"; Value = "Severino Balong Jr."; VariantName = "[No Variations]"
Change component parameters (AddParameter): Name = "Populated"; Value = "DNP"; VariantName = "[No Variations]"
Change component parameters (AddParameter): Name = "Quantity Override"; Value = "1"; VariantName = "[No Variations]"
Change component parameters (AddParameter): Name = "Restricted Sourcing"; Value = "No"; VariantName = "[No Variations]"
Change component parameters (AddParameter): Name = "Revision"; Value = "1"; VariantName = "[No Variations]"
Change component parameters (AddParameter): Name = "Status"; Value = "MCL Design"; VariantName = "[No Variations]"
Change component parameters (AddParameter): Name = "Symbol"; Value = "Test Point No BOM"; VariantName = "[No Variations]"
Change component parameters (AddParameter): Name = "Type"; Value = "Test Point No BOM"; VariantName = "[No Variations]"
Change component parameters: Designator = "TP13" ("TP13"); Footprint = "TP_1.2x0.7"; UniqueID = "\WCQAFTGU" ("\WCQAFTGU")
Change component parameters (AddParameter): Name = "Assembly Type"; Value = "TH"; VariantName = "[No Variations]"
Change component parameters (AddParameter): Name = "Category"; Value = "Connector"; VariantName = "[No Variations]"
Change component parameters (AddParameter): Name = "ComponentLink1Description"; Value = "SVN Datasheet"; VariantName = "[No Variations]"
Change component parameters (AddParameter): Name = "ComponentLink2Description"; Value = "Local Datasheet"; VariantName = "[No Variations]"
Change component parameters (AddParameter): Name = "ComponentLink3Description"; Value = "Open Symbol"; VariantName = "[No Variations]"
Change component parameters (AddParameter): Name = "ComponentLink3URL"; Value = "C:\ALTIUM_WORK\00001_MCHP-CDB\Library\LibraryRefs\Test Point No BOM.SchLib"; VariantName = "[No Variations]"
Change component parameters (AddParameter): Name = "ComponentLink4Description"; Value = "Open Footprint"; VariantName = "[No Variations]"
Change component parameters (AddParameter): Name = "ComponentLink4URL"; Value = "C:\ALTIUM_WORK\00001_MCHP-CDB\Library\Footprints\TP_TH_0.7PADX0.4HOLE.PcbLib"; VariantName = "[No Variations]"
Change component parameters (AddParameter): Name = "ComponentLink5Description"; Value = "Open Footprint 2"; VariantName = "[No Variations]"
Change component parameters (AddParameter): Name = "ComponentLink6Description"; Value = "Open Footprint 3"; VariantName = "[No Variations]"
Change component parameters (AddParameter): Name = "ComponentLink7Description"; Value = "Open Footprint 4"; VariantName = "[No Variations]"
Change component parameters (AddParameter): Name = "Description_"; Value = "CON TP PAD PCB TH D0.7H0.4"; VariantName = "[No Variations]"
Change component parameters (AddParameter): Name = "Dev Tools Status"; Value = "Design"; VariantName = "[No Variations]"
Change component parameters (AddParameter): Name = "MCHP-ID"; Value = "CON2938"; VariantName = "[No Variations]"
Change component parameters (AddParameter): Name = "Owner"; Value = "Severino Balong Jr."; VariantName = "[No Variations]"
Change component parameters (AddParameter): Name = "Populated"; Value = "DNP"; VariantName = "[No Variations]"
Change component parameters (AddParameter): Name = "Quantity Override"; Value = "1"; VariantName = "[No Variations]"
Change component parameters (AddParameter): Name = "Restricted Sourcing"; Value = "No"; VariantName = "[No Variations]"
Change component parameters (AddParameter): Name = "Revision"; Value = "1"; VariantName = "[No Variations]"
Change component parameters (AddParameter): Name = "Status"; Value = "MCL Design"; VariantName = "[No Variations]"
Change component parameters (AddParameter): Name = "Symbol"; Value = "Test Point No BOM"; VariantName = "[No Variations]"
Change component parameters (AddParameter): Name = "Type"; Value = "Test Point No BOM"; VariantName = "[No Variations]"
Change component parameters: Designator = "TP14" ("TP14"); Footprint = "TP_1.2x0.7"; UniqueID = "\TVBXHEEG" ("\TVBXHEEG")
Change component parameters (AddParameter): Name = "Assembly Type"; Value = "TH"; VariantName = "[No Variations]"
Change component parameters (AddParameter): Name = "Category"; Value = "Connector"; VariantName = "[No Variations]"
Change component parameters (AddParameter): Name = "ComponentLink1Description"; Value = "SVN Datasheet"; VariantName = "[No Variations]"
Change component parameters (AddParameter): Name = "ComponentLink2Description"; Value = "Local Datasheet"; VariantName = "[No Variations]"
Change component parameters (AddParameter): Name = "ComponentLink3Description"; Value = "Open Symbol"; VariantName = "[No Variations]"
Change component parameters (AddParameter): Name = "ComponentLink3URL"; Value = "C:\ALTIUM_WORK\00001_MCHP-CDB\Library\LibraryRefs\Test Point No BOM.SchLib"; VariantName = "[No Variations]"
Change component parameters (AddParameter): Name = "ComponentLink4Description"; Value = "Open Footprint"; VariantName = "[No Variations]"
Change component parameters (AddParameter): Name = "ComponentLink4URL"; Value = "C:\ALTIUM_WORK\00001_MCHP-CDB\Library\Footprints\TP_TH_0.7PADX0.4HOLE.PcbLib"; VariantName = "[No Variations]"
Change component parameters (AddParameter): Name = "ComponentLink5Description"; Value = "Open Footprint 2"; VariantName = "[No Variations]"
Change component parameters (AddParameter): Name = "ComponentLink6Description"; Value = "Open Footprint 3"; VariantName = "[No Variations]"
Change component parameters (AddParameter): Name = "ComponentLink7Description"; Value = "Open Footprint 4"; VariantName = "[No Variations]"
Change component parameters (AddParameter): Name = "Description_"; Value = "CON TP PAD PCB TH D0.7H0.4"; VariantName = "[No Variations]"
Change component parameters (AddParameter): Name = "Dev Tools Status"; Value = "Design"; VariantName = "[No Variations]"
Change component parameters (AddParameter): Name = "MCHP-ID"; Value = "CON2938"; VariantName = "[No Variations]"
Change component parameters (AddParameter): Name = "Owner"; Value = "Severino Balong Jr."; VariantName = "[No Variations]"
Change component parameters (AddParameter): Name = "Populated"; Value = "DNP"; VariantName = "[No Variations]"
Change component parameters (AddParameter): Name = "Quantity Override"; Value = "1"; VariantName = "[No Variations]"
Change component parameters (AddParameter): Name = "Restricted Sourcing"; Value = "No"; VariantName = "[No Variations]"
Change component parameters (AddParameter): Name = "Revision"; Value = "1"; VariantName = "[No Variations]"
Change component parameters (AddParameter): Name = "Status"; Value = "MCL Design"; VariantName = "[No Variations]"
Change component parameters (AddParameter): Name = "Symbol"; Value = "Test Point No BOM"; VariantName = "[No Variations]"
Change component parameters (AddParameter): Name = "Type"; Value = "Test Point No BOM"; VariantName = "[No Variations]"
Change component parameters: Designator = "TP17" ("TP17"); Footprint = "TP_1.2x0.7"; UniqueID = "\FRRZXOEF" ("\FRRZXOEF")
Change component parameters (AddParameter): Name = "Assembly Type"; Value = "TH"; VariantName = "[No Variations]"
Change component parameters (AddParameter): Name = "Category"; Value = "Connector"; VariantName = "[No Variations]"
Change component parameters (AddParameter): Name = "ComponentLink1Description"; Value = "SVN Datasheet"; VariantName = "[No Variations]"
Change component parameters (AddParameter): Name = "ComponentLink2Description"; Value = "Local Datasheet"; VariantName = "[No Variations]"
Change component parameters (AddParameter): Name = "ComponentLink3Description"; Value = "Open Symbol"; VariantName = "[No Variations]"
Change component parameters (AddParameter): Name = "ComponentLink3URL"; Value = "C:\ALTIUM_WORK\00001_MCHP-CDB\Library\LibraryRefs\Test Point No BOM.SchLib"; VariantName = "[No Variations]"
Change component parameters (AddParameter): Name = "ComponentLink4Description"; Value = "Open Footprint"; VariantName = "[No Variations]"
Change component parameters (AddParameter): Name = "ComponentLink4URL"; Value = "C:\ALTIUM_WORK\00001_MCHP-CDB\Library\Footprints\TP_TH_0.7PADX0.4HOLE.PcbLib"; VariantName = "[No Variations]"
Change component parameters (AddParameter): Name = "ComponentLink5Description"; Value = "Open Footprint 2"; VariantName = "[No Variations]"
Change component parameters (AddParameter): Name = "ComponentLink6Description"; Value = "Open Footprint 3"; VariantName = "[No Variations]"
Change component parameters (AddParameter): Name = "ComponentLink7Description"; Value = "Open Footprint 4"; VariantName = "[No Variations]"
Change component parameters (AddParameter): Name = "Description_"; Value = "CON TP PAD PCB TH D0.7H0.4"; VariantName = "[No Variations]"
Change component parameters (AddParameter): Name = "Dev Tools Status"; Value = "Design"; VariantName = "[No Variations]"
Change component parameters (AddParameter): Name = "MCHP-ID"; Value = "CON2938"; VariantName = "[No Variations]"
Change component parameters (AddParameter): Name = "Owner"; Value = "Severino Balong Jr."; VariantName = "[No Variations]"
Change component parameters (AddParameter): Name = "Populated"; Value = "DNP"; VariantName = "[No Variations]"
Change component parameters (AddParameter): Name = "Quantity Override"; Value = "1"; VariantName = "[No Variations]"
Change component parameters (AddParameter): Name = "Restricted Sourcing"; Value = "No"; VariantName = "[No Variations]"
Change component parameters (AddParameter): Name = "Revision"; Value = "1"; VariantName = "[No Variations]"
Change component parameters (AddParameter): Name = "Status"; Value = "MCL Design"; VariantName = "[No Variations]"
Change component parameters (AddParameter): Name = "Symbol"; Value = "Test Point No BOM"; VariantName = "[No Variations]"
Change component parameters (AddParameter): Name = "Type"; Value = "Test Point No BOM"; VariantName = "[No Variations]"
Change component parameters: Designator = "TP18" ("TP18"); Footprint = "TP_1.2x0.7"; UniqueID = "\BCLGQBOP" ("\BCLGQBOP")
Change component parameters (AddParameter): Name = "Assembly Type"; Value = "TH"; VariantName = "[No Variations]"
Change component parameters (AddParameter): Name = "Category"; Value = "Connector"; VariantName = "[No Variations]"
Change component parameters (AddParameter): Name = "ComponentLink1Description"; Value = "SVN Datasheet"; VariantName = "[No Variations]"
Change component parameters (AddParameter): Name = "ComponentLink2Description"; Value = "Local Datasheet"; VariantName = "[No Variations]"
Change component parameters (AddParameter): Name = "ComponentLink3Description"; Value = "Open Symbol"; VariantName = "[No Variations]"
Change component parameters (AddParameter): Name = "ComponentLink3URL"; Value = "C:\ALTIUM_WORK\00001_MCHP-CDB\Library\LibraryRefs\Test Point No BOM.SchLib"; VariantName = "[No Variations]"
Change component parameters (AddParameter): Name = "ComponentLink4Description"; Value = "Open Footprint"; VariantName = "[No Variations]"
Change component parameters (AddParameter): Name = "ComponentLink4URL"; Value = "C:\ALTIUM_WORK\00001_MCHP-CDB\Library\Footprints\TP_TH_0.7PADX0.4HOLE.PcbLib"; VariantName = "[No Variations]"
Change component parameters (AddParameter): Name = "ComponentLink5Description"; Value = "Open Footprint 2"; VariantName = "[No Variations]"
Change component parameters (AddParameter): Name = "ComponentLink6Description"; Value = "Open Footprint 3"; VariantName = "[No Variations]"
Change component parameters (AddParameter): Name = "ComponentLink7Description"; Value = "Open Footprint 4"; VariantName = "[No Variations]"
Change component parameters (AddParameter): Name = "Description_"; Value = "CON TP PAD PCB TH D0.7H0.4"; VariantName = "[No Variations]"
Change component parameters (AddParameter): Name = "Dev Tools Status"; Value = "Design"; VariantName = "[No Variations]"
Change component parameters (AddParameter): Name = "MCHP-ID"; Value = "CON2938"; VariantName = "[No Variations]"
Change component parameters (AddParameter): Name = "Owner"; Value = "Severino Balong Jr."; VariantName = "[No Variations]"
Change component parameters (AddParameter): Name = "Populated"; Value = "DNP"; VariantName = "[No Variations]"
Change component parameters (AddParameter): Name = "Quantity Override"; Value = "1"; VariantName = "[No Variations]"
Change component parameters (AddParameter): Name = "Restricted Sourcing"; Value = "No"; VariantName = "[No Variations]"
Change component parameters (AddParameter): Name = "Revision"; Value = "1"; VariantName = "[No Variations]"
Change component parameters (AddParameter): Name = "Status"; Value = "MCL Design"; VariantName = "[No Variations]"
Change component parameters (AddParameter): Name = "Symbol"; Value = "Test Point No BOM"; VariantName = "[No Variations]"
Change component parameters (AddParameter): Name = "Type"; Value = "Test Point No BOM"; VariantName = "[No Variations]"
Change component parameters: Designator = "TP19" ("TP19"); Footprint = "TP_1.2x0.7"; UniqueID = "\KGGDCCCP" ("\KGGDCCCP")
Change component parameters (AddParameter): Name = "Assembly Type"; Value = "TH"; VariantName = "[No Variations]"
Change component parameters (AddParameter): Name = "Category"; Value = "Connector"; VariantName = "[No Variations]"
Change component parameters (AddParameter): Name = "ComponentLink1Description"; Value = "SVN Datasheet"; VariantName = "[No Variations]"
Change component parameters (AddParameter): Name = "ComponentLink2Description"; Value = "Local Datasheet"; VariantName = "[No Variations]"
Change component parameters (AddParameter): Name = "ComponentLink3Description"; Value = "Open Symbol"; VariantName = "[No Variations]"
Change component parameters (AddParameter): Name = "ComponentLink3URL"; Value = "C:\ALTIUM_WORK\00001_MCHP-CDB\Library\LibraryRefs\Test Point No BOM.SchLib"; VariantName = "[No Variations]"
Change component parameters (AddParameter): Name = "ComponentLink4Description"; Value = "Open Footprint"; VariantName = "[No Variations]"
Change component parameters (AddParameter): Name = "ComponentLink4URL"; Value = "C:\ALTIUM_WORK\00001_MCHP-CDB\Library\Footprints\TP_TH_0.7PADX0.4HOLE.PcbLib"; VariantName = "[No Variations]"
Change component parameters (AddParameter): Name = "ComponentLink5Description"; Value = "Open Footprint 2"; VariantName = "[No Variations]"
Change component parameters (AddParameter): Name = "ComponentLink6Description"; Value = "Open Footprint 3"; VariantName = "[No Variations]"
Change component parameters (AddParameter): Name = "ComponentLink7Description"; Value = "Open Footprint 4"; VariantName = "[No Variations]"
Change component parameters (AddParameter): Name = "Description_"; Value = "CON TP PAD PCB TH D0.7H0.4"; VariantName = "[No Variations]"
Change component parameters (AddParameter): Name = "Dev Tools Status"; Value = "Design"; VariantName = "[No Variations]"
Change component parameters (AddParameter): Name = "MCHP-ID"; Value = "CON2938"; VariantName = "[No Variations]"
Change component parameters (AddParameter): Name = "Owner"; Value = "Severino Balong Jr."; VariantName = "[No Variations]"
Change component parameters (AddParameter): Name = "Populated"; Value = "DNP"; VariantName = "[No Variations]"
Change component parameters (AddParameter): Name = "Quantity Override"; Value = "1"; VariantName = "[No Variations]"
Change component parameters (AddParameter): Name = "Restricted Sourcing"; Value = "No"; VariantName = "[No Variations]"
Change component parameters (AddParameter): Name = "Revision"; Value = "1"; VariantName = "[No Variations]"
Change component parameters (AddParameter): Name = "Status"; Value = "MCL Design"; VariantName = "[No Variations]"
Change component parameters (AddParameter): Name = "Symbol"; Value = "Test Point No BOM"; VariantName = "[No Variations]"
Change component parameters (AddParameter): Name = "Type"; Value = "Test Point No BOM"; VariantName = "[No Variations]"
Change component parameters: Designator = "TP21" ("TP21"); Footprint = "TP_1.2x0.7"; UniqueID = "\UJLZBKWP" ("\UJLZBKWP")
Change component parameters (AddParameter): Name = "Assembly Type"; Value = "TH"; VariantName = "[No Variations]"
Change component parameters (AddParameter): Name = "Category"; Value = "Connector"; VariantName = "[No Variations]"
Change component parameters (AddParameter): Name = "ComponentLink1Description"; Value = "SVN Datasheet"; VariantName = "[No Variations]"
Change component parameters (AddParameter): Name = "ComponentLink2Description"; Value = "Local Datasheet"; VariantName = "[No Variations]"
Change component parameters (AddParameter): Name = "ComponentLink3Description"; Value = "Open Symbol"; VariantName = "[No Variations]"
Change component parameters (AddParameter): Name = "ComponentLink3URL"; Value = "C:\ALTIUM_WORK\00001_MCHP-CDB\Library\LibraryRefs\Test Point No BOM.SchLib"; VariantName = "[No Variations]"
Change component parameters (AddParameter): Name = "ComponentLink4Description"; Value = "Open Footprint"; VariantName = "[No Variations]"
Change component parameters (AddParameter): Name = "ComponentLink4URL"; Value = "C:\ALTIUM_WORK\00001_MCHP-CDB\Library\Footprints\TP_TH_0.7PADX0.4HOLE.PcbLib"; VariantName = "[No Variations]"
Change component parameters (AddParameter): Name = "ComponentLink5Description"; Value = "Open Footprint 2"; VariantName = "[No Variations]"
Change component parameters (AddParameter): Name = "ComponentLink6Description"; Value = "Open Footprint 3"; VariantName = "[No Variations]"
Change component parameters (AddParameter): Name = "ComponentLink7Description"; Value = "Open Footprint 4"; VariantName = "[No Variations]"
Change component parameters (AddParameter): Name = "Description_"; Value = "CON TP PAD PCB TH D0.7H0.4"; VariantName = "[No Variations]"
Change component parameters (AddParameter): Name = "Dev Tools Status"; Value = "Design"; VariantName = "[No Variations]"
Change component parameters (AddParameter): Name = "MCHP-ID"; Value = "CON2938"; VariantName = "[No Variations]"
Change component parameters (AddParameter): Name = "Owner"; Value = "Severino Balong Jr."; VariantName = "[No Variations]"
Change component parameters (AddParameter): Name = "Populated"; Value = "DNP"; VariantName = "[No Variations]"
Change component parameters (AddParameter): Name = "Quantity Override"; Value = "1"; VariantName = "[No Variations]"
Change component parameters (AddParameter): Name = "Restricted Sourcing"; Value = "No"; VariantName = "[No Variations]"
Change component parameters (AddParameter): Name = "Revision"; Value = "1"; VariantName = "[No Variations]"
Change component parameters (AddParameter): Name = "Status"; Value = "MCL Design"; VariantName = "[No Variations]"
Change component parameters (AddParameter): Name = "Symbol"; Value = "Test Point No BOM"; VariantName = "[No Variations]"
Change component parameters (AddParameter): Name = "Type"; Value = "Test Point No BOM"; VariantName = "[No Variations]"
Change component parameters: Designator = "VA" ("VA"); Footprint = "TP_1.2x0.7"; UniqueID = "\NKHFDULQ" ("\NKHFDULQ")
Change component parameters (AddParameter): Name = "Assembly Type"; Value = "TH"; VariantName = "[No Variations]"
Change component parameters (AddParameter): Name = "Category"; Value = "Connector"; VariantName = "[No Variations]"
Change component parameters (AddParameter): Name = "ComponentLink1Description"; Value = "SVN Datasheet"; VariantName = "[No Variations]"
Change component parameters (AddParameter): Name = "ComponentLink2Description"; Value = "Local Datasheet"; VariantName = "[No Variations]"
Change component parameters (AddParameter): Name = "ComponentLink3Description"; Value = "Open Symbol"; VariantName = "[No Variations]"
Change component parameters (AddParameter): Name = "ComponentLink3URL"; Value = "C:\ALTIUM_WORK\00001_MCHP-CDB\Library\LibraryRefs\Test Point No BOM.SchLib"; VariantName = "[No Variations]"
Change component parameters (AddParameter): Name = "ComponentLink4Description"; Value = "Open Footprint"; VariantName = "[No Variations]"
Change component parameters (AddParameter): Name = "ComponentLink4URL"; Value = "C:\ALTIUM_WORK\00001_MCHP-CDB\Library\Footprints\TP_TH_0.7PADX0.4HOLE.PcbLib"; VariantName = "[No Variations]"
Change component parameters (AddParameter): Name = "ComponentLink5Description"; Value = "Open Footprint 2"; VariantName = "[No Variations]"
Change component parameters (AddParameter): Name = "ComponentLink6Description"; Value = "Open Footprint 3"; VariantName = "[No Variations]"
Change component parameters (AddParameter): Name = "ComponentLink7Description"; Value = "Open Footprint 4"; VariantName = "[No Variations]"
Change component parameters (AddParameter): Name = "Description_"; Value = "CON TP PAD PCB TH D0.7H0.4"; VariantName = "[No Variations]"
Change component parameters (AddParameter): Name = "Dev Tools Status"; Value = "Design"; VariantName = "[No Variations]"
Change component parameters (AddParameter): Name = "MCHP-ID"; Value = "CON2938"; VariantName = "[No Variations]"
Change component parameters (AddParameter): Name = "Owner"; Value = "Severino Balong Jr."; VariantName = "[No Variations]"
Change component parameters (AddParameter): Name = "Populated"; Value = "DNP"; VariantName = "[No Variations]"
Change component parameters (AddParameter): Name = "Quantity Override"; Value = "1"; VariantName = "[No Variations]"
Change component parameters (AddParameter): Name = "Restricted Sourcing"; Value = "No"; VariantName = "[No Variations]"
Change component parameters (AddParameter): Name = "Revision"; Value = "1"; VariantName = "[No Variations]"
Change component parameters (AddParameter): Name = "Status"; Value = "MCL Design"; VariantName = "[No Variations]"
Change component parameters (AddParameter): Name = "Symbol"; Value = "Test Point No BOM"; VariantName = "[No Variations]"
Change component parameters (AddParameter): Name = "Type"; Value = "Test Point No BOM"; VariantName = "[No Variations]"
Change component parameters: Designator = "VB" ("VB"); Footprint = "TP_1.2x0.7"; UniqueID = "\ZTUGZBEX" ("\ZTUGZBEX")
Change component parameters (AddParameter): Name = "Assembly Type"; Value = "TH"; VariantName = "[No Variations]"
Change component parameters (AddParameter): Name = "Category"; Value = "Connector"; VariantName = "[No Variations]"
Change component parameters (AddParameter): Name = "ComponentLink1Description"; Value = "SVN Datasheet"; VariantName = "[No Variations]"
Change component parameters (AddParameter): Name = "ComponentLink2Description"; Value = "Local Datasheet"; VariantName = "[No Variations]"
Change component parameters (AddParameter): Name = "ComponentLink3Description"; Value = "Open Symbol"; VariantName = "[No Variations]"
Change component parameters (AddParameter): Name = "ComponentLink3URL"; Value = "C:\ALTIUM_WORK\00001_MCHP-CDB\Library\LibraryRefs\Test Point No BOM.SchLib"; VariantName = "[No Variations]"
Change component parameters (AddParameter): Name = "ComponentLink4Description"; Value = "Open Footprint"; VariantName = "[No Variations]"
Change component parameters (AddParameter): Name = "ComponentLink4URL"; Value = "C:\ALTIUM_WORK\00001_MCHP-CDB\Library\Footprints\TP_TH_0.7PADX0.4HOLE.PcbLib"; VariantName = "[No Variations]"
Change component parameters (AddParameter): Name = "ComponentLink5Description"; Value = "Open Footprint 2"; VariantName = "[No Variations]"
Change component parameters (AddParameter): Name = "ComponentLink6Description"; Value = "Open Footprint 3"; VariantName = "[No Variations]"
Change component parameters (AddParameter): Name = "ComponentLink7Description"; Value = "Open Footprint 4"; VariantName = "[No Variations]"
Change component parameters (AddParameter): Name = "Description_"; Value = "CON TP PAD PCB TH D0.7H0.4"; VariantName = "[No Variations]"
Change component parameters (AddParameter): Name = "Dev Tools Status"; Value = "Design"; VariantName = "[No Variations]"
Change component parameters (AddParameter): Name = "MCHP-ID"; Value = "CON2938"; VariantName = "[No Variations]"
Change component parameters (AddParameter): Name = "Owner"; Value = "Severino Balong Jr."; VariantName = "[No Variations]"
Change component parameters (AddParameter): Name = "Populated"; Value = "DNP"; VariantName = "[No Variations]"
Change component parameters (AddParameter): Name = "Quantity Override"; Value = "1"; VariantName = "[No Variations]"
Change component parameters (AddParameter): Name = "Restricted Sourcing"; Value = "No"; VariantName = "[No Variations]"
Change component parameters (AddParameter): Name = "Revision"; Value = "1"; VariantName = "[No Variations]"
Change component parameters (AddParameter): Name = "Status"; Value = "MCL Design"; VariantName = "[No Variations]"
Change component parameters (AddParameter): Name = "Symbol"; Value = "Test Point No BOM"; VariantName = "[No Variations]"
Change component parameters (AddParameter): Name = "Type"; Value = "Test Point No BOM"; VariantName = "[No Variations]"
Change component parameters: Designator = "VBOOT" ("VBOOT"); Footprint = "TP_1.2x0.7"; UniqueID = "\PCWRXIGW" ("\PCWRXIGW")
Change component parameters (AddParameter): Name = "Assembly Type"; Value = "TH"; VariantName = "[No Variations]"
Change component parameters (AddParameter): Name = "Category"; Value = "Connector"; VariantName = "[No Variations]"
Change component parameters (AddParameter): Name = "ComponentLink1Description"; Value = "SVN Datasheet"; VariantName = "[No Variations]"
Change component parameters (AddParameter): Name = "ComponentLink2Description"; Value = "Local Datasheet"; VariantName = "[No Variations]"
Change component parameters (AddParameter): Name = "ComponentLink3Description"; Value = "Open Symbol"; VariantName = "[No Variations]"
Change component parameters (AddParameter): Name = "ComponentLink3URL"; Value = "C:\ALTIUM_WORK\00001_MCHP-CDB\Library\LibraryRefs\Test Point No BOM.SchLib"; VariantName = "[No Variations]"
Change component parameters (AddParameter): Name = "ComponentLink4Description"; Value = "Open Footprint"; VariantName = "[No Variations]"
Change component parameters (AddParameter): Name = "ComponentLink4URL"; Value = "C:\ALTIUM_WORK\00001_MCHP-CDB\Library\Footprints\TP_TH_0.7PADX0.4HOLE.PcbLib"; VariantName = "[No Variations]"
Change component parameters (AddParameter): Name = "ComponentLink5Description"; Value = "Open Footprint 2"; VariantName = "[No Variations]"
Change component parameters (AddParameter): Name = "ComponentLink6Description"; Value = "Open Footprint 3"; VariantName = "[No Variations]"
Change component parameters (AddParameter): Name = "ComponentLink7Description"; Value = "Open Footprint 4"; VariantName = "[No Variations]"
Change component parameters (AddParameter): Name = "Description_"; Value = "CON TP PAD PCB TH D0.7H0.4"; VariantName = "[No Variations]"
Change component parameters (AddParameter): Name = "Dev Tools Status"; Value = "Design"; VariantName = "[No Variations]"
Change component parameters (AddParameter): Name = "MCHP-ID"; Value = "CON2938"; VariantName = "[No Variations]"
Change component parameters (AddParameter): Name = "Owner"; Value = "Severino Balong Jr."; VariantName = "[No Variations]"
Change component parameters (AddParameter): Name = "Populated"; Value = "DNP"; VariantName = "[No Variations]"
Change component parameters (AddParameter): Name = "Quantity Override"; Value = "1"; VariantName = "[No Variations]"
Change component parameters (AddParameter): Name = "Restricted Sourcing"; Value = "No"; VariantName = "[No Variations]"
Change component parameters (AddParameter): Name = "Revision"; Value = "1"; VariantName = "[No Variations]"
Change component parameters (AddParameter): Name = "Status"; Value = "MCL Design"; VariantName = "[No Variations]"
Change component parameters (AddParameter): Name = "Symbol"; Value = "Test Point No BOM"; VariantName = "[No Variations]"
Change component parameters (AddParameter): Name = "Type"; Value = "Test Point No BOM"; VariantName = "[No Variations]"
Change component parameters: Designator = "VBUS" ("VBUS"); Footprint = "TP_1.2x0.7"; UniqueID = "\TFIWRZSO" ("\TFIWRZSO")
Change component parameters (AddParameter): Name = "Assembly Type"; Value = "TH"; VariantName = "[No Variations]"
Change component parameters (AddParameter): Name = "Category"; Value = "Connector"; VariantName = "[No Variations]"
Change component parameters (AddParameter): Name = "ComponentLink1Description"; Value = "SVN Datasheet"; VariantName = "[No Variations]"
Change component parameters (AddParameter): Name = "ComponentLink2Description"; Value = "Local Datasheet"; VariantName = "[No Variations]"
Change component parameters (AddParameter): Name = "ComponentLink3Description"; Value = "Open Symbol"; VariantName = "[No Variations]"
Change component parameters (AddParameter): Name = "ComponentLink3URL"; Value = "C:\ALTIUM_WORK\00001_MCHP-CDB\Library\LibraryRefs\Test Point No BOM.SchLib"; VariantName = "[No Variations]"
Change component parameters (AddParameter): Name = "ComponentLink4Description"; Value = "Open Footprint"; VariantName = "[No Variations]"
Change component parameters (AddParameter): Name = "ComponentLink4URL"; Value = "C:\ALTIUM_WORK\00001_MCHP-CDB\Library\Footprints\TP_TH_0.7PADX0.4HOLE.PcbLib"; VariantName = "[No Variations]"
Change component parameters (AddParameter): Name = "ComponentLink5Description"; Value = "Open Footprint 2"; VariantName = "[No Variations]"
Change component parameters (AddParameter): Name = "ComponentLink6Description"; Value = "Open Footprint 3"; VariantName = "[No Variations]"
Change component parameters (AddParameter): Name = "ComponentLink7Description"; Value = "Open Footprint 4"; VariantName = "[No Variations]"
Change component parameters (AddParameter): Name = "Description_"; Value = "CON TP PAD PCB TH D0.7H0.4"; VariantName = "[No Variations]"
Change component parameters (AddParameter): Name = "Dev Tools Status"; Value = "Design"; VariantName = "[No Variations]"
Change component parameters (AddParameter): Name = "MCHP-ID"; Value = "CON2938"; VariantName = "[No Variations]"
Change component parameters (AddParameter): Name = "Owner"; Value = "Severino Balong Jr."; VariantName = "[No Variations]"
Change component parameters (AddParameter): Name = "Populated"; Value = "DNP"; VariantName = "[No Variations]"
Change component parameters (AddParameter): Name = "Quantity Override"; Value = "1"; VariantName = "[No Variations]"
Change component parameters (AddParameter): Name = "Restricted Sourcing"; Value = "No"; VariantName = "[No Variations]"
Change component parameters (AddParameter): Name = "Revision"; Value = "1"; VariantName = "[No Variations]"
Change component parameters (AddParameter): Name = "Status"; Value = "MCL Design"; VariantName = "[No Variations]"
Change component parameters (AddParameter): Name = "Symbol"; Value = "Test Point No BOM"; VariantName = "[No Variations]"
Change component parameters (AddParameter): Name = "Type"; Value = "Test Point No BOM"; VariantName = "[No Variations]"
Change component parameters: Designator = "VC" ("VC"); Footprint = "TP_1.2x0.7"; UniqueID = "\KSVNNEWQ" ("\KSVNNEWQ")
Change component parameters (AddParameter): Name = "Assembly Type"; Value = "TH"; VariantName = "[No Variations]"
Change component parameters (AddParameter): Name = "Category"; Value = "Connector"; VariantName = "[No Variations]"
Change component parameters (AddParameter): Name = "ComponentLink1Description"; Value = "SVN Datasheet"; VariantName = "[No Variations]"
Change component parameters (AddParameter): Name = "ComponentLink2Description"; Value = "Local Datasheet"; VariantName = "[No Variations]"
Change component parameters (AddParameter): Name = "ComponentLink3Description"; Value = "Open Symbol"; VariantName = "[No Variations]"
Change component parameters (AddParameter): Name = "ComponentLink3URL"; Value = "C:\ALTIUM_WORK\00001_MCHP-CDB\Library\LibraryRefs\Test Point No BOM.SchLib"; VariantName = "[No Variations]"
Change component parameters (AddParameter): Name = "ComponentLink4Description"; Value = "Open Footprint"; VariantName = "[No Variations]"
Change component parameters (AddParameter): Name = "ComponentLink4URL"; Value = "C:\ALTIUM_WORK\00001_MCHP-CDB\Library\Footprints\TP_TH_0.7PADX0.4HOLE.PcbLib"; VariantName = "[No Variations]"
Change component parameters (AddParameter): Name = "ComponentLink5Description"; Value = "Open Footprint 2"; VariantName = "[No Variations]"
Change component parameters (AddParameter): Name = "ComponentLink6Description"; Value = "Open Footprint 3"; VariantName = "[No Variations]"
Change component parameters (AddParameter): Name = "ComponentLink7Description"; Value = "Open Footprint 4"; VariantName = "[No Variations]"
Change component parameters (AddParameter): Name = "Description_"; Value = "CON TP PAD PCB TH D0.7H0.4"; VariantName = "[No Variations]"
Change component parameters (AddParameter): Name = "Dev Tools Status"; Value = "Design"; VariantName = "[No Variations]"
Change component parameters (AddParameter): Name = "MCHP-ID"; Value = "CON2938"; VariantName = "[No Variations]"
Change component parameters (AddParameter): Name = "Owner"; Value = "Severino Balong Jr."; VariantName = "[No Variations]"
Change component parameters (AddParameter): Name = "Populated"; Value = "DNP"; VariantName = "[No Variations]"
Change component parameters (AddParameter): Name = "Quantity Override"; Value = "1"; VariantName = "[No Variations]"
Change component parameters (AddParameter): Name = "Restricted Sourcing"; Value = "No"; VariantName = "[No Variations]"
Change component parameters (AddParameter): Name = "Revision"; Value = "1"; VariantName = "[No Variations]"
Change component parameters (AddParameter): Name = "Status"; Value = "MCL Design"; VariantName = "[No Variations]"
Change component parameters (AddParameter): Name = "Symbol"; Value = "Test Point No BOM"; VariantName = "[No Variations]"
Change component parameters (AddParameter): Name = "Type"; Value = "Test Point No BOM"; VariantName = "[No Variations]"
Change component parameters: Designator = "VREG" ("VREG"); Footprint = "TP_1.2x0.7"; UniqueID = "\PHOSFHOX" ("\PHOSFHOX")
Change component parameters (AddParameter): Name = "Assembly Type"; Value = "TH"; VariantName = "[No Variations]"
Change component parameters (AddParameter): Name = "Category"; Value = "Connector"; VariantName = "[No Variations]"
Change component parameters (AddParameter): Name = "ComponentLink1Description"; Value = "SVN Datasheet"; VariantName = "[No Variations]"
Change component parameters (AddParameter): Name = "ComponentLink2Description"; Value = "Local Datasheet"; VariantName = "[No Variations]"
Change component parameters (AddParameter): Name = "ComponentLink3Description"; Value = "Open Symbol"; VariantName = "[No Variations]"
Change component parameters (AddParameter): Name = "ComponentLink3URL"; Value = "C:\ALTIUM_WORK\00001_MCHP-CDB\Library\LibraryRefs\Test Point No BOM.SchLib"; VariantName = "[No Variations]"
Change component parameters (AddParameter): Name = "ComponentLink4Description"; Value = "Open Footprint"; VariantName = "[No Variations]"
Change component parameters (AddParameter): Name = "ComponentLink4URL"; Value = "C:\ALTIUM_WORK\00001_MCHP-CDB\Library\Footprints\TP_TH_0.7PADX0.4HOLE.PcbLib"; VariantName = "[No Variations]"
Change component parameters (AddParameter): Name = "ComponentLink5Description"; Value = "Open Footprint 2"; VariantName = "[No Variations]"
Change component parameters (AddParameter): Name = "ComponentLink6Description"; Value = "Open Footprint 3"; VariantName = "[No Variations]"
Change component parameters (AddParameter): Name = "ComponentLink7Description"; Value = "Open Footprint 4"; VariantName = "[No Variations]"
Change component parameters (AddParameter): Name = "Description_"; Value = "CON TP PAD PCB TH D0.7H0.4"; VariantName = "[No Variations]"
Change component parameters (AddParameter): Name = "Dev Tools Status"; Value = "Design"; VariantName = "[No Variations]"
Change component parameters (AddParameter): Name = "MCHP-ID"; Value = "CON2938"; VariantName = "[No Variations]"
Change component parameters (AddParameter): Name = "Owner"; Value = "Severino Balong Jr."; VariantName = "[No Variations]"
Change component parameters (AddParameter): Name = "Populated"; Value = "DNP"; VariantName = "[No Variations]"
Change component parameters (AddParameter): Name = "Quantity Override"; Value = "1"; VariantName = "[No Variations]"
Change component parameters (AddParameter): Name = "Restricted Sourcing"; Value = "No"; VariantName = "[No Variations]"
Change component parameters (AddParameter): Name = "Revision"; Value = "1"; VariantName = "[No Variations]"
Change component parameters (AddParameter): Name = "Status"; Value = "MCL Design"; VariantName = "[No Variations]"
Change component parameters (AddParameter): Name = "Symbol"; Value = "Test Point No BOM"; VariantName = "[No Variations]"
Change component parameters (AddParameter): Name = "Type"; Value = "Test Point No BOM"; VariantName = "[No Variations]"
Change component parameters: Designator = "Y2" ("Y2"); Footprint = "OSCILLATOR_DSC60000L2.5W2.0H0.89"; UniqueID = "\RLNSNZTV" ("\RLNSNZTV")
Change component parameters (AddParameter): Name = "BOM Notes"; Value = ""; VariantName = "[No Variations]"
Change component parameters (AddParameter): Name = "Category"; Value = "MCHP-Clock/Timing"; VariantName = "[No Variations]"
Change component parameters (AddParameter): Name = "ComponentLink1Description"; Value = "SVN Datasheet"; VariantName = "[No Variations]"
Change component parameters (AddParameter): Name = "ComponentLink1URL"; Value = "https://www.microchip.com/sitesearch/search/Product%20and%20Development%20Tools/DSC6011JI2B-008.0000"; VariantName = "[No Variations]"
Change component parameters (AddParameter): Name = "ComponentLink2Description"; Value = "Local Datasheet"; VariantName = "[No Variations]"
Change component parameters (AddParameter): Name = "ComponentLink3Description"; Value = "Open Symbol"; VariantName = "[No Variations]"
Change component parameters (AddParameter): Name = "ComponentLink3URL"; Value = "C:\ALTIUM_WORK\00001_MCHP-CDB\Library\LibraryRefs\DSC60xx DFN-4_LGA-4.SchLib"; VariantName = "[No Variations]"
Change component parameters (AddParameter): Name = "ComponentLink4Description"; Value = "Open Footprint"; VariantName = "[No Variations]"
Change component parameters (AddParameter): Name = "ComponentLink4URL"; Value = "C:\ALTIUM_WORK\00001_MCHP-CDB\Library\Footprints\OSCILLATOR_DSC60000L2.5W2.0H0.89.PcbLib"; VariantName = "[No Variations]"
Change component parameters (AddParameter): Name = "ComponentLink5Description"; Value = "Open Footprint 2"; VariantName = "[No Variations]"
Change component parameters (AddParameter): Name = "ComponentLink6Description"; Value = "Open Footprint 3"; VariantName = "[No Variations]"
Change component parameters (AddParameter): Name = "ComponentLink7Description"; Value = "Open Footprint 4"; VariantName = "[No Variations]"
Change component parameters (AddParameter): Name = "Description_"; Value = "MCHP CLOCK OSCILLATOR SINGLE 8.000MHz DSC6011JI2B-008.0000 VLGA-4"; VariantName = "[No Variations]"
Change component parameters (AddParameter): Name = "Dev Tools Status"; Value = "Design"; VariantName = "[No Variations]"
Change component parameters (AddParameter): Name = "Manufacturer 1"; Value = "Microchip Technology"; VariantName = "[No Variations]"
Change component parameters (AddParameter): Name = "Manufacturer Part Number 1"; Value = "DSC6011JI2B-008.0000"; VariantName = "[No Variations]"
Change component parameters (AddParameter): Name = "MCHP-ID"; Value = "MIC8585"; VariantName = "[No Variations]"
Change component parameters (AddParameter): Name = "Operating Temperature"; Value = "-40C to +85C"; VariantName = "[No Variations]"
Change component parameters (AddParameter): Name = "Owner"; Value = "Gabor Bihari"; VariantName = "[No Variations]"
Change component parameters (AddParameter): Name = "Populated"; Value = "DNP"; VariantName = "[No Variations]"
Change component parameters (AddParameter): Name = "Quantity Override"; Value = "1"; VariantName = "[No Variations]"
Change component parameters (AddParameter): Name = "Revision"; Value = "A"; VariantName = "[No Variations]"
Change component parameters (AddParameter): Name = "Status"; Value = "MCL Design"; VariantName = "[No Variations]"
Change component parameters (AddParameter): Name = "Supplier 1"; Value = "Microchip Technology"; VariantName = "[No Variations]"
Change component parameters (AddParameter): Name = "Supplier Part Number 1"; Value = "DSC6011JI2B-008.0000"; VariantName = "[No Variations]"
Change component parameters (AddParameter): Name = "Symbol"; Value = "DSC60xx DFN-4_LGA-4"; VariantName = "[No Variations]"
Change component parameters (AddParameter): Name = "Type"; Value = "Oscillator"; VariantName = "[No Variations]"
Change component parameters (AddParameter): Name = "Value"; Value = "8.000MHz"; VariantName = "[No Variations]"
Added Component: Designator=C?(CAP_RAD_P5D10H20)
Add component (AddParameter): Name = "BOM Notes"; Value = ""; VariantName = "[No Variations]"
Add component (AddParameter): Name = "Category"; Value = "Capacitor"; VariantName = "[No Variations]"
Add component (AddParameter): Name = "ComponentLink1Description"; Value = "SVN Datasheet"; VariantName = "[No Variations]"
Add component (AddParameter): Name = "ComponentLink1URL"; Value = "https://chn-vm-apps.microchip.com/mchprepo/parts/Datasheets/ABA0000C1215.pdf"; VariantName = "[No Variations]"
Add component (AddParameter): Name = "ComponentLink2Description"; Value = "Local Datasheet"; VariantName = "[No Variations]"
Add component (AddParameter): Name = "ComponentLink2URL"; Value = "C:\ALTIUM_WORK\00001_MCHP-CDB\Datasheets\ABA0000C1215.pdf"; VariantName = "[No Variations]"
Add component (AddParameter): Name = "ComponentLink3Description"; Value = "Open Symbol"; VariantName = "[No Variations]"
Add component (AddParameter): Name = "ComponentLink3URL"; Value = "C:\ALTIUM_WORK\00001_MCHP-CDB\Library\LibraryRefs\Capacitor POL.SchLib"; VariantName = "[No Variations]"
Add component (AddParameter): Name = "ComponentLink4Description"; Value = "Open Footprint"; VariantName = "[No Variations]"
Add component (AddParameter): Name = "ComponentLink4URL"; Value = "C:\ALTIUM_WORK\00001_MCHP-CDB\Library\Footprints\CAP_RAD_P5D10H20.PcbLib"; VariantName = "[No Variations]"
Add component (AddParameter): Name = "ComponentLink5Description"; Value = "Open Footprint 2"; VariantName = "[No Variations]"
Add component (AddParameter): Name = "ComponentLink6Description"; Value = "Open Footprint 3"; VariantName = "[No Variations]"
Add component (AddParameter): Name = "ComponentLink7Description"; Value = "Open Footprint 4"; VariantName = "[No Variations]"
Add component (AddParameter): Name = "Description_"; Value = "CAP ALU 470uF 50V 20% RAD P5D10H20"; VariantName = "[No Variations]"
Add component (AddParameter): Name = "Dev Tools Status"; Value = "Design"; VariantName = "[No Variations]"
Add component (AddParameter): Name = "Manufacturer 1"; Value = "Panasonic"; VariantName = "[No Variations]"
Add component (AddParameter): Name = "Manufacturer Part Number 1"; Value = "ECA-1HHG471"; VariantName = "[No Variations]"
Add component (AddParameter): Name = "MCHP-ID"; Value = "CAP3036"; VariantName = "[No Variations]"
Add component (AddParameter): Name = "Operating Temperature"; Value = "-55C to +105C"; VariantName = "[No Variations]"
Add component (AddParameter): Name = "Owner"; Value = "Severino Balong Jr."; VariantName = "[No Variations]"
Add component (AddParameter): Name = "Package"; Value = "P5D10H20"; VariantName = "[No Variations]"
Add component (AddParameter): Name = "Populated"; Value = "YES"; VariantName = "[No Variations]"
Add component (AddParameter): Name = "Quantity Override"; Value = "1"; VariantName = "[No Variations]"
Add component (AddParameter): Name = "Restricted Sourcing"; Value = "No"; VariantName = "[No Variations]"
Add component (AddParameter): Name = "Revision"; Value = "1"; VariantName = "[No Variations]"
Add component (AddParameter): Name = "Status"; Value = "MCL Design"; VariantName = "[No Variations]"
Add component (AddParameter): Name = "Supplier 1"; Value = "Digikey"; VariantName = "[No Variations]"
Add component (AddParameter): Name = "Supplier Part Number 1"; Value = "P5574-ND"; VariantName = "[No Variations]"
Add component (AddParameter): Name = "Symbol"; Value = "Capacitor POL"; VariantName = "[No Variations]"
Add component (AddParameter): Name = "Tolerance"; Value = "20%"; VariantName = "[No Variations]"
Add component (AddParameter): Name = "Type"; Value = "Aluminum"; VariantName = "[No Variations]"
Add component (AddParameter): Name = "Value"; Value = "470uF"; VariantName = "[No Variations]"
Add component (AddParameter): Name = "Voltage"; Value = "50V"; VariantName = "[No Variations]"
Added Component: Designator=C?(CAP_C_0603)
Add component (AddParameter): Name = "Category"; Value = "Capacitor"; VariantName = "[No Variations]"
Add component (AddParameter): Name = "ComponentLink1Description"; Value = "SVN Datasheet"; VariantName = "[No Variations]"
Add component (AddParameter): Name = "ComponentLink1URL"; Value = "https://chn-vm-apps.microchip.com/mchprepo/parts/Datasheets/ga31gautomotivemlcc-1763406.pdf"; VariantName = "[No Variations]"
Add component (AddParameter): Name = "ComponentLink2Description"; Value = "Local Datasheet"; VariantName = "[No Variations]"
Add component (AddParameter): Name = "ComponentLink2URL"; Value = "C:\ALTIUM_WORK\00001_MCHP-CDB\Datasheets\ga31gautomotivemlcc-1763406.pdf"; VariantName = "[No Variations]"
Add component (AddParameter): Name = "ComponentLink3Description"; Value = "Open Symbol"; VariantName = "[No Variations]"
Add component (AddParameter): Name = "ComponentLink3URL"; Value = "C:\ALTIUM_WORK\00001_MCHP-CDB\Library\LibraryRefs\Capacitor NP.SchLib"; VariantName = "[No Variations]"
Add component (AddParameter): Name = "ComponentLink4Description"; Value = "Open Footprint"; VariantName = "[No Variations]"
Add component (AddParameter): Name = "ComponentLink4URL"; Value = "C:\ALTIUM_WORK\00001_MCHP-CDB\Library\Footprints\CAP_C_0603.PcbLib"; VariantName = "[No Variations]"
Add component (AddParameter): Name = "ComponentLink5Description"; Value = "Open Footprint 2"; VariantName = "[No Variations]"
Add component (AddParameter): Name = "ComponentLink6Description"; Value = "Open Footprint 3"; VariantName = "[No Variations]"
Add component (AddParameter): Name = "ComponentLink7Description"; Value = "Open Footprint 4"; VariantName = "[No Variations]"
Add component (AddParameter): Name = "Description_"; Value = "CAP CER 0.1uF 50V 10% X7R SMD 0603 AEC-Q200"; VariantName = "[No Variations]"
Add component (AddParameter): Name = "Dev Tools Status"; Value = "Production"; VariantName = "[No Variations]"
Add component (AddParameter): Name = "Manufacturer 1"; Value = "Vishay"; VariantName = "[No Variations]"
Add component (AddParameter): Name = "Manufacturer Part Number 1"; Value = "GA0603Y104KBAAT31G"; VariantName = "[No Variations]"
Add component (AddParameter): Name = "MCHP-ID"; Value = "CAP2666"; VariantName = "[No Variations]"
Add component (AddParameter): Name = "Operating Temperature"; Value = "-55°C ~ 125°C"; VariantName = "[No Variations]"
Add component (AddParameter): Name = "Owner"; Value = "Cristina Salanti"; VariantName = "[No Variations]"
Add component (AddParameter): Name = "Package"; Value = "0603"; VariantName = "[No Variations]"
Add component (AddParameter): Name = "Populated"; Value = "YES"; VariantName = "[No Variations]"
Add component (AddParameter): Name = "Quantity Override"; Value = "1"; VariantName = "[No Variations]"
Add component (AddParameter): Name = "Restricted Sourcing"; Value = "No"; VariantName = "[No Variations]"
Add component (AddParameter): Name = "Revision"; Value = "2"; VariantName = "[No Variations]"
Add component (AddParameter): Name = "Status"; Value = "MCL Design"; VariantName = "[No Variations]"
Add component (AddParameter): Name = "Supplier 1"; Value = "Mouser"; VariantName = "[No Variations]"
Add component (AddParameter): Name = "Supplier Part Number 1"; Value = "77-GA603Y104KBAAT31G"; VariantName = "[No Variations]"
Add component (AddParameter): Name = "Symbol"; Value = "Capacitor NP"; VariantName = "[No Variations]"
Add component (AddParameter): Name = "Temperature Coefficient"; Value = "X7R"; VariantName = "[No Variations]"
Add component (AddParameter): Name = "Tolerance"; Value = "10%"; VariantName = "[No Variations]"
Add component (AddParameter): Name = "Type"; Value = "Ceramic"; VariantName = "[No Variations]"
Add component (AddParameter): Name = "Value"; Value = "0.1uF"; VariantName = "[No Variations]"
Add component (AddParameter): Name = "Voltage"; Value = "50V"; VariantName = "[No Variations]"
Added Component: Designator=CANH(TP_1.1x0.6)
Add component (AddParameter): Name = "Category"; Value = "Connector"; VariantName = "[No Variations]"
Add component (AddParameter): Name = "ComponentLink1Description"; Value = "SVN Datasheet"; VariantName = "[No Variations]"
Add component (AddParameter): Name = "ComponentLink2Description"; Value = "Local Datasheet"; VariantName = "[No Variations]"
Add component (AddParameter): Name = "ComponentLink3Description"; Value = "Open Symbol"; VariantName = "[No Variations]"
Add component (AddParameter): Name = "ComponentLink3URL"; Value = "C:\ALTIUM_WORK\00001_MCHP-CDB\Library\LibraryRefs\Test Point No BOM.SchLib"; VariantName = "[No Variations]"
Add component (AddParameter): Name = "ComponentLink4Description"; Value = "Open Footprint"; VariantName = "[No Variations]"
Add component (AddParameter): Name = "ComponentLink4URL"; Value = "C:\ALTIUM_WORK\00001_MCHP-CDB\Library\Footprints\TP_1.1x0.6.PcbLib"; VariantName = "[No Variations]"
Add component (AddParameter): Name = "ComponentLink5Description"; Value = "Open Footprint 2"; VariantName = "[No Variations]"
Add component (AddParameter): Name = "ComponentLink6Description"; Value = "Open Footprint 3"; VariantName = "[No Variations]"
Add component (AddParameter): Name = "ComponentLink7Description"; Value = "Open Footprint 4"; VariantName = "[No Variations]"
Add component (AddParameter): Name = "Description_"; Value = "CON TP PAD PCB TH D1.1H0.6"; VariantName = "[No Variations]"
Add component (AddParameter): Name = "Dev Tools Status"; Value = "Design"; VariantName = "[No Variations]"
Add component (AddParameter): Name = "MCHP-ID"; Value = "CON2734"; VariantName = "[No Variations]"
Add component (AddParameter): Name = "Owner"; Value = "Severino Balong Jr."; VariantName = "[No Variations]"
Add component (AddParameter): Name = "Populated"; Value = "DNP"; VariantName = "[No Variations]"
Add component (AddParameter): Name = "Quantity Override"; Value = "1"; VariantName = "[No Variations]"
Add component (AddParameter): Name = "Restricted Sourcing"; Value = "No"; VariantName = "[No Variations]"
Add component (AddParameter): Name = "Revision"; Value = "1"; VariantName = "[No Variations]"
Add component (AddParameter): Name = "Status"; Value = "MCL Design"; VariantName = "[No Variations]"
Add component (AddParameter): Name = "Symbol"; Value = "Test Point No BOM"; VariantName = "[No Variations]"
Add component (AddParameter): Name = "Type"; Value = "Test Point No BOM"; VariantName = "[No Variations]"
Add component (AddParameter): Name = "Value"; Value = "TP TH D1.1H0.6"; VariantName = "[No Variations]"
Added Component: Designator=CANL(TP_1.1x0.6)
Add component (AddParameter): Name = "Category"; Value = "Connector"; VariantName = "[No Variations]"
Add component (AddParameter): Name = "ComponentLink1Description"; Value = "SVN Datasheet"; VariantName = "[No Variations]"
Add component (AddParameter): Name = "ComponentLink2Description"; Value = "Local Datasheet"; VariantName = "[No Variations]"
Add component (AddParameter): Name = "ComponentLink3Description"; Value = "Open Symbol"; VariantName = "[No Variations]"
Add component (AddParameter): Name = "ComponentLink3URL"; Value = "C:\ALTIUM_WORK\00001_MCHP-CDB\Library\LibraryRefs\Test Point No BOM.SchLib"; VariantName = "[No Variations]"
Add component (AddParameter): Name = "ComponentLink4Description"; Value = "Open Footprint"; VariantName = "[No Variations]"
Add component (AddParameter): Name = "ComponentLink4URL"; Value = "C:\ALTIUM_WORK\00001_MCHP-CDB\Library\Footprints\TP_1.1x0.6.PcbLib"; VariantName = "[No Variations]"
Add component (AddParameter): Name = "ComponentLink5Description"; Value = "Open Footprint 2"; VariantName = "[No Variations]"
Add component (AddParameter): Name = "ComponentLink6Description"; Value = "Open Footprint 3"; VariantName = "[No Variations]"
Add component (AddParameter): Name = "ComponentLink7Description"; Value = "Open Footprint 4"; VariantName = "[No Variations]"
Add component (AddParameter): Name = "Description_"; Value = "CON TP PAD PCB TH D1.1H0.6"; VariantName = "[No Variations]"
Add component (AddParameter): Name = "Dev Tools Status"; Value = "Design"; VariantName = "[No Variations]"
Add component (AddParameter): Name = "MCHP-ID"; Value = "CON2734"; VariantName = "[No Variations]"
Add component (AddParameter): Name = "Owner"; Value = "Severino Balong Jr."; VariantName = "[No Variations]"
Add component (AddParameter): Name = "Populated"; Value = "DNP"; VariantName = "[No Variations]"
Add component (AddParameter): Name = "Quantity Override"; Value = "1"; VariantName = "[No Variations]"
Add component (AddParameter): Name = "Restricted Sourcing"; Value = "No"; VariantName = "[No Variations]"
Add component (AddParameter): Name = "Revision"; Value = "1"; VariantName = "[No Variations]"
Add component (AddParameter): Name = "Status"; Value = "MCL Design"; VariantName = "[No Variations]"
Add component (AddParameter): Name = "Symbol"; Value = "Test Point No BOM"; VariantName = "[No Variations]"
Add component (AddParameter): Name = "Type"; Value = "Test Point No BOM"; VariantName = "[No Variations]"
Add component (AddParameter): Name = "Value"; Value = "TP TH D1.1H0.6"; VariantName = "[No Variations]"
Added Component: Designator=DGND(TP_1.1x0.6)
Add component (AddParameter): Name = "Category"; Value = "Connector"; VariantName = "[No Variations]"
Add component (AddParameter): Name = "ComponentLink1Description"; Value = "SVN Datasheet"; VariantName = "[No Variations]"
Add component (AddParameter): Name = "ComponentLink2Description"; Value = "Local Datasheet"; VariantName = "[No Variations]"
Add component (AddParameter): Name = "ComponentLink3Description"; Value = "Open Symbol"; VariantName = "[No Variations]"
Add component (AddParameter): Name = "ComponentLink3URL"; Value = "C:\ALTIUM_WORK\00001_MCHP-CDB\Library\LibraryRefs\Test Point No BOM.SchLib"; VariantName = "[No Variations]"
Add component (AddParameter): Name = "ComponentLink4Description"; Value = "Open Footprint"; VariantName = "[No Variations]"
Add component (AddParameter): Name = "ComponentLink4URL"; Value = "C:\ALTIUM_WORK\00001_MCHP-CDB\Library\Footprints\TP_1.1x0.6.PcbLib"; VariantName = "[No Variations]"
Add component (AddParameter): Name = "ComponentLink5Description"; Value = "Open Footprint 2"; VariantName = "[No Variations]"
Add component (AddParameter): Name = "ComponentLink6Description"; Value = "Open Footprint 3"; VariantName = "[No Variations]"
Add component (AddParameter): Name = "ComponentLink7Description"; Value = "Open Footprint 4"; VariantName = "[No Variations]"
Add component (AddParameter): Name = "Description_"; Value = "CON TP PAD PCB TH D1.1H0.6"; VariantName = "[No Variations]"
Add component (AddParameter): Name = "Dev Tools Status"; Value = "Design"; VariantName = "[No Variations]"
Add component (AddParameter): Name = "MCHP-ID"; Value = "CON2734"; VariantName = "[No Variations]"
Add component (AddParameter): Name = "Owner"; Value = "Severino Balong Jr."; VariantName = "[No Variations]"
Add component (AddParameter): Name = "Populated"; Value = "DNP"; VariantName = "[No Variations]"
Add component (AddParameter): Name = "Quantity Override"; Value = "1"; VariantName = "[No Variations]"
Add component (AddParameter): Name = "Restricted Sourcing"; Value = "No"; VariantName = "[No Variations]"
Add component (AddParameter): Name = "Revision"; Value = "1"; VariantName = "[No Variations]"
Add component (AddParameter): Name = "Status"; Value = "MCL Design"; VariantName = "[No Variations]"
Add component (AddParameter): Name = "Symbol"; Value = "Test Point No BOM"; VariantName = "[No Variations]"
Add component (AddParameter): Name = "Type"; Value = "Test Point No BOM"; VariantName = "[No Variations]"
Add component (AddParameter): Name = "Value"; Value = "TP TH D1.1H0.6"; VariantName = "[No Variations]"
Added Component: Designator=HSA(TP_TH_0.7PADX0.4HOLE)
Add component (AddParameter): Name = "Assembly Type"; Value = "TH"; VariantName = "[No Variations]"
Add component (AddParameter): Name = "Category"; Value = "Connector"; VariantName = "[No Variations]"
Add component (AddParameter): Name = "ComponentLink1Description"; Value = "SVN Datasheet"; VariantName = "[No Variations]"
Add component (AddParameter): Name = "ComponentLink2Description"; Value = "Local Datasheet"; VariantName = "[No Variations]"
Add component (AddParameter): Name = "ComponentLink3Description"; Value = "Open Symbol"; VariantName = "[No Variations]"
Add component (AddParameter): Name = "ComponentLink3URL"; Value = "C:\ALTIUM_WORK\00001_MCHP-CDB\Library\LibraryRefs\Test Point No BOM.SchLib"; VariantName = "[No Variations]"
Add component (AddParameter): Name = "ComponentLink4Description"; Value = "Open Footprint"; VariantName = "[No Variations]"
Add component (AddParameter): Name = "ComponentLink4URL"; Value = "C:\ALTIUM_WORK\00001_MCHP-CDB\Library\Footprints\TP_TH_0.7PADX0.4HOLE.PcbLib"; VariantName = "[No Variations]"
Add component (AddParameter): Name = "ComponentLink5Description"; Value = "Open Footprint 2"; VariantName = "[No Variations]"
Add component (AddParameter): Name = "ComponentLink6Description"; Value = "Open Footprint 3"; VariantName = "[No Variations]"
Add component (AddParameter): Name = "ComponentLink7Description"; Value = "Open Footprint 4"; VariantName = "[No Variations]"
Add component (AddParameter): Name = "Description_"; Value = "CON TP PAD PCB TH D0.7H0.4"; VariantName = "[No Variations]"
Add component (AddParameter): Name = "Dev Tools Status"; Value = "Design"; VariantName = "[No Variations]"
Add component (AddParameter): Name = "MCHP-ID"; Value = "CON2938"; VariantName = "[No Variations]"
Add component (AddParameter): Name = "Owner"; Value = "Severino Balong Jr."; VariantName = "[No Variations]"
Add component (AddParameter): Name = "Populated"; Value = "DNP"; VariantName = "[No Variations]"
Add component (AddParameter): Name = "Quantity Override"; Value = "1"; VariantName = "[No Variations]"
Add component (AddParameter): Name = "Restricted Sourcing"; Value = "No"; VariantName = "[No Variations]"
Add component (AddParameter): Name = "Revision"; Value = "1"; VariantName = "[No Variations]"
Add component (AddParameter): Name = "Status"; Value = "MCL Design"; VariantName = "[No Variations]"
Add component (AddParameter): Name = "Symbol"; Value = "Test Point No BOM"; VariantName = "[No Variations]"
Add component (AddParameter): Name = "Type"; Value = "Test Point No BOM"; VariantName = "[No Variations]"
Added Component: Designator=HSB(TP_TH_0.7PADX0.4HOLE)
Add component (AddParameter): Name = "Assembly Type"; Value = "TH"; VariantName = "[No Variations]"
Add component (AddParameter): Name = "Category"; Value = "Connector"; VariantName = "[No Variations]"
Add component (AddParameter): Name = "ComponentLink1Description"; Value = "SVN Datasheet"; VariantName = "[No Variations]"
Add component (AddParameter): Name = "ComponentLink2Description"; Value = "Local Datasheet"; VariantName = "[No Variations]"
Add component (AddParameter): Name = "ComponentLink3Description"; Value = "Open Symbol"; VariantName = "[No Variations]"
Add component (AddParameter): Name = "ComponentLink3URL"; Value = "C:\ALTIUM_WORK\00001_MCHP-CDB\Library\LibraryRefs\Test Point No BOM.SchLib"; VariantName = "[No Variations]"
Add component (AddParameter): Name = "ComponentLink4Description"; Value = "Open Footprint"; VariantName = "[No Variations]"
Add component (AddParameter): Name = "ComponentLink4URL"; Value = "C:\ALTIUM_WORK\00001_MCHP-CDB\Library\Footprints\TP_TH_0.7PADX0.4HOLE.PcbLib"; VariantName = "[No Variations]"
Add component (AddParameter): Name = "ComponentLink5Description"; Value = "Open Footprint 2"; VariantName = "[No Variations]"
Add component (AddParameter): Name = "ComponentLink6Description"; Value = "Open Footprint 3"; VariantName = "[No Variations]"
Add component (AddParameter): Name = "ComponentLink7Description"; Value = "Open Footprint 4"; VariantName = "[No Variations]"
Add component (AddParameter): Name = "Description_"; Value = "CON TP PAD PCB TH D0.7H0.4"; VariantName = "[No Variations]"
Add component (AddParameter): Name = "Dev Tools Status"; Value = "Design"; VariantName = "[No Variations]"
Add component (AddParameter): Name = "MCHP-ID"; Value = "CON2938"; VariantName = "[No Variations]"
Add component (AddParameter): Name = "Owner"; Value = "Severino Balong Jr."; VariantName = "[No Variations]"
Add component (AddParameter): Name = "Populated"; Value = "DNP"; VariantName = "[No Variations]"
Add component (AddParameter): Name = "Quantity Override"; Value = "1"; VariantName = "[No Variations]"
Add component (AddParameter): Name = "Restricted Sourcing"; Value = "No"; VariantName = "[No Variations]"
Add component (AddParameter): Name = "Revision"; Value = "1"; VariantName = "[No Variations]"
Add component (AddParameter): Name = "Status"; Value = "MCL Design"; VariantName = "[No Variations]"
Add component (AddParameter): Name = "Symbol"; Value = "Test Point No BOM"; VariantName = "[No Variations]"
Add component (AddParameter): Name = "Type"; Value = "Test Point No BOM"; VariantName = "[No Variations]"
Added Component: Designator=HSC(TP_TH_0.7PADX0.4HOLE)
Add component (AddParameter): Name = "Assembly Type"; Value = "TH"; VariantName = "[No Variations]"
Add component (AddParameter): Name = "Category"; Value = "Connector"; VariantName = "[No Variations]"
Add component (AddParameter): Name = "ComponentLink1Description"; Value = "SVN Datasheet"; VariantName = "[No Variations]"
Add component (AddParameter): Name = "ComponentLink2Description"; Value = "Local Datasheet"; VariantName = "[No Variations]"
Add component (AddParameter): Name = "ComponentLink3Description"; Value = "Open Symbol"; VariantName = "[No Variations]"
Add component (AddParameter): Name = "ComponentLink3URL"; Value = "C:\ALTIUM_WORK\00001_MCHP-CDB\Library\LibraryRefs\Test Point No BOM.SchLib"; VariantName = "[No Variations]"
Add component (AddParameter): Name = "ComponentLink4Description"; Value = "Open Footprint"; VariantName = "[No Variations]"
Add component (AddParameter): Name = "ComponentLink4URL"; Value = "C:\ALTIUM_WORK\00001_MCHP-CDB\Library\Footprints\TP_TH_0.7PADX0.4HOLE.PcbLib"; VariantName = "[No Variations]"
Add component (AddParameter): Name = "ComponentLink5Description"; Value = "Open Footprint 2"; VariantName = "[No Variations]"
Add component (AddParameter): Name = "ComponentLink6Description"; Value = "Open Footprint 3"; VariantName = "[No Variations]"
Add component (AddParameter): Name = "ComponentLink7Description"; Value = "Open Footprint 4"; VariantName = "[No Variations]"
Add component (AddParameter): Name = "Description_"; Value = "CON TP PAD PCB TH D0.7H0.4"; VariantName = "[No Variations]"
Add component (AddParameter): Name = "Dev Tools Status"; Value = "Design"; VariantName = "[No Variations]"
Add component (AddParameter): Name = "MCHP-ID"; Value = "CON2938"; VariantName = "[No Variations]"
Add component (AddParameter): Name = "Owner"; Value = "Severino Balong Jr."; VariantName = "[No Variations]"
Add component (AddParameter): Name = "Populated"; Value = "DNP"; VariantName = "[No Variations]"
Add component (AddParameter): Name = "Quantity Override"; Value = "1"; VariantName = "[No Variations]"
Add component (AddParameter): Name = "Restricted Sourcing"; Value = "No"; VariantName = "[No Variations]"
Add component (AddParameter): Name = "Revision"; Value = "1"; VariantName = "[No Variations]"
Add component (AddParameter): Name = "Status"; Value = "MCL Design"; VariantName = "[No Variations]"
Add component (AddParameter): Name = "Symbol"; Value = "Test Point No BOM"; VariantName = "[No Variations]"
Add component (AddParameter): Name = "Type"; Value = "Test Point No BOM"; VariantName = "[No Variations]"
Added Component: Designator=HVDD_EXT(TP_1.1x0.6)
Add component (AddParameter): Name = "Category"; Value = "Connector"; VariantName = "[No Variations]"
Add component (AddParameter): Name = "ComponentLink1Description"; Value = "SVN Datasheet"; VariantName = "[No Variations]"
Add component (AddParameter): Name = "ComponentLink2Description"; Value = "Local Datasheet"; VariantName = "[No Variations]"
Add component (AddParameter): Name = "ComponentLink3Description"; Value = "Open Symbol"; VariantName = "[No Variations]"
Add component (AddParameter): Name = "ComponentLink3URL"; Value = "C:\ALTIUM_WORK\00001_MCHP-CDB\Library\LibraryRefs\Test Point No BOM.SchLib"; VariantName = "[No Variations]"
Add component (AddParameter): Name = "ComponentLink4Description"; Value = "Open Footprint"; VariantName = "[No Variations]"
Add component (AddParameter): Name = "ComponentLink4URL"; Value = "C:\ALTIUM_WORK\00001_MCHP-CDB\Library\Footprints\TP_1.1x0.6.PcbLib"; VariantName = "[No Variations]"
Add component (AddParameter): Name = "ComponentLink5Description"; Value = "Open Footprint 2"; VariantName = "[No Variations]"
Add component (AddParameter): Name = "ComponentLink6Description"; Value = "Open Footprint 3"; VariantName = "[No Variations]"
Add component (AddParameter): Name = "ComponentLink7Description"; Value = "Open Footprint 4"; VariantName = "[No Variations]"
Add component (AddParameter): Name = "Description_"; Value = "CON TP PAD PCB TH D1.1H0.6"; VariantName = "[No Variations]"
Add component (AddParameter): Name = "Dev Tools Status"; Value = "Design"; VariantName = "[No Variations]"
Add component (AddParameter): Name = "MCHP-ID"; Value = "CON2734"; VariantName = "[No Variations]"
Add component (AddParameter): Name = "Owner"; Value = "Severino Balong Jr."; VariantName = "[No Variations]"
Add component (AddParameter): Name = "Populated"; Value = "DNP"; VariantName = "[No Variations]"
Add component (AddParameter): Name = "Quantity Override"; Value = "1"; VariantName = "[No Variations]"
Add component (AddParameter): Name = "Restricted Sourcing"; Value = "No"; VariantName = "[No Variations]"
Add component (AddParameter): Name = "Revision"; Value = "1"; VariantName = "[No Variations]"
Add component (AddParameter): Name = "Status"; Value = "MCL Design"; VariantName = "[No Variations]"
Add component (AddParameter): Name = "Symbol"; Value = "Test Point No BOM"; VariantName = "[No Variations]"
Add component (AddParameter): Name = "Type"; Value = "Test Point No BOM"; VariantName = "[No Variations]"
Add component (AddParameter): Name = "Value"; Value = "TP TH D1.1H0.6"; VariantName = "[No Variations]"
Added Component: Designator=J?(CON TERMINAL XT30U-M 5mm 1x2 Male 30A TH V)
Add component (AddParameter): Name = "BOM Notes"; Value = ""; VariantName = "[No Variations]"
Add component (AddParameter): Name = "Category"; Value = "Connector"; VariantName = "[No Variations]"
Add component (AddParameter): Name = "ComponentLink1Description"; Value = "SVN Datasheet"; VariantName = "[No Variations]"
Add component (AddParameter): Name = "ComponentLink1URL"; Value = "https://chn-vm-apps.microchip.com/mchprepo/parts/Datasheets/XT30U SPEC.pdf"; VariantName = "[No Variations]"
Add component (AddParameter): Name = "ComponentLink2Description"; Value = "Local Datasheet"; VariantName = "[No Variations]"
Add component (AddParameter): Name = "ComponentLink2URL"; Value = "C:\ALTIUM_WORK\00001_MCHP-CDB\Datasheets\XT30U SPEC.pdf"; VariantName = "[No Variations]"
Add component (AddParameter): Name = "ComponentLink3Description"; Value = "Open Symbol"; VariantName = "[No Variations]"
Add component (AddParameter): Name = "ComponentLink3URL"; Value = "C:\ALTIUM_WORK\00001_MCHP-CDB\Library\LibraryRefs\CON 1x2 POLARIZED.SchLib"; VariantName = "[No Variations]"
Add component (AddParameter): Name = "ComponentLink4Description"; Value = "Open Footprint"; VariantName = "[No Variations]"
Add component (AddParameter): Name = "ComponentLink4URL"; Value = "C:\ALTIUM_WORK\00001_MCHP-CDB\Library\Footprints\CON TERMINAL XT30U-M 5mm 1x2 Male 30A TH V.PcbLib"; VariantName = "[No Variations]"
Add component (AddParameter): Name = "ComponentLink5Description"; Value = "Open Footprint 2"; VariantName = "[No Variations]"
Add component (AddParameter): Name = "ComponentLink6Description"; Value = "Open Footprint 3"; VariantName = "[No Variations]"
Add component (AddParameter): Name = "ComponentLink7Description"; Value = "Open Footprint 4"; VariantName = "[No Variations]"
Add component (AddParameter): Name = "Current"; Value = "15A"; VariantName = "[No Variations]"
Add component (AddParameter): Name = "Description_"; Value = "CON POWER XT30U-M 5mm 1x2 Male 15A TH V"; VariantName = "[No Variations]"
Add component (AddParameter): Name = "Dev Tools Status"; Value = "Design"; VariantName = "[No Variations]"
Add component (AddParameter): Name = "Manufacturer 1"; Value = "AMASS"; VariantName = "[No Variations]"
Add component (AddParameter): Name = "Manufacturer Part Number 1"; Value = "XT30U-M"; VariantName = "[No Variations]"
Add component (AddParameter): Name = "MCHP-ID"; Value = "CON2207"; VariantName = "[No Variations]"
Add component (AddParameter): Name = "Owner"; Value = "Octavian Stroe"; VariantName = "[No Variations]"
Add component (AddParameter): Name = "Populated"; Value = "DNP"; VariantName = "[No Variations]"
Add component (AddParameter): Name = "Quantity Override"; Value = "1"; VariantName = "[No Variations]"
Add component (AddParameter): Name = "Revision"; Value = "1"; VariantName = "[No Variations]"
Add component (AddParameter): Name = "Status"; Value = "MCL Design"; VariantName = "[No Variations]"
Add component (AddParameter): Name = "Supplier 1"; Value = "TME"; VariantName = "[No Variations]"
Add component (AddParameter): Name = "Supplier Part Number 1"; Value = "XT30U-M"; VariantName = "[No Variations]"
Add component (AddParameter): Name = "Symbol"; Value = "CON 1x2 POLARIZED"; VariantName = "[No Variations]"
Add component (AddParameter): Name = "Type"; Value = "Power"; VariantName = "[No Variations]"
Add component (AddParameter): Name = "Value"; Value = "XT30U-M 1x2"; VariantName = "[No Variations]"
Add component (AddParameter): Name = "Voltage"; Value = "500V"; VariantName = "[No Variations]"
Added Component: Designator=J?(HDR_M_1.27_1x2)
Add component (AddParameter): Name = "Assembly Type"; Value = "TH"; VariantName = "[No Variations]"
Add component (AddParameter): Name = "Category"; Value = "Connector"; VariantName = "[No Variations]"
Add component (AddParameter): Name = "ComponentLink1Description"; Value = "SVN Datasheet"; VariantName = "[No Variations]"
Add component (AddParameter): Name = "ComponentLink1URL"; Value = "https://chn-vm-apps.microchip.com/mchprepo/parts/Datasheets/M50-353.pdf"; VariantName = "[No Variations]"
Add component (AddParameter): Name = "ComponentLink2Description"; Value = "Local Datasheet"; VariantName = "[No Variations]"
Add component (AddParameter): Name = "ComponentLink2URL"; Value = "C:\ALTIUM_WORK\00001_MCHP-CDB\Datasheets\M50-353.pdf"; VariantName = "[No Variations]"
Add component (AddParameter): Name = "ComponentLink3Description"; Value = "Open Symbol"; VariantName = "[No Variations]"
Add component (AddParameter): Name = "ComponentLink3URL"; Value = "C:\ALTIUM_WORK\00001_MCHP-CDB\Library\LibraryRefs\Header 1x2.SchLib"; VariantName = "[No Variations]"
Add component (AddParameter): Name = "ComponentLink4Description"; Value = "Open Footprint"; VariantName = "[No Variations]"
Add component (AddParameter): Name = "ComponentLink4URL"; Value = "C:\ALTIUM_WORK\00001_MCHP-CDB\Library\Footprints\HDR_M_1.27_1x2.PcbLib"; VariantName = "[No Variations]"
Add component (AddParameter): Name = "ComponentLink5Description"; Value = "Open Footprint 2"; VariantName = "[No Variations]"
Add component (AddParameter): Name = "ComponentLink6Description"; Value = "Open Footprint 3"; VariantName = "[No Variations]"
Add component (AddParameter): Name = "ComponentLink7Description"; Value = "Open Footprint 4"; VariantName = "[No Variations]"
Add component (AddParameter): Name = "Description_"; Value = "CONN HDR 1.27MM T/H AU 2POS"; VariantName = "[No Variations]"
Add component (AddParameter): Name = "Dev Tools Status"; Value = "Production"; VariantName = "[No Variations]"
Add component (AddParameter): Name = "Manufacturer 1"; Value = "Harwin Inc."; VariantName = "[No Variations]"
Add component (AddParameter): Name = "Manufacturer Part Number 1"; Value = "M50-3530242"; VariantName = "[No Variations]"
Add component (AddParameter): Name = "MCHP-ID"; Value = "CON1673"; VariantName = "[No Variations]"
Add component (AddParameter): Name = "Owner"; Value = "Jose Garcia"; VariantName = "[No Variations]"
Add component (AddParameter): Name = "Populated"; Value = "YES"; VariantName = "[No Variations]"
Add component (AddParameter): Name = "Quantity Override"; Value = "1"; VariantName = "[No Variations]"
Add component (AddParameter): Name = "Restricted Sourcing"; Value = "No"; VariantName = "[No Variations]"
Add component (AddParameter): Name = "Revision"; Value = "2"; VariantName = "[No Variations]"
Add component (AddParameter): Name = "Status"; Value = "MCL Design"; VariantName = "[No Variations]"
Add component (AddParameter): Name = "Supplier 1"; Value = "Digi-Key"; VariantName = "[No Variations]"
Add component (AddParameter): Name = "Supplier Part Number 1"; Value = "952-3598-ND"; VariantName = "[No Variations]"
Add component (AddParameter): Name = "Symbol"; Value = "Header 1x2"; VariantName = "[No Variations]"
Add component (AddParameter): Name = "Type"; Value = "Header 1.27mm"; VariantName = "[No Variations]"
Add component (AddParameter): Name = "Value"; Value = "HDR-1.27 Male 1x2"; VariantName = "[No Variations]"
Added Component: Designator=LSA(TP_TH_0.7PADX0.4HOLE)
Add component (AddParameter): Name = "Assembly Type"; Value = "TH"; VariantName = "[No Variations]"
Add component (AddParameter): Name = "Category"; Value = "Connector"; VariantName = "[No Variations]"
Add component (AddParameter): Name = "ComponentLink1Description"; Value = "SVN Datasheet"; VariantName = "[No Variations]"
Add component (AddParameter): Name = "ComponentLink2Description"; Value = "Local Datasheet"; VariantName = "[No Variations]"
Add component (AddParameter): Name = "ComponentLink3Description"; Value = "Open Symbol"; VariantName = "[No Variations]"
Add component (AddParameter): Name = "ComponentLink3URL"; Value = "C:\ALTIUM_WORK\00001_MCHP-CDB\Library\LibraryRefs\Test Point No BOM.SchLib"; VariantName = "[No Variations]"
Add component (AddParameter): Name = "ComponentLink4Description"; Value = "Open Footprint"; VariantName = "[No Variations]"
Add component (AddParameter): Name = "ComponentLink4URL"; Value = "C:\ALTIUM_WORK\00001_MCHP-CDB\Library\Footprints\TP_TH_0.7PADX0.4HOLE.PcbLib"; VariantName = "[No Variations]"
Add component (AddParameter): Name = "ComponentLink5Description"; Value = "Open Footprint 2"; VariantName = "[No Variations]"
Add component (AddParameter): Name = "ComponentLink6Description"; Value = "Open Footprint 3"; VariantName = "[No Variations]"
Add component (AddParameter): Name = "ComponentLink7Description"; Value = "Open Footprint 4"; VariantName = "[No Variations]"
Add component (AddParameter): Name = "Description_"; Value = "CON TP PAD PCB TH D0.7H0.4"; VariantName = "[No Variations]"
Add component (AddParameter): Name = "Dev Tools Status"; Value = "Design"; VariantName = "[No Variations]"
Add component (AddParameter): Name = "MCHP-ID"; Value = "CON2938"; VariantName = "[No Variations]"
Add component (AddParameter): Name = "Owner"; Value = "Severino Balong Jr."; VariantName = "[No Variations]"
Add component (AddParameter): Name = "Populated"; Value = "DNP"; VariantName = "[No Variations]"
Add component (AddParameter): Name = "Quantity Override"; Value = "1"; VariantName = "[No Variations]"
Add component (AddParameter): Name = "Restricted Sourcing"; Value = "No"; VariantName = "[No Variations]"
Add component (AddParameter): Name = "Revision"; Value = "1"; VariantName = "[No Variations]"
Add component (AddParameter): Name = "Status"; Value = "MCL Design"; VariantName = "[No Variations]"
Add component (AddParameter): Name = "Symbol"; Value = "Test Point No BOM"; VariantName = "[No Variations]"
Add component (AddParameter): Name = "Type"; Value = "Test Point No BOM"; VariantName = "[No Variations]"
Added Component: Designator=LSB(TP_TH_0.7PADX0.4HOLE)
Add component (AddParameter): Name = "Assembly Type"; Value = "TH"; VariantName = "[No Variations]"
Add component (AddParameter): Name = "Category"; Value = "Connector"; VariantName = "[No Variations]"
Add component (AddParameter): Name = "ComponentLink1Description"; Value = "SVN Datasheet"; VariantName = "[No Variations]"
Add component (AddParameter): Name = "ComponentLink2Description"; Value = "Local Datasheet"; VariantName = "[No Variations]"
Add component (AddParameter): Name = "ComponentLink3Description"; Value = "Open Symbol"; VariantName = "[No Variations]"
Add component (AddParameter): Name = "ComponentLink3URL"; Value = "C:\ALTIUM_WORK\00001_MCHP-CDB\Library\LibraryRefs\Test Point No BOM.SchLib"; VariantName = "[No Variations]"
Add component (AddParameter): Name = "ComponentLink4Description"; Value = "Open Footprint"; VariantName = "[No Variations]"
Add component (AddParameter): Name = "ComponentLink4URL"; Value = "C:\ALTIUM_WORK\00001_MCHP-CDB\Library\Footprints\TP_TH_0.7PADX0.4HOLE.PcbLib"; VariantName = "[No Variations]"
Add component (AddParameter): Name = "ComponentLink5Description"; Value = "Open Footprint 2"; VariantName = "[No Variations]"
Add component (AddParameter): Name = "ComponentLink6Description"; Value = "Open Footprint 3"; VariantName = "[No Variations]"
Add component (AddParameter): Name = "ComponentLink7Description"; Value = "Open Footprint 4"; VariantName = "[No Variations]"
Add component (AddParameter): Name = "Description_"; Value = "CON TP PAD PCB TH D0.7H0.4"; VariantName = "[No Variations]"
Add component (AddParameter): Name = "Dev Tools Status"; Value = "Design"; VariantName = "[No Variations]"
Add component (AddParameter): Name = "MCHP-ID"; Value = "CON2938"; VariantName = "[No Variations]"
Add component (AddParameter): Name = "Owner"; Value = "Severino Balong Jr."; VariantName = "[No Variations]"
Add component (AddParameter): Name = "Populated"; Value = "DNP"; VariantName = "[No Variations]"
Add component (AddParameter): Name = "Quantity Override"; Value = "1"; VariantName = "[No Variations]"
Add component (AddParameter): Name = "Restricted Sourcing"; Value = "No"; VariantName = "[No Variations]"
Add component (AddParameter): Name = "Revision"; Value = "1"; VariantName = "[No Variations]"
Add component (AddParameter): Name = "Status"; Value = "MCL Design"; VariantName = "[No Variations]"
Add component (AddParameter): Name = "Symbol"; Value = "Test Point No BOM"; VariantName = "[No Variations]"
Add component (AddParameter): Name = "Type"; Value = "Test Point No BOM"; VariantName = "[No Variations]"
Added Component: Designator=LSC(TP_TH_0.7PADX0.4HOLE)
Add component (AddParameter): Name = "Assembly Type"; Value = "TH"; VariantName = "[No Variations]"
Add component (AddParameter): Name = "Category"; Value = "Connector"; VariantName = "[No Variations]"
Add component (AddParameter): Name = "ComponentLink1Description"; Value = "SVN Datasheet"; VariantName = "[No Variations]"
Add component (AddParameter): Name = "ComponentLink2Description"; Value = "Local Datasheet"; VariantName = "[No Variations]"
Add component (AddParameter): Name = "ComponentLink3Description"; Value = "Open Symbol"; VariantName = "[No Variations]"
Add component (AddParameter): Name = "ComponentLink3URL"; Value = "C:\ALTIUM_WORK\00001_MCHP-CDB\Library\LibraryRefs\Test Point No BOM.SchLib"; VariantName = "[No Variations]"
Add component (AddParameter): Name = "ComponentLink4Description"; Value = "Open Footprint"; VariantName = "[No Variations]"
Add component (AddParameter): Name = "ComponentLink4URL"; Value = "C:\ALTIUM_WORK\00001_MCHP-CDB\Library\Footprints\TP_TH_0.7PADX0.4HOLE.PcbLib"; VariantName = "[No Variations]"
Add component (AddParameter): Name = "ComponentLink5Description"; Value = "Open Footprint 2"; VariantName = "[No Variations]"
Add component (AddParameter): Name = "ComponentLink6Description"; Value = "Open Footprint 3"; VariantName = "[No Variations]"
Add component (AddParameter): Name = "ComponentLink7Description"; Value = "Open Footprint 4"; VariantName = "[No Variations]"
Add component (AddParameter): Name = "Description_"; Value = "CON TP PAD PCB TH D0.7H0.4"; VariantName = "[No Variations]"
Add component (AddParameter): Name = "Dev Tools Status"; Value = "Design"; VariantName = "[No Variations]"
Add component (AddParameter): Name = "MCHP-ID"; Value = "CON2938"; VariantName = "[No Variations]"
Add component (AddParameter): Name = "Owner"; Value = "Severino Balong Jr."; VariantName = "[No Variations]"
Add component (AddParameter): Name = "Populated"; Value = "DNP"; VariantName = "[No Variations]"
Add component (AddParameter): Name = "Quantity Override"; Value = "1"; VariantName = "[No Variations]"
Add component (AddParameter): Name = "Restricted Sourcing"; Value = "No"; VariantName = "[No Variations]"
Add component (AddParameter): Name = "Revision"; Value = "1"; VariantName = "[No Variations]"
Add component (AddParameter): Name = "Status"; Value = "MCL Design"; VariantName = "[No Variations]"
Add component (AddParameter): Name = "Symbol"; Value = "Test Point No BOM"; VariantName = "[No Variations]"
Add component (AddParameter): Name = "Type"; Value = "Test Point No BOM"; VariantName = "[No Variations]"
Added Component: Designator=PGND(TP_1.1x0.6)
Add component (AddParameter): Name = "Category"; Value = "Connector"; VariantName = "[No Variations]"
Add component (AddParameter): Name = "ComponentLink1Description"; Value = "SVN Datasheet"; VariantName = "[No Variations]"
Add component (AddParameter): Name = "ComponentLink2Description"; Value = "Local Datasheet"; VariantName = "[No Variations]"
Add component (AddParameter): Name = "ComponentLink3Description"; Value = "Open Symbol"; VariantName = "[No Variations]"
Add component (AddParameter): Name = "ComponentLink3URL"; Value = "C:\ALTIUM_WORK\00001_MCHP-CDB\Library\LibraryRefs\Test Point No BOM.SchLib"; VariantName = "[No Variations]"
Add component (AddParameter): Name = "ComponentLink4Description"; Value = "Open Footprint"; VariantName = "[No Variations]"
Add component (AddParameter): Name = "ComponentLink4URL"; Value = "C:\ALTIUM_WORK\00001_MCHP-CDB\Library\Footprints\TP_1.1x0.6.PcbLib"; VariantName = "[No Variations]"
Add component (AddParameter): Name = "ComponentLink5Description"; Value = "Open Footprint 2"; VariantName = "[No Variations]"
Add component (AddParameter): Name = "ComponentLink6Description"; Value = "Open Footprint 3"; VariantName = "[No Variations]"
Add component (AddParameter): Name = "ComponentLink7Description"; Value = "Open Footprint 4"; VariantName = "[No Variations]"
Add component (AddParameter): Name = "Description_"; Value = "CON TP PAD PCB TH D1.1H0.6"; VariantName = "[No Variations]"
Add component (AddParameter): Name = "Dev Tools Status"; Value = "Design"; VariantName = "[No Variations]"
Add component (AddParameter): Name = "MCHP-ID"; Value = "CON2734"; VariantName = "[No Variations]"
Add component (AddParameter): Name = "Owner"; Value = "Severino Balong Jr."; VariantName = "[No Variations]"
Add component (AddParameter): Name = "Populated"; Value = "DNP"; VariantName = "[No Variations]"
Add component (AddParameter): Name = "Quantity Override"; Value = "1"; VariantName = "[No Variations]"
Add component (AddParameter): Name = "Restricted Sourcing"; Value = "No"; VariantName = "[No Variations]"
Add component (AddParameter): Name = "Revision"; Value = "1"; VariantName = "[No Variations]"
Add component (AddParameter): Name = "Status"; Value = "MCL Design"; VariantName = "[No Variations]"
Add component (AddParameter): Name = "Symbol"; Value = "Test Point No BOM"; VariantName = "[No Variations]"
Add component (AddParameter): Name = "Type"; Value = "Test Point No BOM"; VariantName = "[No Variations]"
Add component (AddParameter): Name = "Value"; Value = "TP TH D1.1H0.6"; VariantName = "[No Variations]"
Added Component: Designator=R?(RES_C_2512)
Add component (AddParameter): Name = "BOM Notes"; Value = ""; VariantName = "[No Variations]"
Add component (AddParameter): Name = "Category"; Value = "Resistor"; VariantName = "[No Variations]"
Add component (AddParameter): Name = "ComponentLink1Description"; Value = "SVN Datasheet"; VariantName = "[No Variations]"
Add component (AddParameter): Name = "ComponentLink1URL"; Value = "https://chn-vm-apps.microchip.com/mchprepo/parts/Datasheets/dcrcwe3.pdf"; VariantName = "[No Variations]"
Add component (AddParameter): Name = "ComponentLink2Description"; Value = "Local Datasheet"; VariantName = "[No Variations]"
Add component (AddParameter): Name = "ComponentLink2URL"; Value = "C:\ALTIUM_WORK\00001_MCHP-CDB\Datasheets\dcrcwe3.pdf"; VariantName = "[No Variations]"
Add component (AddParameter): Name = "ComponentLink3Description"; Value = "Open Symbol"; VariantName = "[No Variations]"
Add component (AddParameter): Name = "ComponentLink3URL"; Value = "C:\ALTIUM_WORK\00001_MCHP-CDB\Library\LibraryRefs\Resistor.SchLib"; VariantName = "[No Variations]"
Add component (AddParameter): Name = "ComponentLink4Description"; Value = "Open Footprint"; VariantName = "[No Variations]"
Add component (AddParameter): Name = "ComponentLink4URL"; Value = "C:\ALTIUM_WORK\00001_MCHP-CDB\Library\Footprints\RES_C_2512.PcbLib"; VariantName = "[No Variations]"
Add component (AddParameter): Name = "ComponentLink5Description"; Value = "Open Footprint 2"; VariantName = "[No Variations]"
Add component (AddParameter): Name = "ComponentLink6Description"; Value = "Open Footprint 3"; VariantName = "[No Variations]"
Add component (AddParameter): Name = "ComponentLink7Description"; Value = "Open Footprint 4"; VariantName = "[No Variations]"
Add component (AddParameter): Name = "Composition"; Value = "TKF"; VariantName = "[No Variations]"
Add component (AddParameter): Name = "Description_"; Value = "RES TKF 0R JUMPER 1W AEC-Q200 SMD 2512"; VariantName = "[No Variations]"
Add component (AddParameter): Name = "Dev Tools Status"; Value = "Design"; VariantName = "[No Variations]"
Add component (AddParameter): Name = "Manufacturer 1"; Value = "Vishay Dale"; VariantName = "[No Variations]"
Add component (AddParameter): Name = "Manufacturer Part Number 1"; Value = "CRCW25120000Z0EG"; VariantName = "[No Variations]"
Add component (AddParameter): Name = "MCHP-ID"; Value = "RES2467"; VariantName = "[No Variations]"
Add component (AddParameter): Name = "Operating Temperature"; Value = "-55C to +155C"; VariantName = "[No Variations]"
Add component (AddParameter): Name = "Owner"; Value = "Narasimha Murthy"; VariantName = "[No Variations]"
Add component (AddParameter): Name = "Package"; Value = "2512"; VariantName = "[No Variations]"
Add component (AddParameter): Name = "Populated"; Value = "YES"; VariantName = "[No Variations]"
Add component (AddParameter): Name = "Power"; Value = "1W"; VariantName = "[No Variations]"
Add component (AddParameter): Name = "Quantity Override"; Value = "1"; VariantName = "[No Variations]"
Add component (AddParameter): Name = "Revision"; Value = "1"; VariantName = "[No Variations]"
Add component (AddParameter): Name = "Status"; Value = "MCL Design"; VariantName = "[No Variations]"
Add component (AddParameter): Name = "Supplier 1"; Value = "Digi-Key"; VariantName = "[No Variations]"
Add component (AddParameter): Name = "Supplier Part Number 1"; Value = "541-0.0XCT-ND"; VariantName = "[No Variations]"
Add component (AddParameter): Name = "Symbol"; Value = "Resistor"; VariantName = "[No Variations]"
Add component (AddParameter): Name = "Type"; Value = "RES SMD"; VariantName = "[No Variations]"
Add component (AddParameter): Name = "Value"; Value = "0R"; VariantName = "[No Variations]"
Add component (AddParameter): Name = "Voltage"; Value = "500V"; VariantName = "[No Variations]"
Added Component: Designator=R?(RES_C_2512)
Add component (AddParameter): Name = "BOM Notes"; Value = ""; VariantName = "[No Variations]"
Add component (AddParameter): Name = "Category"; Value = "Resistor"; VariantName = "[No Variations]"
Add component (AddParameter): Name = "ComponentLink1Description"; Value = "SVN Datasheet"; VariantName = "[No Variations]"
Add component (AddParameter): Name = "ComponentLink1URL"; Value = "https://chn-vm-apps.microchip.com/mchprepo/parts/Datasheets/dcrcwe3.pdf"; VariantName = "[No Variations]"
Add component (AddParameter): Name = "ComponentLink2Description"; Value = "Local Datasheet"; VariantName = "[No Variations]"
Add component (AddParameter): Name = "ComponentLink2URL"; Value = "C:\ALTIUM_WORK\00001_MCHP-CDB\Datasheets\dcrcwe3.pdf"; VariantName = "[No Variations]"
Add component (AddParameter): Name = "ComponentLink3Description"; Value = "Open Symbol"; VariantName = "[No Variations]"
Add component (AddParameter): Name = "ComponentLink3URL"; Value = "C:\ALTIUM_WORK\00001_MCHP-CDB\Library\LibraryRefs\Resistor.SchLib"; VariantName = "[No Variations]"
Add component (AddParameter): Name = "ComponentLink4Description"; Value = "Open Footprint"; VariantName = "[No Variations]"
Add component (AddParameter): Name = "ComponentLink4URL"; Value = "C:\ALTIUM_WORK\00001_MCHP-CDB\Library\Footprints\RES_C_2512.PcbLib"; VariantName = "[No Variations]"
Add component (AddParameter): Name = "ComponentLink5Description"; Value = "Open Footprint 2"; VariantName = "[No Variations]"
Add component (AddParameter): Name = "ComponentLink6Description"; Value = "Open Footprint 3"; VariantName = "[No Variations]"
Add component (AddParameter): Name = "ComponentLink7Description"; Value = "Open Footprint 4"; VariantName = "[No Variations]"
Add component (AddParameter): Name = "Composition"; Value = "TKF"; VariantName = "[No Variations]"
Add component (AddParameter): Name = "Description_"; Value = "RES TKF 0R JUMPER 1W AEC-Q200 SMD 2512"; VariantName = "[No Variations]"
Add component (AddParameter): Name = "Dev Tools Status"; Value = "Design"; VariantName = "[No Variations]"
Add component (AddParameter): Name = "Manufacturer 1"; Value = "Vishay Dale"; VariantName = "[No Variations]"
Add component (AddParameter): Name = "Manufacturer Part Number 1"; Value = "CRCW25120000Z0EG"; VariantName = "[No Variations]"
Add component (AddParameter): Name = "MCHP-ID"; Value = "RES2467"; VariantName = "[No Variations]"
Add component (AddParameter): Name = "Operating Temperature"; Value = "-55C to +155C"; VariantName = "[No Variations]"
Add component (AddParameter): Name = "Owner"; Value = "Narasimha Murthy"; VariantName = "[No Variations]"
Add component (AddParameter): Name = "Package"; Value = "2512"; VariantName = "[No Variations]"
Add component (AddParameter): Name = "Populated"; Value = "YES"; VariantName = "[No Variations]"
Add component (AddParameter): Name = "Power"; Value = "1W"; VariantName = "[No Variations]"
Add component (AddParameter): Name = "Quantity Override"; Value = "1"; VariantName = "[No Variations]"
Add component (AddParameter): Name = "Revision"; Value = "1"; VariantName = "[No Variations]"
Add component (AddParameter): Name = "Status"; Value = "MCL Design"; VariantName = "[No Variations]"
Add component (AddParameter): Name = "Supplier 1"; Value = "Digi-Key"; VariantName = "[No Variations]"
Add component (AddParameter): Name = "Supplier Part Number 1"; Value = "541-0.0XCT-ND"; VariantName = "[No Variations]"
Add component (AddParameter): Name = "Symbol"; Value = "Resistor"; VariantName = "[No Variations]"
Add component (AddParameter): Name = "Type"; Value = "RES SMD"; VariantName = "[No Variations]"
Add component (AddParameter): Name = "Value"; Value = "0R"; VariantName = "[No Variations]"
Add component (AddParameter): Name = "Voltage"; Value = "500V"; VariantName = "[No Variations]"
Added Component: Designator=R?(RES_C_0603)
Add component (AddParameter): Name = "Category"; Value = "Resistor"; VariantName = "[No Variations]"
Add component (AddParameter): Name = "ComponentLink1Description"; Value = "SVN Datasheet"; VariantName = "[No Variations]"
Add component (AddParameter): Name = "ComponentLink1URL"; Value = "https://chn-vm-apps.microchip.com/mchprepo/parts/Datasheets/PYu-RC0603_51_RoHS_L_4.pdf"; VariantName = "[No Variations]"
Add component (AddParameter): Name = "ComponentLink2Description"; Value = "Local Datasheet"; VariantName = "[No Variations]"
Add component (AddParameter): Name = "ComponentLink2URL"; Value = "C:\ALTIUM_WORK\00001_MCHP-CDB\Datasheets\PYu-RC0603_51_RoHS_L_4.pdf"; VariantName = "[No Variations]"
Add component (AddParameter): Name = "ComponentLink3Description"; Value = "Open Symbol"; VariantName = "[No Variations]"
Add component (AddParameter): Name = "ComponentLink3URL"; Value = "C:\ALTIUM_WORK\00001_MCHP-CDB\Library\LibraryRefs\Resistor.SchLib"; VariantName = "[No Variations]"
Add component (AddParameter): Name = "ComponentLink4Description"; Value = "Open Footprint"; VariantName = "[No Variations]"
Add component (AddParameter): Name = "ComponentLink4URL"; Value = "C:\ALTIUM_WORK\00001_MCHP-CDB\Library\Footprints\RES_C_0603.PcbLib"; VariantName = "[No Variations]"
Add component (AddParameter): Name = "ComponentLink5Description"; Value = "Open Footprint 2"; VariantName = "[No Variations]"
Add component (AddParameter): Name = "ComponentLink6Description"; Value = "Open Footprint 3"; VariantName = "[No Variations]"
Add component (AddParameter): Name = "ComponentLink7Description"; Value = "Open Footprint 4"; VariantName = "[No Variations]"
Add component (AddParameter): Name = "Composition"; Value = "TKF"; VariantName = "[No Variations]"
Add component (AddParameter): Name = "Description_"; Value = "RES TKF 200R 1% 1/10W SMD 0603"; VariantName = "[No Variations]"
Add component (AddParameter): Name = "Dev Tools Status"; Value = "Production"; VariantName = "[No Variations]"
Add component (AddParameter): Name = "Manufacturer 1"; Value = "Yageo"; VariantName = "[No Variations]"
Add component (AddParameter): Name = "Manufacturer Part Number 1"; Value = "RC0603FR-07200RL"; VariantName = "[No Variations]"
Add component (AddParameter): Name = "MCHP-ID"; Value = "RSMT0698"; VariantName = "[No Variations]"
Add component (AddParameter): Name = "Operating Temperature"; Value = "-55C to +155C"; VariantName = "[No Variations]"
Add component (AddParameter): Name = "Package"; Value = "0603"; VariantName = "[No Variations]"
Add component (AddParameter): Name = "Populated"; Value = "Yes"; VariantName = "[No Variations]"
Add component (AddParameter): Name = "Power"; Value = "1/10W"; VariantName = "[No Variations]"
Add component (AddParameter): Name = "Quantity Override"; Value = "1"; VariantName = "[No Variations]"
Add component (AddParameter): Name = "Revision"; Value = "1"; VariantName = "[No Variations]"
Add component (AddParameter): Name = "Status"; Value = "MCL Design"; VariantName = "[No Variations]"
Add component (AddParameter): Name = "Supplier 1"; Value = "Digi-Key"; VariantName = "[No Variations]"
Add component (AddParameter): Name = "Supplier Part Number 1"; Value = "311-200HRCT-ND"; VariantName = "[No Variations]"
Add component (AddParameter): Name = "Symbol"; Value = "Resistor"; VariantName = "[No Variations]"
Add component (AddParameter): Name = "Temperature Coefficient"; Value = "100ppm/C"; VariantName = "[No Variations]"
Add component (AddParameter): Name = "Tolerance"; Value = "1%"; VariantName = "[No Variations]"
Add component (AddParameter): Name = "Type"; Value = "RES SMD"; VariantName = "[No Variations]"
Add component (AddParameter): Name = "Value"; Value = "200R"; VariantName = "[No Variations]"
Add component (AddParameter): Name = "Voltage"; Value = "50V"; VariantName = "[No Variations]"
Added Component: Designator=R?(RES_C_0603)
Add component (AddParameter): Name = "Category"; Value = "Resistor"; VariantName = "[No Variations]"
Add component (AddParameter): Name = "ComponentLink1Description"; Value = "SVN Datasheet"; VariantName = "[No Variations]"
Add component (AddParameter): Name = "ComponentLink1URL"; Value = "https://chn-vm-apps.microchip.com/mchprepo/parts/Datasheets/nrc.pdf"; VariantName = "[No Variations]"
Add component (AddParameter): Name = "ComponentLink2Description"; Value = "Local Datasheet"; VariantName = "[No Variations]"
Add component (AddParameter): Name = "ComponentLink2URL"; Value = "C:\ALTIUM_WORK\00001_MCHP-CDB\Datasheets\nrc.pdf"; VariantName = "[No Variations]"
Add component (AddParameter): Name = "ComponentLink3Description"; Value = "Open Symbol"; VariantName = "[No Variations]"
Add component (AddParameter): Name = "ComponentLink3URL"; Value = "C:\ALTIUM_WORK\00001_MCHP-CDB\Library\LibraryRefs\Resistor.SchLib"; VariantName = "[No Variations]"
Add component (AddParameter): Name = "ComponentLink4Description"; Value = "Open Footprint"; VariantName = "[No Variations]"
Add component (AddParameter): Name = "ComponentLink4URL"; Value = "C:\ALTIUM_WORK\00001_MCHP-CDB\Library\Footprints\RES_C_0603.PcbLib"; VariantName = "[No Variations]"
Add component (AddParameter): Name = "ComponentLink5Description"; Value = "Open Footprint 2"; VariantName = "[No Variations]"
Add component (AddParameter): Name = "ComponentLink6Description"; Value = "Open Footprint 3"; VariantName = "[No Variations]"
Add component (AddParameter): Name = "ComponentLink7Description"; Value = "Open Footprint 4"; VariantName = "[No Variations]"
Add component (AddParameter): Name = "Composition"; Value = "TKF"; VariantName = "[No Variations]"
Add component (AddParameter): Name = "Description_"; Value = "RES TKF 0R 1/10W SMD 0603"; VariantName = "[No Variations]"
Add component (AddParameter): Name = "Dev Tools Status"; Value = "Production"; VariantName = "[No Variations]"
Add component (AddParameter): Name = "Manufacturer 1"; Value = "Panasonic"; VariantName = "[No Variations]"
Add component (AddParameter): Name = "Manufacturer 2"; Value = "Stackpole Electronics Inc"; VariantName = "[No Variations]"
Add component (AddParameter): Name = "Manufacturer 3"; Value = "Vishay"; VariantName = "[No Variations]"
Add component (AddParameter): Name = "Manufacturer 4"; Value = "Yageo"; VariantName = "[No Variations]"
Add component (AddParameter): Name = "Manufacturer 5"; Value = "KOA Speer"; VariantName = "[No Variations]"
Add component (AddParameter): Name = "Manufacturer Part Number 1"; Value = "ERJ-3GEY0R00V"; VariantName = "[No Variations]"
Add component (AddParameter): Name = "Manufacturer Part Number 2"; Value = "RMCF0603ZT0R00"; VariantName = "[No Variations]"
Add component (AddParameter): Name = "Manufacturer Part Number 3"; Value = "CRCW06030000Z0EA"; VariantName = "[No Variations]"
Add component (AddParameter): Name = "Manufacturer Part Number 4"; Value = "RC0603JR-070RL"; VariantName = "[No Variations]"
Add component (AddParameter): Name = "Manufacturer Part Number 5"; Value = "RK73Z1JTTP"; VariantName = "[No Variations]"
Add component (AddParameter): Name = "MCHP-ID"; Value = "RSMT0001"; VariantName = "[No Variations]"
Add component (AddParameter): Name = "Operating Temperature"; Value = "-55C to +155C"; VariantName = "[No Variations]"
Add component (AddParameter): Name = "Package"; Value = "0603"; VariantName = "[No Variations]"
Add component (AddParameter): Name = "Populated"; Value = "Yes"; VariantName = "[No Variations]"
Add component (AddParameter): Name = "Power"; Value = "1/10W"; VariantName = "[No Variations]"
Add component (AddParameter): Name = "Quantity Override"; Value = "1"; VariantName = "[No Variations]"
Add component (AddParameter): Name = "Revision"; Value = "7"; VariantName = "[No Variations]"
Add component (AddParameter): Name = "Status"; Value = "MCL Design"; VariantName = "[No Variations]"
Add component (AddParameter): Name = "Supplier 1"; Value = "Digi-Key"; VariantName = "[No Variations]"
Add component (AddParameter): Name = "Supplier 2"; Value = "Digi-Key"; VariantName = "[No Variations]"
Add component (AddParameter): Name = "Supplier 3"; Value = "Digi-Key"; VariantName = "[No Variations]"
Add component (AddParameter): Name = "Supplier 4"; Value = "Digi-Key"; VariantName = "[No Variations]"
Add component (AddParameter): Name = "Supplier 5"; Value = "Digi-Key"; VariantName = "[No Variations]"
Add component (AddParameter): Name = "Supplier 6"; Value = "Mouser"; VariantName = "[No Variations]"
Add component (AddParameter): Name = "Supplier Part Number 1"; Value = "P0.0GTR-ND"; VariantName = "[No Variations]"
Add component (AddParameter): Name = "Supplier Part Number 2"; Value = "RMCF0603ZT0R00TR-ND"; VariantName = "[No Variations]"
Add component (AddParameter): Name = "Supplier Part Number 3"; Value = "RMCF0603ZT0R00CT-ND"; VariantName = "[No Variations]"
Add component (AddParameter): Name = "Supplier Part Number 4"; Value = "541-0.0GCT-ND"; VariantName = "[No Variations]"
Add component (AddParameter): Name = "Supplier Part Number 5"; Value = "311-0.0GRCT-ND"; VariantName = "[No Variations]"
Add component (AddParameter): Name = "Supplier Part Number 6"; Value = "660-RK73Z1JTTP"; VariantName = "[No Variations]"
Add component (AddParameter): Name = "Symbol"; Value = "Resistor"; VariantName = "[No Variations]"
Add component (AddParameter): Name = "Type"; Value = "RES SMD"; VariantName = "[No Variations]"
Add component (AddParameter): Name = "Value"; Value = "0R"; VariantName = "[No Variations]"
Added Component: Designator=R?(RES_C_0603)
Add component (AddParameter): Name = "Category"; Value = "Resistor"; VariantName = "[No Variations]"
Add component (AddParameter): Name = "ComponentLink1Description"; Value = "SVN Datasheet"; VariantName = "[No Variations]"
Add component (AddParameter): Name = "ComponentLink1URL"; Value = "https://chn-vm-apps.microchip.com/mchprepo/parts/Datasheets/PYu-RC0603_51_RoHS_L_4.pdf"; VariantName = "[No Variations]"
Add component (AddParameter): Name = "ComponentLink2Description"; Value = "Local Datasheet"; VariantName = "[No Variations]"
Add component (AddParameter): Name = "ComponentLink2URL"; Value = "C:\ALTIUM_WORK\00001_MCHP-CDB\Datasheets\PYu-RC0603_51_RoHS_L_4.pdf"; VariantName = "[No Variations]"
Add component (AddParameter): Name = "ComponentLink3Description"; Value = "Open Symbol"; VariantName = "[No Variations]"
Add component (AddParameter): Name = "ComponentLink3URL"; Value = "C:\ALTIUM_WORK\00001_MCHP-CDB\Library\LibraryRefs\Resistor.SchLib"; VariantName = "[No Variations]"
Add component (AddParameter): Name = "ComponentLink4Description"; Value = "Open Footprint"; VariantName = "[No Variations]"
Add component (AddParameter): Name = "ComponentLink4URL"; Value = "C:\ALTIUM_WORK\00001_MCHP-CDB\Library\Footprints\RES_C_0603.PcbLib"; VariantName = "[No Variations]"
Add component (AddParameter): Name = "ComponentLink5Description"; Value = "Open Footprint 2"; VariantName = "[No Variations]"
Add component (AddParameter): Name = "ComponentLink6Description"; Value = "Open Footprint 3"; VariantName = "[No Variations]"
Add component (AddParameter): Name = "ComponentLink7Description"; Value = "Open Footprint 4"; VariantName = "[No Variations]"
Add component (AddParameter): Name = "Composition"; Value = "TKF"; VariantName = "[No Variations]"
Add component (AddParameter): Name = "Description_"; Value = "RES TKF 200R 1% 1/10W SMD 0603"; VariantName = "[No Variations]"
Add component (AddParameter): Name = "Dev Tools Status"; Value = "Production"; VariantName = "[No Variations]"
Add component (AddParameter): Name = "Manufacturer 1"; Value = "Yageo"; VariantName = "[No Variations]"
Add component (AddParameter): Name = "Manufacturer Part Number 1"; Value = "RC0603FR-07200RL"; VariantName = "[No Variations]"
Add component (AddParameter): Name = "MCHP-ID"; Value = "RSMT0698"; VariantName = "[No Variations]"
Add component (AddParameter): Name = "Operating Temperature"; Value = "-55C to +155C"; VariantName = "[No Variations]"
Add component (AddParameter): Name = "Package"; Value = "0603"; VariantName = "[No Variations]"
Add component (AddParameter): Name = "Populated"; Value = "Yes"; VariantName = "[No Variations]"
Add component (AddParameter): Name = "Power"; Value = "1/10W"; VariantName = "[No Variations]"
Add component (AddParameter): Name = "Quantity Override"; Value = "1"; VariantName = "[No Variations]"
Add component (AddParameter): Name = "Revision"; Value = "1"; VariantName = "[No Variations]"
Add component (AddParameter): Name = "Status"; Value = "MCL Design"; VariantName = "[No Variations]"
Add component (AddParameter): Name = "Supplier 1"; Value = "Digi-Key"; VariantName = "[No Variations]"
Add component (AddParameter): Name = "Supplier Part Number 1"; Value = "311-200HRCT-ND"; VariantName = "[No Variations]"
Add component (AddParameter): Name = "Symbol"; Value = "Resistor"; VariantName = "[No Variations]"
Add component (AddParameter): Name = "Temperature Coefficient"; Value = "100ppm/C"; VariantName = "[No Variations]"
Add component (AddParameter): Name = "Tolerance"; Value = "1%"; VariantName = "[No Variations]"
Add component (AddParameter): Name = "Type"; Value = "RES SMD"; VariantName = "[No Variations]"
Add component (AddParameter): Name = "Value"; Value = "200R"; VariantName = "[No Variations]"
Add component (AddParameter): Name = "Voltage"; Value = "50V"; VariantName = "[No Variations]"
Added Component: Designator=TEMP(TP_TH_0.7PADX0.4HOLE)
Add component (AddParameter): Name = "Assembly Type"; Value = "TH"; VariantName = "[No Variations]"
Add component (AddParameter): Name = "Category"; Value = "Connector"; VariantName = "[No Variations]"
Add component (AddParameter): Name = "ComponentLink1Description"; Value = "SVN Datasheet"; VariantName = "[No Variations]"
Add component (AddParameter): Name = "ComponentLink2Description"; Value = "Local Datasheet"; VariantName = "[No Variations]"
Add component (AddParameter): Name = "ComponentLink3Description"; Value = "Open Symbol"; VariantName = "[No Variations]"
Add component (AddParameter): Name = "ComponentLink3URL"; Value = "C:\ALTIUM_WORK\00001_MCHP-CDB\Library\LibraryRefs\Test Point No BOM.SchLib"; VariantName = "[No Variations]"
Add component (AddParameter): Name = "ComponentLink4Description"; Value = "Open Footprint"; VariantName = "[No Variations]"
Add component (AddParameter): Name = "ComponentLink4URL"; Value = "C:\ALTIUM_WORK\00001_MCHP-CDB\Library\Footprints\TP_TH_0.7PADX0.4HOLE.PcbLib"; VariantName = "[No Variations]"
Add component (AddParameter): Name = "ComponentLink5Description"; Value = "Open Footprint 2"; VariantName = "[No Variations]"
Add component (AddParameter): Name = "ComponentLink6Description"; Value = "Open Footprint 3"; VariantName = "[No Variations]"
Add component (AddParameter): Name = "ComponentLink7Description"; Value = "Open Footprint 4"; VariantName = "[No Variations]"
Add component (AddParameter): Name = "Description_"; Value = "CON TP PAD PCB TH D0.7H0.4"; VariantName = "[No Variations]"
Add component (AddParameter): Name = "Dev Tools Status"; Value = "Design"; VariantName = "[No Variations]"
Add component (AddParameter): Name = "MCHP-ID"; Value = "CON2938"; VariantName = "[No Variations]"
Add component (AddParameter): Name = "Owner"; Value = "Severino Balong Jr."; VariantName = "[No Variations]"
Add component (AddParameter): Name = "Populated"; Value = "DNP"; VariantName = "[No Variations]"
Add component (AddParameter): Name = "Quantity Override"; Value = "1"; VariantName = "[No Variations]"
Add component (AddParameter): Name = "Restricted Sourcing"; Value = "No"; VariantName = "[No Variations]"
Add component (AddParameter): Name = "Revision"; Value = "1"; VariantName = "[No Variations]"
Add component (AddParameter): Name = "Status"; Value = "MCL Design"; VariantName = "[No Variations]"
Add component (AddParameter): Name = "Symbol"; Value = "Test Point No BOM"; VariantName = "[No Variations]"
Add component (AddParameter): Name = "Type"; Value = "Test Point No BOM"; VariantName = "[No Variations]"
Added Component: Designator=WAKE(TP_TH_0.7PADX0.4HOLE)
Add component (AddParameter): Name = "Assembly Type"; Value = "TH"; VariantName = "[No Variations]"
Add component (AddParameter): Name = "Category"; Value = "Connector"; VariantName = "[No Variations]"
Add component (AddParameter): Name = "ComponentLink1Description"; Value = "SVN Datasheet"; VariantName = "[No Variations]"
Add component (AddParameter): Name = "ComponentLink2Description"; Value = "Local Datasheet"; VariantName = "[No Variations]"
Add component (AddParameter): Name = "ComponentLink3Description"; Value = "Open Symbol"; VariantName = "[No Variations]"
Add component (AddParameter): Name = "ComponentLink3URL"; Value = "C:\ALTIUM_WORK\00001_MCHP-CDB\Library\LibraryRefs\Test Point No BOM.SchLib"; VariantName = "[No Variations]"
Add component (AddParameter): Name = "ComponentLink4Description"; Value = "Open Footprint"; VariantName = "[No Variations]"
Add component (AddParameter): Name = "ComponentLink4URL"; Value = "C:\ALTIUM_WORK\00001_MCHP-CDB\Library\Footprints\TP_TH_0.7PADX0.4HOLE.PcbLib"; VariantName = "[No Variations]"
Add component (AddParameter): Name = "ComponentLink5Description"; Value = "Open Footprint 2"; VariantName = "[No Variations]"
Add component (AddParameter): Name = "ComponentLink6Description"; Value = "Open Footprint 3"; VariantName = "[No Variations]"
Add component (AddParameter): Name = "ComponentLink7Description"; Value = "Open Footprint 4"; VariantName = "[No Variations]"
Add component (AddParameter): Name = "Description_"; Value = "CON TP PAD PCB TH D0.7H0.4"; VariantName = "[No Variations]"
Add component (AddParameter): Name = "Dev Tools Status"; Value = "Design"; VariantName = "[No Variations]"
Add component (AddParameter): Name = "MCHP-ID"; Value = "CON2938"; VariantName = "[No Variations]"
Add component (AddParameter): Name = "Owner"; Value = "Severino Balong Jr."; VariantName = "[No Variations]"
Add component (AddParameter): Name = "Populated"; Value = "DNP"; VariantName = "[No Variations]"
Add component (AddParameter): Name = "Quantity Override"; Value = "1"; VariantName = "[No Variations]"
Add component (AddParameter): Name = "Restricted Sourcing"; Value = "No"; VariantName = "[No Variations]"
Add component (AddParameter): Name = "Revision"; Value = "1"; VariantName = "[No Variations]"
Add component (AddParameter): Name = "Status"; Value = "MCL Design"; VariantName = "[No Variations]"
Add component (AddParameter): Name = "Symbol"; Value = "Test Point No BOM"; VariantName = "[No Variations]"
Add component (AddParameter): Name = "Type"; Value = "Test Point No BOM"; VariantName = "[No Variations]"
Added Pin To Net: NetName=dsPIC_VDD Pin=C33-2
Added Pin To Net: NetName=dsPIC_VDD Pin=C39-2
Added Pin To Net: NetName=dsPIC_VDD Pin=C66-2
Added Pin To Net: NetName=SHUNT_IA_N Pin=C109-1
Added Pin To Net: NetName=GND Pin=C?-1
Added Pin To Net: NetName=VDC Pin=C?-1
Added Pin To Net: NetName=PGND Pin=C?-2
Added Pin To Net: NetName=NetC69_1 Pin=CANH-1
Added Pin To Net: NetName=NetC71_1 Pin=CANL-1
Added Pin To Net: NetName=dsPIC_VDD Pin=D9-2
Added Pin To Net: NetName=dsPIC_VDD Pin=D10-2
Added Pin To Net: NetName=dsPIC_VDD Pin=D11-2
Added Pin To Net: NetName=dsPIC_VDD Pin=D12-2
Added Pin To Net: NetName=DGND Pin=DGND-1
Added Pin To Net: NetName=NetD14_2 Pin=HSA-1
Added Pin To Net: NetName=NetD13_2 Pin=HSB-1
Added Pin To Net: NetName=NetD20_2 Pin=HSC-1
Added Pin To Net: NetName=NetC15_2 Pin=HVDD_EXT-1
Added Pin To Net: NetName=dsPIC_VDD Pin=J6-2
Added Pin To Net: NetName=dsPIC_VDD Pin=J7-2
Added Pin To Net: NetName=VDC Pin=J?-1
Added Pin To Net: NetName=PGND Pin=J?-2
Added Pin To Net: NetName=NetD19_2 Pin=LSA-1
Added Pin To Net: NetName=NetD18_2 Pin=LSB-1
Added Pin To Net: NetName=NetD21_2 Pin=LSC-1
Added Pin To Net: NetName=PGND Pin=PGND-1
Added Pin To Net: NetName=PHASE_A Pin=Q1-1
Added Pin To Net: NetName=PHASE_A Pin=Q1-2
Added Pin To Net: NetName=HS_GATE_A Pin=Q1-4
Added Pin To Net: NetName=VDC Pin=Q1-5
Added Pin To Net: NetName=SHUNT_IA_P Pin=Q2-1
Added Pin To Net: NetName=SHUNT_IA_P Pin=Q2-2
Added Pin To Net: NetName=LS_GATE_A Pin=Q2-4
Added Pin To Net: NetName=PHASE_A Pin=Q2-5
Added Pin To Net: NetName=PHASE_B Pin=Q3-1
Added Pin To Net: NetName=PHASE_B Pin=Q3-2
Added Pin To Net: NetName=HS_GATE_B Pin=Q3-4
Added Pin To Net: NetName=VDC Pin=Q3-5
Added Pin To Net: NetName=SHUNT_IB_P Pin=Q4-1
Added Pin To Net: NetName=SHUNT_IB_P Pin=Q4-2
Added Pin To Net: NetName=LS_GATE_B Pin=Q4-4
Added Pin To Net: NetName=PHASE_B Pin=Q4-5
Added Pin To Net: NetName=PHASE_C Pin=Q5-1
Added Pin To Net: NetName=PHASE_C Pin=Q5-2
Added Pin To Net: NetName=HS_GATE_C Pin=Q5-4
Added Pin To Net: NetName=VDC Pin=Q5-5
Added Pin To Net: NetName=SHUNT_IA_N Pin=Q6-1
Added Pin To Net: NetName=SHUNT_IA_N Pin=Q6-2
Added Pin To Net: NetName=SHUNT_IA_N Pin=Q6-3
Added Pin To Net: NetName=LS_GATE_C Pin=Q6-4
Added Pin To Net: NetName=PHASE_C Pin=Q6-5
Added Pin To Net: NetName=dsPIC_VDD Pin=R78-2
Added Pin To Net: NetName=dsPIC_VDD Pin=R79-2
Added Pin To Net: NetName=SHUNT_IA_N Pin=R159-2
Added Pin To Net: NetName=dsPIC_VDD Pin=R181-1
Added Pin To Net: NetName=VDC Pin=R?-1
Added Pin To Net: NetName=dsPIC_VDD Pin=R?-2
Added Pin To Net: NetName=NetC15_2 Pin=R?-2
Added Pin To Net: NetName=TEMP Pin=TEMP-1
Added Pin To Net: NetName=dsPIC_VDD Pin=U6-1
Added Pin To Net: NetName=DRV_WAKE Pin=WAKE-1
Added Pin To Net: NetName=dsPIC_VDD Pin=Y2-1
Added Pin To Net: NetName=dsPIC_VDD Pin=Y2-4
Change Net Name : Old Net Name=NetC15_2 New Net Name=HVDD_EXT
Change Net Name : Old Net Name=VREF New Net Name=dsPIC_VDD
Added Pin To Net: NetName=AD_SPEED Pin=R?-2
Added Net: Name=AD_SPEED
Added Pin To Net: NetName=HVDD Pin=C50-2
Added Pin To Net: NetName=HVDD Pin=R?-1
Added Pin To Net: NetName=HVDD Pin=R?-2
Added Pin To Net: NetName=HVDD Pin=U9-7
Added Net: Name=HVDD
Added Pin To Net: NetName=INPUT_FMU_PWM Pin=R?-2
Added Net: Name=INPUT_FMU_PWM
Added Pin To Net: NetName=NetC?_2 Pin=C?-2
Added Pin To Net: NetName=NetC?_2 Pin=J?-1
Added Pin To Net: NetName=NetC?_2 Pin=R?-1
Added Net: Name=NetC?_2
Added Pin To Net: NetName=NetdsPIC_VDD_1 Pin=dsPIC_VDD-1
Added Pin To Net: NetName=NetdsPIC_VDD_1 Pin=R19-1
Added Pin To Net: NetName=NetdsPIC_VDD_1 Pin=R54-1
Added Pin To Net: NetName=NetdsPIC_VDD_1 Pin=R?-1
Added Net: Name=NetdsPIC_VDD_1
Added Pin To Net: NetName=NetJ?_2 Pin=J?-2
Added Pin To Net: NetName=NetJ?_2 Pin=R?-1
Added Net: Name=NetJ?_2
Add Net: Net with name "VDC" already exists
Added Member To Class: ClassName=Sheet3_SenseCkts_Programming_Interface Member=Component C? Capacitor NP
Added Member To Class: ClassName=Sheet4_Power_Supply Member=Component C? Capacitor POL
Added Member To Class: ClassName=Sheet5_CAN_Interface Member=Component CANH Test Point No BOM
Added Member To Class: ClassName=Sheet5_CAN_Interface Member=Component CANL Test Point No BOM
Added Member To Class: ClassName=Sheet5_CAN_Interface Member=Component DGND Test Point No BOM
Added Member To Class: ClassName=Sheet2_Inverter_GateDriver Member=Component HSA Test Point No BOM
Added Member To Class: ClassName=Sheet2_Inverter_GateDriver Member=Component HSB Test Point No BOM
Added Member To Class: ClassName=Sheet2_Inverter_GateDriver Member=Component HSC Test Point No BOM
Added Member To Class: ClassName=Sheet4_Power_Supply Member=Component HVDD_EXT Test Point No BOM
Added Member To Class: ClassName=Sheet3_SenseCkts_Programming_Interface Member=Component J? Header 1x2
Added Member To Class: ClassName=Sheet4_Power_Supply Member=Component J? CON 1x2 POLARIZED
Added Member To Class: ClassName=Sheet2_Inverter_GateDriver Member=Component LSA Test Point No BOM
Added Member To Class: ClassName=Sheet2_Inverter_GateDriver Member=Component LSB Test Point No BOM
Added Member To Class: ClassName=Sheet2_Inverter_GateDriver Member=Component LSC Test Point No BOM
Added Member To Class: ClassName=Sheet4_Power_Supply Member=Component PGND Test Point No BOM
Added Member To Class: ClassName=Sheet1_dsPIC33CDV+OpAmp Member=Component R?
Added Member To Class: ClassName=Sheet3_SenseCkts_Programming_Interface Member=Component R? Resistor
Added Member To Class: ClassName=Sheet3_SenseCkts_Programming_Interface Member=Component R? Resistor
Added Member To Class: ClassName=Sheet4_Power_Supply Member=Component R? Resistor
Added Member To Class: ClassName=Sheet4_Power_Supply Member=Component R? Resistor
Added Member To Class: ClassName=Sheet3_SenseCkts_Programming_Interface Member=Component TEMP Test Point No BOM
Added Member To Class: ClassName=Sheet2_Inverter_GateDriver Member=Component WAKE Test Point No BOM
Added Room: Name=Sheet4_Power_Supply
Added Rule: Name=Schematic Supply Nets_10
Added Rule: Name=Schematic Supply Nets_11
