solid OpenSCAD_Model
  facet normal -0.7101190708949005 -0.5750430852779628 -0.4062712827968091
    outer loop
      vertex 1.3514124483312626 1.6152010568005548 2.184038001041813
      vertex 0.9788702773918092 1.8050207739041104 2.566528201818799
      vertex 1.116642319330631 1.9051180215428025 2.184038001041813
    endloop
  endfacet
  facet normal -0.7101190708949005 -0.575043085277963 -0.406271282796809
    outer loop
      vertex 1.3514124483312626 1.6152010568005548 2.184038001041813
      vertex 1.2248581475265028 1.5012510525326634 2.566528201818799
      vertex 0.9788702773918092 1.8050207739041104 2.566528201818799
    endloop
  endfacet
  facet normal -0.6461205943067576 -0.6461205943067576 -0.406271282796809
    outer loop
      vertex 1.3514124483312626 1.6152010568005548 2.184038001041813
      vertex 1.6152010568005548 1.3514124483312626 2.184038001041813
      vertex 1.2248581475265028 1.5012510525326634 2.566528201818799
    endloop
  endfacet
  facet normal -0.673258695893922 -0.5451941421445899 -0.499485811384508
    outer loop
      vertex 1.3514124483312626 1.6152010568005548 2.184038001041813
      vertex 1.116642319330631 1.9051180215428025 2.184038001041813
      vertex 1.2860050314002516 2.028167234519709 1.8214438599398917
    endloop
  endfacet
  facet normal -0.6732586958939211 -0.5451941421445904 -0.4994858113845085
    outer loop
      vertex 1.3514124483312626 1.6152010568005548 2.184038001041813
      vertex 1.2860050314002516 2.028167234519709 1.8214438599398917
      vertex 1.506985228604683 1.7552794173414017 1.8214438599398917
    endloop
  endfacet
  facet normal -0.6461205943067576 -0.6461205943067576 -0.406271282796809
    outer loop
      vertex 1.6152010568005548 1.3514124483312626 2.184038001041813
      vertex 1.5012510525326634 1.2248581475265028 2.566528201818799
      vertex 1.2248581475265028 1.5012510525326634 2.566528201818799
    endloop
  endfacet
  facet normal -0.575043085277963 -0.7101190708949005 -0.406271282796809
    outer loop
      vertex 1.6152010568005548 1.3514124483312626 2.184038001041813
      vertex 1.8050207739041104 0.9788702773918092 2.566528201818799
      vertex 1.5012510525326634 1.2248581475265028 2.566528201818799
    endloop
  endfacet
  facet normal -0.5750430852779628 -0.7101190708949005 -0.4062712827968091
    outer loop
      vertex 1.6152010568005548 1.3514124483312626 2.184038001041813
      vertex 1.9051180215428025 1.116642319330631 2.184038001041813
      vertex 1.8050207739041104 0.9788702773918092 2.566528201818799
    endloop
  endfacet
  facet normal -0.5451941421445899 -0.673258695893922 -0.499485811384508
    outer loop
      vertex 1.6152010568005548 1.3514124483312626 2.184038001041813
      vertex 2.028167234519709 1.2860050314002516 1.8214438599398917
      vertex 1.9051180215428025 1.116642319330631 2.184038001041813
    endloop
  endfacet
  facet normal -0.5451941421445904 -0.6732586958939211 -0.4994858113845085
    outer loop
      vertex 1.6152010568005548 1.3514124483312626 2.184038001041813
      vertex 1.7552794173414017 1.506985228604683 1.8214438599398917
      vertex 2.028167234519709 1.2860050314002516 1.8214438599398917
    endloop
  endfacet
  facet normal -0.5723322714524052 -0.5723322714524052 -0.5872576454234212
    outer loop
      vertex 1.506985228604683 1.7552794173414017 1.8214438599398917
      vertex 1.9199514063238365 1.6898720004103902 1.4827184358006504
      vertex 1.7552794173414017 1.506985228604683 1.8214438599398917
    endloop
  endfacet
  facet normal -0.5723322714524053 -0.5723322714524052 -0.5872576454234213
    outer loop
      vertex 1.506985228604683 1.7552794173414017 1.8214438599398917
      vertex 1.6898720004103902 1.9199514063238365 1.4827184358006504
      vertex 1.9199514063238365 1.6898720004103902 1.4827184358006504
    endloop
  endfacet
  facet normal -0.6125822084526938 -0.6125822084526938 -0.4994858113845086
    outer loop
      vertex 1.3514124483312626 1.6152010568005548 2.184038001041813
      vertex 1.506985228604683 1.7552794173414017 1.8214438599398917
      vertex 1.6152010568005548 1.3514124483312626 2.184038001041813
    endloop
  endfacet
  facet normal -0.6125822084526937 -0.6125822084526937 -0.4994858113845086
    outer loop
      vertex 1.6152010568005548 1.3514124483312626 2.184038001041813
      vertex 1.506985228604683 1.7552794173414017 1.8214438599398917
      vertex 1.7552794173414017 1.506985228604683 1.8214438599398917
    endloop
  endfacet
  facet normal -0.7602084639603462 -0.6156046760147913 -0.20763904784932574
    outer loop
      vertex 0.8741983649059213 1.7289721779954577 2.964723819589917
      vertex 1.12870888159321 1.4146778646300584 2.964723819589917
      vertex 0.8037733892501691 1.6778054381478111 3.3742621398390766
    endloop
  endfacet
  facet normal -0.7729002401123655 -0.6258822736955808 -0.10438677266731533
    outer loop
      vertex 0.8037733892501691 1.6778054381478111 3.3742621398390766
      vertex 1.064018082009477 1.3564300070560038 3.3742621398390766
      vertex 0.7683669411952101 1.652081147870271 3.7906561750282246
    endloop
  endfacet
  facet normal -0.820392173217056 -0.5327689066869625 -0.20763904784932574
    outer loop
      vertex 0.8741983649059213 1.7289721779954577 2.964723819589917
      vertex 0.8037733892501691 1.6778054381478111 3.3742621398390766
      vertex 0.5785472240916549 2.0246233188097245 3.3742621398390766
    endloop
  endfacet
  facet normal -0.8340887239830079 -0.5416635507549868 -0.1043867726673154
    outer loop
      vertex 0.8037733892501691 1.6778054381478111 3.3742621398390766
      vertex 0.7683669411952101 1.652081147870271 3.7906561750282246
      vertex 0.5785472240916549 2.0246233188097245 3.3742621398390766
    endloop
  endfacet
  facet normal -0.6156046760147913 -0.7602084639603462 -0.20763904784932574
    outer loop
      vertex 1.7289721779954577 0.8741983649059213 2.964723819589917
      vertex 1.6778054381478111 0.8037733892501691 3.3742621398390766
      vertex 1.4146778646300584 1.12870888159321 2.964723819589917
    endloop
  endfacet
  facet normal -0.6258822736955808 -0.7729002401123655 -0.10438677266731533
    outer loop
      vertex 1.6778054381478111 0.8037733892501691 3.3742621398390766
      vertex 1.652081147870271 0.7683669411952101 3.7906561750282246
      vertex 1.3564300070560038 1.064018082009477 3.3742621398390766
    endloop
  endfacet
  facet normal -0.5327689066869625 -0.820392173217056 -0.20763904784932574
    outer loop
      vertex 1.7289721779954577 0.8741983649059213 2.964723819589917
      vertex 2.0246233188097245 0.5785472240916549 3.3742621398390766
      vertex 1.6778054381478111 0.8037733892501691 3.3742621398390766
    endloop
  endfacet
  facet normal -0.5416635507549868 -0.8340887239830079 -0.1043867726673154
    outer loop
      vertex 1.6778054381478111 0.8037733892501691 3.3742621398390766
      vertex 2.0246233188097245 0.5785472240916549 3.3742621398390766
      vertex 1.652081147870271 0.7683669411952101 3.7906561750282246
    endloop
  endfacet
  facet normal -0.6725864773052648 -0.6725864773052648 -0.3086338625170433
    outer loop
      vertex 1.2248581475265028 1.5012510525326634 2.566528201818799
      vertex 1.5012510525326634 1.2248581475265028 2.566528201818799
      vertex 1.4146778646300584 1.12870888159321 2.964723819589917
    endloop
  endfacet
  facet normal -0.6725864773052648 -0.6725864773052648 -0.3086338625170432
    outer loop
      vertex 1.12870888159321 1.4146778646300584 2.964723819589917
      vertex 1.2248581475265028 1.5012510525326634 2.566528201818799
      vertex 1.4146778646300584 1.12870888159321 2.964723819589917
    endloop
  endfacet
  facet normal -0.69169575168864 -0.6916957516886398 -0.20763904784932632
    outer loop
      vertex 1.064018082009477 1.3564300070560038 3.3742621398390766
      vertex 1.12870888159321 1.4146778646300584 2.964723819589917
      vertex 1.4146778646300584 1.12870888159321 2.964723819589917
    endloop
  endfacet
  facet normal -0.7032436994712794 -0.7032436994712794 -0.10438677266731514
    outer loop
      vertex 1.064018082009477 1.3564300070560038 3.3742621398390766
      vertex 1.3564300070560038 1.064018082009477 3.3742621398390766
      vertex 1.0314945147129633 1.32714565552723 3.7906561750282246
    endloop
  endfacet
  facet normal -0.7032436994712794 -0.7032436994712793 -0.10438677266731515
    outer loop
      vertex 1.3564300070560038 1.064018082009477 3.3742621398390766
      vertex 1.32714565552723 1.0314945147129633 3.7906561750282246
      vertex 1.0314945147129633 1.32714565552723 3.7906561750282246
    endloop
  endfacet
  facet normal -0.6916957516886398 -0.6916957516886398 -0.2076390478493263
    outer loop
      vertex 1.064018082009477 1.3564300070560038 3.3742621398390766
      vertex 1.4146778646300584 1.12870888159321 2.964723819589917
      vertex 1.3564300070560038 1.064018082009477 3.3742621398390766
    endloop
  endfacet
  facet normal -0.7392064090960256 -0.5985975473213786 -0.3086338625170433
    outer loop
      vertex 0.8741983649059213 1.7289721779954577 2.964723819589917
      vertex 1.2248581475265028 1.5012510525326634 2.566528201818799
      vertex 1.12870888159321 1.4146778646300584 2.964723819589917
    endloop
  endfacet
  facet normal -0.739206409096026 -0.5985975473213776 -0.30863386251704433
    outer loop
      vertex 0.8741983649059213 1.7289721779954577 2.964723819589917
      vertex 0.9788702773918092 1.8050207739041104 2.566528201818799
      vertex 1.2248581475265028 1.5012510525326634 2.566528201818799
    endloop
  endfacet
  facet normal -0.7602084639603466 -0.6156046760147906 -0.20763904784932624
    outer loop
      vertex 0.8037733892501691 1.6778054381478111 3.3742621398390766
      vertex 1.12870888159321 1.4146778646300584 2.964723819589917
      vertex 1.064018082009477 1.3564300070560038 3.3742621398390766
    endloop
  endfacet
  facet normal -0.7729002401123655 -0.6258822736955809 -0.10438677266731516
    outer loop
      vertex 0.7683669411952101 1.652081147870271 3.7906561750282246
      vertex 1.064018082009477 1.3564300070560038 3.3742621398390766
      vertex 1.0314945147129633 1.32714565552723 3.7906561750282246
    endloop
  endfacet
  facet normal -0.5985975473213786 -0.7392064090960256 -0.3086338625170433
    outer loop
      vertex 1.7289721779954577 0.8741983649059213 2.964723819589917
      vertex 1.4146778646300584 1.12870888159321 2.964723819589917
      vertex 1.5012510525326634 1.2248581475265028 2.566528201818799
    endloop
  endfacet
  facet normal -0.5985975473213776 -0.739206409096026 -0.30863386251704433
    outer loop
      vertex 1.7289721779954577 0.8741983649059213 2.964723819589917
      vertex 1.5012510525326634 1.2248581475265028 2.566528201818799
      vertex 1.8050207739041104 0.9788702773918092 2.566528201818799
    endloop
  endfacet
  facet normal -0.6156046760147906 -0.7602084639603466 -0.20763904784932624
    outer loop
      vertex 1.6778054381478111 0.8037733892501691 3.3742621398390766
      vertex 1.3564300070560038 1.064018082009477 3.3742621398390766
      vertex 1.4146778646300584 1.12870888159321 2.964723819589917
    endloop
  endfacet
  facet normal -0.6258822736955809 -0.7729002401123655 -0.10438677266731516
    outer loop
      vertex 1.652081147870271 0.7683669411952101 3.7906561750282246
      vertex 1.32714565552723 1.0314945147129633 3.7906561750282246
      vertex 1.3564300070560038 1.064018082009477 3.3742621398390766
    endloop
  endfacet
  facet normal -0.7663373343403497 -0.4976652838713614 -0.40627128279680863
    outer loop
      vertex 0.9788702773918092 1.8050207739041104 2.566528201818799
      vertex 0.7659825367100499 2.1328391470055967 2.566528201818799
      vertex 0.9134628604607982 2.2179869516232644 2.184038001041813
    endloop
  endfacet
  facet normal -0.8141594455843676 -0.4148349574715111 -0.4062712827968086
    outer loop
      vertex 0.9134628604607982 2.2179869516232644 2.184038001041813
      vertex 0.7659825367100499 2.1328391470055967 2.566528201818799
      vertex 0.7441001483911771 2.5503799895719457 2.184038001041813
    endloop
  endfacet
  facet normal -0.8141594455843683 -0.41483495747151067 -0.4062712827968082
    outer loop
      vertex 0.7441001483911771 2.5503799895719457 2.184038001041813
      vertex 0.7659825367100499 2.1328391470055967 2.566528201818799
      vertex 0.5885273681177572 2.4811145251410176 2.566528201818799
    endloop
  endfacet
  facet normal -0.8530614555687481 -0.32745961246780425 -0.40627128279680824
    outer loop
      vertex 0.7441001483911771 2.5503799895719457 2.184038001041813
      vertex 0.5885273681177572 2.4811145251410176 2.566528201818799
      vertex 0.44844900757691075 2.846031130386213 2.566528201818799
    endloop
  endfacet
  facet normal -0.8530614555687482 -0.327459612467804 -0.4062712827968084
    outer loop
      vertex 0.7441001483911771 2.5503799895719457 2.184038001041813
      vertex 0.44844900757691075 2.846031130386213 2.566528201818799
      vertex 0.6104097564366295 2.8986553677073665 2.184038001041813
    endloop
  endfacet
  facet normal -0.7718986139790294 -0.3933019882517928 -0.4994858113845078
    outer loop
      vertex 0.9134628604607982 2.2179869516232644 2.184038001041813
      vertex 0.7441001483911771 2.5503799895719457 2.184038001041813
      vertex 1.0947599310117586 2.322658864109152 1.8214438599398917
    endloop
  endfacet
  facet normal -0.7718986139790295 -0.3933019882517915 -0.4994858113845086
    outer loop
      vertex 0.9353452487796705 2.6355277941896134 1.8214438599398917
      vertex 1.0947599310117586 2.322658864109152 1.8214438599398917
      vertex 0.7441001483911771 2.5503799895719457 2.184038001041813
    endloop
  endfacet
  facet normal -0.8087813250386403 -0.3104620628906219 -0.4994858113845087
    outer loop
      vertex 0.9353452487796705 2.6355277941896134 1.8214438599398917
      vertex 0.7441001483911771 2.5503799895719457 2.184038001041813
      vertex 0.6104097564366295 2.8986553677073665 2.184038001041813
    endloop
  endfacet
  facet normal -0.8826171457313299 -0.23649655142457346 -0.40627128279680863
    outer loop
      vertex 0.5138564245079213 3.2589973081053665 2.184038001041813
      vertex 0.44844900757691075 2.846031130386213 2.566528201818799
      vertex 0.34728218291887636 3.2235908600504075 2.566528201818799
    endloop
  endfacet
  facet normal -0.9025026977457683 -0.14294238467384648 -0.4062712827968086
    outer loop
      vertex 0.5138564245079213 3.2589973081053665 2.184038001041813
      vertex 0.34728218291887636 3.2235908600504075 2.566528201818799
      vertex 0.286135299045128 3.609657090725948 2.566528201818799
    endloop
  endfacet
  facet normal -0.9025026977457682 -0.14294238467384643 -0.40627128279680874
    outer loop
      vertex 0.45549801111474864 3.627457829060546 2.184038001041813
      vertex 0.5138564245079213 3.2589973081053665 2.184038001041813
      vertex 0.286135299045128 3.609657090725948 2.566528201818799
    endloop
  endfacet
  facet normal -0.9115331869510648 -0.0621150700224824 -0.40650826210907126
    outer loop
      vertex 0.45549801111474864 3.627457829060546 2.184038001041813
      vertex 0.286135299045128 3.609657090725948 2.566528201818799
      vertex 0.34581816942959653 4 2.3730534276967994
    endloop
  endfacet
  facet normal -0.7556400536621153 -0.2900630400331176 -0.587257645423422
    outer loop
      vertex 0.9353452487796705 2.6355277941896134 1.8214438599398917
      vertex 0.8095075653221886 2.9633461672910997 1.8214438599398917
      vertex 1.0435610769755423 3.0393947631997524 1.4827184358006504
    endloop
  endfacet
  facet normal -0.7818204222096361 -0.2094881507572324 -0.5872576454234218
    outer loop
      vertex 0.8095075653221886 2.9633461672910997 1.8214438599398917
      vertex 0.959346169523589 3.3536890765651517 1.4827184358006504
      vertex 1.0435610769755423 3.0393947631997524 1.4827184358006504
    endloop
  endfacet
  facet normal -0.7818204222096365 -0.20948815075723176 -0.5872576454234213
    outer loop
      vertex 0.8095075653221886 2.9633461672910997 1.8214438599398917
      vertex 0.7186255846325014 3.3025223367175056 1.8214438599398917
      vertex 0.959346169523589 3.3536890765651517 1.4827184358006504
    endloop
  endfacet
  facet normal -0.8826171457313301 -0.2364965514245733 -0.4062712827968085
    outer loop
      vertex 0.6104097564366295 2.8986553677073665 2.184038001041813
      vertex 0.44844900757691075 2.846031130386213 2.566528201818799
      vertex 0.5138564245079213 3.2589973081053665 2.184038001041813
    endloop
  endfacet
  facet normal -0.8368028586527538 -0.22422065020006113 -0.49948581138450854
    outer loop
      vertex 0.6104097564366295 2.8986553677073665 2.184038001041813
      vertex 0.5138564245079213 3.2589973081053665 2.184038001041813
      vertex 0.7186255846325014 3.3025223367175056 1.8214438599398917
    endloop
  endfacet
  facet normal -0.8087813250386403 -0.31046206289062256 -0.4994858113845082
    outer loop
      vertex 0.9353452487796705 2.6355277941896134 1.8214438599398917
      vertex 0.6104097564366295 2.8986553677073665 2.184038001041813
      vertex 0.8095075653221886 2.9633461672910997 1.8214438599398917
    endloop
  endfacet
  facet normal -0.8368028586527544 -0.22422065020006068 -0.4994858113845081
    outer loop
      vertex 0.8095075653221886 2.9633461672910997 1.8214438599398917
      vertex 0.6104097564366295 2.8986553677073665 2.184038001041813
      vertex 0.7186255846325014 3.3025223367175056 1.8214438599398917
    endloop
  endfacet
  facet normal -0.7994350026049876 -0.12661806546343485 -0.5872576454234214
    outer loop
      vertex 0.6636950287093226 3.6493402173794185 1.8214438599398917
      vertex 0.959346169523589 3.3536890765651517 1.4827184358006504
      vertex 0.7186255846325014 3.3025223367175056 1.8214438599398917
    endloop
  endfacet
  facet normal -0.7994350026049872 -0.12661806546343388 -0.5872576454234218
    outer loop
      vertex 0.6636950287093226 3.6493402173794185 1.8214438599398917
      vertex 0.908445301736057 3.675064507656959 1.4827184358006504
      vertex 0.959346169523589 3.3536890765651517 1.4827184358006504
    endloop
  endfacet
  facet normal -0.8556562050352133 -0.1355226291447178 -0.499485811384508
    outer loop
      vertex 0.45549801111474864 3.627457829060546 2.184038001041813
      vertex 0.6636950287093226 3.6493402173794185 1.8214438599398917
      vertex 0.5138564245079213 3.2589973081053665 2.184038001041813
    endloop
  endfacet
  facet normal -0.8556562050352128 -0.1355226291447185 -0.4994858113845086
    outer loop
      vertex 0.5138564245079213 3.2589973081053665 2.184038001041813
      vertex 0.6636950287093226 3.6493402173794185 1.8214438599398917
      vertex 0.7186255846325014 3.3025223367175056 1.8214438599398917
    endloop
  endfacet
  facet normal -0.5966511779240654 -0.3040089596231402 -0.742688309017101
    outer loop
      vertex 1.5505102572168217 2.585786437626905 1.1715728752538097
      vertex 1.4161032479149958 2.849575046096197 1.1715728752538097
      vertex 1.8199702169251353 2.7413592179003254 0.8914161541721164
    endloop
  endfacet
  facet normal -0.56160507097375 -0.3647105974685793 -0.7426883090171011
    outer loop
      vertex 1.7117543887292626 2.337492248890186 1.1715728752538097
      vertex 1.5505102572168217 2.585786437626905 1.1715728752538097
      vertex 1.8199702169251353 2.7413592179003254 0.8914161541721164
    endloop
  endfacet
  facet normal -0.5616050709737508 -0.36471059746857887 -0.7426883090171008
    outer loop
      vertex 1.7117543887292626 2.337492248890186 1.1715728752538097
      vertex 1.8199702169251353 2.7413592179003254 0.8914161541721164
      vertex 1.9634764349359757 2.520379020695894 0.8914161541721164
    endloop
  endfacet
  facet normal -0.6788200084109374 -0.44083086787646053 -0.5872576454234218
    outer loop
      vertex 1.0947599310117586 2.322658864109152 1.8214438599398917
      vertex 1.307887419719124 2.445708077086058 1.4827184358006504
      vertex 1.2860050314002516 2.028167234519709 1.8214438599398917
    endloop
  endfacet
  facet normal -0.6788200084109371 -0.4408308678764606 -0.587257645423422
    outer loop
      vertex 1.2860050314002516 2.028167234519709 1.8214438599398917
      vertex 1.307887419719124 2.445708077086058 1.4827184358006504
      vertex 1.4851028402858106 2.172820259907751 1.4827184358006504
    endloop
  endfacet
  facet normal -0.7265588201744956 -0.47183281472594163 -0.49948581138450787
    outer loop
      vertex 0.9134628604607982 2.2179869516232644 2.184038001041813
      vertex 1.2860050314002516 2.028167234519709 1.8214438599398917
      vertex 1.116642319330631 1.9051180215428025 2.184038001041813
    endloop
  endfacet
  facet normal -0.7663373343403491 -0.49766528387136166 -0.40627128279680913
    outer loop
      vertex 0.9788702773918092 1.8050207739041104 2.566528201818799
      vertex 0.9134628604607982 2.2179869516232644 2.184038001041813
      vertex 1.116642319330631 1.9051180215428025 2.184038001041813
    endloop
  endfacet
  facet normal -0.7265588201744956 -0.47183281472594185 -0.49948581138450765
    outer loop
      vertex 0.9134628604607982 2.2179869516232644 2.184038001041813
      vertex 1.0947599310117586 2.322658864109152 1.8214438599398917
      vertex 1.2860050314002516 2.028167234519709 1.8214438599398917
    endloop
  endfacet
  facet normal -0.7211807345588251 -0.3674599379428076 -0.5872576454234217
    outer loop
      vertex 0.9353452487796705 2.6355277941896134 1.8214438599398917
      vertex 1.1601673479427697 2.735625041828306 1.4827184358006504
      vertex 1.0947599310117586 2.322658864109152 1.8214438599398917
    endloop
  endfacet
  facet normal -0.7556400536621155 -0.29006304003311745 -0.5872576454234217
    outer loop
      vertex 0.9353452487796705 2.6355277941896134 1.8214438599398917
      vertex 1.0435610769755423 3.0393947631997524 1.4827184358006504
      vertex 1.1601673479427697 2.735625041828306 1.4827184358006504
    endloop
  endfacet
  facet normal -0.7211807345588249 -0.36745993794280774 -0.5872576454234218
    outer loop
      vertex 1.0947599310117586 2.322658864109152 1.8214438599398917
      vertex 1.1601673479427697 2.735625041828306 1.4827184358006504
      vertex 1.307887419719124 2.445708077086058 1.4827184358006504
    endloop
  endfacet
  facet normal -0.6625532808470519 -0.3375877582376027 -0.6686237024866212
    outer loop
      vertex 1.1601673479427697 2.735625041828306 1.4827184358006504
      vertex 1.4161032479149958 2.849575046096197 1.1715728752538097
      vertex 1.307887419719124 2.445708077086058 1.4827184358006504
    endloop
  endfacet
  facet normal -0.6290219881986805 -0.5093719625718699 -0.5872576454234213
    outer loop
      vertex 1.506985228604683 1.7552794173414017 1.8214438599398917
      vertex 1.2860050314002516 2.028167234519709 1.8214438599398917
      vertex 1.6898720004103902 1.9199514063238365 1.4827184358006504
    endloop
  endfacet
  facet normal -0.6290219881986807 -0.5093719625718687 -0.587257645423422
    outer loop
      vertex 1.2860050314002516 2.028167234519709 1.8214438599398917
      vertex 1.4851028402858106 2.172820259907751 1.4827184358006504
      vertex 1.6898720004103902 1.9199514063238365 1.4827184358006504
    endloop
  endfacet
  facet normal -0.6236362150639293 -0.4049940934554715 -0.6686237024866211
    outer loop
      vertex 1.7117543887292626 2.337492248890186 1.1715728752538097
      vertex 1.4851028402858106 2.172820259907751 1.4827184358006504
      vertex 1.307887419719124 2.445708077086058 1.4827184358006504
    endloop
  endfacet
  facet normal -0.5778864604042988 -0.46796322863497875 -0.6686237024866211
    outer loop
      vertex 1.7117543887292626 2.337492248890186 1.1715728752538097
      vertex 1.6898720004103902 1.9199514063238365 1.4827184358006504
      vertex 1.4851028402858106 2.172820259907751 1.4827184358006504
    endloop
  endfacet
  facet normal -0.5778864604042965 -0.4679632286349798 -0.6686237024866222
    outer loop
      vertex 1.7117543887292626 2.337492248890186 1.1715728752538097
      vertex 1.8980690180049646 2.10741284297674 1.1715728752538097
      vertex 1.6898720004103902 1.9199514063238365 1.4827184358006504
    endloop
  endfacet
  facet normal -0.6236362150639294 -0.40499409345547055 -0.6686237024866213
    outer loop
      vertex 1.7117543887292626 2.337492248890186 1.1715728752538097
      vertex 1.307887419719124 2.445708077086058 1.4827184358006504
      vertex 1.5505102572168217 2.585786437626905 1.1715728752538097
    endloop
  endfacet
  facet normal -0.6625532808470516 -0.33758775823760284 -0.6686237024866214
    outer loop
      vertex 1.5505102572168217 2.585786437626905 1.1715728752538097
      vertex 1.307887419719124 2.445708077086058 1.4827184358006504
      vertex 1.4161032479149958 2.849575046096197 1.1715728752538097
    endloop
  endfacet
  facet normal -0.6468199349804192 -0.17331487922635494 -0.7426883090171007
    outer loop
      vertex 1.3100059521441705 3.125967951102358 1.1715728752538097
      vertex 1.2333807940790975 3.411936934139206 1.1715728752538097
      vertex 1.5377270776069647 3.476627733722939 0.8914161541721164
    endloop
  endfacet
  facet normal -0.6613929256856598 -0.10475434836933044 -0.7426883090171006
    outer loop
      vertex 1.2333807940790975 3.411936934139206 1.1715728752538097
      vertex 1.1870672949863832 3.704348859185733 1.1715728752538097
      vertex 1.5377270776069647 3.476627733722939 0.8914161541721164
    endloop
  endfacet
  facet normal -0.62516024971176 -0.23997653599810406 -0.7426883090171007
    outer loop
      vertex 1.3100059521441705 3.125967951102358 1.1715728752538097
      vertex 1.700348861418223 2.976129346900957 0.8914161541721164
      vertex 1.4161032479149958 2.849575046096197 1.1715728752538097
    endloop
  endfacet
  facet normal -0.6468199349804187 -0.17331487922635552 -0.7426883090171009
    outer loop
      vertex 1.3100059521441705 3.125967951102358 1.1715728752538097
      vertex 1.5377270776069647 3.476627733722939 0.8914161541721164
      vertex 1.6059229650185518 3.2221172170356507 0.8914161541721164
    endloop
  endfacet
  facet normal -0.6251602497117599 -0.23997653599810384 -0.7426883090171009
    outer loop
      vertex 1.3100059521441705 3.125967951102358 1.1715728752538097
      vertex 1.6059229650185518 3.2221172170356507 0.8914161541721164
      vertex 1.700348861418223 2.976129346900957 0.8914161541721164
    endloop
  endfacet
  facet normal -0.5966511779240655 -0.304008959623141 -0.7426883090171007
    outer loop
      vertex 1.8199702169251353 2.7413592179003254 0.8914161541721164
      vertex 1.4161032479149958 2.849575046096197 1.1715728752538097
      vertex 1.700348861418223 2.976129346900957 0.8914161541721164
    endloop
  endfacet
  facet normal -0.5492373453316588 -0.21083246357115024 -0.8086334217663476
    outer loop
      vertex 1.6059229650185518 3.2221172170356507 0.8914161541721164
      vertex 1.9280699868810167 3.326789129521538 0.6453177282183038
      vertex 1.700348861418223 2.976129346900957 0.8914161541721164
    endloop
  endfacet
  facet normal -0.5810697255499181 -0.092032403270755 -0.8086334217663477
    outer loop
      vertex 1.5377270776069647 3.476627733722939 0.8914161541721164
      vertex 1.4965083675968511 3.736872426482247 0.8914161541721164
      vertex 1.869050538536304 3.5470527093786917 0.6453177282183038
    endloop
  endfacet
  facet normal -0.6613929256856595 -0.10475434836933002 -0.7426883090171007
    outer loop
      vertex 1.1870672949863832 3.704348859185733 1.1715728752538097
      vertex 1.4965083675968511 3.736872426482247 0.8914161541721164
      vertex 1.5377270776069647 3.476627733722939 0.8914161541721164
    endloop
  endfacet
  facet normal -0.5682665591103058 -0.15226656559922025 -0.8086334217663477
    outer loop
      vertex 1.6059229650185518 3.2221172170356507 0.8914161541721164
      vertex 1.5377270776069647 3.476627733722939 0.8914161541721164
      vertex 1.9280699868810167 3.326789129521538 0.6453177282183038
    endloop
  endfacet
  facet normal -0.5682665591103057 -0.1522665655992199 -0.8086334217663477
    outer loop
      vertex 1.5377270776069647 3.476627733722939 0.8914161541721164
      vertex 1.869050538536304 3.5470527093786917 0.6453177282183038
      vertex 1.9280699868810167 3.326789129521538 0.6453177282183038
    endloop
  endfacet
  facet normal -0.5810697255499181 -0.092032403270755 -0.8086334217663477
    outer loop
      vertex 1.4965083675968511 3.736872426482247 0.8914161541721164
      vertex 1.8333782184212315 3.7722788745372062 0.6453177282183038
      vertex 1.869050538536304 3.5470527093786917 0.6453177282183038
    endloop
  endfacet
  facet normal -0.6942112742370267 -0.2664827408957024 -0.6686237024866213
    outer loop
      vertex 1.1601673479427697 2.735625041828306 1.4827184358006504
      vertex 1.0435610769755423 3.0393947631997524 1.4827184358006504
      vertex 1.3100059521441705 3.125967951102358 1.1715728752538097
    endloop
  endfacet
  facet normal -0.7182633436334118 -0.19245808287945165 -0.6686237024866212
    outer loop
      vertex 1.3100059521441705 3.125967951102358 1.1715728752538097
      vertex 1.0435610769755423 3.0393947631997524 1.4827184358006504
      vertex 0.959346169523589 3.3536890765651517 1.4827184358006504
    endloop
  endfacet
  facet normal -0.6942112742370267 -0.26648274089570234 -0.6686237024866212
    outer loop
      vertex 1.1601673479427697 2.735625041828306 1.4827184358006504
      vertex 1.3100059521441705 3.125967951102358 1.1715728752538097
      vertex 1.4161032479149958 2.849575046096197 1.1715728752538097
    endloop
  endfacet
  facet normal -0.7182633436334116 -0.192458082879451 -0.6686237024866215
    outer loop
      vertex 1.3100059521441705 3.125967951102358 1.1715728752538097
      vertex 0.959346169523589 3.3536890765651517 1.4827184358006504
      vertex 1.2333807940790975 3.411936934139206 1.1715728752538097
    endloop
  endfacet
  facet normal -0.7344459695306816 -0.11632481383272802 -0.6686237024866216
    outer loop
      vertex 1.2333807940790975 3.411936934139206 1.1715728752538097
      vertex 0.959346169523589 3.3536890765651517 1.4827184358006504
      vertex 1.1870672949863832 3.704348859185733 1.1715728752538097
    endloop
  endfacet
  facet normal -0.7344459695306821 -0.11632481383272741 -0.6686237024866212
    outer loop
      vertex 0.908445301736057 3.675064507656959 1.4827184358006504
      vertex 1.1870672949863832 3.704348859185733 1.1715728752538097
      vertex 0.959346169523589 3.3536890765651517 1.4827184358006504
    endloop
  endfacet
  facet normal -0.8861387572494044 -0.45151024860193756 -0.10438677266731518
    outer loop
      vertex 0.3908072115310155 2.393083839764904 3.3742621398390766
      vertex 0.5785472240916549 2.0246233188097245 3.3742621398390766
      vertex 0.35082609862886116 2.375283101430306 3.7906561750282246
    endloop
  endfacet
  facet normal -0.9132335200974715 -0.3505575039542103 -0.20763904784932619
    outer loop
      vertex 0.32539979460000445 2.8060500174840586 2.964723819589917
      vertex 0.47033139589578266 2.428490287819863 2.964723819589917
      vertex 0.24261027043298888 2.779150070440445 3.3742621398390766
    endloop
  endfacet
  facet normal -0.8880038871713846 -0.3408727552567402 -0.3086338625170436
    outer loop
      vertex 0.32539979460000445 2.8060500174840586 2.964723819589917
      vertex 0.44844900757691075 2.846031130386213 2.566528201818799
      vertex 0.47033139589578266 2.428490287819863 2.964723819589917
    endloop
  endfacet
  facet normal -0.9132335200974715 -0.35055750395421154 -0.20763904784932508
    outer loop
      vertex 0.3908072115310155 2.393083839764904 3.3742621398390766
      vertex 0.24261027043298888 2.779150070440445 3.3742621398390766
      vertex 0.47033139589578266 2.428490287819863 2.964723819589917
    endloop
  endfacet
  facet normal -0.9284800688549206 -0.35641010568061054 -0.10438677266731522
    outer loop
      vertex 0.3908072115310155 2.393083839764904 3.3742621398390766
      vertex 0.35082609862886116 2.375283101430306 3.7906561750282246
      vertex 0.20098749442746033 2.765626010704358 3.7906561750282246
    endloop
  endfacet
  facet normal -0.9284800688549207 -0.35641010568061027 -0.10438677266731551
    outer loop
      vertex 0.3908072115310155 2.393083839764904 3.3742621398390766
      vertex 0.20098749442746033 2.765626010704358 3.7906561750282246
      vertex 0.24261027043298888 2.779150070440445 3.3742621398390766
    endloop
  endfacet
  facet normal -0.8203921732170563 -0.5327689066869619 -0.20763904784932624
    outer loop
      vertex 0.8741983649059213 1.7289721779954577 2.964723819589917
      vertex 0.5785472240916549 2.0246233188097245 3.3742621398390766
      vertex 0.6539347850487687 2.0681483474218636 2.964723819589917
    endloop
  endfacet
  facet normal -0.8715874941458983 -0.44409600972841323 -0.20763904784932624
    outer loop
      vertex 0.6539347850487687 2.0681483474218636 2.964723819589917
      vertex 0.5785472240916549 2.0246233188097245 3.3742621398390766
      vertex 0.47033139589578266 2.428490287819863 2.964723819589917
    endloop
  endfacet
  facet normal -0.8475084036872803 -0.4318271003390689 -0.30863386251704383
    outer loop
      vertex 0.6539347850487687 2.0681483474218636 2.964723819589917
      vertex 0.47033139589578266 2.428490287819863 2.964723819589917
      vertex 0.7659825367100499 2.1328391470055967 2.566528201818799
    endloop
  endfacet
  facet normal -0.7977274407798454 -0.5180502573444479 -0.3086338625170443
    outer loop
      vertex 0.8741983649059213 1.7289721779954577 2.964723819589917
      vertex 0.7659825367100499 2.1328391470055967 2.566528201818799
      vertex 0.9788702773918092 1.8050207739041104 2.566528201818799
    endloop
  endfacet
  facet normal -0.7977274407798457 -0.5180502573444475 -0.3086338625170439
    outer loop
      vertex 0.8741983649059213 1.7289721779954577 2.964723819589917
      vertex 0.6539347850487687 2.0681483474218636 2.964723819589917
      vertex 0.7659825367100499 2.1328391470055967 2.566528201818799
    endloop
  endfacet
  facet normal -0.8340887239830083 -0.5416635507549862 -0.10438677266731487
    outer loop
      vertex 0.7683669411952101 1.652081147870271 3.7906561750282246
      vertex 0.5406458157324168 2.0027409304908526 3.7906561750282246
      vertex 0.5785472240916549 2.0246233188097245 3.3742621398390766
    endloop
  endfacet
  facet normal -0.8715874941458991 -0.4440960097284123 -0.2076390478493251
    outer loop
      vertex 0.3908072115310155 2.393083839764904 3.3742621398390766
      vertex 0.47033139589578266 2.428490287819863 2.964723819589917
      vertex 0.5785472240916549 2.0246233188097245 3.3742621398390766
    endloop
  endfacet
  facet normal -0.8861387572494043 -0.45151024860193795 -0.10438677266731484
    outer loop
      vertex 0.5785472240916549 2.0246233188097245 3.3742621398390766
      vertex 0.5406458157324168 2.0027409304908526 3.7906561750282246
      vertex 0.35082609862886116 2.375283101430306 3.7906561750282246
    endloop
  endfacet
  facet normal -0.8475084036872804 -0.43182710033906796 -0.30863386251704455
    outer loop
      vertex 0.7659825367100499 2.1328391470055967 2.566528201818799
      vertex 0.47033139589578266 2.428490287819863 2.964723819589917
      vertex 0.5885273681177572 2.4811145251410176 2.566528201818799
    endloop
  endfacet
  facet normal -0.888003887171384 -0.34087275525674104 -0.3086338625170445
    outer loop
      vertex 0.5885273681177572 2.4811145251410176 2.566528201818799
      vertex 0.47033139589578266 2.428490287819863 2.964723819589917
      vertex 0.44844900757691075 2.846031130386213 2.566528201818799
    endloop
  endfacet
  facet normal -0.9448739684964546 -0.2531782168078171 -0.20763904784932619
    outer loop
      vertex 0.32539979460000445 2.8060500174840586 2.964723819589917
      vertex 0.24261027043298888 2.779150070440445 3.3742621398390766
      vertex 0.2207278821141161 3.196690913006794 2.964723819589917
    endloop
  endfacet
  facet normal -0.9187702142408768 -0.24618373693561452 -0.3086338625170437
    outer loop
      vertex 0.32539979460000445 2.8060500174840586 2.964723819589917
      vertex 0.2207278821141161 3.196690913006794 2.964723819589917
      vertex 0.44844900757691075 2.846031130386213 2.566528201818799
    endloop
  endfacet
  facet normal -0.9187702142408769 -0.24618373693561366 -0.30863386251704444
    outer loop
      vertex 0.2207278821141161 3.196690913006794 2.964723819589917
      vertex 0.34728218291887636 3.2235908600504075 2.566528201818799
      vertex 0.44844900757691075 2.846031130386213 2.566528201818799
    endloop
  endfacet
  facet normal -0.9606487585291166 -0.2574050590578383 -0.10438677266731543
    outer loop
      vertex 0.24261027043298888 2.779150070440445 3.3742621398390766
      vertex 0.20098749442746033 2.765626010704358 3.7906561750282246
      vertex 0.09277166623158806 3.1694929797144966 3.7906561750282246
    endloop
  endfacet
  facet normal -0.9606487585291167 -0.2574050590578388 -0.10438677266731493
    outer loop
      vertex 0.24261027043298888 2.779150070440445 3.3742621398390766
      vertex 0.09277166623158806 3.1694929797144966 3.7906561750282246
      vertex 0.1355800774964484 3.1785921884235115 3.3742621398390766
    endloop
  endfacet
  facet normal -0.9448739684964549 -0.25317821680781655 -0.20763904784932558
    outer loop
      vertex 0.24261027043298888 2.779150070440445 3.3742621398390766
      vertex 0.1355800774964484 3.1785921884235115 3.3742621398390766
      vertex 0.2207278821141161 3.196690913006794 2.964723819589917
    endloop
  endfacet
  facet normal -0.9661621799690028 -0.15302505613712292 -0.20763904784932558
    outer loop
      vertex 0.2207278821141161 3.196690913006794 2.964723819589917
      vertex 0.1355800774964484 3.1785921884235115 3.3742621398390766
      vertex 0.1574624658153212 3.5961330309898614 2.964723819589917
    endloop
  endfacet
  facet normal -0.9394703025781198 -0.1487974780753568 -0.3086338625170441
    outer loop
      vertex 0.2207278821141161 3.196690913006794 2.964723819589917
      vertex 0.1574624658153212 3.5961330309898614 2.964723819589917
      vertex 0.286135299045128 3.609657090725948 2.566528201818799
    endloop
  endfacet
  facet normal -0.948998820232301 -0.06351161439121006 -0.3088163111545813
    outer loop
      vertex 0.1574624658153212 3.5961330309898614 2.964723819589917
      vertex 0.19577393481938588 4 2.76393202250021
      vertex 0.286135299045128 3.609657090725948 2.566528201818799
    endloop
  endfacet
  facet normal -0.9394703025781196 -0.14879747807535712 -0.30863386251704444
    outer loop
      vertex 0.2207278821141161 3.196690913006794 2.964723819589917
      vertex 0.286135299045128 3.609657090725948 2.566528201818799
      vertex 0.34728218291887636 3.2235908600504075 2.566528201818799
    endloop
  endfacet
  facet normal -0.9661621799690027 -0.15302505613712347 -0.20763904784932607
    outer loop
      vertex 0.1355800774964484 3.1785921884235115 3.3742621398390766
      vertex 0.07088927791271571 3.587033822280846 3.3742621398390766
      vertex 0.1574624658153212 3.5961330309898614 2.964723819589917
    endloop
  endfacet
  facet normal -0.9822923793761915 -0.1555798287425548 -0.10438677266731498
    outer loop
      vertex 0.1355800774964484 3.1785921884235115 3.3742621398390766
      vertex 0.09277166623158806 3.1694929797144966 3.7906561750282246
      vertex 0.027364249300577015 3.5824591574336506 3.7906561750282246
    endloop
  endfacet
  facet normal -0.9822923793761915 -0.1555798287425542 -0.10438677266731551
    outer loop
      vertex 0.1355800774964484 3.1785921884235115 3.3742621398390766
      vertex 0.027364249300577015 3.5824591574336506 3.7906561750282246
      vertex 0.07088927791271571 3.587033822280846 3.3742621398390766
    endloop
  endfacet
  facet normal -0.9760472935114977 -0.06454671051203015 -0.20776285276958614
    outer loop
      vertex 0.1574624658153212 3.5961330309898614 2.964723819589917
      vertex 0.07088927791271571 3.587033822280846 3.3742621398390766
      vertex 0.08740959706477724 4 3.1683532367289624
    endloop
  endfacet
  facet normal -0.992391867739459 -0.06518221914042945 -0.10444931379629692
    outer loop
      vertex 0.07088927791271571 3.587033822280846 3.3742621398390766
      vertex 0.027364249300577015 3.5824591574336506 3.7906561750282246
      vertex 0.02191241852690684 4 3.581886146929386
    endloop
  endfacet
  facet normal -0.4976652838713614 -0.7663373343403497 -0.40627128279680863
    outer loop
      vertex 1.8050207739041104 0.9788702773918092 2.566528201818799
      vertex 2.2179869516232644 0.9134628604607982 2.184038001041813
      vertex 2.1328391470055967 0.7659825367100499 2.566528201818799
    endloop
  endfacet
  facet normal -0.4148349574715111 -0.8141594455843676 -0.4062712827968086
    outer loop
      vertex 2.2179869516232644 0.9134628604607982 2.184038001041813
      vertex 2.5503799895719457 0.7441001483911771 2.184038001041813
      vertex 2.1328391470055967 0.7659825367100499 2.566528201818799
    endloop
  endfacet
  facet normal -0.41483495747151067 -0.8141594455843683 -0.4062712827968082
    outer loop
      vertex 2.5503799895719457 0.7441001483911771 2.184038001041813
      vertex 2.4811145251410176 0.5885273681177572 2.566528201818799
      vertex 2.1328391470055967 0.7659825367100499 2.566528201818799
    endloop
  endfacet
  facet normal -0.3933019882517928 -0.7718986139790294 -0.4994858113845078
    outer loop
      vertex 2.2179869516232644 0.9134628604607982 2.184038001041813
      vertex 2.322658864109152 1.0947599310117586 1.8214438599398917
      vertex 2.5503799895719457 0.7441001483911771 2.184038001041813
    endloop
  endfacet
  facet normal -0.3933019882517915 -0.7718986139790295 -0.4994858113845086
    outer loop
      vertex 2.6355277941896134 0.9353452487796705 1.8214438599398917
      vertex 2.5503799895719457 0.7441001483911771 2.184038001041813
      vertex 2.322658864109152 1.0947599310117586 1.8214438599398917
    endloop
  endfacet
  facet normal -0.32745961246780425 -0.8530614555687481 -0.40627128279680824
    outer loop
      vertex 2.5503799895719457 0.7441001483911771 2.184038001041813
      vertex 2.846031130386213 0.44844900757691075 2.566528201818799
      vertex 2.4811145251410176 0.5885273681177572 2.566528201818799
    endloop
  endfacet
  facet normal -0.327459612467804 -0.8530614555687482 -0.4062712827968084
    outer loop
      vertex 2.5503799895719457 0.7441001483911771 2.184038001041813
      vertex 2.8986553677073665 0.6104097564366295 2.184038001041813
      vertex 2.846031130386213 0.44844900757691075 2.566528201818799
    endloop
  endfacet
  facet normal -0.31046206289062195 -0.8087813250386404 -0.49948581138450815
    outer loop
      vertex 2.5503799895719457 0.7441001483911771 2.184038001041813
      vertex 2.9633461672910997 0.8095075653221886 1.8214438599398917
      vertex 2.8986553677073665 0.6104097564366295 2.184038001041813
    endloop
  endfacet
  facet normal -0.31046206289062245 -0.80878132503864 -0.4994858113845086
    outer loop
      vertex 2.6355277941896134 0.9353452487796705 1.8214438599398917
      vertex 2.9633461672910997 0.8095075653221886 1.8214438599398917
      vertex 2.5503799895719457 0.7441001483911771 2.184038001041813
    endloop
  endfacet
  facet normal -0.3647105974685793 -0.56160507097375 -0.7426883090171011
    outer loop
      vertex 2.337492248890186 1.7117543887292626 1.1715728752538097
      vertex 2.7413592179003254 1.8199702169251353 0.8914161541721164
      vertex 2.585786437626905 1.5505102572168217 1.1715728752538097
    endloop
  endfacet
  facet normal -0.36471059746857887 -0.5616050709737508 -0.7426883090171008
    outer loop
      vertex 2.337492248890186 1.7117543887292626 1.1715728752538097
      vertex 2.520379020695894 1.9634764349359757 0.8914161541721164
      vertex 2.7413592179003254 1.8199702169251353 0.8914161541721164
    endloop
  endfacet
  facet normal -0.3040089596231402 -0.5966511779240654 -0.742688309017101
    outer loop
      vertex 2.585786437626905 1.5505102572168217 1.1715728752538097
      vertex 2.7413592179003254 1.8199702169251353 0.8914161541721164
      vertex 2.849575046096197 1.4161032479149958 1.1715728752538097
    endloop
  endfacet
  facet normal -0.4408308678764606 -0.6788200084109371 -0.587257645423422
    outer loop
      vertex 2.028167234519709 1.2860050314002516 1.8214438599398917
      vertex 2.172820259907751 1.4851028402858106 1.4827184358006504
      vertex 2.445708077086058 1.307887419719124 1.4827184358006504
    endloop
  endfacet
  facet normal -0.44083086787646053 -0.6788200084109374 -0.5872576454234218
    outer loop
      vertex 2.028167234519709 1.2860050314002516 1.8214438599398917
      vertex 2.445708077086058 1.307887419719124 1.4827184358006504
      vertex 2.322658864109152 1.0947599310117586 1.8214438599398917
    endloop
  endfacet
  facet normal -0.47183281472594163 -0.7265588201744956 -0.49948581138450787
    outer loop
      vertex 2.2179869516232644 0.9134628604607982 2.184038001041813
      vertex 1.9051180215428025 1.116642319330631 2.184038001041813
      vertex 2.028167234519709 1.2860050314002516 1.8214438599398917
    endloop
  endfacet
  facet normal -0.49766528387136166 -0.7663373343403491 -0.40627128279680913
    outer loop
      vertex 1.8050207739041104 0.9788702773918092 2.566528201818799
      vertex 1.9051180215428025 1.116642319330631 2.184038001041813
      vertex 2.2179869516232644 0.9134628604607982 2.184038001041813
    endloop
  endfacet
  facet normal -0.47183281472594185 -0.7265588201744956 -0.49948581138450765
    outer loop
      vertex 2.2179869516232644 0.9134628604607982 2.184038001041813
      vertex 2.028167234519709 1.2860050314002516 1.8214438599398917
      vertex 2.322658864109152 1.0947599310117586 1.8214438599398917
    endloop
  endfacet
  facet normal -0.5093719625718699 -0.6290219881986805 -0.5872576454234213
    outer loop
      vertex 1.7552794173414017 1.506985228604683 1.8214438599398917
      vertex 1.9199514063238365 1.6898720004103902 1.4827184358006504
      vertex 2.028167234519709 1.2860050314002516 1.8214438599398917
    endloop
  endfacet
  facet normal -0.5093719625718687 -0.6290219881986807 -0.587257645423422
    outer loop
      vertex 2.028167234519709 1.2860050314002516 1.8214438599398917
      vertex 1.9199514063238365 1.6898720004103902 1.4827184358006504
      vertex 2.172820259907751 1.4851028402858106 1.4827184358006504
    endloop
  endfacet
  facet normal -0.5258052607539606 -0.5258052607539606 -0.6686237024866223
    outer loop
      vertex 1.6898720004103902 1.9199514063238365 1.4827184358006504
      vertex 2.10741284297674 1.8980690180049646 1.1715728752538097
      vertex 1.9199514063238365 1.6898720004103902 1.4827184358006504
    endloop
  endfacet
  facet normal -0.46796322863497875 -0.5778864604042988 -0.6686237024866211
    outer loop
      vertex 2.337492248890186 1.7117543887292626 1.1715728752538097
      vertex 2.172820259907751 1.4851028402858106 1.4827184358006504
      vertex 1.9199514063238365 1.6898720004103902 1.4827184358006504
    endloop
  endfacet
  facet normal -0.4049940934554715 -0.6236362150639293 -0.6686237024866211
    outer loop
      vertex 2.337492248890186 1.7117543887292626 1.1715728752538097
      vertex 2.445708077086058 1.307887419719124 1.4827184358006504
      vertex 2.172820259907751 1.4851028402858106 1.4827184358006504
    endloop
  endfacet
  facet normal -0.4679632286349798 -0.5778864604042965 -0.6686237024866222
    outer loop
      vertex 2.337492248890186 1.7117543887292626 1.1715728752538097
      vertex 1.9199514063238365 1.6898720004103902 1.4827184358006504
      vertex 2.10741284297674 1.8980690180049646 1.1715728752538097
    endloop
  endfacet
  facet normal -0.3674599379428076 -0.7211807345588251 -0.5872576454234217
    outer loop
      vertex 2.6355277941896134 0.9353452487796705 1.8214438599398917
      vertex 2.322658864109152 1.0947599310117586 1.8214438599398917
      vertex 2.735625041828306 1.1601673479427697 1.4827184358006504
    endloop
  endfacet
  facet normal -0.36745993794280774 -0.7211807345588249 -0.5872576454234218
    outer loop
      vertex 2.322658864109152 1.0947599310117586 1.8214438599398917
      vertex 2.445708077086058 1.307887419719124 1.4827184358006504
      vertex 2.735625041828306 1.1601673479427697 1.4827184358006504
    endloop
  endfacet
  facet normal -0.29006304003311767 -0.7556400536621155 -0.5872576454234216
    outer loop
      vertex 2.6355277941896134 0.9353452487796705 1.8214438599398917
      vertex 2.735625041828306 1.1601673479427697 1.4827184358006504
      vertex 2.9633461672910997 0.8095075653221886 1.8214438599398917
    endloop
  endfacet
  facet normal -0.3375877582376026 -0.6625532808470517 -0.6686237024866211
    outer loop
      vertex 2.445708077086058 1.307887419719124 1.4827184358006504
      vertex 2.849575046096197 1.4161032479149958 1.1715728752538097
      vertex 2.735625041828306 1.1601673479427697 1.4827184358006504
    endloop
  endfacet
  facet normal -0.40499409345547055 -0.6236362150639294 -0.6686237024866213
    outer loop
      vertex 2.337492248890186 1.7117543887292626 1.1715728752538097
      vertex 2.585786437626905 1.5505102572168217 1.1715728752538097
      vertex 2.445708077086058 1.307887419719124 1.4827184358006504
    endloop
  endfacet
  facet normal -0.33758775823760284 -0.6625532808470516 -0.6686237024866214
    outer loop
      vertex 2.585786437626905 1.5505102572168217 1.1715728752538097
      vertex 2.849575046096197 1.4161032479149958 1.1715728752538097
      vertex 2.445708077086058 1.307887419719124 1.4827184358006504
    endloop
  endfacet
  facet normal -0.2364965514245734 -0.8826171457313299 -0.40627128279680846
    outer loop
      vertex 2.8986553677073665 0.6104097564366295 2.184038001041813
      vertex 3.2235908600504075 0.34728218291887636 2.566528201818799
      vertex 2.846031130386213 0.44844900757691075 2.566528201818799
    endloop
  endfacet
  facet normal -0.2094881507572324 -0.7818204222096361 -0.5872576454234218
    outer loop
      vertex 2.9633461672910997 0.8095075653221886 1.8214438599398917
      vertex 3.0393947631997524 1.0435610769755423 1.4827184358006504
      vertex 3.3536890765651517 0.959346169523589 1.4827184358006504
    endloop
  endfacet
  facet normal -0.20948815075723176 -0.7818204222096365 -0.5872576454234213
    outer loop
      vertex 2.9633461672910997 0.8095075653221886 1.8214438599398917
      vertex 3.3536890765651517 0.959346169523589 1.4827184358006504
      vertex 3.3025223367175056 0.7186255846325014 1.8214438599398917
    endloop
  endfacet
  facet normal -0.2242206502000612 -0.8368028586527542 -0.49948581138450815
    outer loop
      vertex 2.9633461672910997 0.8095075653221886 1.8214438599398917
      vertex 3.2589973081053665 0.5138564245079213 2.184038001041813
      vertex 2.8986553677073665 0.6104097564366295 2.184038001041813
    endloop
  endfacet
  facet normal -0.2242206502000606 -0.8368028586527541 -0.4994858113845086
    outer loop
      vertex 2.9633461672910997 0.8095075653221886 1.8214438599398917
      vertex 3.3025223367175056 0.7186255846325014 1.8214438599398917
      vertex 3.2589973081053665 0.5138564245079213 2.184038001041813
    endloop
  endfacet
  facet normal -0.23649655142457324 -0.8826171457313299 -0.40627128279680863
    outer loop
      vertex 2.8986553677073665 0.6104097564366295 2.184038001041813
      vertex 3.2589973081053665 0.5138564245079213 2.184038001041813
      vertex 3.2235908600504075 0.34728218291887636 2.566528201818799
    endloop
  endfacet
  facet normal -0.14294238467384646 -0.9025026977457683 -0.40627128279680863
    outer loop
      vertex 3.2589973081053665 0.5138564245079213 2.184038001041813
      vertex 3.627457829060546 0.45549801111474864 2.184038001041813
      vertex 3.2235908600504075 0.34728218291887636 2.566528201818799
    endloop
  endfacet
  facet normal -0.1429423846738465 -0.9025026977457683 -0.40627128279680874
    outer loop
      vertex 3.627457829060546 0.45549801111474864 2.184038001041813
      vertex 3.609657090725948 0.286135299045128 2.566528201818799
      vertex 3.2235908600504075 0.34728218291887636 2.566528201818799
    endloop
  endfacet
  facet normal -0.0621150700224824 -0.9115331869510648 -0.40650826210907126
    outer loop
      vertex 3.627457829060546 0.45549801111474864 2.184038001041813
      vertex 4 0.34581816942959653 2.3730534276967994
      vertex 3.609657090725948 0.286135299045128 2.566528201818799
    endloop
  endfacet
  facet normal -0.12661806546343485 -0.7994350026049875 -0.5872576454234213
    outer loop
      vertex 3.3025223367175056 0.7186255846325014 1.8214438599398917
      vertex 3.3536890765651517 0.959346169523589 1.4827184358006504
      vertex 3.6493402173794185 0.6636950287093226 1.8214438599398917
    endloop
  endfacet
  facet normal -0.12661806546343388 -0.7994350026049872 -0.5872576454234218
    outer loop
      vertex 3.6493402173794185 0.6636950287093226 1.8214438599398917
      vertex 3.3536890765651517 0.959346169523589 1.4827184358006504
      vertex 3.675064507656959 0.908445301736057 1.4827184358006504
    endloop
  endfacet
  facet normal -0.1355226291447178 -0.8556562050352133 -0.499485811384508
    outer loop
      vertex 3.2589973081053665 0.5138564245079213 2.184038001041813
      vertex 3.6493402173794185 0.6636950287093226 1.8214438599398917
      vertex 3.627457829060546 0.45549801111474864 2.184038001041813
    endloop
  endfacet
  facet normal -0.1355226291447185 -0.8556562050352128 -0.4994858113845086
    outer loop
      vertex 3.2589973081053665 0.5138564245079213 2.184038001041813
      vertex 3.3025223367175056 0.7186255846325014 1.8214438599398917
      vertex 3.6493402173794185 0.6636950287093226 1.8214438599398917
    endloop
  endfacet
  facet normal -0.17331487922635483 -0.6468199349804188 -0.7426883090171009
    outer loop
      vertex 3.125967951102358 1.3100059521441705 1.1715728752538097
      vertex 3.2221172170356507 1.6059229650185518 0.8914161541721164
      vertex 3.411936934139206 1.2333807940790975 1.1715728752538097
    endloop
  endfacet
  facet normal -0.23997653599810406 -0.62516024971176 -0.7426883090171007
    outer loop
      vertex 3.125967951102358 1.3100059521441705 1.1715728752538097
      vertex 2.849575046096197 1.4161032479149958 1.1715728752538097
      vertex 2.976129346900957 1.700348861418223 0.8914161541721164
    endloop
  endfacet
  facet normal -0.304008959623141 -0.5966511779240655 -0.7426883090171007
    outer loop
      vertex 2.7413592179003254 1.8199702169251353 0.8914161541721164
      vertex 2.976129346900957 1.700348861418223 0.8914161541721164
      vertex 2.849575046096197 1.4161032479149958 1.1715728752538097
    endloop
  endfacet
  facet normal -0.23997653599810384 -0.6251602497117599 -0.7426883090171009
    outer loop
      vertex 3.125967951102358 1.3100059521441705 1.1715728752538097
      vertex 2.976129346900957 1.700348861418223 0.8914161541721164
      vertex 3.2221172170356507 1.6059229650185518 0.8914161541721164
    endloop
  endfacet
  facet normal -0.21083246357115024 -0.5492373453316588 -0.8086334217663476
    outer loop
      vertex 2.976129346900957 1.700348861418223 0.8914161541721164
      vertex 3.326789129521538 1.9280699868810167 0.6453177282183038
      vertex 3.2221172170356507 1.6059229650185518 0.8914161541721164
    endloop
  endfacet
  facet normal -0.10475434836933041 -0.6613929256856595 -0.7426883090171006
    outer loop
      vertex 3.411936934139206 1.2333807940790975 1.1715728752538097
      vertex 3.736872426482247 1.4965083675968511 0.8914161541721164
      vertex 3.704348859185733 1.1870672949863832 1.1715728752538097
    endloop
  endfacet
  facet normal -0.1733148792263557 -0.646819934980419 -0.7426883090171006
    outer loop
      vertex 3.2221172170356507 1.6059229650185518 0.8914161541721164
      vertex 3.476627733722939 1.5377270776069647 0.8914161541721164
      vertex 3.411936934139206 1.2333807940790975 1.1715728752538097
    endloop
  endfacet
  facet normal -0.15226656559921994 -0.5682665591103058 -0.8086334217663474
    outer loop
      vertex 3.2221172170356507 1.6059229650185518 0.8914161541721164
      vertex 3.326789129521538 1.9280699868810167 0.6453177282183038
      vertex 3.5470527093786917 1.869050538536304 0.6453177282183038
    endloop
  endfacet
  facet normal -0.15226656559922022 -0.5682665591103057 -0.8086334217663477
    outer loop
      vertex 3.2221172170356507 1.6059229650185518 0.8914161541721164
      vertex 3.5470527093786917 1.869050538536304 0.6453177282183038
      vertex 3.476627733722939 1.5377270776069647 0.8914161541721164
    endloop
  endfacet
  facet normal -0.092032403270755 -0.5810697255499181 -0.8086334217663477
    outer loop
      vertex 3.476627733722939 1.5377270776069647 0.8914161541721164
      vertex 3.5470527093786917 1.869050538536304 0.6453177282183038
      vertex 3.736872426482247 1.4965083675968511 0.8914161541721164
    endloop
  endfacet
  facet normal -0.10475434836933008 -0.6613929256856598 -0.7426883090171006
    outer loop
      vertex 3.411936934139206 1.2333807940790975 1.1715728752538097
      vertex 3.476627733722939 1.5377270776069647 0.8914161541721164
      vertex 3.736872426482247 1.4965083675968511 0.8914161541721164
    endloop
  endfacet
  facet normal -0.092032403270755 -0.5810697255499181 -0.8086334217663477
    outer loop
      vertex 3.736872426482247 1.4965083675968511 0.8914161541721164
      vertex 3.5470527093786917 1.869050538536304 0.6453177282183038
      vertex 3.7722788745372062 1.8333782184212315 0.6453177282183038
    endloop
  endfacet
  facet normal -0.29006304003311745 -0.7556400536621155 -0.5872576454234218
    outer loop
      vertex 2.735625041828306 1.1601673479427697 1.4827184358006504
      vertex 3.0393947631997524 1.0435610769755423 1.4827184358006504
      vertex 2.9633461672910997 0.8095075653221886 1.8214438599398917
    endloop
  endfacet
  facet normal -0.26648274089570234 -0.6942112742370266 -0.6686237024866212
    outer loop
      vertex 2.735625041828306 1.1601673479427697 1.4827184358006504
      vertex 2.849575046096197 1.4161032479149958 1.1715728752538097
      vertex 3.0393947631997524 1.0435610769755423 1.4827184358006504
    endloop
  endfacet
  facet normal -0.26648274089570234 -0.6942112742370267 -0.6686237024866212
    outer loop
      vertex 3.125967951102358 1.3100059521441705 1.1715728752538097
      vertex 3.0393947631997524 1.0435610769755423 1.4827184358006504
      vertex 2.849575046096197 1.4161032479149958 1.1715728752538097
    endloop
  endfacet
  facet normal -0.19245808287945151 -0.7182633436334114 -0.6686237024866214
    outer loop
      vertex 3.411936934139206 1.2333807940790975 1.1715728752538097
      vertex 3.3536890765651517 0.959346169523589 1.4827184358006504
      vertex 3.0393947631997524 1.0435610769755423 1.4827184358006504
    endloop
  endfacet
  facet normal -0.19245808287945104 -0.7182633436334118 -0.6686237024866212
    outer loop
      vertex 3.125967951102358 1.3100059521441705 1.1715728752538097
      vertex 3.411936934139206 1.2333807940790975 1.1715728752538097
      vertex 3.0393947631997524 1.0435610769755423 1.4827184358006504
    endloop
  endfacet
  facet normal -0.11632481383272802 -0.7344459695306816 -0.6686237024866216
    outer loop
      vertex 3.411936934139206 1.2333807940790975 1.1715728752538097
      vertex 3.704348859185733 1.1870672949863832 1.1715728752538097
      vertex 3.3536890765651517 0.959346169523589 1.4827184358006504
    endloop
  endfacet
  facet normal -0.11632481383272741 -0.7344459695306821 -0.6686237024866212
    outer loop
      vertex 3.675064507656959 0.908445301736057 1.4827184358006504
      vertex 3.3536890765651517 0.959346169523589 1.4827184358006504
      vertex 3.704348859185733 1.1870672949863832 1.1715728752538097
    endloop
  endfacet
  facet normal -0.45151024860193756 -0.8861387572494044 -0.10438677266731518
    outer loop
      vertex 2.0246233188097245 0.5785472240916549 3.3742621398390766
      vertex 2.393083839764904 0.3908072115310155 3.3742621398390766
      vertex 2.375283101430306 0.35082609862886116 3.7906561750282246
    endloop
  endfacet
  facet normal -0.5327689066869619 -0.8203921732170563 -0.20763904784932624
    outer loop
      vertex 1.7289721779954577 0.8741983649059213 2.964723819589917
      vertex 2.0681483474218636 0.6539347850487687 2.964723819589917
      vertex 2.0246233188097245 0.5785472240916549 3.3742621398390766
    endloop
  endfacet
  facet normal -0.5180502573444479 -0.7977274407798454 -0.3086338625170443
    outer loop
      vertex 1.7289721779954577 0.8741983649059213 2.964723819589917
      vertex 1.8050207739041104 0.9788702773918092 2.566528201818799
      vertex 2.1328391470055967 0.7659825367100499 2.566528201818799
    endloop
  endfacet
  facet normal -0.5180502573444475 -0.7977274407798457 -0.3086338625170439
    outer loop
      vertex 1.7289721779954577 0.8741983649059213 2.964723819589917
      vertex 2.1328391470055967 0.7659825367100499 2.566528201818799
      vertex 2.0681483474218636 0.6539347850487687 2.964723819589917
    endloop
  endfacet
  facet normal -0.44409600972841323 -0.8715874941458983 -0.20763904784932624
    outer loop
      vertex 2.0681483474218636 0.6539347850487687 2.964723819589917
      vertex 2.428490287819863 0.47033139589578266 2.964723819589917
      vertex 2.0246233188097245 0.5785472240916549 3.3742621398390766
    endloop
  endfacet
  facet normal -0.4318271003390689 -0.8475084036872803 -0.30863386251704383
    outer loop
      vertex 2.0681483474218636 0.6539347850487687 2.964723819589917
      vertex 2.1328391470055967 0.7659825367100499 2.566528201818799
      vertex 2.428490287819863 0.47033139589578266 2.964723819589917
    endloop
  endfacet
  facet normal -0.5416635507549862 -0.8340887239830083 -0.10438677266731487
    outer loop
      vertex 1.652081147870271 0.7683669411952101 3.7906561750282246
      vertex 2.0246233188097245 0.5785472240916549 3.3742621398390766
      vertex 2.0027409304908526 0.5406458157324168 3.7906561750282246
    endloop
  endfacet
  facet normal -0.4440960097284123 -0.8715874941458991 -0.20763904784932505
    outer loop
      vertex 2.0246233188097245 0.5785472240916549 3.3742621398390766
      vertex 2.428490287819863 0.47033139589578266 2.964723819589917
      vertex 2.393083839764904 0.3908072115310155 3.3742621398390766
    endloop
  endfacet
  facet normal -0.45151024860193795 -0.8861387572494043 -0.10438677266731484
    outer loop
      vertex 2.0246233188097245 0.5785472240916549 3.3742621398390766
      vertex 2.375283101430306 0.35082609862886116 3.7906561750282246
      vertex 2.0027409304908526 0.5406458157324168 3.7906561750282246
    endloop
  endfacet
  facet normal -0.3505575039542103 -0.9132335200974715 -0.20763904784932619
    outer loop
      vertex 2.8060500174840586 0.32539979460000445 2.964723819589917
      vertex 2.779150070440445 0.24261027043298888 3.3742621398390766
      vertex 2.428490287819863 0.47033139589578266 2.964723819589917
    endloop
  endfacet
  facet normal -0.3408727552567402 -0.8880038871713846 -0.3086338625170436
    outer loop
      vertex 2.8060500174840586 0.32539979460000445 2.964723819589917
      vertex 2.428490287819863 0.47033139589578266 2.964723819589917
      vertex 2.846031130386213 0.44844900757691075 2.566528201818799
    endloop
  endfacet
  facet normal -0.35055750395421154 -0.9132335200974715 -0.20763904784932508
    outer loop
      vertex 2.393083839764904 0.3908072115310155 3.3742621398390766
      vertex 2.428490287819863 0.47033139589578266 2.964723819589917
      vertex 2.779150070440445 0.24261027043298888 3.3742621398390766
    endloop
  endfacet
  facet normal -0.35641010568061054 -0.9284800688549206 -0.10438677266731522
    outer loop
      vertex 2.393083839764904 0.3908072115310155 3.3742621398390766
      vertex 2.765626010704358 0.20098749442746033 3.7906561750282246
      vertex 2.375283101430306 0.35082609862886116 3.7906561750282246
    endloop
  endfacet
  facet normal -0.35641010568061027 -0.9284800688549207 -0.10438677266731551
    outer loop
      vertex 2.393083839764904 0.3908072115310155 3.3742621398390766
      vertex 2.779150070440445 0.24261027043298888 3.3742621398390766
      vertex 2.765626010704358 0.20098749442746033 3.7906561750282246
    endloop
  endfacet
  facet normal -0.43182710033906796 -0.8475084036872804 -0.30863386251704455
    outer loop
      vertex 2.1328391470055967 0.7659825367100499 2.566528201818799
      vertex 2.4811145251410176 0.5885273681177572 2.566528201818799
      vertex 2.428490287819863 0.47033139589578266 2.964723819589917
    endloop
  endfacet
  facet normal -0.34087275525674104 -0.888003887171384 -0.3086338625170445
    outer loop
      vertex 2.4811145251410176 0.5885273681177572 2.566528201818799
      vertex 2.846031130386213 0.44844900757691075 2.566528201818799
      vertex 2.428490287819863 0.47033139589578266 2.964723819589917
    endloop
  endfacet
  facet normal -0.2531782168078171 -0.9448739684964546 -0.20763904784932619
    outer loop
      vertex 2.8060500174840586 0.32539979460000445 2.964723819589917
      vertex 3.196690913006794 0.2207278821141161 2.964723819589917
      vertex 2.779150070440445 0.24261027043298888 3.3742621398390766
    endloop
  endfacet
  facet normal -0.24618373693561452 -0.9187702142408768 -0.3086338625170437
    outer loop
      vertex 2.8060500174840586 0.32539979460000445 2.964723819589917
      vertex 2.846031130386213 0.44844900757691075 2.566528201818799
      vertex 3.196690913006794 0.2207278821141161 2.964723819589917
    endloop
  endfacet
  facet normal -0.2461837369356136 -0.9187702142408769 -0.30863386251704444
    outer loop
      vertex 2.846031130386213 0.44844900757691075 2.566528201818799
      vertex 3.2235908600504075 0.34728218291887636 2.566528201818799
      vertex 3.196690913006794 0.2207278821141161 2.964723819589917
    endloop
  endfacet
  facet normal -0.2574050590578383 -0.9606487585291166 -0.10438677266731543
    outer loop
      vertex 2.779150070440445 0.24261027043298888 3.3742621398390766
      vertex 3.1694929797144966 0.09277166623158806 3.7906561750282246
      vertex 2.765626010704358 0.20098749442746033 3.7906561750282246
    endloop
  endfacet
  facet normal -0.2574050590578388 -0.9606487585291167 -0.10438677266731493
    outer loop
      vertex 2.779150070440445 0.24261027043298888 3.3742621398390766
      vertex 3.1785921884235115 0.1355800774964484 3.3742621398390766
      vertex 3.1694929797144966 0.09277166623158806 3.7906561750282246
    endloop
  endfacet
  facet normal -0.25317821680781655 -0.9448739684964549 -0.20763904784932558
    outer loop
      vertex 2.779150070440445 0.24261027043298888 3.3742621398390766
      vertex 3.196690913006794 0.2207278821141161 2.964723819589917
      vertex 3.1785921884235115 0.1355800774964484 3.3742621398390766
    endloop
  endfacet
  facet normal -0.1487974780753568 -0.9394703025781198 -0.3086338625170441
    outer loop
      vertex 3.196690913006794 0.2207278821141161 2.964723819589917
      vertex 3.609657090725948 0.286135299045128 2.566528201818799
      vertex 3.5961330309898614 0.1574624658153212 2.964723819589917
    endloop
  endfacet
  facet normal -0.15302505613712292 -0.9661621799690028 -0.20763904784932616
    outer loop
      vertex 3.196690913006794 0.2207278821141161 2.964723819589917
      vertex 3.5961330309898614 0.1574624658153212 2.964723819589917
      vertex 3.587033822280846 0.07088927791271571 3.3742621398390766
    endloop
  endfacet
  facet normal -0.14879747807535712 -0.9394703025781196 -0.30863386251704444
    outer loop
      vertex 3.196690913006794 0.2207278821141161 2.964723819589917
      vertex 3.2235908600504075 0.34728218291887636 2.566528201818799
      vertex 3.609657090725948 0.286135299045128 2.566528201818799
    endloop
  endfacet
  facet normal -0.06351161439121006 -0.948998820232301 -0.3088163111545813
    outer loop
      vertex 3.5961330309898614 0.1574624658153212 2.964723819589917
      vertex 3.609657090725948 0.286135299045128 2.566528201818799
      vertex 4 0.19577393481938588 2.76393202250021
    endloop
  endfacet
  facet normal -0.15302505613712347 -0.9661621799690028 -0.20763904784932555
    outer loop
      vertex 3.196690913006794 0.2207278821141161 2.964723819589917
      vertex 3.587033822280846 0.07088927791271571 3.3742621398390766
      vertex 3.1785921884235115 0.1355800774964484 3.3742621398390766
    endloop
  endfacet
  facet normal -0.1555798287425548 -0.9822923793761915 -0.10438677266731498
    outer loop
      vertex 3.1785921884235115 0.1355800774964484 3.3742621398390766
      vertex 3.5824591574336506 0.027364249300577015 3.7906561750282246
      vertex 3.1694929797144966 0.09277166623158806 3.7906561750282246
    endloop
  endfacet
  facet normal -0.1555798287425542 -0.9822923793761915 -0.10438677266731551
    outer loop
      vertex 3.1785921884235115 0.1355800774964484 3.3742621398390766
      vertex 3.587033822280846 0.07088927791271571 3.3742621398390766
      vertex 3.5824591574336506 0.027364249300577015 3.7906561750282246
    endloop
  endfacet
  facet normal -0.06454671051203015 -0.9760472935114977 -0.20776285276958614
    outer loop
      vertex 3.5961330309898614 0.1574624658153212 2.964723819589917
      vertex 4 0.08740959706477724 3.1683532367289624
      vertex 3.587033822280846 0.07088927791271571 3.3742621398390766
    endloop
  endfacet
  facet normal -0.06518221914042945 -0.992391867739459 -0.10444931379629692
    outer loop
      vertex 3.587033822280846 0.07088927791271571 3.3742621398390766
      vertex 4 0.02191241852690684 3.581886146929386
      vertex 3.5824591574336506 0.027364249300577015 3.7906561750282246
    endloop
  endfacet
  facet normal -0.4735050557540648 -0.4735050557540648 -0.7426883090171003
    outer loop
      vertex 1.8980690180049646 2.10741284297674 1.1715728752538097
      vertex 2.1292952312956124 2.315609860571314 0.8914161541721164
      vertex 2.10741284297674 1.8980690180049646 1.1715728752538097
    endloop
  endfacet
  facet normal -0.5204059013424287 -0.42141638968755646 -0.7426883090171004
    outer loop
      vertex 1.7117543887292626 2.337492248890186 1.1715728752538097
      vertex 2.1292952312956124 2.315609860571314 0.8914161541721164
      vertex 1.8980690180049646 2.10741284297674 1.1715728752538097
    endloop
  endfacet
  facet normal -0.42141638968755646 -0.5204059013424287 -0.7426883090171004
    outer loop
      vertex 2.337492248890186 1.7117543887292626 1.1715728752538097
      vertex 2.10741284297674 1.8980690180049646 1.1715728752538097
      vertex 2.315609860571314 2.1292952312956124 0.8914161541721164
    endloop
  endfacet
  facet normal -0.4159999935110866 -0.4159999935110866 -0.8086334217663477
    outer loop
      vertex 2.1292952312956124 2.315609860571314 0.8914161541721164
      vertex 2.542261409014766 2.381017277502325 0.6453177282183038
      vertex 2.315609860571314 2.1292952312956124 0.8914161541721164
    endloop
  endfacet
  facet normal -0.4735050557540648 -0.47350505575406493 -0.7426883090171003
    outer loop
      vertex 2.10741284297674 1.8980690180049646 1.1715728752538097
      vertex 2.1292952312956124 2.315609860571314 0.8914161541721164
      vertex 2.315609860571314 2.1292952312956124 0.8914161541721164
    endloop
  endfacet
  facet normal -0.5204059013424289 -0.4214163896875553 -0.7426883090171008
    outer loop
      vertex 1.7117543887292626 2.337492248890186 1.1715728752538097
      vertex 1.9634764349359757 2.520379020695894 0.8914161541721164
      vertex 2.1292952312956124 2.315609860571314 0.8914161541721164
    endloop
  endfacet
  facet normal -0.4934006575892155 -0.32041813352708 -0.8086334217663478
    outer loop
      vertex 1.8199702169251353 2.7413592179003254 0.8914161541721164
      vertex 2.113315039137377 2.910721929969946 0.6453177282183038
      vertex 1.9634764349359757 2.520379020695894 0.8914161541721164
    endloop
  endfacet
  facet normal -0.49340065758921536 -0.32041813352707993 -0.8086334217663478
    outer loop
      vertex 1.9634764349359757 2.520379020695894 0.8914161541721164
      vertex 2.113315039137377 2.910721929969946 0.6453177282183038
      vertex 2.237511059491484 2.7194768295814526 0.6453177282183038
    endloop
  endfacet
  facet normal -0.45720494206090273 -0.3702372619787675 -0.8086334217663478
    outer loop
      vertex 2.1292952312956124 2.315609860571314 0.8914161541721164
      vertex 1.9634764349359757 2.520379020695894 0.8914161541721164
      vertex 2.237511059491484 2.7194768295814526 0.6453177282183038
    endloop
  endfacet
  facet normal -0.45720494206090306 -0.3702372619787673 -0.8086334217663477
    outer loop
      vertex 2.1292952312956124 2.315609860571314 0.8914161541721164
      vertex 2.237511059491484 2.7194768295814526 0.6453177282183038
      vertex 2.381017277502325 2.542261409014766 0.6453177282183038
    endloop
  endfacet
  facet normal -0.4214163896875553 -0.5204059013424289 -0.7426883090171008
    outer loop
      vertex 2.337492248890186 1.7117543887292626 1.1715728752538097
      vertex 2.315609860571314 2.1292952312956124 0.8914161541721164
      vertex 2.520379020695894 1.9634764349359757 0.8914161541721164
    endloop
  endfacet
  facet normal -0.37023726197876755 -0.4572049420609028 -0.8086334217663477
    outer loop
      vertex 2.315609860571314 2.1292952312956124 0.8914161541721164
      vertex 2.542261409014766 2.381017277502325 0.6453177282183038
      vertex 2.520379020695894 1.9634764349359757 0.8914161541721164
    endloop
  endfacet
  facet normal -0.32041813352708 -0.4934006575892155 -0.8086334217663478
    outer loop
      vertex 2.7413592179003254 1.8199702169251353 0.8914161541721164
      vertex 2.520379020695894 1.9634764349359757 0.8914161541721164
      vertex 2.910721929969946 2.113315039137377 0.6453177282183038
    endloop
  endfacet
  facet normal -0.32041813352707993 -0.49340065758921536 -0.8086334217663478
    outer loop
      vertex 2.520379020695894 1.9634764349359757 0.8914161541721164
      vertex 2.7194768295814526 2.237511059491484 0.6453177282183038
      vertex 2.910721929969946 2.113315039137377 0.6453177282183038
    endloop
  endfacet
  facet normal -0.3702372619787673 -0.4572049420609029 -0.8086334217663477
    outer loop
      vertex 2.520379020695894 1.9634764349359757 0.8914161541721164
      vertex 2.542261409014766 2.381017277502325 0.6453177282183038
      vertex 2.7194768295814526 2.237511059491484 0.6453177282183038
    endloop
  endfacet
  facet normal -0.35391710152737843 -0.35391710152737843 -0.8657282313133369
    outer loop
      vertex 2.784884246512464 2.650477237210638 0.4359739032465284
      vertex 2.542261409014766 2.381017277502325 0.6453177282183038
      vertex 2.381017277502325 2.542261409014766 0.6453177282183038
    endloop
  endfacet
  facet normal -0.3889727173610536 -0.3149838958674553 -0.8657282313133366
    outer loop
      vertex 2.237511059491484 2.7194768295814526 0.6453177282183038
      vertex 2.530855881703726 2.932604318288818 0.4359739032465284
      vertex 2.381017277502325 2.542261409014766 0.6453177282183038
    endloop
  endfacet
  facet normal -0.3889727173610522 -0.31498389586745595 -0.8657282313133369
    outer loop
      vertex 2.650477237210638 2.784884246512464 0.4359739032465284
      vertex 2.381017277502325 2.542261409014766 0.6453177282183038
      vertex 2.530855881703726 2.932604318288818 0.4359739032465284
    endloop
  endfacet
  facet normal -0.3149838958674553 -0.3889727173610536 -0.8657282313133366
    outer loop
      vertex 2.7194768295814526 2.237511059491484 0.6453177282183038
      vertex 2.542261409014766 2.381017277502325 0.6453177282183038
      vertex 2.932604318288818 2.530855881703726 0.4359739032465284
    endloop
  endfacet
  facet normal -0.31498389586745595 -0.3889727173610522 -0.8657282313133369
    outer loop
      vertex 2.784884246512464 2.650477237210638 0.4359739032465284
      vertex 2.932604318288818 2.530855881703726 0.4359739032465284
      vertex 2.542261409014766 2.381017277502325 0.6453177282183038
    endloop
  endfacet
  facet normal -0.35391710152737843 -0.35391710152737843 -0.8657282313133369
    outer loop
      vertex 2.650477237210638 2.784884246512464 0.4359739032465284
      vertex 2.784884246512464 2.650477237210638 0.4359739032465284
      vertex 2.381017277502325 2.542261409014766 0.6453177282183038
    endloop
  endfacet
  facet normal -0.4159999935110866 -0.4159999935110866 -0.8086334217663478
    outer loop
      vertex 2.1292952312956124 2.315609860571314 0.8914161541721164
      vertex 2.381017277502325 2.542261409014766 0.6453177282183038
      vertex 2.542261409014766 2.381017277502325 0.6453177282183038
    endloop
  endfacet
  facet normal -0.5258052607539605 -0.5258052607539606 -0.6686237024866221
    outer loop
      vertex 1.6898720004103902 1.9199514063238365 1.4827184358006504
      vertex 1.8980690180049646 2.10741284297674 1.1715728752538097
      vertex 2.10741284297674 1.8980690180049646 1.1715728752538097
    endloop
  endfacet
  facet normal -0.4672704142847351 -0.1793683066800096 -0.8657282313133364
    outer loop
      vertex 2.3410361646001707 3.261381712590527 0.4359739032465284
      vertex 2.0097899340286904 3.113901388839779 0.6453177282183038
      vertex 1.9280699868810167 3.326789129521538 0.6453177282183038
    endloop
  endfacet
  facet normal -0.41976666670554685 -0.2725996607297896 -0.8657282313133365
    outer loop
      vertex 2.237511059491484 2.7194768295814526 0.6453177282183038
      vertex 2.113315039137377 2.910721929969946 0.6453177282183038
      vertex 2.530855881703726 2.932604318288818 0.4359739032465284
    endloop
  endfacet
  facet normal -0.44596156460779085 -0.2272287666640236 -0.8657282313133365
    outer loop
      vertex 2.3410361646001707 3.261381712590527 0.4359739032465284
      vertex 2.113315039137377 2.910721929969946 0.6453177282183038
      vertex 2.0097899340286904 3.113901388839779 0.6453177282183038
    endloop
  endfacet
  facet normal -0.44596156460779074 -0.22722876666402367 -0.8657282313133365
    outer loop
      vertex 2.3410361646001707 3.261381712590527 0.4359739032465284
      vertex 2.42733077659504 3.0920190005209065 0.4359739032465284
      vertex 2.113315039137377 2.910721929969946 0.6453177282183038
    endloop
  endfacet
  facet normal -0.5241905722622535 -0.2670884369526676 -0.8086334217663478
    outer loop
      vertex 1.8199702169251353 2.7413592179003254 0.8914161541721164
      vertex 1.700348861418223 2.976129346900957 0.8914161541721164
      vertex 2.113315039137377 2.910721929969946 0.6453177282183038
    endloop
  endfacet
  facet normal -0.5241905722622535 -0.26708843695266693 -0.8086334217663479
    outer loop
      vertex 1.700348861418223 2.976129346900957 0.8914161541721164
      vertex 2.0097899340286904 3.113901388839779 0.6453177282183038
      vertex 2.113315039137377 2.910721929969946 0.6453177282183038
    endloop
  endfacet
  facet normal -0.5492373453316579 -0.21083246357115124 -0.8086334217663479
    outer loop
      vertex 1.700348861418223 2.976129346900957 0.8914161541721164
      vertex 1.9280699868810167 3.326789129521538 0.6453177282183038
      vertex 2.0097899340286904 3.113901388839779 0.6453177282183038
    endloop
  endfacet
  facet normal -0.48345975152015513 -0.12954264999277731 -0.865728231313337
    outer loop
      vertex 1.869050538536304 3.5470527093786917 0.6453177282183038
      vertex 2.2729175075464436 3.43883688118282 0.4359739032465284
      vertex 1.9280699868810167 3.326789129521538 0.6453177282183038
    endloop
  endfacet
  facet normal -0.4943522025474642 -0.07829769692368124 -0.8657282313133369
    outer loop
      vertex 1.869050538536304 3.5470527093786917 0.6453177282183038
      vertex 1.8333782184212315 3.7722788745372062 0.6453177282183038
      vertex 2.1939860308793455 3.8101802828964444 0.4359739032465284
    endloop
  endfacet
  facet normal -0.4943522025474634 -0.07829769692368238 -0.8657282313133371
    outer loop
      vertex 1.869050538536304 3.5470527093786917 0.6453177282183038
      vertex 2.1939860308793455 3.8101802828964444 0.4359739032465284
      vertex 2.223721127695284 3.6224402703358054 0.4359739032465284
    endloop
  endfacet
  facet normal -0.4672704142847351 -0.17936830668000786 -0.8657282313133371
    outer loop
      vertex 2.3410361646001707 3.261381712590527 0.4359739032465284
      vertex 1.9280699868810167 3.326789129521538 0.6453177282183038
      vertex 2.2729175075464436 3.43883688118282 0.4359739032465284
    endloop
  endfacet
  facet normal -0.4834597515201551 -0.12954264999277681 -0.8657282313133372
    outer loop
      vertex 1.869050538536304 3.5470527093786917 0.6453177282183038
      vertex 2.223721127695284 3.6224402703358054 0.4359739032465284
      vertex 2.2729175075464436 3.43883688118282 0.4359739032465284
    endloop
  endfacet
  facet normal -0.40218898858984053 -0.06370047786249369 -0.9133379804744634
    outer loop
      vertex 2.223721127695284 3.6224402703358054 0.4359739032465284
      vertex 2.1939860308793455 3.8101802828964444 0.4359739032465284
      vertex 2.597852999889484 3.7019644547005726 0.26567829401119303
    endloop
  endfacet
  facet normal -0.41976666670554685 -0.2725996607297895 -0.8657282313133364
    outer loop
      vertex 2.113315039137377 2.910721929969946 0.6453177282183038
      vertex 2.42733077659504 3.0920190005209065 0.4359739032465284
      vertex 2.530855881703726 2.932604318288818 0.4359739032465284
    endloop
  endfacet
  facet normal -0.3628199281712092 -0.18486598698697204 -0.9133379804744634
    outer loop
      vertex 2.3410361646001707 3.261381712590527 0.4359739032465284
      vertex 2.6904583501127926 3.4169544928639475 0.26567829401119303
      vertex 2.42733077659504 3.0920190005209065 0.4359739032465284
    endloop
  endfacet
  facet normal -0.3164556423099242 -0.25626072635704816 -0.9133379804744634
    outer loop
      vertex 2.650477237210638 2.784884246512464 0.4359739032465284
      vertex 2.530855881703726 2.932604318288818 0.4359739032465284
      vertex 2.8402969543141934 3.1574264174519175 0.26567829401119303
    endloop
  endfacet
  facet normal -0.31645564230992523 -0.25626072635704755 -0.9133379804744632
    outer loop
      vertex 2.650477237210638 2.784884246512464 0.4359739032465284
      vertex 2.8402969543141934 3.1574264174519175 0.26567829401119303
      vertex 2.9347228507138645 3.0408201464846902 0.26567829401119303
    endloop
  endfacet
  facet normal -0.34150860511200604 -0.22177828130202581 -0.9133379804744635
    outer loop
      vertex 2.530855881703726 2.932604318288818 0.4359739032465284
      vertex 2.42733077659504 3.0920190005209065 0.4359739032465284
      vertex 2.8402969543141934 3.1574264174519175 0.26567829401119303
    endloop
  endfacet
  facet normal -0.3628199281712092 -0.184865986986972 -0.9133379804744632
    outer loop
      vertex 2.42733077659504 3.0920190005209065 0.4359739032465284
      vertex 2.6904583501127926 3.4169544928639475 0.26567829401119303
      vertex 2.75857700716652 3.2832641009093995 0.26567829401119303
    endloop
  endfacet
  facet normal -0.3415086051120059 -0.22177828130202634 -0.9133379804744634
    outer loop
      vertex 2.42733077659504 3.0920190005209065 0.4359739032465284
      vertex 2.75857700716652 3.2832641009093995 0.26567829401119303
      vertex 2.8402969543141934 3.1574264174519175 0.26567829401119303
    endloop
  endfacet
  facet normal -0.38015612017241857 -0.14592826223279226 -0.9133379804744632
    outer loop
      vertex 2.3410361646001707 3.261381712590527 0.4359739032465284
      vertex 2.2729175075464436 3.43883688118282 0.4359739032465284
      vertex 2.6366873054144375 3.557032853404794 0.26567829401119303
    endloop
  endfacet
  facet normal -0.3801561201724182 -0.1459282622327927 -0.9133379804744634
    outer loop
      vertex 2.3410361646001707 3.261381712590527 0.4359739032465284
      vertex 2.6366873054144375 3.557032853404794 0.26567829401119303
      vertex 2.6904583501127926 3.4169544928639475 0.26567829401119303
    endloop
  endfacet
  facet normal -0.39332724216823556 -0.10539171690013938 -0.9133379804744631
    outer loop
      vertex 2.2729175075464436 3.43883688118282 0.4359739032465284
      vertex 2.223721127695284 3.6224402703358054 0.4359739032465284
      vertex 2.597852999889484 3.7019644547005726 0.26567829401119303
    endloop
  endfacet
  facet normal -0.39332724216823556 -0.10539171690013942 -0.9133379804744634
    outer loop
      vertex 2.2729175075464436 3.43883688118282 0.4359739032465284
      vertex 2.597852999889484 3.7019644547005726 0.26567829401119303
      vertex 2.6366873054144375 3.557032853404794 0.26567829401119303
    endloop
  endfacet
  facet normal -0.28885025198379843 -0.11087922324749737 -0.9509318218363123
    outer loop
      vertex 2.6904583501127926 3.4169544928639475 0.26567829401119303
      vertex 2.6366873054144375 3.557032853404794 0.26567829401119303
      vertex 3.054228147980787 3.5789152417236663 0.13629669484372675
    endloop
  endfacet
  facet normal -0.2988579348949026 -0.08007874230672224 -0.9509318218363122
    outer loop
      vertex 2.6366873054144375 3.557032853404794 0.26567829401119303
      vertex 2.597852999889484 3.7019644547005726 0.26567829401119303
      vertex 3.0153938424558335 3.6800820663817 0.13629669484372675
    endloop
  endfacet
  facet normal -0.2725996607297896 -0.41976666670554685 -0.8657282313133365
    outer loop
      vertex 2.7194768295814526 2.237511059491484 0.6453177282183038
      vertex 2.932604318288818 2.530855881703726 0.4359739032465284
      vertex 2.910721929969946 2.113315039137377 0.6453177282183038
    endloop
  endfacet
  facet normal -0.22722876666402367 -0.44596156460779074 -0.8657282313133365
    outer loop
      vertex 2.910721929969946 2.113315039137377 0.6453177282183038
      vertex 3.0920190005209065 2.42733077659504 0.4359739032465284
      vertex 3.113901388839779 2.0097899340286904 0.6453177282183038
    endloop
  endfacet
  facet normal -0.22722876666402367 -0.44596156460779074 -0.8657282313133365
    outer loop
      vertex 3.261381712590527 2.3410361646001707 0.4359739032465284
      vertex 3.113901388839779 2.0097899340286904 0.6453177282183038
      vertex 3.0920190005209065 2.42733077659504 0.4359739032465284
    endloop
  endfacet
  facet normal -0.1793683066800081 -0.46727041428473576 -0.8657282313133365
    outer loop
      vertex 3.261381712590527 2.3410361646001707 0.4359739032465284
      vertex 3.43883688118282 2.2729175075464436 0.4359739032465284
      vertex 3.113901388839779 2.0097899340286904 0.6453177282183038
    endloop
  endfacet
  facet normal -0.2670884369526676 -0.5241905722622535 -0.8086334217663478
    outer loop
      vertex 2.7413592179003254 1.8199702169251353 0.8914161541721164
      vertex 2.910721929969946 2.113315039137377 0.6453177282183038
      vertex 2.976129346900957 1.700348861418223 0.8914161541721164
    endloop
  endfacet
  facet normal -0.26708843695266693 -0.5241905722622535 -0.8086334217663479
    outer loop
      vertex 2.976129346900957 1.700348861418223 0.8914161541721164
      vertex 2.910721929969946 2.113315039137377 0.6453177282183038
      vertex 3.113901388839779 2.0097899340286904 0.6453177282183038
    endloop
  endfacet
  facet normal -0.21083246357115124 -0.5492373453316579 -0.8086334217663479
    outer loop
      vertex 2.976129346900957 1.700348861418223 0.8914161541721164
      vertex 3.113901388839779 2.0097899340286904 0.6453177282183038
      vertex 3.326789129521538 1.9280699868810167 0.6453177282183038
    endloop
  endfacet
  facet normal -0.2725996607297895 -0.41976666670554685 -0.8657282313133364
    outer loop
      vertex 2.910721929969946 2.113315039137377 0.6453177282183038
      vertex 2.932604318288818 2.530855881703726 0.4359739032465284
      vertex 3.0920190005209065 2.42733077659504 0.4359739032465284
    endloop
  endfacet
  facet normal -0.2879355252680962 -0.2879355252680962 -0.9133379804744634
    outer loop
      vertex 2.650477237210638 2.784884246512464 0.4359739032465284
      vertex 3.0408201464846902 2.9347228507138645 0.26567829401119303
      vertex 2.784884246512464 2.650477237210638 0.4359739032465284
    endloop
  endfacet
  facet normal -0.2562607263570484 -0.31645564230992446 -0.9133379804744634
    outer loop
      vertex 2.784884246512464 2.650477237210638 0.4359739032465284
      vertex 3.0408201464846902 2.9347228507138645 0.26567829401119303
      vertex 2.932604318288818 2.530855881703726 0.4359739032465284
    endloop
  endfacet
  facet normal -0.25626072635704733 -0.31645564230992473 -0.9133379804744635
    outer loop
      vertex 2.932604318288818 2.530855881703726 0.4359739032465284
      vertex 3.0408201464846902 2.9347228507138645 0.26567829401119303
      vertex 3.1574264174519175 2.8402969543141934 0.26567829401119303
    endloop
  endfacet
  facet normal -0.2217782813020259 -0.34150860511200615 -0.9133379804744634
    outer loop
      vertex 2.932604318288818 2.530855881703726 0.4359739032465284
      vertex 3.2832641009093995 2.75857700716652 0.26567829401119303
      vertex 3.0920190005209065 2.42733077659504 0.4359739032465284
    endloop
  endfacet
  facet normal -0.18486598698697204 -0.3628199281712092 -0.9133379804744634
    outer loop
      vertex 3.261381712590527 2.3410361646001707 0.4359739032465284
      vertex 3.0920190005209065 2.42733077659504 0.4359739032465284
      vertex 3.4169544928639475 2.6904583501127926 0.26567829401119303
    endloop
  endfacet
  facet normal -0.22177828130202615 -0.3415086051120059 -0.9133379804744634
    outer loop
      vertex 2.932604318288818 2.530855881703726 0.4359739032465284
      vertex 3.1574264174519175 2.8402969543141934 0.26567829401119303
      vertex 3.2832641009093995 2.75857700716652 0.26567829401119303
    endloop
  endfacet
  facet normal -0.184865986986972 -0.3628199281712092 -0.9133379804744632
    outer loop
      vertex 3.0920190005209065 2.42733077659504 0.4359739032465284
      vertex 3.2832641009093995 2.75857700716652 0.26567829401119303
      vertex 3.4169544928639475 2.6904583501127926 0.26567829401119303
    endloop
  endfacet
  facet normal -0.17936830668000936 -0.46727041428473454 -0.865728231313337
    outer loop
      vertex 3.113901388839779 2.0097899340286904 0.6453177282183038
      vertex 3.43883688118282 2.2729175075464436 0.4359739032465284
      vertex 3.326789129521538 1.9280699868810167 0.6453177282183038
    endloop
  endfacet
  facet normal -0.1295426499927773 -0.48345975152015497 -0.8657282313133372
    outer loop
      vertex 3.5470527093786917 1.869050538536304 0.6453177282183038
      vertex 3.326789129521538 1.9280699868810167 0.6453177282183038
      vertex 3.6224402703358054 2.223721127695284 0.4359739032465284
    endloop
  endfacet
  facet normal -0.12954264999277687 -0.48345975152015525 -0.865728231313337
    outer loop
      vertex 3.43883688118282 2.2729175075464436 0.4359739032465284
      vertex 3.6224402703358054 2.223721127695284 0.4359739032465284
      vertex 3.326789129521538 1.9280699868810167 0.6453177282183038
    endloop
  endfacet
  facet normal -0.07829769692368116 -0.4943522025474636 -0.865728231313337
    outer loop
      vertex 3.5470527093786917 1.869050538536304 0.6453177282183038
      vertex 3.6224402703358054 2.223721127695284 0.4359739032465284
      vertex 3.7722788745372062 1.8333782184212315 0.6453177282183038
    endloop
  endfacet
  facet normal -0.07829769692368246 -0.494352202547464 -0.8657282313133366
    outer loop
      vertex 3.6224402703358054 2.223721127695284 0.4359739032465284
      vertex 3.8101802828964444 2.1939860308793455 0.4359739032465284
      vertex 3.7722788745372062 1.8333782184212315 0.6453177282183038
    endloop
  endfacet
  facet normal -0.14592826223279226 -0.38015612017241857 -0.9133379804744632
    outer loop
      vertex 3.261381712590527 2.3410361646001707 0.4359739032465284
      vertex 3.557032853404794 2.6366873054144375 0.26567829401119303
      vertex 3.43883688118282 2.2729175075464436 0.4359739032465284
    endloop
  endfacet
  facet normal -0.1459282622327927 -0.3801561201724182 -0.9133379804744634
    outer loop
      vertex 3.261381712590527 2.3410361646001707 0.4359739032465284
      vertex 3.4169544928639475 2.6904583501127926 0.26567829401119303
      vertex 3.557032853404794 2.6366873054144375 0.26567829401119303
    endloop
  endfacet
  facet normal -0.10539171690013938 -0.39332724216823556 -0.9133379804744631
    outer loop
      vertex 3.43883688118282 2.2729175075464436 0.4359739032465284
      vertex 3.7019644547005726 2.597852999889484 0.26567829401119303
      vertex 3.6224402703358054 2.223721127695284 0.4359739032465284
    endloop
  endfacet
  facet normal -0.10539171690013942 -0.39332724216823556 -0.9133379804744634
    outer loop
      vertex 3.43883688118282 2.2729175075464436 0.4359739032465284
      vertex 3.557032853404794 2.6366873054144375 0.26567829401119303
      vertex 3.7019644547005726 2.597852999889484 0.26567829401119303
    endloop
  endfacet
  facet normal -0.063700477862493 -0.4021889885898406 -0.9133379804744632
    outer loop
      vertex 3.6224402703358054 2.223721127695284 0.4359739032465284
      vertex 3.7019644547005726 2.597852999889484 0.26567829401119303
      vertex 3.850161395798599 2.574380910315865 0.26567829401119303
    endloop
  endfacet
  facet normal -0.1108792232474974 -0.2888502519837985 -0.9509318218363122
    outer loop
      vertex 3.4169544928639475 2.6904583501127926 0.26567829401119303
      vertex 3.6800820663817 3.0153938424558335 0.13629669484372675
      vertex 3.557032853404794 2.6366873054144375 0.26567829401119303
    endloop
  endfacet
  facet normal -0.08007874230672224 -0.2988579348949026 -0.9509318218363122
    outer loop
      vertex 3.557032853404794 2.6366873054144375 0.26567829401119303
      vertex 3.6800820663817 3.0153938424558335 0.13629669484372675
      vertex 3.7019644547005726 2.597852999889484 0.26567829401119303
    endloop
  endfacet
  facet normal -0.28793552526809624 -0.28793552526809624 -0.9133379804744632
    outer loop
      vertex 2.650477237210638 2.784884246512464 0.4359739032465284
      vertex 2.9347228507138645 3.0408201464846902 0.26567829401119303
      vertex 3.0408201464846902 2.9347228507138645 0.26567829401119303
    endloop
  endfacet
  facet normal -0.2404493500761182 -0.19471204448375706 -0.9509318218363123
    outer loop
      vertex 2.9347228507138645 3.0408201464846902 0.26567829401119303
      vertex 2.8402969543141934 3.1574264174519175 0.26567829401119303
      vertex 3.2306398635882454 3.3072650216533184 0.13629669484372675
    endloop
  endfacet
  facet normal -0.1685115904738547 -0.2594850941673608 -0.9509318218363121
    outer loop
      vertex 3.2832641009093995 2.75857700716652 0.26567829401119303
      vertex 3.1574264174519175 2.8402969543141934 0.26567829401119303
      vertex 3.3914799291052713 3.1624439761766587 0.13629669484372675
    endloop
  endfacet
  facet normal -0.19471204448375706 -0.2404493500761182 -0.9509318218363123
    outer loop
      vertex 3.0408201464846902 2.9347228507138645 0.26567829401119303
      vertex 3.3072650216533184 3.2306398635882454 0.13629669484372675
      vertex 3.1574264174519175 2.8402969543141934 0.26567829401119303
    endloop
  endfacet
  facet normal -0.21877919258818032 -0.21877919258818032 -0.9509318218363121
    outer loop
      vertex 2.9347228507138645 3.0408201464846902 0.26567829401119303
      vertex 3.2306398635882454 3.3072650216533184 0.13629669484372675
      vertex 3.0408201464846902 2.9347228507138645 0.26567829401119303
    endloop
  endfacet
  facet normal -0.21877919258818052 -0.21877919258818038 -0.9509318218363122
    outer loop
      vertex 3.0408201464846902 2.9347228507138645 0.26567829401119303
      vertex 3.2306398635882454 3.3072650216533184 0.13629669484372675
      vertex 3.3072650216533184 3.2306398635882454 0.13629669484372675
    endloop
  endfacet
  facet normal -0.2756778652661585 -0.1404648882154042 -0.9509318218363122
    outer loop
      vertex 2.6904583501127926 3.4169544928639475 0.26567829401119303
      vertex 3.1034245278319466 3.4823619097949585 0.13629669484372675
      vertex 2.75857700716652 3.2832641009093995 0.26567829401119303
    endloop
  endfacet
  facet normal -0.2594850941673608 -0.1685115904738547 -0.9509318218363122
    outer loop
      vertex 2.75857700716652 3.2832641009093995 0.26567829401119303
      vertex 3.1034245278319466 3.4823619097949585 0.13629669484372675
      vertex 2.8402969543141934 3.1574264174519175 0.26567829401119303
    endloop
  endfacet
  facet normal -0.25948509416736093 -0.16851159047385458 -0.9509318218363123
    outer loop
      vertex 2.8402969543141934 3.1574264174519175 0.26567829401119303
      vertex 3.1034245278319466 3.4823619097949585 0.13629669484372675
      vertex 3.1624439761766587 3.3914799291052713 0.13629669484372675
    endloop
  endfacet
  facet normal -0.2756778652661585 -0.14046488821540415 -0.9509318218363122
    outer loop
      vertex 2.6904583501127926 3.4169544928639475 0.26567829401119303
      vertex 3.054228147980787 3.5789152417236663 0.13629669484372675
      vertex 3.1034245278319466 3.4823619097949585 0.13629669484372675
    endloop
  endfacet
  facet normal -0.2888502519837984 -0.11087922324749754 -0.9509318218363123
    outer loop
      vertex 2.6366873054144375 3.557032853404794 0.26567829401119303
      vertex 3.0153938424558335 3.6800820663817 0.13629669484372675
      vertex 3.054228147980787 3.5789152417236663 0.13629669484372675
    endloop
  endfacet
  facet normal -0.29885793489490253 -0.08007874230672123 -0.9509318218363122
    outer loop
      vertex 2.597852999889484 3.7019644547005726 0.26567829401119303
      vertex 2.987347088035019 3.784753978867588 0.13629669484372675
      vertex 3.0153938424558335 3.6800820663817 0.13629669484372675
    endloop
  endfacet
  facet normal -0.24044935007611817 -0.19471204448375723 -0.9509318218363122
    outer loop
      vertex 2.8402969543141934 3.1574264174519175 0.26567829401119303
      vertex 3.1624439761766587 3.3914799291052713 0.13629669484372675
      vertex 3.2306398635882454 3.3072650216533184 0.13629669484372675
    endloop
  endfacet
  facet normal -0.17459834653305764 -0.11338549199829744 -0.9780895396599569
    outer loop
      vertex 3.1624439761766587 3.3914799291052713 0.13629669484372675
      vertex 3.1034245278319466 3.4823619097949585 0.13629669484372675
      vertex 3.4937674371059986 3.6322005139963593 0.04924663761944892
    endloop
  endfacet
  facet normal -0.18549388975765185 -0.0945138575572377 -0.9780895396599567
    outer loop
      vertex 3.1034245278319466 3.4823619097949585 0.13629669484372675
      vertex 3.054228147980787 3.5789152417236663 0.13629669484372675
      vertex 3.4580951169909255 3.687131069919538 0.04924663761944892
    endloop
  endfacet
  facet normal -0.19435712310896924 -0.0746067095144841 -0.9780895396599569
    outer loop
      vertex 3.0153938424558335 3.6800820663817 0.13629669484372675
      vertex 3.4283600201749875 3.7454894833127117 0.04924663761944892
      vertex 3.054228147980787 3.5789152417236663 0.13629669484372675
    endloop
  endfacet
  facet normal -0.1404648882154042 -0.2756778652661585 -0.9509318218363122
    outer loop
      vertex 3.2832641009093995 2.75857700716652 0.26567829401119303
      vertex 3.4823619097949585 3.1034245278319466 0.13629669484372675
      vertex 3.4169544928639475 2.6904583501127926 0.26567829401119303
    endloop
  endfacet
  facet normal -0.16851159047385453 -0.25948509416736093 -0.9509318218363122
    outer loop
      vertex 3.2832641009093995 2.75857700716652 0.26567829401119303
      vertex 3.3914799291052713 3.1624439761766587 0.13629669484372675
      vertex 3.4823619097949585 3.1034245278319466 0.13629669484372675
    endloop
  endfacet
  facet normal -0.14046488821540415 -0.2756778652661585 -0.9509318218363122
    outer loop
      vertex 3.4169544928639475 2.6904583501127926 0.26567829401119303
      vertex 3.4823619097949585 3.1034245278319466 0.13629669484372675
      vertex 3.5789152417236663 3.054228147980787 0.13629669484372675
    endloop
  endfacet
  facet normal -0.19471204448375723 -0.24044935007611817 -0.9509318218363122
    outer loop
      vertex 3.1574264174519175 2.8402969543141934 0.26567829401119303
      vertex 3.3072650216533184 3.2306398635882454 0.13629669484372675
      vertex 3.3914799291052713 3.1624439761766587 0.13629669484372675
    endloop
  endfacet
  facet normal -0.11338549199829744 -0.17459834653305764 -0.9780895396599569
    outer loop
      vertex 3.3914799291052713 3.1624439761766587 0.13629669484372675
      vertex 3.6322005139963593 3.4937674371059986 0.04924663761944892
      vertex 3.4823619097949585 3.1034245278319466 0.13629669484372675
    endloop
  endfacet
  facet normal -0.11087922324749765 -0.28885025198379827 -0.9509318218363121
    outer loop
      vertex 3.4169544928639475 2.6904583501127926 0.26567829401119303
      vertex 3.5789152417236663 3.054228147980787 0.13629669484372675
      vertex 3.6800820663817 3.0153938424558335 0.13629669484372675
    endloop
  endfacet
  facet normal -0.08007874230672123 -0.29885793489490253 -0.9509318218363122
    outer loop
      vertex 3.7019644547005726 2.597852999889484 0.26567829401119303
      vertex 3.6800820663817 3.0153938424558335 0.13629669484372675
      vertex 3.784753978867588 2.987347088035019 0.13629669484372675
    endloop
  endfacet
  facet normal -0.0945138575572377 -0.18549388975765185 -0.9780895396599567
    outer loop
      vertex 3.4823619097949585 3.1034245278319466 0.13629669484372675
      vertex 3.687131069919538 3.4580951169909255 0.04924663761944892
      vertex 3.5789152417236663 3.054228147980787 0.13629669484372675
    endloop
  endfacet
  facet normal -0.07460670951448416 -0.19435712310896938 -0.9780895396599569
    outer loop
      vertex 3.6800820663817 3.0153938424558335 0.13629669484372675
      vertex 3.5789152417236663 3.054228147980787 0.13629669484372675
      vertex 3.8066363671864605 3.404887930601368 0.04924663761944892
    endloop
  endfacet
  facet normal -0.14720878439783003 -0.14720878439783003 -0.9780895396599568
    outer loop
      vertex 3.2306398635882454 3.3072650216533184 0.13629669484372675
      vertex 3.5349861471161126 3.581299646208827 0.04924663761944892
      vertex 3.3072650216533184 3.2306398635882454 0.13629669484372675
    endloop
  endfacet
  facet normal -0.16178986728679404 -0.13101485126158494 -0.9780895396599569
    outer loop
      vertex 3.1624439761766587 3.3914799291052713 0.13629669484372675
      vertex 3.4937674371059986 3.6322005139963593 0.04924663761944892
      vertex 3.2306398635882454 3.3072650216533184 0.13629669484372675
    endloop
  endfacet
  facet normal -0.13101485126158494 -0.16178986728679404 -0.9780895396599569
    outer loop
      vertex 3.3914799291052713 3.1624439761766587 0.13629669484372675
      vertex 3.3072650216533184 3.2306398635882454 0.13629669484372675
      vertex 3.6322005139963593 3.4937674371059986 0.04924663761944892
    endloop
  endfacet
  facet normal -0.16178986728679362 -0.13101485126158532 -0.9780895396599569
    outer loop
      vertex 3.2306398635882454 3.3072650216533184 0.13629669484372675
      vertex 3.4937674371059986 3.6322005139963593 0.04924663761944892
      vertex 3.5349861471161126 3.581299646208827 0.04924663761944892
    endloop
  endfacet
  facet normal -0.14720878439782994 -0.14720878439783008 -0.9780895396599569
    outer loop
      vertex 3.3072650216533184 3.2306398635882454 0.13629669484372675
      vertex 3.5349861471161126 3.581299646208827 0.04924663761944892
      vertex 3.581299646208827 3.5349861471161126 0.04924663761944892
    endloop
  endfacet
  facet normal -0.13101485126158532 -0.16178986728679362 -0.9780895396599569
    outer loop
      vertex 3.3072650216533184 3.2306398635882454 0.13629669484372675
      vertex 3.581299646208827 3.5349861471161126 0.04924663761944892
      vertex 3.6322005139963593 3.4937674371059986 0.04924663761944892
    endloop
  endfacet
  facet normal -0.17459834653305722 -0.11338549199829846 -0.9780895396599568
    outer loop
      vertex 3.1034245278319466 3.4823619097949585 0.13629669484372675
      vertex 3.4580951169909255 3.687131069919538 0.04924663761944892
      vertex 3.4937674371059986 3.6322005139963593 0.04924663761944892
    endloop
  endfacet
  facet normal -0.1854938897576523 -0.09451385755723628 -0.9780895396599569
    outer loop
      vertex 3.054228147980787 3.5789152417236663 0.13629669484372675
      vertex 3.4283600201749875 3.7454894833127117 0.04924663761944892
      vertex 3.4580951169909255 3.687131069919538 0.04924663761944892
    endloop
  endfacet
  facet normal -0.1943571231089691 -0.07460670951448495 -0.9780895396599569
    outer loop
      vertex 3.0153938424558335 3.6800820663817 0.13629669484372675
      vertex 3.404887930601368 3.8066363671864605 0.04924663761944892
      vertex 3.4283600201749875 3.7454894833127117 0.04924663761944892
    endloop
  endfacet
  facet normal -0.11338549199829846 -0.17459834653305722 -0.9780895396599568
    outer loop
      vertex 3.4823619097949585 3.1034245278319466 0.13629669484372675
      vertex 3.6322005139963593 3.4937674371059986 0.04924663761944892
      vertex 3.687131069919538 3.4580951169909255 0.04924663761944892
    endloop
  endfacet
  facet normal -0.09451385755723628 -0.1854938897576523 -0.9780895396599569
    outer loop
      vertex 3.5789152417236663 3.054228147980787 0.13629669484372675
      vertex 3.687131069919538 3.4580951169909255 0.04924663761944892
      vertex 3.7454894833127117 3.4283600201749875 0.04924663761944892
    endloop
  endfacet
  facet normal -0.07460670951448498 -0.19435712310896885 -0.9780895396599569
    outer loop
      vertex 3.5789152417236663 3.054228147980787 0.13629669484372675
      vertex 3.7454894833127117 3.4283600201749875 0.04924663761944892
      vertex 3.8066363671864605 3.404887930601368 0.04924663761944892
    endloop
  endfacet
  facet normal -0.08778393512063201 -0.0570075540280965 -0.9945069730869012
    outer loop
      vertex 3.4937674371059986 3.6322005139963593 0.04924663761944892
      vertex 3.4580951169909255 3.687131069919538 0.04924663761944892
      vertex 3.8306372879303794 3.8769507870230937 0.005481860981704667
    endloop
  endfacet
  facet normal -0.08134413352185195 -0.06587118052007873 -0.9945069730869011
    outer loop
      vertex 3.4937674371059986 3.6322005139963593 0.04924663761944892
      vertex 3.8306372879303794 3.8769507870230937 0.005481860981704667
      vertex 3.5349861471161126 3.581299646208827 0.04924663761944892
    endloop
  endfacet
  facet normal -0.06587118052007873 -0.08134413352185195 -0.9945069730869011
    outer loop
      vertex 3.6322005139963593 3.4937674371059986 0.04924663761944892
      vertex 3.581299646208827 3.5349861471161126 0.04924663761944892
      vertex 3.8769507870230937 3.8306372879303794 0.005481860981704667
    endloop
  endfacet
  facet normal -0.0570075540280965 -0.08778393512063201 -0.9945069730869012
    outer loop
      vertex 3.6322005139963593 3.4937674371059986 0.04924663761944892
      vertex 3.8769507870230937 3.8306372879303794 0.005481860981704667
      vertex 3.687131069919538 3.4580951169909255 0.04924663761944892
    endloop
  endfacet
  facet normal -0.07401310857385232 -0.07401310857385232 -0.9945069730869012
    outer loop
      vertex 3.5349861471161126 3.581299646208827 0.04924663761944892
      vertex 3.8444272197265796 3.859921639459153 0.005481860981704667
      vertex 3.581299646208827 3.5349861471161126 0.04924663761944892
    endloop
  endfacet
  facet normal -0.9015771969132194 -0.04724965874245177 -0.4300302637661955
    outer loop
      vertex 0.45549801111474864 3.627457829060546 2.184038001041813
      vertex 0.34581816942959653 4 2.3730534276967994
      vertex 0.4359739032465284 4 2.184038001041813
    endloop
  endfacet
  facet normal -0.8233585875476548 -0.04315039512699447 -0.5658786793226223
    outer loop
      vertex 0.6636950287093226 3.6493402173794185 1.8214438599398917
      vertex 0.6453177282183038 4 1.8214438599398917
      vertex 0.7639320225002102 4 1.6488589908301075
    endloop
  endfacet
  facet normal -0.7926684849484318 -0.041541995003800486 -0.6082359210213271
    outer loop
      vertex 0.908445301736057 3.675064507656959 1.4827184358006504
      vertex 0.7639320225002102 4 1.6488589908301075
      vertex 0.8914161541721164 4 1.4827184358006504
    endloop
  endfacet
  facet normal -0.8070462117787692 -0.05849594275231719 -0.5875837274253395
    outer loop
      vertex 0.6636950287093226 3.6493402173794185 1.8214438599398917
      vertex 0.7639320225002102 4 1.6488589908301075
      vertex 0.908445301736057 3.675064507656959 1.4827184358006504
    endloop
  endfacet
  facet normal -0.8640477596499287 -0.06041510022978493 -0.49977143246504596
    outer loop
      vertex 0.45549801111474864 3.627457829060546 2.184038001041813
      vertex 0.5358983848622456 4 2
      vertex 0.6636950287093226 3.6493402173794185 1.8214438599398917
    endloop
  endfacet
  facet normal -0.8778865046759797 -0.04600808217262004 -0.4766534813494897
    outer loop
      vertex 0.45549801111474864 3.627457829060546 2.184038001041813
      vertex 0.4359739032465284 4 2.184038001041813
      vertex 0.5358983848622456 4 2
    endloop
  endfacet
  facet normal -0.8517901836020173 -0.0446404319376761 -0.5219776958411723
    outer loop
      vertex 0.6636950287093226 3.6493402173794185 1.8214438599398917
      vertex 0.5358983848622456 4 2
      vertex 0.6453177282183038 4 1.8214438599398917
    endloop
  endfacet
  facet normal -0.7248507974211109 -0.037987820604382126 -0.6878577229076583
    outer loop
      vertex 1.1870672949863832 3.704348859185733 1.1715728752538097
      vertex 1.027420698090423 4 1.323477574564567
      vertex 1.1715728752538097 4 1.1715728752538097
    endloop
  endfacet
  facet normal -0.6879070948126577 -0.03605168319217999 -0.7249028245533464
    outer loop
      vertex 1.1870672949863832 3.704348859185733 1.1715728752538097
      vertex 1.1715728752538097 4 1.1715728752538097
      vertex 1.323477574564567 4 1.027420698090423
    endloop
  endfacet
  facet normal -0.6670026312227527 -0.0545477570855417 -0.7430558741702141
    outer loop
      vertex 1.1870672949863832 3.704348859185733 1.1715728752538097
      vertex 1.323477574564567 4 1.027420698090423
      vertex 1.4965083675968511 3.736872426482247 0.8914161541721164
    endloop
  endfacet
  facet normal -0.6490721956656711 -0.03401643236920564 -0.7599658986708654
    outer loop
      vertex 1.4965083675968511 3.736872426482247 0.8914161541721164
      vertex 1.323477574564567 4 1.027420698090423
      vertex 1.4827184358006504 4 0.8914161541721164
    endloop
  endfacet
  facet normal -0.6084518499890391 -0.03188761025858386 -0.7929498890578853
    outer loop
      vertex 1.4965083675968511 3.736872426482247 0.8914161541721164
      vertex 1.4827184358006504 4 0.8914161541721164
      vertex 1.6488589908301075 4 0.7639320225002102
    endloop
  endfacet
  facet normal -0.5854325347825573 -0.05298605799423579 -0.8089877779523628
    outer loop
      vertex 1.4965083675968511 3.736872426482247 0.8914161541721164
      vertex 1.6488589908301075 4 0.7639320225002102
      vertex 1.8333782184212315 3.7722788745372062 0.6453177282183038
    endloop
  endfacet
  facet normal -0.5661568585971778 -0.029671023684940876 -0.8237633409037226
    outer loop
      vertex 1.8333782184212315 3.7722788745372062 0.6453177282183038
      vertex 1.6488589908301075 4 0.7639320225002102
      vertex 1.8214438599398917 4 0.6453177282183038
    endloop
  endfacet
  facet normal -0.741132515127417 -0.05647960197677352 -0.668978811010823
    outer loop
      vertex 0.908445301736057 3.675064507656959 1.4827184358006504
      vertex 1.027420698090423 4 1.323477574564567
      vertex 1.1870672949863832 3.704348859185733 1.1715728752538097
    endloop
  endfacet
  facet normal -0.7598028769455325 -0.039819581473581576 -0.6489329619587533
    outer loop
      vertex 0.908445301736057 3.675064507656959 1.4827184358006504
      vertex 0.8914161541721164 4 1.4827184358006504
      vertex 1.027420698090423 4 1.323477574564567
    endloop
  endfacet
  facet normal -0.9576115012667916 -0.05018629219729236 -0.2836574496061219
    outer loop
      vertex 0.1574624658153212 3.5961330309898614 2.964723819589917
      vertex 0.13629669484372675 4 2.964723819589917
      vertex 0.19577393481938588 4 2.76393202250021
    endloop
  endfacet
  facet normal -0.9711098024176021 -0.050893708184700064 -0.23314283629495544
    outer loop
      vertex 0.1574624658153212 3.5961330309898614 2.964723819589917
      vertex 0.08740959706477724 4 3.1683532367289624
      vertex 0.13629669484372675 4 2.964723819589917
    endloop
  endfacet
  facet normal -0.9414933186221668 -0.049341574038809226 -0.333400270037671
    outer loop
      vertex 0.286135299045128 3.609657090725948 2.566528201818799
      vertex 0.19577393481938588 4 2.76393202250021
      vertex 0.26567829401119303 4 2.566528201818799
    endloop
  endfacet
  facet normal -0.9227984850210498 -0.04836181932570869 -0.3822356478330651
    outer loop
      vertex 0.286135299045128 3.609657090725948 2.566528201818799
      vertex 0.26567829401119303 4 2.566528201818799
      vertex 0.34581816942959653 4 2.3730534276967994
    endloop
  endfacet
  facet normal -0.9819520527222574 -0.051461926445597786 -0.18199405562010243
    outer loop
      vertex 0.07088927791271571 3.587033822280846 3.3742621398390766
      vertex 0.04924663761944892 4 3.3742621398390766
      vertex 0.08740959706477724 4 3.1683532367289624
    endloop
  endfacet
  facet normal -0.9901092228752747 -0.05188942561855133 -0.13035035207584397
    outer loop
      vertex 0.07088927791271571 3.587033822280846 3.3742621398390766
      vertex 0.02191241852690684 4 3.581886146929386
      vertex 0.04924663761944892 4 3.3742621398390766
    endloop
  endfacet
  facet normal -0.9955594863438045 -0.052175061823444106 -0.07835223082069791
    outer loop
      vertex 0.027364249300577015 3.5824591574336506 3.7906561750282246
      vertex 0.005481860981704667 4 3.7906561750282246
      vertex 0.02191241852690684 4 3.581886146929386
    endloop
  endfacet
  facet normal -0.998288266192417 -0.0523180711154622 -0.026141098241954992
    outer loop
      vertex 0.027364249300577015 3.5824591574336506 3.7906561750282246
      vertex 0 4 4
      vertex 0.005481860981704667 4 3.7906561750282246
    endloop
  endfacet
  facet normal -0.5223027827551598 -0.027372728957550652 -0.8523206772310716
    outer loop
      vertex 1.8333782184212315 3.7722788745372062 0.6453177282183038
      vertex 1.8214438599398917 4 0.6453177282183038
      vertex 2 4 0.5358983848622456
    endloop
  endfacet
  facet normal -0.49725906942887727 -0.05228210126673943 -0.8660254036446399
    outer loop
      vertex 1.8333782184212315 3.7722788745372062 0.6453177282183038
      vertex 2 4 0.5358983848622456
      vertex 2.1939860308793455 3.8101802828964444 0.4359739032465284
    endloop
  endfacet
  facet normal -0.4770096365855035 -0.024999015750056846 -0.8785424610205783
    outer loop
      vertex 2 4 0.5358983848622456
      vertex 2.184038001041813 4 0.4359739032465284
      vertex 2.1939860308793455 3.8101802828964444 0.4359739032465284
    endloop
  endfacet
  facet normal -0.4304015628454267 -0.02255639010867922 -0.9023556416211289
    outer loop
      vertex 2.1939860308793455 3.8101802828964444 0.4359739032465284
      vertex 2.184038001041813 4 0.4359739032465284
      vertex 2.3730534276967994 4 0.34581816942959653
    endloop
  endfacet
  facet normal -0.3826064928382116 -0.020051556628923762 -0.923693784062013
    outer loop
      vertex 2.574380910315865 3.850161395798599 0.26567829401119303
      vertex 2.3730534276967994 4 0.34581816942959653
      vertex 2.566528201818799 4 0.26567829401119303
    endloop
  endfacet
  facet normal -0.40218898858984037 -0.06370047786249294 -0.9133379804744635
    outer loop
      vertex 2.597852999889484 3.7019644547005726 0.26567829401119303
      vertex 2.1939860308793455 3.8101802828964444 0.4359739032465284
      vertex 2.574380910315865 3.850161395798599 0.26567829401119303
    endloop
  endfacet
  facet normal -0.4033431860452912 -0.05337084183763183 -0.9134910111831294
    outer loop
      vertex 2.1939860308793455 3.8101802828964444 0.4359739032465284
      vertex 2.3730534276967994 4 0.34581816942959653
      vertex 2.574380910315865 3.850161395798599 0.26567829401119303
    endloop
  endfacet
  facet normal -0.31107360057596867 -0.049269218126962964 -0.9491078754124108
    outer loop
      vertex 2.597852999889484 3.7019644547005726 0.26567829401119303
      vertex 2.574380910315865 3.850161395798599 0.26567829401119303
      vertex 2.76393202250021 4 0.19577393481938588
    endloop
  endfacet
  facet normal -0.3337557913785806 -0.017491399849005645 -0.9424972799178677
    outer loop
      vertex 2.574380910315865 3.850161395798599 0.26567829401119303
      vertex 2.566528201818799 4 0.26567829401119303
      vertex 2.76393202250021 4 0.19577393481938588
    endloop
  endfacet
  facet normal -0.30456315030599257 -0.0533403323667689 -0.950997421878047
    outer loop
      vertex 2.597852999889484 3.7019644547005726 0.26567829401119303
      vertex 2.76393202250021 4 0.19577393481938588
      vertex 2.987347088035019 3.784753978867588 0.13629669484372675
    endloop
  endfacet
  facet normal -0.29937750688630205 -0.047416738873943175 -0.9529558023565954
    outer loop
      vertex 2.76393202250021 4 0.19577393481938588
      vertex 2.9703951708289376 3.891784171804128 0.13629669484372675
      vertex 2.987347088035019 3.784753978867588 0.13629669484372675
    endloop
  endfacet
  facet normal -0.28398388788689133 -0.014882964916315529 -0.9587135384336374
    outer loop
      vertex 2.76393202250021 4 0.19577393481938588
      vertex 2.964723819589917 4 0.13629669484372675
      vertex 2.9703951708289376 3.891784171804128 0.13629669484372675
    endloop
  endfacet
  facet normal -0.22149003985858695 -0.03508057600046243 -0.9745314337828808
    outer loop
      vertex 2.987347088035019 3.784753978867588 0.13629669484372675
      vertex 2.9703951708289376 3.891784171804128 0.13629669484372675
      vertex 3.1683532367289624 4 0.08740959706477724
    endloop
  endfacet
  facet normal -0.23342789483643145 -0.01223343759109213 -0.9722971566948743
    outer loop
      vertex 2.9703951708289376 3.891784171804128 0.13629669484372675
      vertex 2.964723819589917 4 0.13629669484372675
      vertex 3.1683532367289624 4 0.08740959706477724
    endloop
  endfacet
  facet normal -0.20109093914766252 -0.05388215474983161 -0.9780895396599568
    outer loop
      vertex 3.0153938424558335 3.6800820663817 0.13629669484372675
      vertex 2.987347088035019 3.784753978867588 0.13629669484372675
      vertex 3.404887930601368 3.8066363671864605 0.04924663761944892
    endloop
  endfacet
  facet normal -0.2010909391476625 -0.05388215474983242 -0.9780895396599568
    outer loop
      vertex 2.987347088035019 3.784753978867588 0.13629669484372675
      vertex 3.387936013395287 3.869901783485256 0.04924663761944892
      vertex 3.404887930601368 3.8066363671864605 0.04924663761944892
    endloop
  endfacet
  facet normal -0.20131034886240468 -0.052860750676689834 -0.9781001403122248
    outer loop
      vertex 2.987347088035019 3.784753978867588 0.13629669484372675
      vertex 3.1683532367289624 4 0.08740959706477724
      vertex 3.387936013395287 3.869901783485256 0.04924663761944892
    endloop
  endfacet
  facet normal -0.18827860946185412 -0.029820402184696466 -0.9816628284867741
    outer loop
      vertex 3.1683532367289624 4 0.08740959706477724
      vertex 3.377689997309071 3.934592583068989 0.04924663761944892
      vertex 3.387936013395287 3.869901783485256 0.04924663761944892
    endloop
  endfacet
  facet normal -0.18222721491968366 -0.00955012365887444 -0.9832100677275002
    outer loop
      vertex 3.1683532367289624 4 0.08740959706477724
      vertex 3.3742621398390766 4 0.04924663761944892
      vertex 3.377689997309071 3.934592583068989 0.04924663761944892
    endloop
  endfacet
  facet normal -0.10807287116676433 -0.04148528840393745 -0.9932770134075459
    outer loop
      vertex 3.4283600201749875 3.7454894833127117 0.04924663761944892
      vertex 3.404887930601368 3.8066363671864605 0.04924663761944892
      vertex 3.581886146929386 4 0.02191241852690684
    endloop
  endfacet
  facet normal -0.09595585541377237 -0.048891950361324 -0.9941841132313859
    outer loop
      vertex 3.4283600201749875 3.7454894833127117 0.04924663761944892
      vertex 3.581886146929386 4 0.02191241852690684
      vertex 3.4580951169909255 3.687131069919538 0.04924663761944892
    endloop
  endfacet
  facet normal -0.13052313842923915 -0.0068404278301296625 -0.9914216655296991
    outer loop
      vertex 3.377689997309071 3.934592583068989 0.04924663761944892
      vertex 3.3742621398390766 4 0.04924663761944892
      vertex 3.581886146929386 4 0.02191241852690684
    endloop
  endfacet
  facet normal -0.1263524229999915 -0.02001225780050189 -0.9917835321983106
    outer loop
      vertex 3.387936013395287 3.869901783485256 0.04924663761944892
      vertex 3.377689997309071 3.934592583068989 0.04924663761944892
      vertex 3.581886146929386 4 0.02191241852690684
    endloop
  endfacet
  facet normal -0.11855930282764487 -0.03176786944786441 -0.9924386601618087
    outer loop
      vertex 3.387936013395287 3.869901783485256 0.04924663761944892
      vertex 3.581886146929386 4 0.02191241852690684
      vertex 3.404887930601368 3.8066363671864605 0.04924663761944892
    endloop
  endfacet
  facet normal -0.09141738853438212 -0.050717031303187964 -0.9945203083946277
    outer loop
      vertex 3.4580951169909255 3.687131069919538 0.04924663761944892
      vertex 3.581886146929386 4 0.02191241852690684
      vertex 3.8187029294490396 3.8953280875141125 0.005481860981704667
    endloop
  endfacet
  facet normal -0.08134413352185342 -0.06587118052007744 -0.9945069730869012
    outer loop
      vertex 3.5349861471161126 3.581299646208827 0.04924663761944892
      vertex 3.8306372879303794 3.8769507870230937 0.005481860981704667
      vertex 3.8444272197265796 3.859921639459153 0.005481860981704667
    endloop
  endfacet
  facet normal -0.08778393512063241 -0.05700755402809587 -0.9945069730869011
    outer loop
      vertex 3.4580951169909255 3.687131069919538 0.04924663761944892
      vertex 3.8187029294490396 3.8953280875141125 0.005481860981704667
      vertex 3.8306372879303794 3.8769507870230937 0.005481860981704667
    endloop
  endfacet
  facet normal -0.08426813144662904 -0.032347504961998556 -0.9959179288200546
    outer loop
      vertex 3.581886146929386 4 0.02191241852690684
      vertex 3.800902191114441 3.935309200416267 0.005481860981704667
      vertex 3.808754899611507 3.9148521953823323 0.005481860981704667
    endloop
  endfacet
  facet normal -0.08117934335540737 -0.02175193949417074 -0.9964621253919421
    outer loop
      vertex 3.581886146929386 4 0.02191241852690684
      vertex 3.79523083987542 3.9564749713878613 0.005481860981704667
      vertex 3.800902191114441 3.935309200416267 0.005481860981704667
    endloop
  endfacet
  facet normal -0.08909889293145223 -0.04539815347035461 -0.9949876355713531
    outer loop
      vertex 3.581886146929386 4 0.02191241852690684
      vertex 3.808754899611507 3.9148521953823323 0.005481860981704667
      vertex 3.8187029294490396 3.8953280875141125 0.005481860981704667
    endloop
  endfacet
  facet normal -0.07932863216423708 -0.012564421007042708 -0.9967693331176021
    outer loop
      vertex 3.581886146929386 4 0.02191241852690684
      vertex 3.791802982405426 3.9781176116811277 0.005481860981704667
      vertex 3.79523083987542 3.9564749713878613 0.005481860981704667
    endloop
  endfacet
  facet normal -0.07845843246463682 -0.0041118322115005785 -0.9969089061750107
    outer loop
      vertex 3.581886146929386 4 0.02191241852690684
      vertex 3.7906561750282246 4 0.005481860981704667
      vertex 3.791802982405426 3.9781176116811277 0.005481860981704667
    endloop
  endfacet
  facet normal -0.04724965874245177 -0.9015771969132194 -0.4300302637661955
    outer loop
      vertex 3.627457829060546 0.45549801111474864 2.184038001041813
      vertex 4 0.4359739032465284 2.184038001041813
      vertex 4 0.34581816942959653 2.3730534276967994
    endloop
  endfacet
  facet normal -0.04315039512699447 -0.8233585875476548 -0.5658786793226223
    outer loop
      vertex 3.6493402173794185 0.6636950287093226 1.8214438599398917
      vertex 4 0.7639320225002102 1.6488589908301075
      vertex 4 0.6453177282183038 1.8214438599398917
    endloop
  endfacet
  facet normal -0.041541995003800486 -0.7926684849484318 -0.6082359210213271
    outer loop
      vertex 3.675064507656959 0.908445301736057 1.4827184358006504
      vertex 4 0.8914161541721164 1.4827184358006504
      vertex 4 0.7639320225002102 1.6488589908301075
    endloop
  endfacet
  facet normal -0.05849594275231719 -0.8070462117787692 -0.5875837274253395
    outer loop
      vertex 3.6493402173794185 0.6636950287093226 1.8214438599398917
      vertex 3.675064507656959 0.908445301736057 1.4827184358006504
      vertex 4 0.7639320225002102 1.6488589908301075
    endloop
  endfacet
  facet normal -0.06041510022978493 -0.8640477596499287 -0.49977143246504596
    outer loop
      vertex 3.627457829060546 0.45549801111474864 2.184038001041813
      vertex 3.6493402173794185 0.6636950287093226 1.8214438599398917
      vertex 4 0.5358983848622456 2
    endloop
  endfacet
  facet normal -0.04600808217262004 -0.8778865046759797 -0.4766534813494897
    outer loop
      vertex 3.627457829060546 0.45549801111474864 2.184038001041813
      vertex 4 0.5358983848622456 2
      vertex 4 0.4359739032465284 2.184038001041813
    endloop
  endfacet
  facet normal -0.0446404319376761 -0.8517901836020173 -0.5219776958411723
    outer loop
      vertex 3.6493402173794185 0.6636950287093226 1.8214438599398917
      vertex 4 0.6453177282183038 1.8214438599398917
      vertex 4 0.5358983848622456 2
    endloop
  endfacet
  facet normal -0.037987820604382126 -0.7248507974211109 -0.6878577229076583
    outer loop
      vertex 3.704348859185733 1.1870672949863832 1.1715728752538097
      vertex 4 1.1715728752538097 1.1715728752538097
      vertex 4 1.027420698090423 1.323477574564567
    endloop
  endfacet
  facet normal -0.0545477570855417 -0.6670026312227527 -0.7430558741702141
    outer loop
      vertex 3.704348859185733 1.1870672949863832 1.1715728752538097
      vertex 3.736872426482247 1.4965083675968511 0.8914161541721164
      vertex 4 1.323477574564567 1.027420698090423
    endloop
  endfacet
  facet normal -0.03605168319217999 -0.6879070948126577 -0.7249028245533464
    outer loop
      vertex 3.704348859185733 1.1870672949863832 1.1715728752538097
      vertex 4 1.323477574564567 1.027420698090423
      vertex 4 1.1715728752538097 1.1715728752538097
    endloop
  endfacet
  facet normal -0.03401643236920564 -0.6490721956656711 -0.7599658986708654
    outer loop
      vertex 3.736872426482247 1.4965083675968511 0.8914161541721164
      vertex 4 1.4827184358006504 0.8914161541721164
      vertex 4 1.323477574564567 1.027420698090423
    endloop
  endfacet
  facet normal -0.03188761025858386 -0.6084518499890391 -0.7929498890578853
    outer loop
      vertex 3.736872426482247 1.4965083675968511 0.8914161541721164
      vertex 4 1.6488589908301075 0.7639320225002102
      vertex 4 1.4827184358006504 0.8914161541721164
    endloop
  endfacet
  facet normal -0.05298605799423579 -0.5854325347825573 -0.8089877779523628
    outer loop
      vertex 3.736872426482247 1.4965083675968511 0.8914161541721164
      vertex 3.7722788745372062 1.8333782184212315 0.6453177282183038
      vertex 4 1.6488589908301075 0.7639320225002102
    endloop
  endfacet
  facet normal -0.029671023684940876 -0.5661568585971778 -0.8237633409037226
    outer loop
      vertex 3.7722788745372062 1.8333782184212315 0.6453177282183038
      vertex 4 1.8214438599398917 0.6453177282183038
      vertex 4 1.6488589908301075 0.7639320225002102
    endloop
  endfacet
  facet normal -0.05647960197677352 -0.741132515127417 -0.668978811010823
    outer loop
      vertex 3.675064507656959 0.908445301736057 1.4827184358006504
      vertex 3.704348859185733 1.1870672949863832 1.1715728752538097
      vertex 4 1.027420698090423 1.323477574564567
    endloop
  endfacet
  facet normal -0.039819581473581576 -0.7598028769455325 -0.6489329619587533
    outer loop
      vertex 3.675064507656959 0.908445301736057 1.4827184358006504
      vertex 4 1.027420698090423 1.323477574564567
      vertex 4 0.8914161541721164 1.4827184358006504
    endloop
  endfacet
  facet normal -0.05018629219729236 -0.9576115012667916 -0.2836574496061219
    outer loop
      vertex 3.5961330309898614 0.1574624658153212 2.964723819589917
      vertex 4 0.19577393481938588 2.76393202250021
      vertex 4 0.13629669484372675 2.964723819589917
    endloop
  endfacet
  facet normal -0.050893708184700064 -0.9711098024176021 -0.23314283629495544
    outer loop
      vertex 3.5961330309898614 0.1574624658153212 2.964723819589917
      vertex 4 0.13629669484372675 2.964723819589917
      vertex 4 0.08740959706477724 3.1683532367289624
    endloop
  endfacet
  facet normal -0.049341574038809226 -0.9414933186221668 -0.333400270037671
    outer loop
      vertex 3.609657090725948 0.286135299045128 2.566528201818799
      vertex 4 0.26567829401119303 2.566528201818799
      vertex 4 0.19577393481938588 2.76393202250021
    endloop
  endfacet
  facet normal -0.04836181932570869 -0.9227984850210498 -0.3822356478330651
    outer loop
      vertex 3.609657090725948 0.286135299045128 2.566528201818799
      vertex 4 0.34581816942959653 2.3730534276967994
      vertex 4 0.26567829401119303 2.566528201818799
    endloop
  endfacet
  facet normal -0.051461926445597786 -0.9819520527222574 -0.18199405562010243
    outer loop
      vertex 3.587033822280846 0.07088927791271571 3.3742621398390766
      vertex 4 0.08740959706477724 3.1683532367289624
      vertex 4 0.04924663761944892 3.3742621398390766
    endloop
  endfacet
  facet normal -0.05188942561855133 -0.9901092228752747 -0.13035035207584397
    outer loop
      vertex 3.587033822280846 0.07088927791271571 3.3742621398390766
      vertex 4 0.04924663761944892 3.3742621398390766
      vertex 4 0.02191241852690684 3.581886146929386
    endloop
  endfacet
  facet normal -0.052175061823444106 -0.9955594863438045 -0.07835223082069791
    outer loop
      vertex 3.5824591574336506 0.027364249300577015 3.7906561750282246
      vertex 4 0.02191241852690684 3.581886146929386
      vertex 4 0.005481860981704667 3.7906561750282246
    endloop
  endfacet
  facet normal -0.0523180711154622 -0.998288266192417 -0.026141098241954992
    outer loop
      vertex 3.5824591574336506 0.027364249300577015 3.7906561750282246
      vertex 4 0.005481860981704667 3.7906561750282246
      vertex 4 0 4
    endloop
  endfacet
  facet normal -0.05228210126673943 -0.49725906942887727 -0.8660254036446399
    outer loop
      vertex 3.7722788745372062 1.8333782184212315 0.6453177282183038
      vertex 3.8101802828964444 2.1939860308793455 0.4359739032465284
      vertex 4 2 0.5358983848622456
    endloop
  endfacet
  facet normal -0.027372728957550652 -0.5223027827551598 -0.8523206772310716
    outer loop
      vertex 3.7722788745372062 1.8333782184212315 0.6453177282183038
      vertex 4 2 0.5358983848622456
      vertex 4 1.8214438599398917 0.6453177282183038
    endloop
  endfacet
  facet normal -0.06370047786249365 -0.40218898858984026 -0.9133379804744634
    outer loop
      vertex 3.6224402703358054 2.223721127695284 0.4359739032465284
      vertex 3.850161395798599 2.574380910315865 0.26567829401119303
      vertex 3.8101802828964444 2.1939860308793455 0.4359739032465284
    endloop
  endfacet
  facet normal -0.024999015750056884 -0.4770096365855035 -0.8785424610205783
    outer loop
      vertex 3.8101802828964444 2.1939860308793455 0.4359739032465284
      vertex 4 2.184038001041813 0.4359739032465284
      vertex 4 2 0.5358983848622456
    endloop
  endfacet
  facet normal -0.02255639010867922 -0.4304015628454267 -0.9023556416211289
    outer loop
      vertex 3.8101802828964444 2.1939860308793455 0.4359739032465284
      vertex 4 2.3730534276967994 0.34581816942959653
      vertex 4 2.184038001041813 0.4359739032465284
    endloop
  endfacet
  facet normal -0.020051556628923762 -0.3826064928382116 -0.923693784062013
    outer loop
      vertex 3.850161395798599 2.574380910315865 0.26567829401119303
      vertex 4 2.566528201818799 0.26567829401119303
      vertex 4 2.3730534276967994 0.34581816942959653
    endloop
  endfacet
  facet normal -0.05337084183763183 -0.4033431860452912 -0.9134910111831294
    outer loop
      vertex 3.8101802828964444 2.1939860308793455 0.4359739032465284
      vertex 3.850161395798599 2.574380910315865 0.26567829401119303
      vertex 4 2.3730534276967994 0.34581816942959653
    endloop
  endfacet
  facet normal -0.049269218126962964 -0.31107360057596867 -0.9491078754124108
    outer loop
      vertex 3.7019644547005726 2.597852999889484 0.26567829401119303
      vertex 4 2.76393202250021 0.19577393481938588
      vertex 3.850161395798599 2.574380910315865 0.26567829401119303
    endloop
  endfacet
  facet normal -0.0533403323667689 -0.30456315030599257 -0.950997421878047
    outer loop
      vertex 3.7019644547005726 2.597852999889484 0.26567829401119303
      vertex 3.784753978867588 2.987347088035019 0.13629669484372675
      vertex 4 2.76393202250021 0.19577393481938588
    endloop
  endfacet
  facet normal -0.017491399849005645 -0.3337557913785806 -0.9424972799178677
    outer loop
      vertex 3.850161395798599 2.574380910315865 0.26567829401119303
      vertex 4 2.76393202250021 0.19577393481938588
      vertex 4 2.566528201818799 0.26567829401119303
    endloop
  endfacet
  facet normal -0.047416738873943175 -0.29937750688630205 -0.9529558023565954
    outer loop
      vertex 4 2.76393202250021 0.19577393481938588
      vertex 3.784753978867588 2.987347088035019 0.13629669484372675
      vertex 3.891784171804128 2.9703951708289376 0.13629669484372675
    endloop
  endfacet
  facet normal -0.014882964916315529 -0.28398388788689133 -0.9587135384336374
    outer loop
      vertex 4 2.76393202250021 0.19577393481938588
      vertex 3.891784171804128 2.9703951708289376 0.13629669484372675
      vertex 4 2.964723819589917 0.13629669484372675
    endloop
  endfacet
  facet normal -0.03508057600046243 -0.22149003985858695 -0.9745314337828808
    outer loop
      vertex 3.784753978867588 2.987347088035019 0.13629669484372675
      vertex 4 3.1683532367289624 0.08740959706477724
      vertex 3.891784171804128 2.9703951708289376 0.13629669484372675
    endloop
  endfacet
  facet normal -0.01223343759109213 -0.23342789483643145 -0.9722971566948743
    outer loop
      vertex 3.891784171804128 2.9703951708289376 0.13629669484372675
      vertex 4 3.1683532367289624 0.08740959706477724
      vertex 4 2.964723819589917 0.13629669484372675
    endloop
  endfacet
  facet normal -0.053882154749831636 -0.20109093914766263 -0.9780895396599568
    outer loop
      vertex 3.6800820663817 3.0153938424558335 0.13629669484372675
      vertex 3.869901783485256 3.387936013395287 0.04924663761944892
      vertex 3.784753978867588 2.987347088035019 0.13629669484372675
    endloop
  endfacet
  facet normal -0.05388215474983239 -0.20109093914766243 -0.9780895396599568
    outer loop
      vertex 3.6800820663817 3.0153938424558335 0.13629669484372675
      vertex 3.8066363671864605 3.404887930601368 0.04924663761944892
      vertex 3.869901783485256 3.387936013395287 0.04924663761944892
    endloop
  endfacet
  facet normal -0.052860750676689834 -0.20131034886240468 -0.9781001403122248
    outer loop
      vertex 3.784753978867588 2.987347088035019 0.13629669484372675
      vertex 3.869901783485256 3.387936013395287 0.04924663761944892
      vertex 4 3.1683532367289624 0.08740959706477724
    endloop
  endfacet
  facet normal -0.04148528840393745 -0.10807287116676433 -0.9932770134075459
    outer loop
      vertex 3.7454894833127117 3.4283600201749875 0.04924663761944892
      vertex 4 3.581886146929386 0.02191241852690684
      vertex 3.8066363671864605 3.404887930601368 0.04924663761944892
    endloop
  endfacet
  facet normal -0.048891950361324 -0.09595585541377237 -0.9941841132313859
    outer loop
      vertex 3.687131069919538 3.4580951169909255 0.04924663761944892
      vertex 4 3.581886146929386 0.02191241852690684
      vertex 3.7454894833127117 3.4283600201749875 0.04924663761944892
    endloop
  endfacet
  facet normal -0.029820402184696466 -0.18827860946185412 -0.9816628284867741
    outer loop
      vertex 4 3.1683532367289624 0.08740959706477724
      vertex 3.869901783485256 3.387936013395287 0.04924663761944892
      vertex 3.934592583068989 3.377689997309071 0.04924663761944892
    endloop
  endfacet
  facet normal -0.00955012365887444 -0.18222721491968366 -0.9832100677275002
    outer loop
      vertex 4 3.1683532367289624 0.08740959706477724
      vertex 3.934592583068989 3.377689997309071 0.04924663761944892
      vertex 4 3.3742621398390766 0.04924663761944892
    endloop
  endfacet
  facet normal -0.03176786944786441 -0.11855930282764487 -0.9924386601618087
    outer loop
      vertex 3.8066363671864605 3.404887930601368 0.04924663761944892
      vertex 4 3.581886146929386 0.02191241852690684
      vertex 3.869901783485256 3.387936013395287 0.04924663761944892
    endloop
  endfacet
  facet normal -0.02001225780050189 -0.1263524229999915 -0.9917835321983106
    outer loop
      vertex 3.869901783485256 3.387936013395287 0.04924663761944892
      vertex 4 3.581886146929386 0.02191241852690684
      vertex 3.934592583068989 3.377689997309071 0.04924663761944892
    endloop
  endfacet
  facet normal -0.0068404278301296625 -0.13052313842923915 -0.9914216655296991
    outer loop
      vertex 3.934592583068989 3.377689997309071 0.04924663761944892
      vertex 4 3.581886146929386 0.02191241852690684
      vertex 4 3.3742621398390766 0.04924663761944892
    endloop
  endfacet
  facet normal -0.050717031303187964 -0.09141738853438212 -0.9945203083946277
    outer loop
      vertex 3.687131069919538 3.4580951169909255 0.04924663761944892
      vertex 3.8953280875141125 3.8187029294490396 0.005481860981704667
      vertex 4 3.581886146929386 0.02191241852690684
    endloop
  endfacet
  facet normal -0.06587118052007744 -0.08134413352185342 -0.9945069730869012
    outer loop
      vertex 3.581299646208827 3.5349861471161126 0.04924663761944892
      vertex 3.859921639459153 3.8444272197265796 0.005481860981704667
      vertex 3.8769507870230937 3.8306372879303794 0.005481860981704667
    endloop
  endfacet
  facet normal -0.07401310857385228 -0.07401310857385228 -0.9945069730869012
    outer loop
      vertex 3.581299646208827 3.5349861471161126 0.04924663761944892
      vertex 3.8444272197265796 3.859921639459153 0.005481860981704667
      vertex 3.859921639459153 3.8444272197265796 0.005481860981704667
    endloop
  endfacet
  facet normal -0.05700755402809587 -0.08778393512063241 -0.9945069730869011
    outer loop
      vertex 3.687131069919538 3.4580951169909255 0.04924663761944892
      vertex 3.8769507870230937 3.8306372879303794 0.005481860981704667
      vertex 3.8953280875141125 3.8187029294490396 0.005481860981704667
    endloop
  endfacet
  facet normal -0.032347504961998556 -0.08426813144662904 -0.9959179288200546
    outer loop
      vertex 4 3.581886146929386 0.02191241852690684
      vertex 3.9148521953823323 3.808754899611507 0.005481860981704667
      vertex 3.935309200416267 3.800902191114441 0.005481860981704667
    endloop
  endfacet
  facet normal -0.02175193949417074 -0.08117934335540737 -0.9964621253919421
    outer loop
      vertex 4 3.581886146929386 0.02191241852690684
      vertex 3.935309200416267 3.800902191114441 0.005481860981704667
      vertex 3.9564749713878613 3.79523083987542 0.005481860981704667
    endloop
  endfacet
  facet normal -0.012564421007042708 -0.07932863216423708 -0.9967693331176021
    outer loop
      vertex 4 3.581886146929386 0.02191241852690684
      vertex 3.9564749713878613 3.79523083987542 0.005481860981704667
      vertex 3.9781176116811277 3.791802982405426 0.005481860981704667
    endloop
  endfacet
  facet normal -0.04539815347035461 -0.08909889293145223 -0.9949876355713531
    outer loop
      vertex 4 3.581886146929386 0.02191241852690684
      vertex 3.8953280875141125 3.8187029294490396 0.005481860981704667
      vertex 3.9148521953823323 3.808754899611507 0.005481860981704667
    endloop
  endfacet
  facet normal -0.0041118322115005785 -0.07845843246463682 -0.9969089061750107
    outer loop
      vertex 4 3.581886146929386 0.02191241852690684
      vertex 3.9781176116811277 3.791802982405426 0.005481860981704667
      vertex 4 3.7906561750282246 0.005481860981704667
    endloop
  endfacet
  facet normal -0.025319666353085742 -0.006784384151934949 -0.9996563842778413
    outer loop
      vertex 3.800902191114441 3.935309200416267 0.005481860981704667
      vertex 3.79523083987542 3.9564749713878613 0.005481860981704667
      vertex 4 4 0
    endloop
  endfacet
  facet normal -0.0258901238211824 -0.0041005927713505825 -0.9996563842778413
    outer loop
      vertex 3.791802982405426 3.9781176116811277 0.005481860981704667
      vertex 4 4 0
      vertex 3.79523083987542 3.9564749713878613 0.005481860981704667
    endloop
  endfacet
  facet normal -0.006784384151934949 -0.025319666353085742 -0.9996563842778413
    outer loop
      vertex 3.935309200416267 3.800902191114441 0.005481860981704667
      vertex 4 4 0
      vertex 3.9564749713878613 3.79523083987542 0.005481860981704667
    endloop
  endfacet
  facet normal -0.004100592771350582 -0.025890123821182397 -0.9996563842778413
    outer loop
      vertex 3.9564749713878613 3.79523083987542 0.005481860981704667
      vertex 4 4 0
      vertex 3.9781176116811277 3.791802982405426 0.005481860981704667
    endloop
  endfacet
  facet normal -0.02037120855059338 -0.016496279421155544 -0.9996563842778413
    outer loop
      vertex 3.8444272197265796 3.859921639459153 0.005481860981704667
      vertex 3.8306372879303794 3.8769507870230937 0.005481860981704667
      vertex 4 4 0
    endloop
  endfacet
  facet normal -0.014276539951754132 -0.02198394367620556 -0.9996563842778413
    outer loop
      vertex 3.8953280875141125 3.8187029294490396 0.005481860981704667
      vertex 3.8769507870230937 3.8306372879303794 0.005481860981704667
      vertex 4 4 0
    endloop
  endfacet
  facet normal -0.016496279421155544 -0.02037120855059338 -0.9996563842778413
    outer loop
      vertex 3.859921639459153 3.8444272197265796 0.005481860981704667
      vertex 4 4 0
      vertex 3.8769507870230937 3.8306372879303794 0.005481860981704667
    endloop
  endfacet
  facet normal -0.02198394367620556 -0.014276539951754132 -0.9996563842778413
    outer loop
      vertex 3.8187029294490396 3.8953280875141125 0.005481860981704667
      vertex 4 4 0
      vertex 3.8306372879303794 3.8769507870230937 0.005481860981704667
    endloop
  endfacet
  facet normal -0.018535282201150964 -0.018535282201150964 -0.9996563842778413
    outer loop
      vertex 3.8444272197265796 3.859921639459153 0.005481860981704667
      vertex 4 4 0
      vertex 3.859921639459153 3.8444272197265796 0.005481860981704667
    endloop
  endfacet
  facet normal -0.024471801321943955 -0.009393844400026628 -0.9996563842778413
    outer loop
      vertex 3.800902191114441 3.935309200416267 0.005481860981704667
      vertex 4 4 0
      vertex 3.808754899611507 3.9148521953823323 0.005481860981704667
    endloop
  endfacet
  facet normal -0.023355818114465327 -0.011900383723083203 -0.9996563842778413
    outer loop
      vertex 3.8187029294490396 3.8953280875141125 0.005481860981704667
      vertex 3.808754899611507 3.9148521953823323 0.005481860981704667
      vertex 4 4 0
    endloop
  endfacet
  facet normal -0.009393844400026628 -0.024471801321943955 -0.9996563842778413
    outer loop
      vertex 3.9148521953823323 3.808754899611507 0.005481860981704667
      vertex 4 4 0
      vertex 3.935309200416267 3.800902191114441 0.005481860981704667
    endloop
  endfacet
  facet normal -0.011900383723083203 -0.023355818114465327 -0.9996563842778413
    outer loop
      vertex 3.8953280875141125 3.8187029294490396 0.005481860981704667
      vertex 4 4 0
      vertex 3.9148521953823323 3.808754899611507 0.005481860981704667
    endloop
  endfacet
  facet normal -0.02617692367483731 -0.0013718744382600662 -0.9996563842778413
    outer loop
      vertex 3.791802982405426 3.9781176116811277 0.005481860981704667
      vertex 3.7906561750282246 4 0.005481860981704667
      vertex 4 4 0
    endloop
  endfacet
  facet normal -0.0013718744382600662 -0.02617692367483731 -0.9996563842778413
    outer loop
      vertex 3.9781176116811277 3.791802982405426 0.005481860981704667
      vertex 4 4 0
      vertex 4 3.7906561750282246 0.005481860981704667
    endloop
  endfacet
  facet normal -0.9238795325112864 0 -0.38268343236509045
    outer loop
      vertex 0.34581816942959653 4 2.3730534276967994
      vertex 0.26567829401119303 4 2.566528201818799
      vertex 0.34581816942959653 36 2.3730534276967994
    endloop
  endfacet
  facet normal -0.9025852843498611 0 -0.430511096808294
    outer loop
      vertex 0.4359739032465284 4 2.184038001041813
      vertex 0.34581816942959653 4 2.3730534276967994
      vertex 0.34581816942959653 36 2.3730534276967994
    endloop
  endfacet
  facet normal -0.8241261886220158 0 -0.5664062369248327
    outer loop
      vertex 0.6453177282183038 4 1.8214438599398917
      vertex 0.6453177282183038 36 1.8214438599398917
      vertex 0.7639320225002102 4 1.6488589908301075
    endloop
  endfacet
  facet normal -0.7933533402912347 0 -0.6087614290087214
    outer loop
      vertex 0.8914161541721164 4 1.4827184358006504
      vertex 0.7639320225002102 4 1.6488589908301075
      vertex 0.8914161541721164 36 1.4827184358006504
    endloop
  endfacet
  facet normal -0.8788171126619649 0 -0.47715876025960935
    outer loop
      vertex 0.4359739032465284 4 2.184038001041813
      vertex 0.4359739032465284 36 2.184038001041813
      vertex 0.5358983848622456 4 2
    endloop
  endfacet
  facet normal -0.8526401643540928 0 -0.5224985647159479
    outer loop
      vertex 0.6453177282183038 4 1.8214438599398917
      vertex 0.5358983848622456 4 2
      vertex 0.6453177282183038 36 1.8214438599398917
    endloop
  endfacet
  facet normal -0.6883545756937535 0 -0.7253743710122883
    outer loop
      vertex 1.1715728752538097 4 1.1715728752538097
      vertex 1.1715728752538097 36 1.1715728752538097
      vertex 1.323477574564567 4 1.027420698090423
    endloop
  endfacet
  facet normal -0.649448048330183 0 -0.7604059656000316
    outer loop
      vertex 1.323477574564567 4 1.027420698090423
      vertex 1.323477574564567 36 1.027420698090423
      vertex 1.4827184358006504 4 0.8914161541721164
    endloop
  endfacet
  facet normal -0.6087614290087214 0 -0.7933533402912347
    outer loop
      vertex 1.4827184358006504 4 0.8914161541721164
      vertex 1.6488589908301075 36 0.7639320225002102
      vertex 1.6488589908301075 4 0.7639320225002102
    endloop
  endfacet
  facet normal -0.5664062369248327 0 -0.8241261886220158
    outer loop
      vertex 1.6488589908301075 4 0.7639320225002102
      vertex 1.6488589908301075 36 0.7639320225002102
      vertex 1.8214438599398917 4 0.6453177282183038
    endloop
  endfacet
  facet normal -0.7604059656000316 0 -0.649448048330183
    outer loop
      vertex 0.8914161541721164 4 1.4827184358006504
      vertex 1.027420698090423 36 1.323477574564567
      vertex 1.027420698090423 4 1.323477574564567
    endloop
  endfacet
  facet normal -0.7253743710122883 0 -0.6883545756937535
    outer loop
      vertex 1.1715728752538097 4 1.1715728752538097
      vertex 1.027420698090423 4 1.323477574564567
      vertex 1.027420698090423 36 1.323477574564567
    endloop
  endfacet
  facet normal -0.9426414910921785 0 -0.3338068592337705
    outer loop
      vertex 0.19577393481938588 4 2.76393202250021
      vertex 0.19577393481938588 36 2.76393202250021
      vertex 0.26567829401119303 4 2.566528201818799
    endloop
  endfacet
  facet normal -0.9723699203976764 0 -0.23344536385590625
    outer loop
      vertex 0.13629669484372675 4 2.964723819589917
      vertex 0.08740959706477724 4 3.1683532367289624
      vertex 0.08740959706477724 36 3.1683532367289624
    endloop
  endfacet
  facet normal -0.9588197348681927 0 -0.28401534470392353
    outer loop
      vertex 0.19577393481938588 4 2.76393202250021
      vertex 0.13629669484372675 4 2.964723819589917
      vertex 0.13629669484372675 36 2.964723819589917
    endloop
  endfacet
  facet normal -0.9832549075639546 0 -0.18223552549214703
    outer loop
      vertex 0.08740959706477724 4 3.1683532367289624
      vertex 0.04924663761944892 4 3.3742621398390766
      vertex 0.04924663761944892 36 3.3742621398390766
    endloop
  endfacet
  facet normal -0.9914448613738107 0 -0.1305261922200501
    outer loop
      vertex 0.04924663761944892 4 3.3742621398390766
      vertex 0.02191241852690684 4 3.581886146929386
      vertex 0.04924663761944892 36 3.3742621398390766
    endloop
  endfacet
  facet normal -0.996917333733128 0 -0.07845909572784501
    outer loop
      vertex 0.02191241852690684 4 3.581886146929386
      vertex 0.005481860981704667 4 3.7906561750282246
      vertex 0.02191241852690684 36 3.581886146929386
    endloop
  endfacet
  facet normal -0.9996573249755571 0 -0.026176948307873916
    outer loop
      vertex 0.005481860981704667 4 3.7906561750282246
      vertex 0 4 4
      vertex 0 36 4
    endloop
  endfacet
  facet normal -0.5224985647159479 0 -0.8526401643540928
    outer loop
      vertex 1.8214438599398917 4 0.6453177282183038
      vertex 1.8214438599398917 36 0.6453177282183038
      vertex 2 4 0.5358983848622456
    endloop
  endfacet
  facet normal -0.47715876025960935 0 -0.8788171126619649
    outer loop
      vertex 2 4 0.5358983848622456
      vertex 2 36 0.5358983848622456
      vertex 2.184038001041813 4 0.4359739032465284
    endloop
  endfacet
  facet normal -0.430511096808294 0 -0.9025852843498611
    outer loop
      vertex 2.184038001041813 4 0.4359739032465284
      vertex 2.3730534276967994 36 0.34581816942959653
      vertex 2.3730534276967994 4 0.34581816942959653
    endloop
  endfacet
  facet normal -0.38268343236509045 0 -0.9238795325112864
    outer loop
      vertex 2.566528201818799 4 0.26567829401119303
      vertex 2.3730534276967994 4 0.34581816942959653
      vertex 2.3730534276967994 36 0.34581816942959653
    endloop
  endfacet
  facet normal -0.3338068592337705 0 -0.9426414910921785
    outer loop
      vertex 2.566528201818799 4 0.26567829401119303
      vertex 2.566528201818799 36 0.26567829401119303
      vertex 2.76393202250021 4 0.19577393481938588
    endloop
  endfacet
  facet normal -0.28401534470392353 0 -0.9588197348681927
    outer loop
      vertex 2.76393202250021 4 0.19577393481938588
      vertex 2.964723819589917 36 0.13629669484372675
      vertex 2.964723819589917 4 0.13629669484372675
    endloop
  endfacet
  facet normal -0.23344536385590625 0 -0.9723699203976764
    outer loop
      vertex 2.964723819589917 4 0.13629669484372675
      vertex 2.964723819589917 36 0.13629669484372675
      vertex 3.1683532367289624 4 0.08740959706477724
    endloop
  endfacet
  facet normal -0.18223552549214703 0 -0.9832549075639546
    outer loop
      vertex 3.1683532367289624 4 0.08740959706477724
      vertex 3.3742621398390766 36 0.04924663761944892
      vertex 3.3742621398390766 4 0.04924663761944892
    endloop
  endfacet
  facet normal -0.1305261922200501 0 -0.9914448613738107
    outer loop
      vertex 3.3742621398390766 4 0.04924663761944892
      vertex 3.3742621398390766 36 0.04924663761944892
      vertex 3.581886146929386 4 0.02191241852690684
    endloop
  endfacet
  facet normal -0.07845909572784501 0 -0.996917333733128
    outer loop
      vertex 3.581886146929386 4 0.02191241852690684
      vertex 3.7906561750282246 36 0.005481860981704667
      vertex 3.7906561750282246 4 0.005481860981704667
    endloop
  endfacet
  facet normal -0.026176948307873916 0 -0.9996573249755571
    outer loop
      vertex 3.7906561750282246 4 0.005481860981704667
      vertex 4 36 0
      vertex 4 4 0
    endloop
  endfacet
  facet normal 0 -0.9238795325112864 -0.38268343236509045
    outer loop
      vertex 4 0.34581816942959653 2.3730534276967994
      vertex 36 0.34581816942959653 2.3730534276967994
      vertex 4 0.26567829401119303 2.566528201818799
    endloop
  endfacet
  facet normal 0 -0.9025852843498611 -0.430511096808294
    outer loop
      vertex 4 0.4359739032465284 2.184038001041813
      vertex 36 0.4359739032465284 2.184038001041813
      vertex 4 0.34581816942959653 2.3730534276967994
    endloop
  endfacet
  facet normal 0 -0.7933533402912347 -0.6087614290087214
    outer loop
      vertex 4 0.8914161541721164 1.4827184358006504
      vertex 36 0.8914161541721164 1.4827184358006504
      vertex 4 0.7639320225002102 1.6488589908301075
    endloop
  endfacet
  facet normal 0 -0.8241261886220158 -0.5664062369248327
    outer loop
      vertex 4 0.6453177282183038 1.8214438599398917
      vertex 4 0.7639320225002102 1.6488589908301075
      vertex 36 0.7639320225002102 1.6488589908301075
    endloop
  endfacet
  facet normal 0 -0.8788171126619649 -0.47715876025960935
    outer loop
      vertex 4 0.4359739032465284 2.184038001041813
      vertex 4 0.5358983848622456 2
      vertex 36 0.4359739032465284 2.184038001041813
    endloop
  endfacet
  facet normal 0 -0.8526401643540928 -0.5224985647159479
    outer loop
      vertex 4 0.6453177282183038 1.8214438599398917
      vertex 36 0.6453177282183038 1.8214438599398917
      vertex 4 0.5358983848622456 2
    endloop
  endfacet
  facet normal 0 -0.6883545756937535 -0.7253743710122883
    outer loop
      vertex 4 1.1715728752538097 1.1715728752538097
      vertex 4 1.323477574564567 1.027420698090423
      vertex 36 1.1715728752538097 1.1715728752538097
    endloop
  endfacet
  facet normal 0 -0.649448048330183 -0.7604059656000316
    outer loop
      vertex 4 1.323477574564567 1.027420698090423
      vertex 4 1.4827184358006504 0.8914161541721164
      vertex 36 1.323477574564567 1.027420698090423
    endloop
  endfacet
  facet normal 0 -0.6087614290087214 -0.7933533402912347
    outer loop
      vertex 4 1.4827184358006504 0.8914161541721164
      vertex 4 1.6488589908301075 0.7639320225002102
      vertex 36 1.6488589908301075 0.7639320225002102
    endloop
  endfacet
  facet normal 0 -0.5664062369248327 -0.8241261886220158
    outer loop
      vertex 4 1.6488589908301075 0.7639320225002102
      vertex 4 1.8214438599398917 0.6453177282183038
      vertex 36 1.6488589908301075 0.7639320225002102
    endloop
  endfacet
  facet normal 0 -0.7604059656000316 -0.649448048330183
    outer loop
      vertex 4 0.8914161541721164 1.4827184358006504
      vertex 4 1.027420698090423 1.323477574564567
      vertex 36 1.027420698090423 1.323477574564567
    endloop
  endfacet
  facet normal 0 -0.7253743710122883 -0.6883545756937535
    outer loop
      vertex 4 1.1715728752538097 1.1715728752538097
      vertex 36 1.027420698090423 1.323477574564567
      vertex 4 1.027420698090423 1.323477574564567
    endloop
  endfacet
  facet normal 0 -0.9426414910921785 -0.3338068592337705
    outer loop
      vertex 4 0.19577393481938588 2.76393202250021
      vertex 4 0.26567829401119303 2.566528201818799
      vertex 36 0.19577393481938588 2.76393202250021
    endloop
  endfacet
  facet normal 0 -0.9723699203976764 -0.23344536385590625
    outer loop
      vertex 4 0.13629669484372675 2.964723819589917
      vertex 36 0.08740959706477724 3.1683532367289624
      vertex 4 0.08740959706477724 3.1683532367289624
    endloop
  endfacet
  facet normal 0 -0.9588197348681927 -0.28401534470392353
    outer loop
      vertex 4 0.19577393481938588 2.76393202250021
      vertex 36 0.19577393481938588 2.76393202250021
      vertex 4 0.13629669484372675 2.964723819589917
    endloop
  endfacet
  facet normal 0 -0.9832549075639546 -0.18223552549214703
    outer loop
      vertex 4 0.08740959706477724 3.1683532367289624
      vertex 36 0.04924663761944892 3.3742621398390766
      vertex 4 0.04924663761944892 3.3742621398390766
    endloop
  endfacet
  facet normal 0 -0.9914448613738107 -0.1305261922200501
    outer loop
      vertex 4 0.04924663761944892 3.3742621398390766
      vertex 36 0.04924663761944892 3.3742621398390766
      vertex 4 0.02191241852690684 3.581886146929386
    endloop
  endfacet
  facet normal 0 -0.996917333733128 -0.07845909572784501
    outer loop
      vertex 4 0.02191241852690684 3.581886146929386
      vertex 36 0.02191241852690684 3.581886146929386
      vertex 4 0.005481860981704667 3.7906561750282246
    endloop
  endfacet
  facet normal 0 -0.9996573249755571 -0.026176948307873916
    outer loop
      vertex 4 0.005481860981704667 3.7906561750282246
      vertex 36 0 4
      vertex 4 0 4
    endloop
  endfacet
  facet normal 0 -0.5224985647159479 -0.8526401643540928
    outer loop
      vertex 4 1.8214438599398917 0.6453177282183038
      vertex 4 2 0.5358983848622456
      vertex 36 2 0.5358983848622456
    endloop
  endfacet
  facet normal 0 -0.47715876025960935 -0.8788171126619649
    outer loop
      vertex 4 2 0.5358983848622456
      vertex 4 2.184038001041813 0.4359739032465284
      vertex 36 2 0.5358983848622456
    endloop
  endfacet
  facet normal 0 -0.430511096808294 -0.9025852843498611
    outer loop
      vertex 4 2.184038001041813 0.4359739032465284
      vertex 4 2.3730534276967994 0.34581816942959653
      vertex 36 2.184038001041813 0.4359739032465284
    endloop
  endfacet
  facet normal 0 -0.38268343236509045 -0.9238795325112864
    outer loop
      vertex 4 2.566528201818799 0.26567829401119303
      vertex 36 2.566528201818799 0.26567829401119303
      vertex 4 2.3730534276967994 0.34581816942959653
    endloop
  endfacet
  facet normal 0 -0.3338068592337705 -0.9426414910921785
    outer loop
      vertex 4 2.566528201818799 0.26567829401119303
      vertex 4 2.76393202250021 0.19577393481938588
      vertex 36 2.566528201818799 0.26567829401119303
    endloop
  endfacet
  facet normal 0 -0.28401534470392353 -0.9588197348681927
    outer loop
      vertex 4 2.76393202250021 0.19577393481938588
      vertex 4 2.964723819589917 0.13629669484372675
      vertex 36 2.76393202250021 0.19577393481938588
    endloop
  endfacet
  facet normal 0 -0.23344536385590625 -0.9723699203976764
    outer loop
      vertex 4 2.964723819589917 0.13629669484372675
      vertex 4 3.1683532367289624 0.08740959706477724
      vertex 36 3.1683532367289624 0.08740959706477724
    endloop
  endfacet
  facet normal 0 -0.18223552549214703 -0.9832549075639546
    outer loop
      vertex 4 3.1683532367289624 0.08740959706477724
      vertex 4 3.3742621398390766 0.04924663761944892
      vertex 36 3.3742621398390766 0.04924663761944892
    endloop
  endfacet
  facet normal 0 -0.1305261922200501 -0.9914448613738107
    outer loop
      vertex 4 3.3742621398390766 0.04924663761944892
      vertex 4 3.581886146929386 0.02191241852690684
      vertex 36 3.581886146929386 0.02191241852690684
    endloop
  endfacet
  facet normal 0 -0.07845909572784501 -0.996917333733128
    outer loop
      vertex 4 3.581886146929386 0.02191241852690684
      vertex 4 3.7906561750282246 0.005481860981704667
      vertex 36 3.7906561750282246 0.005481860981704667
    endloop
  endfacet
  facet normal 0 -0.026176948307873916 -0.9996573249755571
    outer loop
      vertex 4 3.7906561750282246 0.005481860981704667
      vertex 4 4 0
      vertex 36 3.7906561750282246 0.005481860981704667
    endloop
  endfacet
  facet normal -0.7069129178004421 -0.7069129178004421 -0.02341480928238967
    outer loop
      vertex 1.0314945147129633 1.32714565552723 3.7906561750282246
      vertex 1.32714565552723 1.0314945147129633 3.7906561750282246
      vertex 0 0 75
    endloop
  endfacet
  facet normal -0.8384734444589313 -0.5445110215260993 -0.021680183896341146
    outer loop
      vertex 0.7683669411952101 1.652081147870271 3.7906561750282246
      vertex 0 0 75
      vertex 0.5406458157324168 2.0027409304908526 3.7906561750282246
    endloop
  endfacet
  facet normal -0.9334525467601951 -0.35831886111345357 -0.01655103372190159
    outer loop
      vertex 0.20098749442746033 2.765626010704358 3.7906561750282246
      vertex 0.35082609862886116 2.375283101430306 3.7906561750282246
      vertex 0 0 75
    endloop
  endfacet
  facet normal -0.890836593370893 -0.4539039156633906 -0.019529445890340433
    outer loop
      vertex 0.35082609862886116 2.375283101430306 3.7906561750282246
      vertex 0.5406458157324168 2.0027409304908526 3.7906561750282246
      vertex 0 0 75
    endloop
  endfacet
  facet normal -0.7769407369218673 -0.6291542034980909 -0.022979981113760643
    outer loop
      vertex 0.7683669411952101 1.652081147870271 3.7906561750282246
      vertex 1.0314945147129633 1.32714565552723 3.7906561750282246
      vertex 0 0 75
    endloop
  endfacet
  facet normal -0.5445110215260993 -0.8384734444589313 -0.021680183896341146
    outer loop
      vertex 1.652081147870271 0.7683669411952101 3.7906561750282246
      vertex 2.0027409304908526 0.5406458157324168 3.7906561750282246
      vertex 0 0 75
    endloop
  endfacet
  facet normal -0.6291542034980909 -0.7769407369218673 -0.022979981113760643
    outer loop
      vertex 1.652081147870271 0.7683669411952101 3.7906561750282246
      vertex 0 0 75
      vertex 1.32714565552723 1.0314945147129633 3.7906561750282246
    endloop
  endfacet
  facet normal -0.4539039156633906 -0.890836593370893 -0.019529445890340433
    outer loop
      vertex 2.0027409304908526 0.5406458157324168 3.7906561750282246
      vertex 2.375283101430306 0.35082609862886116 3.7906561750282246
      vertex 0 0 75
    endloop
  endfacet
  facet normal -0.35831886111345357 -0.9334525467601951 -0.01655103372190159
    outer loop
      vertex 2.375283101430306 0.35082609862886116 3.7906561750282246
      vertex 2.765626010704358 0.20098749442746033 3.7906561750282246
      vertex 0 0 75
    endloop
  endfacet
  facet normal -0.9658469751381336 -0.2587979170003064 -0.012777275641549145
    outer loop
      vertex 0.20098749442746033 2.765626010704358 3.7906561750282246
      vertex 0 0 75
      vertex 0.09277166623158806 3.1694929797144966 3.7906561750282246
    endloop
  endfacet
  facet normal -0.9876547334349385 -0.15642914218897144 -0.00824930285436755
    outer loop
      vertex 0.09277166623158806 3.1694929797144966 3.7906561750282246
      vertex 0 0 75
      vertex 0.027364249300577015 3.5824591574336506 3.7906561750282246
    endloop
  endfacet
  facet normal -0.9979685968613046 -0.06360690446386769 -0.003583487575429165
    outer loop
      vertex 0.027364249300577015 3.5824591574336506 3.7906561750282246
      vertex 0 0 75
      vertex 0 4 4
    endloop
  endfacet
  facet normal -0.2587979170003064 -0.9658469751381336 -0.012777275641549145
    outer loop
      vertex 2.765626010704358 0.20098749442746033 3.7906561750282246
      vertex 3.1694929797144966 0.09277166623158806 3.7906561750282246
      vertex 0 0 75
    endloop
  endfacet
  facet normal -0.15642914218897144 -0.9876547334349385 -0.00824930285436755
    outer loop
      vertex 3.1694929797144966 0.09277166623158806 3.7906561750282246
      vertex 3.5824591574336506 0.027364249300577015 3.7906561750282246
      vertex 0 0 75
    endloop
  endfacet
  facet normal -0.06360690446386769 -0.9979685968613046 -0.003583487575429165
    outer loop
      vertex 3.5824591574336506 0.027364249300577015 3.7906561750282246
      vertex 4 0 4
      vertex 0 0 75
    endloop
  endfacet
  facet normal -0.9025852843498611 0 -0.430511096808294
    outer loop
      vertex 0.4359739032465284 4 2.184038001041813
      vertex 0.34581816942959653 36 2.3730534276967994
      vertex 0.4359739032465284 36 2.184038001041813
    endloop
  endfacet
  facet normal -0.7604059656000316 0 -0.649448048330183
    outer loop
      vertex 0.8914161541721164 4 1.4827184358006504
      vertex 0.8914161541721164 36 1.4827184358006504
      vertex 1.027420698090423 36 1.323477574564567
    endloop
  endfacet
  facet normal -0.8241261886220158 0 -0.5664062369248327
    outer loop
      vertex 0.7639320225002102 4 1.6488589908301075
      vertex 0.6453177282183038 36 1.8214438599398917
      vertex 0.7639320225002102 36 1.6488589908301075
    endloop
  endfacet
  facet normal -0.7933533402912347 0 -0.6087614290087214
    outer loop
      vertex 0.7639320225002102 4 1.6488589908301075
      vertex 0.7639320225002102 36 1.6488589908301075
      vertex 0.8914161541721164 36 1.4827184358006504
    endloop
  endfacet
  facet normal -0.8526401643540928 0 -0.5224985647159479
    outer loop
      vertex 0.5358983848622456 4 2
      vertex 0.5358983848622456 36 2
      vertex 0.6453177282183038 36 1.8214438599398917
    endloop
  endfacet
  facet normal -0.8788171126619649 0 -0.47715876025960935
    outer loop
      vertex 0.5358983848622456 4 2
      vertex 0.4359739032465284 36 2.184038001041813
      vertex 0.5358983848622456 36 2
    endloop
  endfacet
  facet normal -0.7253743710122883 0 -0.6883545756937535
    outer loop
      vertex 1.1715728752538097 4 1.1715728752538097
      vertex 1.027420698090423 36 1.323477574564567
      vertex 1.1715728752538097 36 1.1715728752538097
    endloop
  endfacet
  facet normal -0.6883545756937535 0 -0.7253743710122883
    outer loop
      vertex 1.323477574564567 4 1.027420698090423
      vertex 1.1715728752538097 36 1.1715728752538097
      vertex 1.323477574564567 36 1.027420698090423
    endloop
  endfacet
  facet normal -0.649448048330183 0 -0.7604059656000316
    outer loop
      vertex 1.4827184358006504 4 0.8914161541721164
      vertex 1.323477574564567 36 1.027420698090423
      vertex 1.4827184358006504 36 0.8914161541721164
    endloop
  endfacet
  facet normal -0.6087614290087214 0 -0.7933533402912347
    outer loop
      vertex 1.4827184358006504 4 0.8914161541721164
      vertex 1.4827184358006504 36 0.8914161541721164
      vertex 1.6488589908301075 36 0.7639320225002102
    endloop
  endfacet
  facet normal -0.5664062369248327 0 -0.8241261886220158
    outer loop
      vertex 1.8214438599398917 4 0.6453177282183038
      vertex 1.6488589908301075 36 0.7639320225002102
      vertex 1.8214438599398917 36 0.6453177282183038
    endloop
  endfacet
  facet normal -0.9588197348681927 0 -0.28401534470392353
    outer loop
      vertex 0.19577393481938588 4 2.76393202250021
      vertex 0.13629669484372675 36 2.964723819589917
      vertex 0.19577393481938588 36 2.76393202250021
    endloop
  endfacet
  facet normal -0.9723699203976764 0 -0.23344536385590625
    outer loop
      vertex 0.13629669484372675 4 2.964723819589917
      vertex 0.08740959706477724 36 3.1683532367289624
      vertex 0.13629669484372675 36 2.964723819589917
    endloop
  endfacet
  facet normal -0.9238795325112864 0 -0.38268343236509045
    outer loop
      vertex 0.26567829401119303 4 2.566528201818799
      vertex 0.26567829401119303 36 2.566528201818799
      vertex 0.34581816942959653 36 2.3730534276967994
    endloop
  endfacet
  facet normal -0.9426414910921785 0 -0.3338068592337705
    outer loop
      vertex 0.26567829401119303 4 2.566528201818799
      vertex 0.19577393481938588 36 2.76393202250021
      vertex 0.26567829401119303 36 2.566528201818799
    endloop
  endfacet
  facet normal -0.9832549075639546 0 -0.18223552549214703
    outer loop
      vertex 0.08740959706477724 4 3.1683532367289624
      vertex 0.04924663761944892 36 3.3742621398390766
      vertex 0.08740959706477724 36 3.1683532367289624
    endloop
  endfacet
  facet normal -0.9914448613738107 0 -0.1305261922200501
    outer loop
      vertex 0.02191241852690684 4 3.581886146929386
      vertex 0.02191241852690684 36 3.581886146929386
      vertex 0.04924663761944892 36 3.3742621398390766
    endloop
  endfacet
  facet normal -0.996917333733128 0 -0.07845909572784501
    outer loop
      vertex 0.005481860981704667 4 3.7906561750282246
      vertex 0.005481860981704667 36 3.7906561750282246
      vertex 0.02191241852690684 36 3.581886146929386
    endloop
  endfacet
  facet normal -0.9996573249755571 0 -0.026176948307873916
    outer loop
      vertex 0.005481860981704667 4 3.7906561750282246
      vertex 0 36 4
      vertex 0.005481860981704667 36 3.7906561750282246
    endloop
  endfacet
  facet normal -0.5224985647159479 0 -0.8526401643540928
    outer loop
      vertex 2 4 0.5358983848622456
      vertex 1.8214438599398917 36 0.6453177282183038
      vertex 2 36 0.5358983848622456
    endloop
  endfacet
  facet normal -0.47715876025960935 0 -0.8788171126619649
    outer loop
      vertex 2.184038001041813 4 0.4359739032465284
      vertex 2 36 0.5358983848622456
      vertex 2.184038001041813 36 0.4359739032465284
    endloop
  endfacet
  facet normal -0.430511096808294 0 -0.9025852843498611
    outer loop
      vertex 2.184038001041813 4 0.4359739032465284
      vertex 2.184038001041813 36 0.4359739032465284
      vertex 2.3730534276967994 36 0.34581816942959653
    endloop
  endfacet
  facet normal -0.38268343236509045 0 -0.9238795325112864
    outer loop
      vertex 2.566528201818799 4 0.26567829401119303
      vertex 2.3730534276967994 36 0.34581816942959653
      vertex 2.566528201818799 36 0.26567829401119303
    endloop
  endfacet
  facet normal -0.3338068592337705 0 -0.9426414910921785
    outer loop
      vertex 2.76393202250021 4 0.19577393481938588
      vertex 2.566528201818799 36 0.26567829401119303
      vertex 2.76393202250021 36 0.19577393481938588
    endloop
  endfacet
  facet normal -0.28401534470392353 0 -0.9588197348681927
    outer loop
      vertex 2.76393202250021 4 0.19577393481938588
      vertex 2.76393202250021 36 0.19577393481938588
      vertex 2.964723819589917 36 0.13629669484372675
    endloop
  endfacet
  facet normal -0.23344536385590625 0 -0.9723699203976764
    outer loop
      vertex 3.1683532367289624 4 0.08740959706477724
      vertex 2.964723819589917 36 0.13629669484372675
      vertex 3.1683532367289624 36 0.08740959706477724
    endloop
  endfacet
  facet normal -0.18223552549214703 0 -0.9832549075639546
    outer loop
      vertex 3.1683532367289624 4 0.08740959706477724
      vertex 3.1683532367289624 36 0.08740959706477724
      vertex 3.3742621398390766 36 0.04924663761944892
    endloop
  endfacet
  facet normal -0.1305261922200501 0 -0.9914448613738107
    outer loop
      vertex 3.581886146929386 4 0.02191241852690684
      vertex 3.3742621398390766 36 0.04924663761944892
      vertex 3.581886146929386 36 0.02191241852690684
    endloop
  endfacet
  facet normal -0.07845909572784501 0 -0.996917333733128
    outer loop
      vertex 3.581886146929386 4 0.02191241852690684
      vertex 3.581886146929386 36 0.02191241852690684
      vertex 3.7906561750282246 36 0.005481860981704667
    endloop
  endfacet
  facet normal -0.026176948307873916 0 -0.9996573249755571
    outer loop
      vertex 3.7906561750282246 4 0.005481860981704667
      vertex 3.7906561750282246 36 0.005481860981704667
      vertex 4 36 0
    endloop
  endfacet
  facet normal 0 0 -1
    outer loop
      vertex 4 4 0
      vertex 4 36 0
      vertex 36 36 0
    endloop
  endfacet
  facet normal 0 -0.9025852843498611 -0.430511096808294
    outer loop
      vertex 4 0.34581816942959653 2.3730534276967994
      vertex 36 0.4359739032465284 2.184038001041813
      vertex 36 0.34581816942959653 2.3730534276967994
    endloop
  endfacet
  facet normal 0 -0.8241261886220158 -0.5664062369248327
    outer loop
      vertex 4 0.6453177282183038 1.8214438599398917
      vertex 36 0.7639320225002102 1.6488589908301075
      vertex 36 0.6453177282183038 1.8214438599398917
    endloop
  endfacet
  facet normal 0 -0.7604059656000316 -0.649448048330183
    outer loop
      vertex 4 0.8914161541721164 1.4827184358006504
      vertex 36 1.027420698090423 1.323477574564567
      vertex 36 0.8914161541721164 1.4827184358006504
    endloop
  endfacet
  facet normal 0 -0.7933533402912347 -0.6087614290087214
    outer loop
      vertex 4 0.7639320225002102 1.6488589908301075
      vertex 36 0.8914161541721164 1.4827184358006504
      vertex 36 0.7639320225002102 1.6488589908301075
    endloop
  endfacet
  facet normal 0 -0.8526401643540928 -0.5224985647159479
    outer loop
      vertex 4 0.5358983848622456 2
      vertex 36 0.6453177282183038 1.8214438599398917
      vertex 36 0.5358983848622456 2
    endloop
  endfacet
  facet normal 0 -0.8788171126619649 -0.47715876025960935
    outer loop
      vertex 4 0.5358983848622456 2
      vertex 36 0.5358983848622456 2
      vertex 36 0.4359739032465284 2.184038001041813
    endloop
  endfacet
  facet normal 0 -0.7253743710122883 -0.6883545756937535
    outer loop
      vertex 4 1.1715728752538097 1.1715728752538097
      vertex 36 1.1715728752538097 1.1715728752538097
      vertex 36 1.027420698090423 1.323477574564567
    endloop
  endfacet
  facet normal 0 -0.6883545756937535 -0.7253743710122883
    outer loop
      vertex 4 1.323477574564567 1.027420698090423
      vertex 36 1.323477574564567 1.027420698090423
      vertex 36 1.1715728752538097 1.1715728752538097
    endloop
  endfacet
  facet normal 0 -0.649448048330183 -0.7604059656000316
    outer loop
      vertex 4 1.4827184358006504 0.8914161541721164
      vertex 36 1.4827184358006504 0.8914161541721164
      vertex 36 1.323477574564567 1.027420698090423
    endloop
  endfacet
  facet normal 0 -0.6087614290087214 -0.7933533402912347
    outer loop
      vertex 4 1.4827184358006504 0.8914161541721164
      vertex 36 1.6488589908301075 0.7639320225002102
      vertex 36 1.4827184358006504 0.8914161541721164
    endloop
  endfacet
  facet normal 0 -0.5664062369248327 -0.8241261886220158
    outer loop
      vertex 4 1.8214438599398917 0.6453177282183038
      vertex 36 1.8214438599398917 0.6453177282183038
      vertex 36 1.6488589908301075 0.7639320225002102
    endloop
  endfacet
  facet normal 0 -0.9588197348681927 -0.28401534470392353
    outer loop
      vertex 4 0.13629669484372675 2.964723819589917
      vertex 36 0.19577393481938588 2.76393202250021
      vertex 36 0.13629669484372675 2.964723819589917
    endloop
  endfacet
  facet normal 0 -0.9723699203976764 -0.23344536385590625
    outer loop
      vertex 4 0.13629669484372675 2.964723819589917
      vertex 36 0.13629669484372675 2.964723819589917
      vertex 36 0.08740959706477724 3.1683532367289624
    endloop
  endfacet
  facet normal 0 -0.9238795325112864 -0.38268343236509045
    outer loop
      vertex 4 0.26567829401119303 2.566528201818799
      vertex 36 0.34581816942959653 2.3730534276967994
      vertex 36 0.26567829401119303 2.566528201818799
    endloop
  endfacet
  facet normal 0 -0.9426414910921785 -0.3338068592337705
    outer loop
      vertex 4 0.26567829401119303 2.566528201818799
      vertex 36 0.26567829401119303 2.566528201818799
      vertex 36 0.19577393481938588 2.76393202250021
    endloop
  endfacet
  facet normal 0 -0.9832549075639546 -0.18223552549214703
    outer loop
      vertex 4 0.08740959706477724 3.1683532367289624
      vertex 36 0.08740959706477724 3.1683532367289624
      vertex 36 0.04924663761944892 3.3742621398390766
    endloop
  endfacet
  facet normal 0 -0.9914448613738107 -0.1305261922200501
    outer loop
      vertex 4 0.02191241852690684 3.581886146929386
      vertex 36 0.04924663761944892 3.3742621398390766
      vertex 36 0.02191241852690684 3.581886146929386
    endloop
  endfacet
  facet normal 0 -0.996917333733128 -0.07845909572784501
    outer loop
      vertex 4 0.005481860981704667 3.7906561750282246
      vertex 36 0.02191241852690684 3.581886146929386
      vertex 36 0.005481860981704667 3.7906561750282246
    endloop
  endfacet
  facet normal 0 -0.9996573249755571 -0.026176948307873916
    outer loop
      vertex 4 0.005481860981704667 3.7906561750282246
      vertex 36 0.005481860981704667 3.7906561750282246
      vertex 36 0 4
    endloop
  endfacet
  facet normal 0 -0.5224985647159479 -0.8526401643540928
    outer loop
      vertex 4 1.8214438599398917 0.6453177282183038
      vertex 36 2 0.5358983848622456
      vertex 36 1.8214438599398917 0.6453177282183038
    endloop
  endfacet
  facet normal 0 -0.47715876025960935 -0.8788171126619649
    outer loop
      vertex 4 2.184038001041813 0.4359739032465284
      vertex 36 2.184038001041813 0.4359739032465284
      vertex 36 2 0.5358983848622456
    endloop
  endfacet
  facet normal 0 -0.430511096808294 -0.9025852843498611
    outer loop
      vertex 4 2.3730534276967994 0.34581816942959653
      vertex 36 2.3730534276967994 0.34581816942959653
      vertex 36 2.184038001041813 0.4359739032465284
    endloop
  endfacet
  facet normal 0 -0.38268343236509045 -0.9238795325112864
    outer loop
      vertex 4 2.3730534276967994 0.34581816942959653
      vertex 36 2.566528201818799 0.26567829401119303
      vertex 36 2.3730534276967994 0.34581816942959653
    endloop
  endfacet
  facet normal 0 -0.3338068592337705 -0.9426414910921785
    outer loop
      vertex 4 2.76393202250021 0.19577393481938588
      vertex 36 2.76393202250021 0.19577393481938588
      vertex 36 2.566528201818799 0.26567829401119303
    endloop
  endfacet
  facet normal 0 -0.28401534470392353 -0.9588197348681927
    outer loop
      vertex 4 2.964723819589917 0.13629669484372675
      vertex 36 2.964723819589917 0.13629669484372675
      vertex 36 2.76393202250021 0.19577393481938588
    endloop
  endfacet
  facet normal 0 -0.23344536385590625 -0.9723699203976764
    outer loop
      vertex 4 2.964723819589917 0.13629669484372675
      vertex 36 3.1683532367289624 0.08740959706477724
      vertex 36 2.964723819589917 0.13629669484372675
    endloop
  endfacet
  facet normal 0 -0.18223552549214703 -0.9832549075639546
    outer loop
      vertex 4 3.1683532367289624 0.08740959706477724
      vertex 36 3.3742621398390766 0.04924663761944892
      vertex 36 3.1683532367289624 0.08740959706477724
    endloop
  endfacet
  facet normal 0 -0.1305261922200501 -0.9914448613738107
    outer loop
      vertex 4 3.3742621398390766 0.04924663761944892
      vertex 36 3.581886146929386 0.02191241852690684
      vertex 36 3.3742621398390766 0.04924663761944892
    endloop
  endfacet
  facet normal 0 -0.07845909572784501 -0.996917333733128
    outer loop
      vertex 4 3.581886146929386 0.02191241852690684
      vertex 36 3.7906561750282246 0.005481860981704667
      vertex 36 3.581886146929386 0.02191241852690684
    endloop
  endfacet
  facet normal 0 -0.026176948307873916 -0.9996573249755571
    outer loop
      vertex 4 4 0
      vertex 36 4 0
      vertex 36 3.7906561750282246 0.005481860981704667
    endloop
  endfacet
  facet normal 0 0 -1
    outer loop
      vertex 4 4 0
      vertex 36 36 0
      vertex 36 4 0
    endloop
  endfacet
  facet normal -1 0 0
    outer loop
      vertex 0 4 4
      vertex 0 0 75
      vertex 0 0 80
    endloop
  endfacet
  facet normal 0 -1 0
    outer loop
      vertex 4 0 4
      vertex 0 0 80
      vertex 0 0 75
    endloop
  endfacet
  facet normal -1 0 0
    outer loop
      vertex 0 4 4
      vertex 0 0 80
      vertex 0 60 75
    endloop
  endfacet
  facet normal 0 0 1
    outer loop
      vertex 0 0 80
      vertex 27.185417437700576 28.375 80
      vertex 0 60 80
    endloop
  endfacet
  facet normal 0 -1 0
    outer loop
      vertex 4 0 4
      vertex 60 0 80
      vertex 0 0 80
    endloop
  endfacet
  facet normal 0 0 1
    outer loop
      vertex 0 0 80
      vertex 27.82532552933371 27.584779317198468 80
      vertex 27.584779317198468 27.82532552933371 80
    endloop
  endfacet
  facet normal 0 0 1
    outer loop
      vertex 0 0 80
      vertex 27.584779317198468 27.82532552933371 80
      vertex 27.37069476828142 28.08969793004946 80
    endloop
  endfacet
  facet normal 0 0 1
    outer loop
      vertex 0 0 80
      vertex 28.08969793004946 27.37069476828142 80
      vertex 27.82532552933371 27.584779317198468 80
    endloop
  endfacet
  facet normal 0 0 1
    outer loop
      vertex 0 0 80
      vertex 27.37069476828142 28.08969793004946 80
      vertex 27.185417437700576 28.375 80
    endloop
  endfacet
  facet normal 0 0 1
    outer loop
      vertex 0 0 80
      vertex 28.375 27.185417437700576 80
      vertex 28.08969793004946 27.37069476828142 80
    endloop
  endfacet
  facet normal 0 0 1
    outer loop
      vertex 0 0 80
      vertex 28.678105910003648 27.030977262661548 80
      vertex 28.375 27.185417437700576 80
    endloop
  endfacet
  facet normal 0 0 1
    outer loop
      vertex 0 0 80
      vertex 28.99569476828142 26.90906632204075 80
      vertex 28.678105910003648 27.030977262661548 80
    endloop
  endfacet
  facet normal 0 0 1
    outer loop
      vertex 0 0 80
      vertex 29.324287004842283 26.82102029761513 80
      vertex 28.99569476828142 26.90906632204075 80
    endloop
  endfacet
  facet normal 0 0 1
    outer loop
      vertex 0 0 80
      vertex 29.660282494380127 26.767803840053112 80
      vertex 29.324287004842283 26.82102029761513 80
    endloop
  endfacet
  facet normal 0 0 1
    outer loop
      vertex 0 0 80
      vertex 30 26.75 80
      vertex 29.660282494380127 26.767803840053112 80
    endloop
  endfacet
  facet normal 0 0 1
    outer loop
      vertex 0 0 80
      vertex 30.339717505619873 26.767803840053112 80
      vertex 30 26.75 80
    endloop
  endfacet
  facet normal 0 0 1
    outer loop
      vertex 0 0 80
      vertex 30.675712995157717 26.82102029761513 80
      vertex 30.339717505619873 26.767803840053112 80
    endloop
  endfacet
  facet normal 0 0 1
    outer loop
      vertex 0 0 80
      vertex 31.00430523171858 26.90906632204075 80
      vertex 30.675712995157717 26.82102029761513 80
    endloop
  endfacet
  facet normal 0 0 1
    outer loop
      vertex 0 0 80
      vertex 31.321894089996352 27.030977262661548 80
      vertex 31.00430523171858 26.90906632204075 80
    endloop
  endfacet
  facet normal 0 0 1
    outer loop
      vertex 0 0 80
      vertex 31.625 27.185417437700576 80
      vertex 31.321894089996352 27.030977262661548 80
    endloop
  endfacet
  facet normal -0.9015771969132194 0.04724965874245177 -0.4300302637661955
    outer loop
      vertex 0.4359739032465284 36 2.184038001041813
      vertex 0.34581816942959653 36 2.3730534276967994
      vertex 0.45549801111474864 36.372542170939454 2.184038001041813
    endloop
  endfacet
  facet normal -0.9115331869510647 0.062115070022482274 -0.4065082621090715
    outer loop
      vertex 0.34581816942959653 36 2.3730534276967994
      vertex 0.286135299045128 36.390342909274054 2.566528201818799
      vertex 0.45549801111474864 36.372542170939454 2.184038001041813
    endloop
  endfacet
  facet normal -0.9025026977457681 0.14294238467384554 -0.40627128279680924
    outer loop
      vertex 0.45549801111474864 36.372542170939454 2.184038001041813
      vertex 0.286135299045128 36.390342909274054 2.566528201818799
      vertex 0.5138564245079213 36.741002691894636 2.184038001041813
    endloop
  endfacet
  facet normal -0.8233585875476547 0.04315039512699441 -0.5658786793226221
    outer loop
      vertex 0.6453177282183038 36 1.8214438599398917
      vertex 0.6636950287093226 36.35065978262058 1.8214438599398917
      vertex 0.7639320225002102 36 1.6488589908301075
    endloop
  endfacet
  facet normal -0.7926684849484317 0.04154199500380094 -0.6082359210213271
    outer loop
      vertex 0.8914161541721164 36 1.4827184358006504
      vertex 0.7639320225002102 36 1.6488589908301075
      vertex 0.908445301736057 36.32493549234304 1.4827184358006504
    endloop
  endfacet
  facet normal -0.8070462117787689 0.05849594275231742 -0.58758372742534
    outer loop
      vertex 0.7639320225002102 36 1.6488589908301075
      vertex 0.6636950287093226 36.35065978262058 1.8214438599398917
      vertex 0.908445301736057 36.32493549234304 1.4827184358006504
    endloop
  endfacet
  facet normal -0.7994350026049868 0.1266180654634331 -0.587257645423423
    outer loop
      vertex 0.6636950287093226 36.35065978262058 1.8214438599398917
      vertex 0.959346169523589 36.64631092343485 1.4827184358006504
      vertex 0.908445301736057 36.32493549234304 1.4827184358006504
    endloop
  endfacet
  facet normal -0.8778865046759797 0.04600808217262004 -0.4766534813494897
    outer loop
      vertex 0.4359739032465284 36 2.184038001041813
      vertex 0.45549801111474864 36.372542170939454 2.184038001041813
      vertex 0.5358983848622456 36 2
    endloop
  endfacet
  facet normal -0.8640477596499286 0.06041510022978488 -0.49977143246504585
    outer loop
      vertex 0.45549801111474864 36.372542170939454 2.184038001041813
      vertex 0.6636950287093226 36.35065978262058 1.8214438599398917
      vertex 0.5358983848622456 36 2
    endloop
  endfacet
  facet normal -0.8517901836020173 0.044640431937676035 -0.5219776958411723
    outer loop
      vertex 0.6453177282183038 36 1.8214438599398917
      vertex 0.5358983848622456 36 2
      vertex 0.6636950287093226 36.35065978262058 1.8214438599398917
    endloop
  endfacet
  facet normal -0.8556562050352136 0.135522629144717 -0.49948581138450787
    outer loop
      vertex 0.45549801111474864 36.372542170939454 2.184038001041813
      vertex 0.5138564245079213 36.741002691894636 2.184038001041813
      vertex 0.6636950287093226 36.35065978262058 1.8214438599398917
    endloop
  endfacet
  facet normal -0.9025026977457685 0.1429423846738472 -0.40627128279680796
    outer loop
      vertex 0.5138564245079213 36.741002691894636 2.184038001041813
      vertex 0.286135299045128 36.390342909274054 2.566528201818799
      vertex 0.34728218291887636 36.77640913994959 2.566528201818799
    endloop
  endfacet
  facet normal -0.8826171457313299 0.23649655142457515 -0.40627128279680746
    outer loop
      vertex 0.5138564245079213 36.741002691894636 2.184038001041813
      vertex 0.34728218291887636 36.77640913994959 2.566528201818799
      vertex 0.44844900757691075 37.153968869613784 2.566528201818799
    endloop
  endfacet
  facet normal -0.7994350026049876 0.12661806546343615 -0.5872576454234211
    outer loop
      vertex 0.6636950287093226 36.35065978262058 1.8214438599398917
      vertex 0.7186255846325014 36.69747766328249 1.8214438599398917
      vertex 0.959346169523589 36.64631092343485 1.4827184358006504
    endloop
  endfacet
  facet normal -0.7818204222096374 0.20948815075723004 -0.5872576454234207
    outer loop
      vertex 0.7186255846325014 36.69747766328249 1.8214438599398917
      vertex 0.8095075653221886 37.0366538327089 1.8214438599398917
      vertex 0.959346169523589 36.64631092343485 1.4827184358006504
    endloop
  endfacet
  facet normal -0.7818204222096367 0.20948815075723104 -0.5872576454234216
    outer loop
      vertex 0.8095075653221886 37.0366538327089 1.8214438599398917
      vertex 1.0435610769755423 36.96060523680025 1.4827184358006504
      vertex 0.959346169523589 36.64631092343485 1.4827184358006504
    endloop
  endfacet
  facet normal -0.8556562050352119 0.13552262914471974 -0.4994858113845102
    outer loop
      vertex 0.6636950287093226 36.35065978262058 1.8214438599398917
      vertex 0.5138564245079213 36.741002691894636 2.184038001041813
      vertex 0.7186255846325014 36.69747766328249 1.8214438599398917
    endloop
  endfacet
  facet normal -0.8368028586527532 0.2242206502000583 -0.49948581138451104
    outer loop
      vertex 0.7186255846325014 36.69747766328249 1.8214438599398917
      vertex 0.5138564245079213 36.741002691894636 2.184038001041813
      vertex 0.8095075653221886 37.0366538327089 1.8214438599398917
    endloop
  endfacet
  facet normal -0.8368028586527542 0.22422065020006485 -0.49948581138450665
    outer loop
      vertex 0.5138564245079213 36.741002691894636 2.184038001041813
      vertex 0.6104097564366295 37.10134463229263 2.184038001041813
      vertex 0.8095075653221886 37.0366538327089 1.8214438599398917
    endloop
  endfacet
  facet normal -0.8826171457313289 0.2364965514245768 -0.406271282796809
    outer loop
      vertex 0.5138564245079213 36.741002691894636 2.184038001041813
      vertex 0.44844900757691075 37.153968869613784 2.566528201818799
      vertex 0.6104097564366295 37.10134463229263 2.184038001041813
    endloop
  endfacet
  facet normal -0.7556400536621155 0.29006304003311767 -0.5872576454234215
    outer loop
      vertex 0.8095075653221886 37.0366538327089 1.8214438599398917
      vertex 0.9353452487796705 37.36447220581039 1.8214438599398917
      vertex 1.0435610769755423 36.96060523680025 1.4827184358006504
    endloop
  endfacet
  facet normal -0.8530614555687496 0.32745961246779953 -0.4062712827968092
    outer loop
      vertex 0.6104097564366295 37.10134463229263 2.184038001041813
      vertex 0.44844900757691075 37.153968869613784 2.566528201818799
      vertex 0.7441001483911771 37.449620010428056 2.184038001041813
    endloop
  endfacet
  facet normal -0.8530614555687495 0.3274596124678016 -0.4062712827968076
    outer loop
      vertex 0.7441001483911771 37.449620010428056 2.184038001041813
      vertex 0.44844900757691075 37.153968869613784 2.566528201818799
      vertex 0.5885273681177572 37.51888547485898 2.566528201818799
    endloop
  endfacet
  facet normal -0.8087813250386432 0.31046206289061823 -0.49948581138450604
    outer loop
      vertex 0.8095075653221886 37.0366538327089 1.8214438599398917
      vertex 0.6104097564366295 37.10134463229263 2.184038001041813
      vertex 0.7441001483911771 37.449620010428056 2.184038001041813
    endloop
  endfacet
  facet normal -0.8087813250386393 0.3104620628906222 -0.4994858113845097
    outer loop
      vertex 0.8095075653221886 37.0366538327089 1.8214438599398917
      vertex 0.7441001483911771 37.449620010428056 2.184038001041813
      vertex 0.9353452487796705 37.36447220581039 1.8214438599398917
    endloop
  endfacet
  facet normal -0.7718986139790291 0.39330198825179025 -0.4994858113845101
    outer loop
      vertex 0.9353452487796705 37.36447220581039 1.8214438599398917
      vertex 0.7441001483911771 37.449620010428056 2.184038001041813
      vertex 1.0947599310117586 37.67734113589085 1.8214438599398917
    endloop
  endfacet
  facet normal -0.7248507974211109 0.03798782060438242 -0.6878577229076585
    outer loop
      vertex 1.1715728752538097 36 1.1715728752538097
      vertex 1.027420698090423 36 1.323477574564567
      vertex 1.1870672949863832 36.295651140814265 1.1715728752538097
    endloop
  endfacet
  facet normal -0.6879070948126578 0.03605168319218026 -0.7249028245533465
    outer loop
      vertex 1.1715728752538097 36 1.1715728752538097
      vertex 1.1870672949863832 36.295651140814265 1.1715728752538097
      vertex 1.323477574564567 36 1.027420698090423
    endloop
  endfacet
  facet normal -0.6670026312227526 0.05454775708554223 -0.7430558741702142
    outer loop
      vertex 1.323477574564567 36 1.027420698090423
      vertex 1.1870672949863832 36.295651140814265 1.1715728752538097
      vertex 1.4965083675968511 36.26312757351775 0.8914161541721164
    endloop
  endfacet
  facet normal -0.6613929256856594 0.10475434836932962 -0.742688309017101
    outer loop
      vertex 1.1870672949863832 36.295651140814265 1.1715728752538097
      vertex 1.2333807940790975 36.588063065860794 1.1715728752538097
      vertex 1.4965083675968511 36.26312757351775 0.8914161541721164
    endloop
  endfacet
  facet normal -0.6490721956656711 0.034016432369206116 -0.7599658986708655
    outer loop
      vertex 1.323477574564567 36 1.027420698090423
      vertex 1.4965083675968511 36.26312757351775 0.8914161541721164
      vertex 1.4827184358006504 36 0.8914161541721164
    endloop
  endfacet
  facet normal -0.608451849989039 0.03188761025858428 -0.7929498890578853
    outer loop
      vertex 1.4827184358006504 36 0.8914161541721164
      vertex 1.4965083675968511 36.26312757351775 0.8914161541721164
      vertex 1.6488589908301075 36 0.7639320225002102
    endloop
  endfacet
  facet normal -0.5661568585971778 0.02967102368494103 -0.8237633409037227
    outer loop
      vertex 1.6488589908301075 36 0.7639320225002102
      vertex 1.8333782184212315 36.22772112546279 0.6453177282183038
      vertex 1.8214438599398917 36 0.6453177282183038
    endloop
  endfacet
  facet normal -0.5810697255499192 0.09203240327075517 -0.8086334217663469
    outer loop
      vertex 1.4965083675968511 36.26312757351775 0.8914161541721164
      vertex 1.5377270776069647 36.52337226627706 0.8914161541721164
      vertex 1.869050538536304 36.45294729062131 0.6453177282183038
    endloop
  endfacet
  facet normal -0.6613929256856591 0.10475434836932997 -0.7426883090171011
    outer loop
      vertex 1.4965083675968511 36.26312757351775 0.8914161541721164
      vertex 1.2333807940790975 36.588063065860794 1.1715728752538097
      vertex 1.5377270776069647 36.52337226627706 0.8914161541721164
    endloop
  endfacet
  facet normal -0.5854325347825575 0.05298605799423627 -0.8089877779523624
    outer loop
      vertex 1.6488589908301075 36 0.7639320225002102
      vertex 1.4965083675968511 36.26312757351775 0.8914161541721164
      vertex 1.8333782184212315 36.22772112546279 0.6453177282183038
    endloop
  endfacet
  facet normal -0.5810697255499188 0.09203240327075402 -0.8086334217663473
    outer loop
      vertex 1.4965083675968511 36.26312757351775 0.8914161541721164
      vertex 1.869050538536304 36.45294729062131 0.6453177282183038
      vertex 1.8333782184212315 36.22772112546279 0.6453177282183038
    endloop
  endfacet
  facet normal -0.741132515127417 0.05647960197677404 -0.6689788110108228
    outer loop
      vertex 0.908445301736057 36.32493549234304 1.4827184358006504
      vertex 1.1870672949863832 36.295651140814265 1.1715728752538097
      vertex 1.027420698090423 36 1.323477574564567
    endloop
  endfacet
  facet normal -0.7598028769455326 0.039819581473582014 -0.6489329619587534
    outer loop
      vertex 0.8914161541721164 36 1.4827184358006504
      vertex 0.908445301736057 36.32493549234304 1.4827184358006504
      vertex 1.027420698090423 36 1.323477574564567
    endloop
  endfacet
  facet normal -0.7344459695306824 0.11632481383272682 -0.6686237024866208
    outer loop
      vertex 0.908445301736057 36.32493549234304 1.4827184358006504
      vertex 0.959346169523589 36.64631092343485 1.4827184358006504
      vertex 1.1870672949863832 36.295651140814265 1.1715728752538097
    endloop
  endfacet
  facet normal -0.7344459695306822 0.1163248138327272 -0.6686237024866212
    outer loop
      vertex 1.1870672949863832 36.295651140814265 1.1715728752538097
      vertex 0.959346169523589 36.64631092343485 1.4827184358006504
      vertex 1.2333807940790975 36.588063065860794 1.1715728752538097
    endloop
  endfacet
  facet normal -0.6468199349804187 0.1733148792263564 -0.7426883090171008
    outer loop
      vertex 1.2333807940790975 36.588063065860794 1.1715728752538097
      vertex 1.3100059521441705 36.87403204889764 1.1715728752538097
      vertex 1.6059229650185518 36.77788278296435 0.8914161541721164
    endloop
  endfacet
  facet normal -0.6468199349804182 0.17331487922635427 -0.7426883090171016
    outer loop
      vertex 1.5377270776069647 36.52337226627706 0.8914161541721164
      vertex 1.2333807940790975 36.588063065860794 1.1715728752538097
      vertex 1.6059229650185518 36.77788278296435 0.8914161541721164
    endloop
  endfacet
  facet normal -0.625160249711762 0.23997653599810412 -0.7426883090170991
    outer loop
      vertex 1.3100059521441705 36.87403204889764 1.1715728752538097
      vertex 1.4161032479149958 37.1504249539038 1.1715728752538097
      vertex 1.700348861418223 37.023870653099046 0.8914161541721164
    endloop
  endfacet
  facet normal -0.6251602497117617 0.23997653599810018 -0.7426883090171007
    outer loop
      vertex 1.3100059521441705 36.87403204889764 1.1715728752538097
      vertex 1.700348861418223 37.023870653099046 0.8914161541721164
      vertex 1.6059229650185518 36.77788278296435 0.8914161541721164
    endloop
  endfacet
  facet normal -0.5682665591103073 0.1522665655992196 -0.8086334217663466
    outer loop
      vertex 1.5377270776069647 36.52337226627706 0.8914161541721164
      vertex 1.6059229650185518 36.77788278296435 0.8914161541721164
      vertex 1.869050538536304 36.45294729062131 0.6453177282183038
    endloop
  endfacet
  facet normal -0.5682665591103069 0.1522665655992202 -0.8086334217663469
    outer loop
      vertex 1.869050538536304 36.45294729062131 0.6453177282183038
      vertex 1.6059229650185518 36.77788278296435 0.8914161541721164
      vertex 1.9280699868810167 36.673210870478464 0.6453177282183038
    endloop
  endfacet
  facet normal -0.5492373453316614 0.21083246357114738 -0.8086334217663466
    outer loop
      vertex 1.6059229650185518 36.77788278296435 0.8914161541721164
      vertex 1.700348861418223 37.023870653099046 0.8914161541721164
      vertex 1.9280699868810167 36.673210870478464 0.6453177282183038
    endloop
  endfacet
  facet normal -0.5966511779240675 0.3040089596231423 -0.7426883090170986
    outer loop
      vertex 1.700348861418223 37.023870653099046 0.8914161541721164
      vertex 1.4161032479149958 37.1504249539038 1.1715728752538097
      vertex 1.5505102572168217 37.41421356237309 1.1715728752538097
    endloop
  endfacet
  facet normal -0.5241905722622516 0.26708843695266865 -0.8086334217663488
    outer loop
      vertex 1.700348861418223 37.023870653099046 0.8914161541721164
      vertex 1.8199702169251353 37.258640782099675 0.8914161541721164
      vertex 2.0097899340286904 36.88609861116022 0.6453177282183038
    endloop
  endfacet
  facet normal -0.5966511779240659 0.3040089596231435 -0.7426883090170994
    outer loop
      vertex 1.700348861418223 37.023870653099046 0.8914161541721164
      vertex 1.5505102572168217 37.41421356237309 1.1715728752538097
      vertex 1.8199702169251353 37.258640782099675 0.8914161541721164
    endloop
  endfacet
  facet normal -0.5616050709737537 0.36471059746857776 -0.742688309017099
    outer loop
      vertex 1.5505102572168217 37.41421356237309 1.1715728752538097
      vertex 1.7117543887292626 37.662507751109814 1.1715728752538097
      vertex 1.8199702169251353 37.258640782099675 0.8914161541721164
    endloop
  endfacet
  facet normal -0.5616050709737536 0.3647105974685778 -0.7426883090170991
    outer loop
      vertex 1.8199702169251353 37.258640782099675 0.8914161541721164
      vertex 1.7117543887292626 37.662507751109814 1.1715728752538097
      vertex 1.9634764349359757 37.47962097930411 0.8914161541721164
    endloop
  endfacet
  facet normal -0.7182633436334123 0.19245808287945038 -0.6686237024866208
    outer loop
      vertex 1.2333807940790975 36.588063065860794 1.1715728752538097
      vertex 0.959346169523589 36.64631092343485 1.4827184358006504
      vertex 1.0435610769755423 36.96060523680025 1.4827184358006504
    endloop
  endfacet
  facet normal -0.7182633436334104 0.19245808287945246 -0.6686237024866223
    outer loop
      vertex 1.2333807940790975 36.588063065860794 1.1715728752538097
      vertex 1.0435610769755423 36.96060523680025 1.4827184358006504
      vertex 1.3100059521441705 36.87403204889764 1.1715728752538097
    endloop
  endfacet
  facet normal -0.6942112742370257 0.2664827408957011 -0.6686237024866227
    outer loop
      vertex 1.3100059521441705 36.87403204889764 1.1715728752538097
      vertex 1.0435610769755423 36.96060523680025 1.4827184358006504
      vertex 1.4161032479149958 37.1504249539038 1.1715728752538097
    endloop
  endfacet
  facet normal -0.7556400536621147 0.2900630400331184 -0.5872576454234223
    outer loop
      vertex 0.9353452487796705 37.36447220581039 1.8214438599398917
      vertex 1.1601673479427697 37.26437495817169 1.4827184358006504
      vertex 1.0435610769755423 36.96060523680025 1.4827184358006504
    endloop
  endfacet
  facet normal -0.7211807345588241 0.36745993794280857 -0.5872576454234224
    outer loop
      vertex 0.9353452487796705 37.36447220581039 1.8214438599398917
      vertex 1.307887419719124 37.55429192291394 1.4827184358006504
      vertex 1.1601673479427697 37.26437495817169 1.4827184358006504
    endloop
  endfacet
  facet normal -0.6942112742370259 0.2664827408957032 -0.6686237024866215
    outer loop
      vertex 1.4161032479149958 37.1504249539038 1.1715728752538097
      vertex 1.0435610769755423 36.96060523680025 1.4827184358006504
      vertex 1.1601673479427697 37.26437495817169 1.4827184358006504
    endloop
  endfacet
  facet normal -0.6625532808470509 0.3375877582376033 -0.6686237024866217
    outer loop
      vertex 1.4161032479149958 37.1504249539038 1.1715728752538097
      vertex 1.1601673479427697 37.26437495817169 1.4827184358006504
      vertex 1.307887419719124 37.55429192291394 1.4827184358006504
    endloop
  endfacet
  facet normal -0.6625532808470506 0.3375877582376035 -0.668623702486622
    outer loop
      vertex 1.4161032479149958 37.1504249539038 1.1715728752538097
      vertex 1.307887419719124 37.55429192291394 1.4827184358006504
      vertex 1.5505102572168217 37.41421356237309 1.1715728752538097
    endloop
  endfacet
  facet normal -0.9489988202323011 0.06351161439120993 -0.308816311154581
    outer loop
      vertex 0.19577393481938588 36 2.76393202250021
      vertex 0.1574624658153212 36.40386696901014 2.964723819589917
      vertex 0.286135299045128 36.390342909274054 2.566528201818799
    endloop
  endfacet
  facet normal -0.9576115012667916 0.05018629219729235 -0.2836574496061219
    outer loop
      vertex 0.19577393481938588 36 2.76393202250021
      vertex 0.13629669484372675 36 2.964723819589917
      vertex 0.1574624658153212 36.40386696901014 2.964723819589917
    endloop
  endfacet
  facet normal -0.9711098024176021 0.050893708184700064 -0.23314283629495544
    outer loop
      vertex 0.13629669484372675 36 2.964723819589917
      vertex 0.08740959706477724 36 3.1683532367289624
      vertex 0.1574624658153212 36.40386696901014 2.964723819589917
    endloop
  endfacet
  facet normal -0.9661621799690026 0.15302505613712422 -0.20763904784932674
    outer loop
      vertex 0.1574624658153212 36.40386696901014 2.964723819589917
      vertex 0.07088927791271571 36.412966177719156 3.3742621398390766
      vertex 0.2207278821141161 36.8033090869932 2.964723819589917
    endloop
  endfacet
  facet normal -0.9414933186221669 0.049341574038809004 -0.3334002700376709
    outer loop
      vertex 0.19577393481938588 36 2.76393202250021
      vertex 0.286135299045128 36.390342909274054 2.566528201818799
      vertex 0.26567829401119303 36 2.566528201818799
    endloop
  endfacet
  facet normal -0.9227984850210498 0.048361819325708474 -0.382235647833065
    outer loop
      vertex 0.34581816942959653 36 2.3730534276967994
      vertex 0.26567829401119303 36 2.566528201818799
      vertex 0.286135299045128 36.390342909274054 2.566528201818799
    endloop
  endfacet
  facet normal -0.9394703025781199 0.14879747807535784 -0.30863386251704356
    outer loop
      vertex 0.1574624658153212 36.40386696901014 2.964723819589917
      vertex 0.34728218291887636 36.77640913994959 2.566528201818799
      vertex 0.286135299045128 36.390342909274054 2.566528201818799
    endloop
  endfacet
  facet normal -0.9819520527222574 0.051461926445597564 -0.1819940556201024
    outer loop
      vertex 0.08740959706477724 36 3.1683532367289624
      vertex 0.04924663761944892 36 3.3742621398390766
      vertex 0.07088927791271571 36.412966177719156 3.3742621398390766
    endloop
  endfacet
  facet normal -0.9760472935114975 0.06454671051202998 -0.20776285276958642
    outer loop
      vertex 0.08740959706477724 36 3.1683532367289624
      vertex 0.07088927791271571 36.412966177719156 3.3742621398390766
      vertex 0.1574624658153212 36.40386696901014 2.964723819589917
    endloop
  endfacet
  facet normal -0.9901092228752747 0.0518894256185511 -0.13035035207584394
    outer loop
      vertex 0.04924663761944892 36 3.3742621398390766
      vertex 0.02191241852690684 36 3.581886146929386
      vertex 0.07088927791271571 36.412966177719156 3.3742621398390766
    endloop
  endfacet
  facet normal -0.9955594863438045 0.052175061823444495 -0.07835223082069791
    outer loop
      vertex 0.02191241852690684 36 3.581886146929386
      vertex 0.005481860981704667 36 3.7906561750282246
      vertex 0.027364249300577015 36.417540842566346 3.7906561750282246
    endloop
  endfacet
  facet normal -0.992391867739459 0.06518221914042954 -0.10444931379629617
    outer loop
      vertex 0.02191241852690684 36 3.581886146929386
      vertex 0.027364249300577015 36.417540842566346 3.7906561750282246
      vertex 0.07088927791271571 36.412966177719156 3.3742621398390766
    endloop
  endfacet
  facet normal -0.9822923793761917 0.15557982874255422 -0.10438677266731372
    outer loop
      vertex 0.07088927791271571 36.412966177719156 3.3742621398390766
      vertex 0.027364249300577015 36.417540842566346 3.7906561750282246
      vertex 0.09277166623158806 36.8305070202855 3.7906561750282246
    endloop
  endfacet
  facet normal -0.998288266192417 0.0523180711154626 -0.026141098241954996
    outer loop
      vertex 0.005481860981704667 36 3.7906561750282246
      vertex 0 36 4
      vertex 0.027364249300577015 36.417540842566346 3.7906561750282246
    endloop
  endfacet
  facet normal -0.9394703025781199 0.14879747807535812 -0.3086338625170432
    outer loop
      vertex 0.1574624658153212 36.40386696901014 2.964723819589917
      vertex 0.2207278821141161 36.8033090869932 2.964723819589917
      vertex 0.34728218291887636 36.77640913994959 2.566528201818799
    endloop
  endfacet
  facet normal -0.9187702142408775 0.2461837369356141 -0.30863386251704245
    outer loop
      vertex 0.2207278821141161 36.8033090869932 2.964723819589917
      vertex 0.32539979460000445 37.19394998251594 2.964723819589917
      vertex 0.34728218291887636 36.77640913994959 2.566528201818799
    endloop
  endfacet
  facet normal -0.9661621799690026 0.15302505613712541 -0.20763904784932558
    outer loop
      vertex 0.07088927791271571 36.412966177719156 3.3742621398390766
      vertex 0.1355800774964484 36.821407811576485 3.3742621398390766
      vertex 0.2207278821141161 36.8033090869932 2.964723819589917
    endloop
  endfacet
  facet normal -0.9822923793761911 0.15557982874255616 -0.10438677266731576
    outer loop
      vertex 0.07088927791271571 36.412966177719156 3.3742621398390766
      vertex 0.09277166623158806 36.8305070202855 3.7906561750282246
      vertex 0.1355800774964484 36.821407811576485 3.3742621398390766
    endloop
  endfacet
  facet normal -0.9448739684964556 0.2531782168078139 -0.20763904784932558
    outer loop
      vertex 0.2207278821141161 36.8033090869932 2.964723819589917
      vertex 0.1355800774964484 36.821407811576485 3.3742621398390766
      vertex 0.24261027043298888 37.220849929559556 3.3742621398390766
    endloop
  endfacet
  facet normal -0.960648758529117 0.25740505905783606 -0.10438677266731632
    outer loop
      vertex 0.1355800774964484 36.821407811576485 3.3742621398390766
      vertex 0.09277166623158806 36.8305070202855 3.7906561750282246
      vertex 0.24261027043298888 37.220849929559556 3.3742621398390766
    endloop
  endfacet
  facet normal -0.9187702142408767 0.2461837369356153 -0.3086338625170437
    outer loop
      vertex 0.34728218291887636 36.77640913994959 2.566528201818799
      vertex 0.32539979460000445 37.19394998251594 2.964723819589917
      vertex 0.44844900757691075 37.153968869613784 2.566528201818799
    endloop
  endfacet
  facet normal -0.9448739684964544 0.2531782168078165 -0.2076390478493283
    outer loop
      vertex 0.2207278821141161 36.8033090869932 2.964723819589917
      vertex 0.24261027043298888 37.220849929559556 3.3742621398390766
      vertex 0.32539979460000445 37.19394998251594 2.964723819589917
    endloop
  endfacet
  facet normal -0.913233520097472 0.35055750395420726 -0.20763904784932916
    outer loop
      vertex 0.32539979460000445 37.19394998251594 2.964723819589917
      vertex 0.24261027043298888 37.220849929559556 3.3742621398390766
      vertex 0.47033139589578266 37.57150971218014 2.964723819589917
    endloop
  endfacet
  facet normal -0.8880038871713857 0.34087275525673744 -0.3086338625170437
    outer loop
      vertex 0.44844900757691075 37.153968869613784 2.566528201818799
      vertex 0.32539979460000445 37.19394998251594 2.964723819589917
      vertex 0.47033139589578266 37.57150971218014 2.964723819589917
    endloop
  endfacet
  facet normal -0.9606487585291167 0.2574050590578383 -0.10438677266731405
    outer loop
      vertex 0.24261027043298888 37.220849929559556 3.3742621398390766
      vertex 0.09277166623158806 36.8305070202855 3.7906561750282246
      vertex 0.20098749442746033 37.23437398929564 3.7906561750282246
    endloop
  endfacet
  facet normal -0.9132335200974709 0.35055750395421337 -0.2076390478493233
    outer loop
      vertex 0.24261027043298888 37.220849929559556 3.3742621398390766
      vertex 0.3908072115310155 37.606916160235095 3.3742621398390766
      vertex 0.47033139589578266 37.57150971218014 2.964723819589917
    endloop
  endfacet
  facet normal -0.8880038871713851 0.34087275525673816 -0.30863386251704444
    outer loop
      vertex 0.44844900757691075 37.153968869613784 2.566528201818799
      vertex 0.47033139589578266 37.57150971218014 2.964723819589917
      vertex 0.5885273681177572 37.51888547485898 2.566528201818799
    endloop
  endfacet
  facet normal -0.52230278275516 0.02737272895755076 -0.8523206772310716
    outer loop
      vertex 1.8214438599398917 36 0.6453177282183038
      vertex 1.8333782184212315 36.22772112546279 0.6453177282183038
      vertex 2 36 0.5358983848622456
    endloop
  endfacet
  facet normal -0.4770096365855035 0.024999015750057137 -0.8785424610205783
    outer loop
      vertex 2 36 0.5358983848622456
      vertex 2.1939860308793455 36.18981971710355 0.4359739032465284
      vertex 2.184038001041813 36 0.4359739032465284
    endloop
  endfacet
  facet normal -0.43040156284542674 0.022556390108679488 -0.9023556416211289
    outer loop
      vertex 2.184038001041813 36 0.4359739032465284
      vertex 2.1939860308793455 36.18981971710355 0.4359739032465284
      vertex 2.3730534276967994 36 0.34581816942959653
    endloop
  endfacet
  facet normal -0.49435220254746404 0.0782976969236803 -0.865728231313337
    outer loop
      vertex 1.8333782184212315 36.22772112546279 0.6453177282183038
      vertex 1.869050538536304 36.45294729062131 0.6453177282183038
      vertex 2.1939860308793455 36.18981971710355 0.4359739032465284
    endloop
  endfacet
  facet normal -0.49725906942887715 0.052282101266739815 -0.86602540364464
    outer loop
      vertex 1.8333782184212315 36.22772112546279 0.6453177282183038
      vertex 2.1939860308793455 36.18981971710355 0.4359739032465284
      vertex 2 36 0.5358983848622456
    endloop
  endfacet
  facet normal -0.49435220254746276 0.07829769692368245 -0.8657282313133375
    outer loop
      vertex 1.869050538536304 36.45294729062131 0.6453177282183038
      vertex 2.223721127695284 36.37755972966419 0.4359739032465284
      vertex 2.1939860308793455 36.18981971710355 0.4359739032465284
    endloop
  endfacet
  facet normal -0.48345975152015386 0.12954264999277698 -0.8657282313133378
    outer loop
      vertex 1.869050538536304 36.45294729062131 0.6453177282183038
      vertex 1.9280699868810167 36.673210870478464 0.6453177282183038
      vertex 2.2729175075464436 36.56116311881718 0.4359739032465284
    endloop
  endfacet
  facet normal -0.40218898858984087 0.06370047786249389 -0.9133379804744631
    outer loop
      vertex 2.1939860308793455 36.18981971710355 0.4359739032465284
      vertex 2.223721127695284 36.37755972966419 0.4359739032465284
      vertex 2.597852999889484 36.29803554529943 0.26567829401119303
    endloop
  endfacet
  facet normal -0.48345975152015375 0.12954264999277676 -0.8657282313133378
    outer loop
      vertex 1.869050538536304 36.45294729062131 0.6453177282183038
      vertex 2.2729175075464436 36.56116311881718 0.4359739032465284
      vertex 2.223721127695284 36.37755972966419 0.4359739032465284
    endloop
  endfacet
  facet normal -0.38260649283821163 0.020051556628924 -0.923693784062013
    outer loop
      vertex 2.566528201818799 36 0.26567829401119303
      vertex 2.3730534276967994 36 0.34581816942959653
      vertex 2.574380910315865 36.1498386042014 0.26567829401119303
    endloop
  endfacet
  facet normal -0.3337557913785806 0.017491399849005856 -0.9424972799178677
    outer loop
      vertex 2.566528201818799 36 0.26567829401119303
      vertex 2.574380910315865 36.1498386042014 0.26567829401119303
      vertex 2.76393202250021 36 0.19577393481938588
    endloop
  endfacet
  facet normal -0.4033431860452911 0.05337084183763245 -0.9134910111831294
    outer loop
      vertex 2.1939860308793455 36.18981971710355 0.4359739032465284
      vertex 2.574380910315865 36.1498386042014 0.26567829401119303
      vertex 2.3730534276967994 36 0.34581816942959653
    endloop
  endfacet
  facet normal -0.40218898858984053 0.06370047786249222 -0.9133379804744635
    outer loop
      vertex 2.1939860308793455 36.18981971710355 0.4359739032465284
      vertex 2.597852999889484 36.29803554529943 0.26567829401119303
      vertex 2.574380910315865 36.1498386042014 0.26567829401119303
    endloop
  endfacet
  facet normal -0.3933272421682367 0.10539171690013995 -0.9133379804744627
    outer loop
      vertex 2.223721127695284 36.37755972966419 0.4359739032465284
      vertex 2.2729175075464436 36.56116311881718 0.4359739032465284
      vertex 2.6366873054144375 36.44296714659521 0.26567829401119303
    endloop
  endfacet
  facet normal -0.39332724216823645 0.10539171690013813 -0.913337980474463
    outer loop
      vertex 2.223721127695284 36.37755972966419 0.4359739032465284
      vertex 2.6366873054144375 36.44296714659521 0.26567829401119303
      vertex 2.597852999889484 36.29803554529943 0.26567829401119303
    endloop
  endfacet
  facet normal -0.3110736005759695 0.049269218126962534 -0.9491078754124106
    outer loop
      vertex 2.76393202250021 36 0.19577393481938588
      vertex 2.574380910315865 36.1498386042014 0.26567829401119303
      vertex 2.597852999889484 36.29803554529943 0.26567829401119303
    endloop
  endfacet
  facet normal -0.304563150305993 0.053340332366768585 -0.9509974218780468
    outer loop
      vertex 2.76393202250021 36 0.19577393481938588
      vertex 2.597852999889484 36.29803554529943 0.26567829401119303
      vertex 2.987347088035019 36.215246021132415 0.13629669484372675
    endloop
  endfacet
  facet normal -0.29885793489490325 0.0800787423067212 -0.9509318218363121
    outer loop
      vertex 2.597852999889484 36.29803554529943 0.26567829401119303
      vertex 2.6366873054144375 36.44296714659521 0.26567829401119303
      vertex 2.987347088035019 36.215246021132415 0.13629669484372675
    endloop
  endfacet
  facet normal -0.2888502519837986 0.11087922324749638 -0.9509318218363122
    outer loop
      vertex 2.6366873054144375 36.44296714659521 0.26567829401119303
      vertex 2.6904583501127926 36.583045507136056 0.26567829401119303
      vertex 3.054228147980787 36.421084758276336 0.13629669484372675
    endloop
  endfacet
  facet normal -0.4672704142847346 0.17936830668001055 -0.8657282313133368
    outer loop
      vertex 2.3410361646001707 36.73861828740947 0.4359739032465284
      vertex 1.9280699868810167 36.673210870478464 0.6453177282183038
      vertex 2.0097899340286904 36.88609861116022 0.6453177282183038
    endloop
  endfacet
  facet normal -0.4672704142847343 0.17936830668000442 -0.8657282313133381
    outer loop
      vertex 2.2729175075464436 36.56116311881718 0.4359739032465284
      vertex 1.9280699868810167 36.673210870478464 0.6453177282183038
      vertex 2.3410361646001707 36.73861828740947 0.4359739032465284
    endloop
  endfacet
  facet normal -0.44596156460779085 0.2272287666640231 -0.8657282313133366
    outer loop
      vertex 2.3410361646001707 36.73861828740947 0.4359739032465284
      vertex 2.0097899340286904 36.88609861116022 0.6453177282183038
      vertex 2.113315039137377 37.089278070030055 0.6453177282183038
    endloop
  endfacet
  facet normal -0.44596156460779046 0.2272287666640235 -0.8657282313133369
    outer loop
      vertex 2.3410361646001707 36.73861828740947 0.4359739032465284
      vertex 2.113315039137377 37.089278070030055 0.6453177282183038
      vertex 2.42733077659504 36.90798099947909 0.4359739032465284
    endloop
  endfacet
  facet normal -0.5492373453316565 0.21083246357115204 -0.8086334217663487
    outer loop
      vertex 1.700348861418223 37.023870653099046 0.8914161541721164
      vertex 2.0097899340286904 36.88609861116022 0.6453177282183038
      vertex 1.9280699868810167 36.673210870478464 0.6453177282183038
    endloop
  endfacet
  facet normal -0.41976666670554663 0.27259966072979075 -0.8657282313133362
    outer loop
      vertex 2.113315039137377 37.089278070030055 0.6453177282183038
      vertex 2.237511059491484 37.28052317041855 0.6453177282183038
      vertex 2.530855881703726 37.06739568171118 0.4359739032465284
    endloop
  endfacet
  facet normal -0.524190572262254 0.2670884369526666 -0.8086334217663477
    outer loop
      vertex 1.8199702169251353 37.258640782099675 0.8914161541721164
      vertex 2.113315039137377 37.089278070030055 0.6453177282183038
      vertex 2.0097899340286904 36.88609861116022 0.6453177282183038
    endloop
  endfacet
  facet normal -0.4934006575892166 0.32041813352707815 -0.8086334217663478
    outer loop
      vertex 1.8199702169251353 37.258640782099675 0.8914161541721164
      vertex 1.9634764349359757 37.47962097930411 0.8914161541721164
      vertex 2.113315039137377 37.089278070030055 0.6453177282183038
    endloop
  endfacet
  facet normal -0.4934006575892133 0.3204181335270801 -0.8086334217663491
    outer loop
      vertex 1.9634764349359757 37.47962097930411 0.8914161541721164
      vertex 2.237511059491484 37.28052317041855 0.6453177282183038
      vertex 2.113315039137377 37.089278070030055 0.6453177282183038
    endloop
  endfacet
  facet normal -0.45720494206090406 0.3702372619787626 -0.8086334217663492
    outer loop
      vertex 1.9634764349359757 37.47962097930411 0.8914161541721164
      vertex 2.381017277502325 37.45773859098524 0.6453177282183038
      vertex 2.237511059491484 37.28052317041855 0.6453177282183038
    endloop
  endfacet
  facet normal -0.38015612017242095 0.1459282622327906 -0.9133379804744627
    outer loop
      vertex 2.2729175075464436 36.56116311881718 0.4359739032465284
      vertex 2.3410361646001707 36.73861828740947 0.4359739032465284
      vertex 2.6366873054144375 36.44296714659521 0.26567829401119303
    endloop
  endfacet
  facet normal -0.38015612017241973 0.14592826223279193 -0.9133379804744628
    outer loop
      vertex 2.6366873054144375 36.44296714659521 0.26567829401119303
      vertex 2.3410361646001707 36.73861828740947 0.4359739032465284
      vertex 2.6904583501127926 36.583045507136056 0.26567829401119303
    endloop
  endfacet
  facet normal -0.3628199281712105 0.18486598698697268 -0.9133379804744627
    outer loop
      vertex 2.3410361646001707 36.73861828740947 0.4359739032465284
      vertex 2.42733077659504 36.90798099947909 0.4359739032465284
      vertex 2.6904583501127926 36.583045507136056 0.26567829401119303
    endloop
  endfacet
  facet normal -0.41976666670554713 0.27259966072978814 -0.8657282313133368
    outer loop
      vertex 2.113315039137377 37.089278070030055 0.6453177282183038
      vertex 2.530855881703726 37.06739568171118 0.4359739032465284
      vertex 2.42733077659504 36.90798099947909 0.4359739032465284
    endloop
  endfacet
  facet normal -0.3415086051120068 0.2217782813020251 -0.9133379804744632
    outer loop
      vertex 2.42733077659504 36.90798099947909 0.4359739032465284
      vertex 2.530855881703726 37.06739568171118 0.4359739032465284
      vertex 2.75857700716652 36.7167358990906 0.26567829401119303
    endloop
  endfacet
  facet normal -0.3628199281712076 0.18486598698697546 -0.9133379804744635
    outer loop
      vertex 2.42733077659504 36.90798099947909 0.4359739032465284
      vertex 2.75857700716652 36.7167358990906 0.26567829401119303
      vertex 2.6904583501127926 36.583045507136056 0.26567829401119303
    endloop
  endfacet
  facet normal -0.3415086051120075 0.2217782813020248 -0.9133379804744632
    outer loop
      vertex 2.75857700716652 36.7167358990906 0.26567829401119303
      vertex 2.530855881703726 37.06739568171118 0.4359739032465284
      vertex 2.8402969543141934 36.842573582548084 0.26567829401119303
    endloop
  endfacet
  facet normal -0.3164556423099208 0.2562607263570499 -0.913337980474464
    outer loop
      vertex 2.650477237210638 37.21511575348754 0.4359739032465284
      vertex 2.9347228507138645 36.95917985351531 0.26567829401119303
      vertex 2.8402969543141934 36.842573582548084 0.26567829401119303
    endloop
  endfacet
  facet normal -0.3889727173610535 0.3149838958674542 -0.865728231313337
    outer loop
      vertex 2.530855881703726 37.06739568171118 0.4359739032465284
      vertex 2.381017277502325 37.45773859098524 0.6453177282183038
      vertex 2.650477237210638 37.21511575348754 0.4359739032465284
    endloop
  endfacet
  facet normal -0.3889727173610564 0.31498389586745273 -0.8657282313133363
    outer loop
      vertex 2.237511059491484 37.28052317041855 0.6453177282183038
      vertex 2.381017277502325 37.45773859098524 0.6453177282183038
      vertex 2.530855881703726 37.06739568171118 0.4359739032465284
    endloop
  endfacet
  facet normal -0.3539171015273773 0.3539171015273793 -0.8657282313133371
    outer loop
      vertex 2.650477237210638 37.21511575348754 0.4359739032465284
      vertex 2.381017277502325 37.45773859098524 0.6453177282183038
      vertex 2.542261409014766 37.61898272249768 0.6453177282183038
    endloop
  endfacet
  facet normal -0.3164556423099256 0.25626072635704705 -0.9133379804744632
    outer loop
      vertex 2.530855881703726 37.06739568171118 0.4359739032465284
      vertex 2.650477237210638 37.21511575348754 0.4359739032465284
      vertex 2.8402969543141934 36.842573582548084 0.26567829401119303
    endloop
  endfacet
  facet normal -0.28793552526809346 0.2879355252680963 -0.9133379804744641
    outer loop
      vertex 2.650477237210638 37.21511575348754 0.4359739032465284
      vertex 2.784884246512464 37.34952276278936 0.4359739032465284
      vertex 2.9347228507138645 36.95917985351531 0.26567829401119303
    endloop
  endfacet
  facet normal -0.3539171015273762 0.3539171015273797 -0.8657282313133373
    outer loop
      vertex 2.650477237210638 37.21511575348754 0.4359739032465284
      vertex 2.542261409014766 37.61898272249768 0.6453177282183038
      vertex 2.784884246512464 37.34952276278936 0.4359739032465284
    endloop
  endfacet
  facet normal -0.28398388788689133 0.014882964916315222 -0.9587135384336373
    outer loop
      vertex 2.76393202250021 36 0.19577393481938588
      vertex 2.9703951708289376 36.108215828195874 0.13629669484372675
      vertex 2.964723819589917 36 0.13629669484372675
    endloop
  endfacet
  facet normal -0.23342789483643142 0.01223343759109188 -0.9722971566948743
    outer loop
      vertex 2.964723819589917 36 0.13629669484372675
      vertex 2.9703951708289376 36.108215828195874 0.13629669484372675
      vertex 3.1683532367289624 36 0.08740959706477724
    endloop
  endfacet
  facet normal -0.2993775068863021 0.047416738873942606 -0.9529558023565954
    outer loop
      vertex 2.76393202250021 36 0.19577393481938588
      vertex 2.987347088035019 36.215246021132415 0.13629669484372675
      vertex 2.9703951708289376 36.108215828195874 0.13629669484372675
    endloop
  endfacet
  facet normal -0.29885793489490153 0.08007874230672417 -0.9509318218363124
    outer loop
      vertex 2.6366873054144375 36.44296714659521 0.26567829401119303
      vertex 3.0153938424558335 36.3199179336183 0.13629669484372675
      vertex 2.987347088035019 36.215246021132415 0.13629669484372675
    endloop
  endfacet
  facet normal -0.22149003985858678 0.03508057600046196 -0.9745314337828809
    outer loop
      vertex 3.1683532367289624 36 0.08740959706477724
      vertex 2.9703951708289376 36.108215828195874 0.13629669484372675
      vertex 2.987347088035019 36.215246021132415 0.13629669484372675
    endloop
  endfacet
  facet normal -0.2888502519837987 0.11087922324749427 -0.9509318218363124
    outer loop
      vertex 2.6366873054144375 36.44296714659521 0.26567829401119303
      vertex 3.054228147980787 36.421084758276336 0.13629669484372675
      vertex 3.0153938424558335 36.3199179336183 0.13629669484372675
    endloop
  endfacet
  facet normal -0.27567786526615506 0.1404648882154088 -0.9509318218363124
    outer loop
      vertex 2.75857700716652 36.7167358990906 0.26567829401119303
      vertex 3.1034245278319466 36.51763809020504 0.13629669484372675
      vertex 3.054228147980787 36.421084758276336 0.13629669484372675
    endloop
  endfacet
  facet normal -0.20109093914766205 0.05388215474983353 -0.9780895396599569
    outer loop
      vertex 2.987347088035019 36.215246021132415 0.13629669484372675
      vertex 3.0153938424558335 36.3199179336183 0.13629669484372675
      vertex 3.387936013395287 36.130098216514746 0.04924663761944892
    endloop
  endfacet
  facet normal -0.20131034886240462 0.05286075067668899 -0.9781001403122248
    outer loop
      vertex 3.1683532367289624 36 0.08740959706477724
      vertex 2.987347088035019 36.215246021132415 0.13629669484372675
      vertex 3.387936013395287 36.130098216514746 0.04924663761944892
    endloop
  endfacet
  facet normal -0.2010909391476608 0.053882154749836125 -0.9780895396599569
    outer loop
      vertex 3.0153938424558335 36.3199179336183 0.13629669484372675
      vertex 3.404887930601368 36.193363632813536 0.04924663761944892
      vertex 3.387936013395287 36.130098216514746 0.04924663761944892
    endloop
  endfacet
  facet normal -0.19435712310896994 0.07460670951448209 -0.9780895396599569
    outer loop
      vertex 3.0153938424558335 36.3199179336183 0.13629669484372675
      vertex 3.054228147980787 36.421084758276336 0.13629669484372675
      vertex 3.4283600201749875 36.25451051668729 0.04924663761944892
    endloop
  endfacet
  facet normal -0.18549388975765038 0.0945138575572413 -0.9780895396599568
    outer loop
      vertex 3.054228147980787 36.421084758276336 0.13629669484372675
      vertex 3.1034245278319466 36.51763809020504 0.13629669484372675
      vertex 3.4580951169909255 36.31286893008046 0.04924663761944892
    endloop
  endfacet
  facet normal -0.17459834653305828 0.11338549199829784 -0.9780895396599567
    outer loop
      vertex 3.1034245278319466 36.51763809020504 0.13629669484372675
      vertex 3.1624439761766587 36.60852007089473 0.13629669484372675
      vertex 3.4580951169909255 36.31286893008046 0.04924663761944892
    endloop
  endfacet
  facet normal -0.1822272149196837 0.0095501236588747 -0.9832100677275003
    outer loop
      vertex 3.1683532367289624 36 0.08740959706477724
      vertex 3.377689997309071 36.06540741693101 0.04924663761944892
      vertex 3.3742621398390766 36 0.04924663761944892
    endloop
  endfacet
  facet normal -0.18827860946185332 0.029820402184694707 -0.9816628284867742
    outer loop
      vertex 3.1683532367289624 36 0.08740959706477724
      vertex 3.387936013395287 36.130098216514746 0.04924663761944892
      vertex 3.377689997309071 36.06540741693101 0.04924663761944892
    endloop
  endfacet
  facet normal -0.13052313842923915 0.006840427830129848 -0.9914216655296991
    outer loop
      vertex 3.3742621398390766 36 0.04924663761944892
      vertex 3.377689997309071 36.06540741693101 0.04924663761944892
      vertex 3.581886146929386 36 0.02191241852690684
    endloop
  endfacet
  facet normal -0.12635242299999203 0.020012257800500872 -0.9917835321983106
    outer loop
      vertex 3.377689997309071 36.06540741693101 0.04924663761944892
      vertex 3.387936013395287 36.130098216514746 0.04924663761944892
      vertex 3.581886146929386 36 0.02191241852690684
    endloop
  endfacet
  facet normal -0.07932863216423709 0.012564421007043226 -0.9967693331176019
    outer loop
      vertex 3.581886146929386 36 0.02191241852690684
      vertex 3.79523083987542 36.04352502861214 0.005481860981704667
      vertex 3.791802982405426 36.02188238831887 0.005481860981704667
    endloop
  endfacet
  facet normal -0.07845843246463684 0.004111832211500663 -0.9969089061750108
    outer loop
      vertex 3.581886146929386 36 0.02191241852690684
      vertex 3.791802982405426 36.02188238831887 0.005481860981704667
      vertex 3.7906561750282246 36 0.005481860981704667
    endloop
  endfacet
  facet normal -0.0842681314466257 0.03234750496198885 -0.9959179288200549
    outer loop
      vertex 3.581886146929386 36 0.02191241852690684
      vertex 3.808754899611507 36.08514780461767 0.005481860981704667
      vertex 3.800902191114441 36.06469079958373 0.005481860981704667
    endloop
  endfacet
  facet normal -0.08909889293145067 0.0453981534703497 -0.9949876355713534
    outer loop
      vertex 3.581886146929386 36 0.02191241852690684
      vertex 3.8187029294490396 36.10467191248589 0.005481860981704667
      vertex 3.808754899611507 36.08514780461767 0.005481860981704667
    endloop
  endfacet
  facet normal -0.08117934335540772 0.02175193949417311 -0.9964621253919421
    outer loop
      vertex 3.581886146929386 36 0.02191241852690684
      vertex 3.800902191114441 36.06469079958373 0.005481860981704667
      vertex 3.79523083987542 36.04352502861214 0.005481860981704667
    endloop
  endfacet
  facet normal -0.1943571231089704 0.07460670951447948 -0.9780895396599569
    outer loop
      vertex 3.0153938424558335 36.3199179336183 0.13629669484372675
      vertex 3.4283600201749875 36.25451051668729 0.04924663761944892
      vertex 3.404887930601368 36.193363632813536 0.04924663761944892
    endloop
  endfacet
  facet normal -0.11855930282764325 0.03176786944786646 -0.992438660161809
    outer loop
      vertex 3.581886146929386 36 0.02191241852690684
      vertex 3.387936013395287 36.130098216514746 0.04924663761944892
      vertex 3.404887930601368 36.193363632813536 0.04924663761944892
    endloop
  endfacet
  facet normal -0.10807287116676738 0.041485288403935325 -0.9932770134075456
    outer loop
      vertex 3.581886146929386 36 0.02191241852690684
      vertex 3.404887930601368 36.193363632813536 0.04924663761944892
      vertex 3.4283600201749875 36.25451051668729 0.04924663761944892
    endloop
  endfacet
  facet normal -0.09595585541377111 0.04889195036132445 -0.994184113231386
    outer loop
      vertex 3.581886146929386 36 0.02191241852690684
      vertex 3.4283600201749875 36.25451051668729 0.04924663761944892
      vertex 3.4580951169909255 36.31286893008046 0.04924663761944892
    endloop
  endfacet
  facet normal -0.18549388975765133 0.09451385755723794 -0.9780895396599569
    outer loop
      vertex 3.054228147980787 36.421084758276336 0.13629669484372675
      vertex 3.4580951169909255 36.31286893008046 0.04924663761944892
      vertex 3.4283600201749875 36.25451051668729 0.04924663761944892
    endloop
  endfacet
  facet normal -0.17459834653305695 0.11338549199829921 -0.9780895396599568
    outer loop
      vertex 3.4580951169909255 36.31286893008046 0.04924663761944892
      vertex 3.1624439761766587 36.60852007089473 0.13629669484372675
      vertex 3.4937674371059986 36.36779948600364 0.04924663761944892
    endloop
  endfacet
  facet normal -0.16178986728679318 0.13101485126158702 -0.9780895396599567
    outer loop
      vertex 3.4937674371059986 36.36779948600364 0.04924663761944892
      vertex 3.1624439761766587 36.60852007089473 0.13629669484372675
      vertex 3.2306398635882454 36.69273497834668 0.13629669484372675
    endloop
  endfacet
  facet normal -0.1617898672867952 0.13101485126158538 -0.9780895396599566
    outer loop
      vertex 3.4937674371059986 36.36779948600364 0.04924663761944892
      vertex 3.2306398635882454 36.69273497834668 0.13629669484372675
      vertex 3.5349861471161126 36.41870035379117 0.04924663761944892
    endloop
  endfacet
  facet normal -0.1472087843978248 0.1472087843978333 -0.9780895396599573
    outer loop
      vertex 3.5349861471161126 36.41870035379117 0.04924663761944892
      vertex 3.3072650216533184 36.769360136411755 0.13629669484372675
      vertex 3.581299646208827 36.465013852883885 0.04924663761944892
    endloop
  endfacet
  facet normal -0.09141738853438272 0.050717031303187624 -0.9945203083946276
    outer loop
      vertex 3.581886146929386 36 0.02191241852690684
      vertex 3.4580951169909255 36.31286893008046 0.04924663761944892
      vertex 3.8187029294490396 36.10467191248589 0.005481860981704667
    endloop
  endfacet
  facet normal -0.08778393512063215 0.05700755402809704 -0.9945069730869012
    outer loop
      vertex 3.4580951169909255 36.31286893008046 0.04924663761944892
      vertex 3.4937674371059986 36.36779948600364 0.04924663761944892
      vertex 3.8187029294490396 36.10467191248589 0.005481860981704667
    endloop
  endfacet
  facet normal -0.08134413352185255 0.06587118052007863 -0.9945069730869011
    outer loop
      vertex 3.4937674371059986 36.36779948600364 0.04924663761944892
      vertex 3.5349861471161126 36.41870035379117 0.04924663761944892
      vertex 3.8306372879303794 36.12304921297691 0.005481860981704667
    endloop
  endfacet
  facet normal -0.08778393512063142 0.05700755402809805 -0.9945069730869012
    outer loop
      vertex 3.4937674371059986 36.36779948600364 0.04924663761944892
      vertex 3.8306372879303794 36.12304921297691 0.005481860981704667
      vertex 3.8187029294490396 36.10467191248589 0.005481860981704667
    endloop
  endfacet
  facet normal -0.08134413352184974 0.06587118052008135 -0.9945069730869012
    outer loop
      vertex 3.5349861471161126 36.41870035379117 0.04924663761944892
      vertex 3.8444272197265796 36.14007836054085 0.005481860981704667
      vertex 3.8306372879303794 36.12304921297691 0.005481860981704667
    endloop
  endfacet
  facet normal -0.07401310857384234 0.07401310857386355 -0.9945069730869011
    outer loop
      vertex 3.5349861471161126 36.41870035379117 0.04924663761944892
      vertex 3.859921639459153 36.15557278027342 0.005481860981704667
      vertex 3.8444272197265796 36.14007836054085 0.005481860981704667
    endloop
  endfacet
  facet normal -0.07401310857384992 0.07401310857385417 -0.9945069730869012
    outer loop
      vertex 3.5349861471161126 36.41870035379117 0.04924663761944892
      vertex 3.581299646208827 36.465013852883885 0.04924663761944892
      vertex 3.859921639459153 36.15557278027342 0.005481860981704667
    endloop
  endfacet
  facet normal -0.06587118052007862 0.0813441335218527 -0.9945069730869012
    outer loop
      vertex 3.581299646208827 36.465013852883885 0.04924663761944892
      vertex 3.6322005139963593 36.506232562894 0.04924663761944892
      vertex 3.8769507870230937 36.16936271206962 0.005481860981704667
    endloop
  endfacet
  facet normal -0.057007554028099705 0.08778393512063039 -0.9945069730869011
    outer loop
      vertex 3.6322005139963593 36.506232562894 0.04924663761944892
      vertex 3.687131069919538 36.541904883009074 0.04924663761944892
      vertex 3.8769507870230937 36.16936271206962 0.005481860981704667
    endloop
  endfacet
  facet normal -0.275677865266157 0.14046488821540673 -0.9509318218363122
    outer loop
      vertex 2.6904583501127926 36.583045507136056 0.26567829401119303
      vertex 2.75857700716652 36.7167358990906 0.26567829401119303
      vertex 3.054228147980787 36.421084758276336 0.13629669484372675
    endloop
  endfacet
  facet normal -0.2594850941673606 0.16851159047385275 -0.9509318218363126
    outer loop
      vertex 2.75857700716652 36.7167358990906 0.26567829401119303
      vertex 2.8402969543141934 36.842573582548084 0.26567829401119303
      vertex 3.1624439761766587 36.60852007089473 0.13629669484372675
    endloop
  endfacet
  facet normal -0.25948509416736015 0.16851159047385406 -0.9509318218363124
    outer loop
      vertex 2.75857700716652 36.7167358990906 0.26567829401119303
      vertex 3.1624439761766587 36.60852007089473 0.13629669484372675
      vertex 3.1034245278319466 36.51763809020504 0.13629669484372675
    endloop
  endfacet
  facet normal -0.24044935007611487 0.19471204448375884 -0.9509318218363126
    outer loop
      vertex 2.8402969543141934 36.842573582548084 0.26567829401119303
      vertex 2.9347228507138645 36.95917985351531 0.26567829401119303
      vertex 3.1624439761766587 36.60852007089473 0.13629669484372675
    endloop
  endfacet
  facet normal -0.24044935007611518 0.19471204448375862 -0.9509318218363126
    outer loop
      vertex 2.9347228507138645 36.95917985351531 0.26567829401119303
      vertex 3.2306398635882454 36.69273497834668 0.13629669484372675
      vertex 3.1624439761766587 36.60852007089473 0.13629669484372675
    endloop
  endfacet
  facet normal -0.21877919258818548 0.2187791925881729 -0.9509318218363128
    outer loop
      vertex 2.9347228507138645 36.95917985351531 0.26567829401119303
      vertex 3.3072650216533184 36.769360136411755 0.13629669484372675
      vertex 3.2306398635882454 36.69273497834668 0.13629669484372675
    endloop
  endfacet
  facet normal -0.21877919258817907 0.2187791925881846 -0.9509318218363116
    outer loop
      vertex 2.9347228507138645 36.95917985351531 0.26567829401119303
      vertex 3.0408201464846902 37.06527714928613 0.26567829401119303
      vertex 3.3072650216533184 36.769360136411755 0.13629669484372675
    endloop
  endfacet
  facet normal -0.19471204448376606 0.24044935007611346 -0.9509318218363116
    outer loop
      vertex 3.0408201464846902 37.06527714928613 0.26567829401119303
      vertex 3.1574264174519175 37.15970304568581 0.26567829401119303
      vertex 3.3072650216533184 36.769360136411755 0.13629669484372675
    endloop
  endfacet
  facet normal -0.2879355252680905 0.2879355252680977 -0.9133379804744646
    outer loop
      vertex 2.784884246512464 37.34952276278936 0.4359739032465284
      vertex 3.0408201464846902 37.06527714928613 0.26567829401119303
      vertex 2.9347228507138645 36.95917985351531 0.26567829401119303
    endloop
  endfacet
  facet normal -0.2562607263570555 0.3164556423099141 -0.9133379804744649
    outer loop
      vertex 2.784884246512464 37.34952276278936 0.4359739032465284
      vertex 3.1574264174519175 37.15970304568581 0.26567829401119303
      vertex 3.0408201464846902 37.06527714928613 0.26567829401119303
    endloop
  endfacet
  facet normal -0.25626072635704494 0.3164556423099319 -0.9133379804744616
    outer loop
      vertex 2.784884246512464 37.34952276278936 0.4359739032465284
      vertex 2.932604318288818 37.46914411829627 0.4359739032465284
      vertex 3.1574264174519175 37.15970304568581 0.26567829401119303
    endloop
  endfacet
  facet normal -0.16851159047384623 0.2594850941673634 -0.950931821836313
    outer loop
      vertex 3.1574264174519175 37.15970304568581 0.26567829401119303
      vertex 3.2832641009093995 37.24142299283348 0.26567829401119303
      vertex 3.3914799291052713 36.83755602382334 0.13629669484372675
    endloop
  endfacet
  facet normal -0.22177828130203028 0.34150860511200853 -0.9133379804744614
    outer loop
      vertex 2.932604318288818 37.46914411829627 0.4359739032465284
      vertex 3.0920190005209065 37.57266922340496 0.4359739032465284
      vertex 3.1574264174519175 37.15970304568581 0.26567829401119303
    endloop
  endfacet
  facet normal -0.22177828130201663 0.34150860511201164 -0.9133379804744636
    outer loop
      vertex 3.1574264174519175 37.15970304568581 0.26567829401119303
      vertex 3.0920190005209065 37.57266922340496 0.4359739032465284
      vertex 3.2832641009093995 37.24142299283348 0.26567829401119303
    endloop
  endfacet
  facet normal -0.1848659869869787 0.36281992817120545 -0.9133379804744636
    outer loop
      vertex 3.2832641009093995 37.24142299283348 0.26567829401119303
      vertex 3.0920190005209065 37.57266922340496 0.4359739032465284
      vertex 3.261381712590527 37.65896383539983 0.4359739032465284
    endloop
  endfacet
  facet normal -0.1472087843978351 0.14720878439782653 -0.9780895396599566
    outer loop
      vertex 3.5349861471161126 36.41870035379117 0.04924663761944892
      vertex 3.2306398635882454 36.69273497834668 0.13629669484372675
      vertex 3.3072650216533184 36.769360136411755 0.13629669484372675
    endloop
  endfacet
  facet normal -0.1310148512615837 0.16178986728679348 -0.9780895396599572
    outer loop
      vertex 3.581299646208827 36.465013852883885 0.04924663761944892
      vertex 3.3072650216533184 36.769360136411755 0.13629669484372675
      vertex 3.6322005139963593 36.506232562894 0.04924663761944892
    endloop
  endfacet
  facet normal -0.13101485126158108 0.16178986728679662 -0.978089539659957
    outer loop
      vertex 3.6322005139963593 36.506232562894 0.04924663761944892
      vertex 3.3072650216533184 36.769360136411755 0.13629669484372675
      vertex 3.3914799291052713 36.83755602382334 0.13629669484372675
    endloop
  endfacet
  facet normal -0.19471204448374996 0.24044935007612017 -0.9509318218363132
    outer loop
      vertex 3.1574264174519175 37.15970304568581 0.26567829401119303
      vertex 3.3914799291052713 36.83755602382334 0.13629669484372675
      vertex 3.3072650216533184 36.769360136411755 0.13629669484372675
    endloop
  endfacet
  facet normal -0.16851159047385772 0.25948509416735993 -0.9509318218363119
    outer loop
      vertex 3.3914799291052713 36.83755602382334 0.13629669484372675
      vertex 3.2832641009093995 37.24142299283348 0.26567829401119303
      vertex 3.4823619097949585 36.89657547216805 0.13629669484372675
    endloop
  endfacet
  facet normal -0.113385491998304 0.17459834653305267 -0.978089539659957
    outer loop
      vertex 3.6322005139963593 36.506232562894 0.04924663761944892
      vertex 3.3914799291052713 36.83755602382334 0.13629669484372675
      vertex 3.687131069919538 36.541904883009074 0.04924663761944892
    endloop
  endfacet
  facet normal -0.11338549199829961 0.17459834653305709 -0.9780895396599568
    outer loop
      vertex 3.687131069919538 36.541904883009074 0.04924663761944892
      vertex 3.3914799291052713 36.83755602382334 0.13629669484372675
      vertex 3.4823619097949585 36.89657547216805 0.13629669484372675
    endloop
  endfacet
  facet normal -0.09451385755724319 0.1854938897576492 -0.9780895396599568
    outer loop
      vertex 3.687131069919538 36.541904883009074 0.04924663761944892
      vertex 3.4823619097949585 36.89657547216805 0.13629669484372675
      vertex 3.7454894833127117 36.571639979825015 0.04924663761944892
    endloop
  endfacet
  facet normal -0.07460670951447534 0.19435712310897307 -0.9780895396599567
    outer loop
      vertex 3.7454894833127117 36.571639979825015 0.04924663761944892
      vertex 3.6800820663817 36.984606157544164 0.13629669484372675
      vertex 3.8066363671864605 36.59511206939863 0.04924663761944892
    endloop
  endfacet
  facet normal -0.09451385755723953 0.1854938897576521 -0.9780895396599567
    outer loop
      vertex 3.4823619097949585 36.89657547216805 0.13629669484372675
      vertex 3.5789152417236663 36.94577185201921 0.13629669484372675
      vertex 3.7454894833127117 36.571639979825015 0.04924663761944892
    endloop
  endfacet
  facet normal -0.07460670951448008 0.19435712310897232 -0.9780895396599566
    outer loop
      vertex 3.7454894833127117 36.571639979825015 0.04924663761944892
      vertex 3.5789152417236663 36.94577185201921 0.13629669484372675
      vertex 3.6800820663817 36.984606157544164 0.13629669484372675
    endloop
  endfacet
  facet normal -0.14046488821540953 0.2756778652661564 -0.950931821836312
    outer loop
      vertex 3.4823619097949585 36.89657547216805 0.13629669484372675
      vertex 3.2832641009093995 37.24142299283348 0.26567829401119303
      vertex 3.4169544928639475 37.30954164988721 0.26567829401119303
    endloop
  endfacet
  facet normal -0.14046488821540595 0.2756778652661571 -0.9509318218363123
    outer loop
      vertex 3.4823619097949585 36.89657547216805 0.13629669484372675
      vertex 3.4169544928639475 37.30954164988721 0.26567829401119303
      vertex 3.5789152417236663 36.94577185201921 0.13629669484372675
    endloop
  endfacet
  facet normal -0.1848659869869786 0.3628199281712055 -0.9133379804744637
    outer loop
      vertex 3.2832641009093995 37.24142299283348 0.26567829401119303
      vertex 3.261381712590527 37.65896383539983 0.4359739032465284
      vertex 3.4169544928639475 37.30954164988721 0.26567829401119303
    endloop
  endfacet
  facet normal -0.14592826223278282 0.3801561201724206 -0.913337980474464
    outer loop
      vertex 3.4169544928639475 37.30954164988721 0.26567829401119303
      vertex 3.43883688118282 37.727082492453555 0.4359739032465284
      vertex 3.557032853404794 37.36331269458556 0.26567829401119303
    endloop
  endfacet
  facet normal -0.11087922324749089 0.2888502519838006 -0.9509318218363122
    outer loop
      vertex 3.5789152417236663 36.94577185201921 0.13629669484372675
      vertex 3.4169544928639475 37.30954164988721 0.26567829401119303
      vertex 3.6800820663817 36.984606157544164 0.13629669484372675
    endloop
  endfacet
  facet normal -0.11087922324749018 0.2888502519838012 -0.9509318218363122
    outer loop
      vertex 3.6800820663817 36.984606157544164 0.13629669484372675
      vertex 3.4169544928639475 37.30954164988721 0.26567829401119303
      vertex 3.557032853404794 37.36331269458556 0.26567829401119303
    endloop
  endfacet
  facet normal -0.0800787423067378 0.2988579348948979 -0.9509318218363124
    outer loop
      vertex 3.6800820663817 36.984606157544164 0.13629669484372675
      vertex 3.557032853404794 37.36331269458556 0.26567829401119303
      vertex 3.784753978867588 37.012652911964985 0.13629669484372675
    endloop
  endfacet
  facet normal -0.08007874230673123 0.2988579348949019 -0.9509318218363116
    outer loop
      vertex 3.557032853404794 37.36331269458556 0.26567829401119303
      vertex 3.7019644547005726 37.40214700011052 0.26567829401119303
      vertex 3.784753978867588 37.012652911964985 0.13629669484372675
    endloop
  endfacet
  facet normal -0.10539171690015024 0.39332724216823095 -0.913337980474464
    outer loop
      vertex 3.557032853404794 37.36331269458556 0.26567829401119303
      vertex 3.43883688118282 37.727082492453555 0.4359739032465284
      vertex 3.7019644547005726 37.40214700011052 0.26567829401119303
    endloop
  endfacet
  facet normal -0.026176923674837312 0.0013718744382600942 -0.9996563842778413
    outer loop
      vertex 3.7906561750282246 36 0.005481860981704667
      vertex 3.791802982405426 36.02188238831887 0.005481860981704667
      vertex 4 36 0
    endloop
  endfacet
  facet normal -0.025890123821182394 0.00410059277135075 -0.9996563842778415
    outer loop
      vertex 3.791802982405426 36.02188238831887 0.005481860981704667
      vertex 3.79523083987542 36.04352502861214 0.005481860981704667
      vertex 4 36 0
    endloop
  endfacet
  facet normal -0.025319666353085645 0.006784384151935635 -0.9996563842778413
    outer loop
      vertex 3.79523083987542 36.04352502861214 0.005481860981704667
      vertex 3.800902191114441 36.06469079958373 0.005481860981704667
      vertex 4 36 0
    endloop
  endfacet
  facet normal -0.021983943676205063 0.014276539951754534 -0.9996563842778415
    outer loop
      vertex 4 36 0
      vertex 3.8187029294490396 36.10467191248589 0.005481860981704667
      vertex 3.8306372879303794 36.12304921297691 0.005481860981704667
    endloop
  endfacet
  facet normal -0.023355818114465632 0.011900383723082275 -0.9996563842778414
    outer loop
      vertex 3.808754899611507 36.08514780461767 0.005481860981704667
      vertex 3.8187029294490396 36.10467191248589 0.005481860981704667
      vertex 4 36 0
    endloop
  endfacet
  facet normal -0.024471801321944812 0.00939384440002451 -0.9996563842778414
    outer loop
      vertex 3.800902191114441 36.06469079958373 0.005481860981704667
      vertex 3.808754899611507 36.08514780461767 0.005481860981704667
      vertex 4 36 0
    endloop
  endfacet
  facet normal -0.02037120855059243 0.01649627942115649 -0.9996563842778415
    outer loop
      vertex 4 36 0
      vertex 3.8306372879303794 36.12304921297691 0.005481860981704667
      vertex 3.8444272197265796 36.14007836054085 0.005481860981704667
    endloop
  endfacet
  facet normal -0.06587118052008706 0.08134413352184426 -0.9945069730869012
    outer loop
      vertex 3.581299646208827 36.465013852883885 0.04924663761944892
      vertex 3.8769507870230937 36.16936271206962 0.005481860981704667
      vertex 3.859921639459153 36.15557278027342 0.005481860981704667
    endloop
  endfacet
  facet normal -0.057007554028099 0.08778393512063082 -0.9945069730869012
    outer loop
      vertex 3.687131069919538 36.541904883009074 0.04924663761944892
      vertex 3.8953280875141125 36.18129707055096 0.005481860981704667
      vertex 3.8769507870230937 36.16936271206962 0.005481860981704667
    endloop
  endfacet
  facet normal -0.0164962794211582 0.020371208550591442 -0.9996563842778414
    outer loop
      vertex 4 36 0
      vertex 3.859921639459153 36.15557278027342 0.005481860981704667
      vertex 3.8769507870230937 36.16936271206962 0.005481860981704667
    endloop
  endfacet
  facet normal -0.01427653995175487 0.021983943676205042 -0.9996563842778413
    outer loop
      vertex 4 36 0
      vertex 3.8769507870230937 36.16936271206962 0.005481860981704667
      vertex 3.8953280875141125 36.18129707055096 0.005481860981704667
    endloop
  endfacet
  facet normal -0.018535282201148397 0.018535282201153698 -0.9996563842778413
    outer loop
      vertex 4 36 0
      vertex 3.8444272197265796 36.14007836054085 0.005481860981704667
      vertex 3.859921639459153 36.15557278027342 0.005481860981704667
    endloop
  endfacet
  facet normal -0.009393844400029374 0.02447180132194279 -0.9996563842778415
    outer loop
      vertex 4 36 0
      vertex 3.9148521953823323 36.19124510038849 0.005481860981704667
      vertex 3.935309200416267 36.19909780888556 0.005481860981704667
    endloop
  endfacet
  facet normal -0.011900383723081928 0.02335581811446595 -0.9996563842778415
    outer loop
      vertex 4 36 0
      vertex 3.8953280875141125 36.18129707055096 0.005481860981704667
      vertex 3.9148521953823323 36.19124510038849 0.005481860981704667
    endloop
  endfacet
  facet normal -0.004100592771350642 0.02589012382118272 -0.9996563842778413
    outer loop
      vertex 4 36 0
      vertex 3.9564749713878613 36.20476916012458 0.005481860981704667
      vertex 3.9781176116811277 36.20819701759457 0.005481860981704667
    endloop
  endfacet
  facet normal -0.006784384151929509 0.025319666353087238 -0.9996563842778415
    outer loop
      vertex 4 36 0
      vertex 3.935309200416267 36.19909780888556 0.005481860981704667
      vertex 3.9564749713878613 36.20476916012458 0.005481860981704667
    endloop
  endfacet
  facet normal -0.03234750496201109 0.0842681314466332 -0.9959179288200537
    outer loop
      vertex 3.9148521953823323 36.19124510038849 0.005481860981704667
      vertex 4 36.418113853070615 0.02191241852690684
      vertex 3.935309200416267 36.19909780888556 0.005481860981704667
    endloop
  endfacet
  facet normal -0.045398153470346855 0.08909889293144878 -0.9949876355713538
    outer loop
      vertex 3.8953280875141125 36.18129707055096 0.005481860981704667
      vertex 4 36.418113853070615 0.02191241852690684
      vertex 3.9148521953823323 36.19124510038849 0.005481860981704667
    endloop
  endfacet
  facet normal -0.021751939494150555 0.081179343355402 -0.9964621253919431
    outer loop
      vertex 3.935309200416267 36.19909780888556 0.005481860981704667
      vertex 4 36.418113853070615 0.02191241852690684
      vertex 3.9564749713878613 36.20476916012458 0.005481860981704667
    endloop
  endfacet
  facet normal -0.012564421007042451 0.07932863216423572 -0.9967693331176021
    outer loop
      vertex 3.9781176116811277 36.20819701759457 0.005481860981704667
      vertex 3.9564749713878613 36.20476916012458 0.005481860981704667
      vertex 4 36.418113853070615 0.02191241852690684
    endloop
  endfacet
  facet normal -0.05071703130318818 0.09141738853438221 -0.9945203083946277
    outer loop
      vertex 3.687131069919538 36.541904883009074 0.04924663761944892
      vertex 4 36.418113853070615 0.02191241852690684
      vertex 3.8953280875141125 36.18129707055096 0.005481860981704667
    endloop
  endfacet
  facet normal -0.04889195036132609 0.09595585541376786 -0.9941841132313861
    outer loop
      vertex 3.687131069919538 36.541904883009074 0.04924663761944892
      vertex 3.7454894833127117 36.571639979825015 0.04924663761944892
      vertex 4 36.418113853070615 0.02191241852690684
    endloop
  endfacet
  facet normal -0.0414852884039333 0.10807287116676986 -0.9932770134075455
    outer loop
      vertex 3.7454894833127117 36.571639979825015 0.04924663761944892
      vertex 3.8066363671864605 36.59511206939863 0.04924663761944892
      vertex 4 36.418113853070615 0.02191241852690684
    endloop
  endfacet
  facet normal -0.03176786944786146 0.11855930282764929 -0.9924386601618085
    outer loop
      vertex 4 36.418113853070615 0.02191241852690684
      vertex 3.8066363671864605 36.59511206939863 0.04924663761944892
      vertex 3.869901783485256 36.61206398660471 0.04924663761944892
    endloop
  endfacet
  facet normal -0.020012257800510844 0.1263524229999881 -0.9917835321983108
    outer loop
      vertex 4 36.418113853070615 0.02191241852690684
      vertex 3.869901783485256 36.61206398660471 0.04924663761944892
      vertex 3.934592583068989 36.62231000269093 0.04924663761944892
    endloop
  endfacet
  facet normal -0.006840427830128778 0.13052313842923888 -0.9914216655296991
    outer loop
      vertex 4 36.418113853070615 0.02191241852690684
      vertex 3.934592583068989 36.62231000269093 0.04924663761944892
      vertex 4 36.625737860160925 0.04924663761944892
    endloop
  endfacet
  facet normal -0.0013718744382626986 0.026176923674837368 -0.9996563842778413
    outer loop
      vertex 4 36 0
      vertex 3.9781176116811277 36.20819701759457 0.005481860981704667
      vertex 4 36.209343824971775 0.005481860981704667
    endloop
  endfacet
  facet normal -0.004111832211508546 0.07845843246463632 -0.9969089061750107
    outer loop
      vertex 3.9781176116811277 36.20819701759457 0.005481860981704667
      vertex 4 36.418113853070615 0.02191241852690684
      vertex 4 36.209343824971775 0.005481860981704667
    endloop
  endfacet
  facet normal -0.0538821547498248 0.2010909391476609 -0.9780895396599575
    outer loop
      vertex 3.8066363671864605 36.59511206939863 0.04924663761944892
      vertex 3.784753978867588 37.012652911964985 0.13629669484372675
      vertex 3.869901783485256 36.61206398660471 0.04924663761944892
    endloop
  endfacet
  facet normal -0.029820402184711513 0.18827860946185934 -0.9816628284867727
    outer loop
      vertex 3.869901783485256 36.61206398660471 0.04924663761944892
      vertex 4 36.83164676327104 0.08740959706477724
      vertex 3.934592583068989 36.62231000269093 0.04924663761944892
    endloop
  endfacet
  facet normal -0.009550123658873247 0.18222721491968405 -0.9832100677275002
    outer loop
      vertex 3.934592583068989 36.62231000269093 0.04924663761944892
      vertex 4 36.83164676327104 0.08740959706477724
      vertex 4 36.625737860160925 0.04924663761944892
    endloop
  endfacet
  facet normal -0.05388215474984282 0.2010909391476598 -0.9780895396599568
    outer loop
      vertex 3.6800820663817 36.984606157544164 0.13629669484372675
      vertex 3.784753978867588 37.012652911964985 0.13629669484372675
      vertex 3.8066363671864605 36.59511206939863 0.04924663761944892
    endloop
  endfacet
  facet normal -0.05286075067669024 0.20131034886240134 -0.9781001403122254
    outer loop
      vertex 3.869901783485256 36.61206398660471 0.04924663761944892
      vertex 3.784753978867588 37.012652911964985 0.13629669484372675
      vertex 4 36.83164676327104 0.08740959706477724
    endloop
  endfacet
  facet normal -0.035080576000457345 0.22149003985858962 -0.9745314337828803
    outer loop
      vertex 3.784753978867588 37.012652911964985 0.13629669484372675
      vertex 3.891784171804128 37.02960482917106 0.13629669484372675
      vertex 4 36.83164676327104 0.08740959706477724
    endloop
  endfacet
  facet normal -0.012233437591082804 0.23342789483643622 -0.972297156694873
    outer loop
      vertex 3.891784171804128 37.02960482917106 0.13629669484372675
      vertex 4 37.03527618041008 0.13629669484372675
      vertex 4 36.83164676327104 0.08740959706477724
    endloop
  endfacet
  facet normal -0.05334033236676214 0.30456315030599557 -0.9509974218780464
    outer loop
      vertex 3.7019644547005726 37.40214700011052 0.26567829401119303
      vertex 4 37.236067977499786 0.19577393481938588
      vertex 3.784753978867588 37.012652911964985 0.13629669484372675
    endloop
  endfacet
  facet normal -0.047416738873936125 0.2993775068863046 -0.9529558023565948
    outer loop
      vertex 3.784753978867588 37.012652911964985 0.13629669484372675
      vertex 4 37.236067977499786 0.19577393481938588
      vertex 3.891784171804128 37.02960482917106 0.13629669484372675
    endloop
  endfacet
  facet normal -0.014882964916303835 0.2839838878868914 -0.9587135384336375
    outer loop
      vertex 3.891784171804128 37.02960482917106 0.13629669484372675
      vertex 4 37.236067977499786 0.19577393481938588
      vertex 4 37.03527618041008 0.13629669484372675
    endloop
  endfacet
  facet normal -0.04926921812695675 0.3110736005759706 -0.9491078754124107
    outer loop
      vertex 3.7019644547005726 37.40214700011052 0.26567829401119303
      vertex 3.850161395798599 37.42561908968413 0.26567829401119303
      vertex 4 37.236067977499786 0.19577393481938588
    endloop
  endfacet
  facet normal -0.017491399849011234 0.333755791378574 -0.9424972799178701
    outer loop
      vertex 3.850161395798599 37.42561908968413 0.26567829401119303
      vertex 4 37.4334717981812 0.26567829401119303
      vertex 4 37.236067977499786 0.19577393481938588
    endloop
  endfacet
  facet normal -0.02005155662893033 0.382606492838207 -0.9236937840620146
    outer loop
      vertex 3.850161395798599 37.42561908968413 0.26567829401119303
      vertex 4 37.626946572303204 0.34581816942959653
      vertex 4 37.4334717981812 0.26567829401119303
    endloop
  endfacet
  facet normal -0.8141594455843677 0.4148349574715125 -0.40627128279680724
    outer loop
      vertex 0.7441001483911771 37.449620010428056 2.184038001041813
      vertex 0.5885273681177572 37.51888547485898 2.566528201818799
      vertex 0.7659825367100499 37.8671608529944 2.566528201818799
    endloop
  endfacet
  facet normal -0.7718986139790287 0.3933019882517977 -0.49948581138450504
    outer loop
      vertex 0.7441001483911771 37.449620010428056 2.184038001041813
      vertex 0.9134628604607982 37.78201304837673 2.184038001041813
      vertex 1.0947599310117586 37.67734113589085 1.8214438599398917
    endloop
  endfacet
  facet normal -0.8141594455843647 0.4148349574715152 -0.40627128279681035
    outer loop
      vertex 0.7441001483911771 37.449620010428056 2.184038001041813
      vertex 0.7659825367100499 37.8671608529944 2.566528201818799
      vertex 0.9134628604607982 37.78201304837673 2.184038001041813
    endloop
  endfacet
  facet normal -0.766337334340349 0.4976652838713609 -0.4062712827968107
    outer loop
      vertex 0.9134628604607982 37.78201304837673 2.184038001041813
      vertex 0.7659825367100499 37.8671608529944 2.566528201818799
      vertex 1.116642319330631 38.094881978457195 2.184038001041813
    endloop
  endfacet
  facet normal -0.5204059013424275 0.42141638968756034 -0.7426883090170989
    outer loop
      vertex 1.9634764349359757 37.47962097930411 0.8914161541721164
      vertex 1.7117543887292626 37.662507751109814 1.1715728752538097
      vertex 1.8980690180049646 37.89258715702326 1.1715728752538097
    endloop
  endfacet
  facet normal -0.7211807345588243 0.3674599379428061 -0.5872576454234237
    outer loop
      vertex 0.9353452487796705 37.36447220581039 1.8214438599398917
      vertex 1.0947599310117586 37.67734113589085 1.8214438599398917
      vertex 1.307887419719124 37.55429192291394 1.4827184358006504
    endloop
  endfacet
  facet normal -0.6788200084109365 0.44083086787645875 -0.5872576454234242
    outer loop
      vertex 1.0947599310117586 37.67734113589085 1.8214438599398917
      vertex 1.4851028402858106 37.82717974009225 1.4827184358006504
      vertex 1.307887419719124 37.55429192291394 1.4827184358006504
    endloop
  endfacet
  facet normal -0.6788200084109366 0.4408308678764581 -0.5872576454234246
    outer loop
      vertex 1.0947599310117586 37.67734113589085 1.8214438599398917
      vertex 1.2860050314002516 37.97183276548029 1.8214438599398917
      vertex 1.4851028402858106 37.82717974009225 1.4827184358006504
    endloop
  endfacet
  facet normal -0.7265588201744977 0.47183281472594235 -0.49948581138450426
    outer loop
      vertex 0.9134628604607982 37.78201304837673 2.184038001041813
      vertex 1.116642319330631 38.094881978457195 2.184038001041813
      vertex 1.0947599310117586 37.67734113589085 1.8214438599398917
    endloop
  endfacet
  facet normal -0.7265588201744985 0.47183281472594174 -0.4994858113845035
    outer loop
      vertex 1.0947599310117586 37.67734113589085 1.8214438599398917
      vertex 1.116642319330631 38.094881978457195 2.184038001041813
      vertex 1.2860050314002516 37.97183276548029 1.8214438599398917
    endloop
  endfacet
  facet normal -0.766337334340349 0.4976652838713609 -0.40627128279681063
    outer loop
      vertex 1.116642319330631 38.094881978457195 2.184038001041813
      vertex 0.7659825367100499 37.8671608529944 2.566528201818799
      vertex 0.9788702773918092 38.19497922609589 2.566528201818799
    endloop
  endfacet
  facet normal -0.710119070894899 0.5750430852779633 -0.40627128279681074
    outer loop
      vertex 1.116642319330631 38.094881978457195 2.184038001041813
      vertex 0.9788702773918092 38.19497922609589 2.566528201818799
      vertex 1.3514124483312626 38.38479894319944 2.184038001041813
    endloop
  endfacet
  facet normal -0.6732586958939244 0.5451941421445914 -0.49948581138450293
    outer loop
      vertex 1.2860050314002516 37.97183276548029 1.8214438599398917
      vertex 1.116642319330631 38.094881978457195 2.184038001041813
      vertex 1.506985228604683 38.2447205826586 1.8214438599398917
    endloop
  endfacet
  facet normal -0.6732586958939238 0.5451941421445933 -0.4994858113845016
    outer loop
      vertex 1.116642319330631 38.094881978457195 2.184038001041813
      vertex 1.3514124483312626 38.38479894319944 2.184038001041813
      vertex 1.506985228604683 38.2447205826586 1.8214438599398917
    endloop
  endfacet
  facet normal -0.7101190708948986 0.5750430852779648 -0.4062712827968097
    outer loop
      vertex 1.3514124483312626 38.38479894319944 2.184038001041813
      vertex 0.9788702773918092 38.19497922609589 2.566528201818799
      vertex 1.2248581475265028 38.498748947467334 2.566528201818799
    endloop
  endfacet
  facet normal -0.6236362150639307 0.40499409345546716 -0.6686237024866222
    outer loop
      vertex 1.5505102572168217 37.41421356237309 1.1715728752538097
      vertex 1.307887419719124 37.55429192291394 1.4827184358006504
      vertex 1.7117543887292626 37.662507751109814 1.1715728752538097
    endloop
  endfacet
  facet normal -0.6236362150639303 0.4049940934554708 -0.6686237024866203
    outer loop
      vertex 1.7117543887292626 37.662507751109814 1.1715728752538097
      vertex 1.307887419719124 37.55429192291394 1.4827184358006504
      vertex 1.4851028402858106 37.82717974009225 1.4827184358006504
    endloop
  endfacet
  facet normal -0.5778864604042954 0.46796322863498424 -0.6686237024866201
    outer loop
      vertex 1.7117543887292626 37.662507751109814 1.1715728752538097
      vertex 1.4851028402858106 37.82717974009225 1.4827184358006504
      vertex 1.8980690180049646 37.89258715702326 1.1715728752538097
    endloop
  endfacet
  facet normal -0.5778864604042961 0.46796322863498074 -0.6686237024866218
    outer loop
      vertex 1.4851028402858106 37.82717974009225 1.4827184358006504
      vertex 1.6898720004103902 38.08004859367616 1.4827184358006504
      vertex 1.8980690180049646 37.89258715702326 1.1715728752538097
    endloop
  endfacet
  facet normal -0.629021988198679 0.5093719625718671 -0.5872576454234251
    outer loop
      vertex 1.2860050314002516 37.97183276548029 1.8214438599398917
      vertex 1.506985228604683 38.2447205826586 1.8214438599398917
      vertex 1.4851028402858106 37.82717974009225 1.4827184358006504
    endloop
  endfacet
  facet normal -0.6290219881986755 0.5093719625718689 -0.5872576454234274
    outer loop
      vertex 1.4851028402858106 37.82717974009225 1.4827184358006504
      vertex 1.506985228604683 38.2447205826586 1.8214438599398917
      vertex 1.6898720004103902 38.08004859367616 1.4827184358006504
    endloop
  endfacet
  facet normal -0.5258052607539653 0.5258052607539562 -0.6686237024866218
    outer loop
      vertex 1.6898720004103902 38.08004859367616 1.4827184358006504
      vertex 1.9199514063238365 38.31012799958961 1.4827184358006504
      vertex 1.8980690180049646 37.89258715702326 1.1715728752538097
    endloop
  endfacet
  facet normal -0.5723322714524065 0.5723322714523965 -0.5872576454234283
    outer loop
      vertex 1.506985228604683 38.2447205826586 1.8214438599398917
      vertex 1.9199514063238365 38.31012799958961 1.4827184358006504
      vertex 1.6898720004103902 38.08004859367616 1.4827184358006504
    endloop
  endfacet
  facet normal -0.5723322714524015 0.5723322714524107 -0.5872576454234194
    outer loop
      vertex 1.506985228604683 38.2447205826586 1.8214438599398917
      vertex 1.7552794173414017 38.493014771395316 1.8214438599398917
      vertex 1.9199514063238365 38.31012799958961 1.4827184358006504
    endloop
  endfacet
  facet normal -0.6125822084527036 0.6125822084526902 -0.499485811384501
    outer loop
      vertex 1.3514124483312626 38.38479894319944 2.184038001041813
      vertex 1.6152010568005548 38.64858755166874 2.184038001041813
      vertex 1.506985228604683 38.2447205826586 1.8214438599398917
    endloop
  endfacet
  facet normal -0.6461205943067644 0.6461205943067502 -0.4062712827968098
    outer loop
      vertex 1.3514124483312626 38.38479894319944 2.184038001041813
      vertex 1.2248581475265028 38.498748947467334 2.566528201818799
      vertex 1.6152010568005548 38.64858755166874 2.184038001041813
    endloop
  endfacet
  facet normal -0.612582208452687 0.6125822084526967 -0.4994858113845132
    outer loop
      vertex 1.506985228604683 38.2447205826586 1.8214438599398917
      vertex 1.6152010568005548 38.64858755166874 2.184038001041813
      vertex 1.7552794173414017 38.493014771395316 1.8214438599398917
    endloop
  endfacet
  facet normal -0.6461205943067608 0.6461205943067577 -0.40627128279680325
    outer loop
      vertex 1.6152010568005548 38.64858755166874 2.184038001041813
      vertex 1.2248581475265028 38.498748947467334 2.566528201818799
      vertex 1.5012510525326634 38.775141852473496 2.566528201818799
    endloop
  endfacet
  facet normal -0.5750430852779709 0.7101190708948975 -0.40627128279680297
    outer loop
      vertex 1.6152010568005548 38.64858755166874 2.184038001041813
      vertex 1.5012510525326634 38.775141852473496 2.566528201818799
      vertex 1.8050207739041104 39.021129722608194 2.566528201818799
    endloop
  endfacet
  facet normal -0.5451941421445913 0.6732586958939166 -0.4994858113845136
    outer loop
      vertex 1.7552794173414017 38.493014771395316 1.8214438599398917
      vertex 1.6152010568005548 38.64858755166874 2.184038001041813
      vertex 2.028167234519709 38.71399496859975 1.8214438599398917
    endloop
  endfacet
  facet normal -0.5451941421445874 0.6732586958939238 -0.499485811384508
    outer loop
      vertex 1.6152010568005548 38.64858755166874 2.184038001041813
      vertex 1.9051180215428025 38.88335768066937 2.184038001041813
      vertex 2.028167234519709 38.71399496859975 1.8214438599398917
    endloop
  endfacet
  facet normal -0.5750430852779592 0.7101190708949014 -0.4062712827968127
    outer loop
      vertex 1.6152010568005548 38.64858755166874 2.184038001041813
      vertex 1.8050207739041104 39.021129722608194 2.566528201818799
      vertex 1.9051180215428025 38.88335768066937 2.184038001041813
    endloop
  endfacet
  facet normal -0.847508403687281 0.43182710033906707 -0.3086338625170446
    outer loop
      vertex 0.5885273681177572 37.51888547485898 2.566528201818799
      vertex 0.47033139589578266 37.57150971218014 2.964723819589917
      vertex 0.6539347850487687 37.93185165257814 2.964723819589917
    endloop
  endfacet
  facet normal -0.8475084036872789 0.43182710033906946 -0.30863386251704733
    outer loop
      vertex 0.5885273681177572 37.51888547485898 2.566528201818799
      vertex 0.6539347850487687 37.93185165257814 2.964723819589917
      vertex 0.7659825367100499 37.8671608529944 2.566528201818799
    endloop
  endfacet
  facet normal -0.8715874941458996 0.4440960097284117 -0.2076390478493244
    outer loop
      vertex 0.47033139589578266 37.57150971218014 2.964723819589917
      vertex 0.5785472240916549 37.975376681190276 3.3742621398390766
      vertex 0.6539347850487687 37.93185165257814 2.964723819589917
    endloop
  endfacet
  facet normal -0.8715874941459006 0.44409600972841035 -0.2076390478493228
    outer loop
      vertex 0.3908072115310155 37.606916160235095 3.3742621398390766
      vertex 0.5785472240916549 37.975376681190276 3.3742621398390766
      vertex 0.47033139589578266 37.57150971218014 2.964723819589917
    endloop
  endfacet
  facet normal -0.8203921732170538 0.5327689066869665 -0.207639047849324
    outer loop
      vertex 0.6539347850487687 37.93185165257814 2.964723819589917
      vertex 0.5785472240916549 37.975376681190276 3.3742621398390766
      vertex 0.8741983649059213 38.27102782200454 2.964723819589917
    endloop
  endfacet
  facet normal -0.7977274407798455 0.518050257344448 -0.3086338625170437
    outer loop
      vertex 0.7659825367100499 37.8671608529944 2.566528201818799
      vertex 0.8741983649059213 38.27102782200454 2.964723819589917
      vertex 0.9788702773918092 38.19497922609589 2.566528201818799
    endloop
  endfacet
  facet normal -0.7977274407798417 0.5180502573444511 -0.30863386251704794
    outer loop
      vertex 0.6539347850487687 37.93185165257814 2.964723819589917
      vertex 0.8741983649059213 38.27102782200454 2.964723819589917
      vertex 0.7659825367100499 37.8671608529944 2.566528201818799
    endloop
  endfacet
  facet normal -0.8203921732170537 0.5327689066869671 -0.20763904784932355
    outer loop
      vertex 0.8741983649059213 38.27102782200454 2.964723819589917
      vertex 0.5785472240916549 37.975376681190276 3.3742621398390766
      vertex 0.8037733892501691 38.322194561852186 3.3742621398390766
    endloop
  endfacet
  facet normal -0.7602084639603488 0.6156046760147891 -0.20763904784932322
    outer loop
      vertex 0.8741983649059213 38.27102782200454 2.964723819589917
      vertex 0.8037733892501691 38.322194561852186 3.3742621398390766
      vertex 1.064018082009477 38.643569992943995 3.3742621398390766
    endloop
  endfacet
  facet normal -0.7392064090960233 0.5985975473213789 -0.30863386251704816
    outer loop
      vertex 0.9788702773918092 38.19497922609589 2.566528201818799
      vertex 1.12870888159321 38.58532213536994 2.964723819589917
      vertex 1.2248581475265028 38.498748947467334 2.566528201818799
    endloop
  endfacet
  facet normal -0.7392064090960275 0.598597547321376 -0.3086338625170437
    outer loop
      vertex 0.8741983649059213 38.27102782200454 2.964723819589917
      vertex 1.12870888159321 38.58532213536994 2.964723819589917
      vertex 0.9788702773918092 38.19497922609589 2.566528201818799
    endloop
  endfacet
  facet normal -0.7602084639603489 0.6156046760147891 -0.20763904784932305
    outer loop
      vertex 0.8741983649059213 38.27102782200454 2.964723819589917
      vertex 1.064018082009477 38.643569992943995 3.3742621398390766
      vertex 1.12870888159321 38.58532213536994 2.964723819589917
    endloop
  endfacet
  facet normal -0.6725864773052651 0.672586477305262 -0.3086338625170487
    outer loop
      vertex 1.12870888159321 38.58532213536994 2.964723819589917
      vertex 1.5012510525326634 38.775141852473496 2.566528201818799
      vertex 1.2248581475265028 38.498748947467334 2.566528201818799
    endloop
  endfacet
  facet normal -0.6725864773052614 0.6725864773052688 -0.308633862517042
    outer loop
      vertex 1.12870888159321 38.58532213536994 2.964723819589917
      vertex 1.4146778646300584 38.87129111840679 2.964723819589917
      vertex 1.5012510525326634 38.775141852473496 2.566528201818799
    endloop
  endfacet
  facet normal -0.5985975473213808 0.7392064090960244 -0.30863386251704183
    outer loop
      vertex 1.5012510525326634 38.775141852473496 2.566528201818799
      vertex 1.4146778646300584 38.87129111840679 2.964723819589917
      vertex 1.7289721779954577 39.12580163509408 2.964723819589917
    endloop
  endfacet
  facet normal -0.5985975473213855 0.7392064090960223 -0.30863386251703745
    outer loop
      vertex 1.5012510525326634 38.775141852473496 2.566528201818799
      vertex 1.7289721779954577 39.12580163509408 2.964723819589917
      vertex 1.8050207739041104 39.021129722608194 2.566528201818799
    endloop
  endfacet
  facet normal -0.5180502573444502 0.7977274407798466 -0.30863386251703706
    outer loop
      vertex 1.8050207739041104 39.021129722608194 2.566528201818799
      vertex 1.7289721779954577 39.12580163509408 2.964723819589917
      vertex 2.0681483474218636 39.34606521495123 2.964723819589917
    endloop
  endfacet
  facet normal -0.5204059013424281 0.4214163896875601 -0.7426883090170987
    outer loop
      vertex 1.9634764349359757 37.47962097930411 0.8914161541721164
      vertex 1.8980690180049646 37.89258715702326 1.1715728752538097
      vertex 2.1292952312956124 37.684390139428686 0.8914161541721164
    endloop
  endfacet
  facet normal -0.4735050557540649 0.4735050557540659 -0.7426883090170997
    outer loop
      vertex 1.8980690180049646 37.89258715702326 1.1715728752538097
      vertex 2.10741284297674 38.10193098199503 1.1715728752538097
      vertex 2.315609860571314 37.870704768704385 0.8914161541721164
    endloop
  endfacet
  facet normal -0.4572049420609018 0.37023726197877155 -0.8086334217663463
    outer loop
      vertex 1.9634764349359757 37.47962097930411 0.8914161541721164
      vertex 2.1292952312956124 37.684390139428686 0.8914161541721164
      vertex 2.381017277502325 37.45773859098524 0.6453177282183038
    endloop
  endfacet
  facet normal -0.41599999351108624 0.4159999935110912 -0.8086334217663453
    outer loop
      vertex 2.1292952312956124 37.684390139428686 0.8914161541721164
      vertex 2.315609860571314 37.870704768704385 0.8914161541721164
      vertex 2.542261409014766 37.61898272249768 0.6453177282183038
    endloop
  endfacet
  facet normal -0.4735050557540637 0.4735050557540693 -0.7426883090170983
    outer loop
      vertex 1.8980690180049646 37.89258715702326 1.1715728752538097
      vertex 2.315609860571314 37.870704768704385 0.8914161541721164
      vertex 2.1292952312956124 37.684390139428686 0.8914161541721164
    endloop
  endfacet
  facet normal -0.4214163896875629 0.5204059013424243 -0.7426883090170998
    outer loop
      vertex 2.315609860571314 37.870704768704385 0.8914161541721164
      vertex 2.10741284297674 38.10193098199503 1.1715728752538097
      vertex 2.337492248890186 38.28824561127074 1.1715728752538097
    endloop
  endfacet
  facet normal -0.31498389586745557 0.3889727173610516 -0.8657282313133373
    outer loop
      vertex 2.784884246512464 37.34952276278936 0.4359739032465284
      vertex 2.542261409014766 37.61898272249768 0.6453177282183038
      vertex 2.7194768295814526 37.76248894050852 0.6453177282183038
    endloop
  endfacet
  facet normal -0.3149838958674459 0.38897271736105427 -0.8657282313133395
    outer loop
      vertex 2.784884246512464 37.34952276278936 0.4359739032465284
      vertex 2.7194768295814526 37.76248894050852 0.6453177282183038
      vertex 2.932604318288818 37.46914411829627 0.4359739032465284
    endloop
  endfacet
  facet normal -0.41599999351108696 0.4159999935110892 -0.8086334217663461
    outer loop
      vertex 2.381017277502325 37.45773859098524 0.6453177282183038
      vertex 2.1292952312956124 37.684390139428686 0.8914161541721164
      vertex 2.542261409014766 37.61898272249768 0.6453177282183038
    endloop
  endfacet
  facet normal -0.3702372619787708 0.45720494206090456 -0.808633421766345
    outer loop
      vertex 2.315609860571314 37.870704768704385 0.8914161541721164
      vertex 2.7194768295814526 37.76248894050852 0.6453177282183038
      vertex 2.542261409014766 37.61898272249768 0.6453177282183038
    endloop
  endfacet
  facet normal -0.37023726197877094 0.4572049420609045 -0.8086334217663452
    outer loop
      vertex 2.315609860571314 37.870704768704385 0.8914161541721164
      vertex 2.520379020695894 38.03652356506402 0.8914161541721164
      vertex 2.7194768295814526 37.76248894050852 0.6453177282183038
    endloop
  endfacet
  facet normal -0.3204181335270772 0.4934006575892181 -0.8086334217663472
    outer loop
      vertex 2.7194768295814526 37.76248894050852 0.6453177282183038
      vertex 2.7413592179003254 38.180029783074865 0.8914161541721164
      vertex 2.910721929969946 37.886684960862624 0.6453177282183038
    endloop
  endfacet
  facet normal -0.42141638968755507 0.5204059013424259 -0.742688309017103
    outer loop
      vertex 2.315609860571314 37.870704768704385 0.8914161541721164
      vertex 2.337492248890186 38.28824561127074 1.1715728752538097
      vertex 2.520379020695894 38.03652356506402 0.8914161541721164
    endloop
  endfacet
  facet normal -0.36471059746857976 0.5616050709737469 -0.7426883090171033
    outer loop
      vertex 2.337492248890186 38.28824561127074 1.1715728752538097
      vertex 2.7413592179003254 38.180029783074865 0.8914161541721164
      vertex 2.520379020695894 38.03652356506402 0.8914161541721164
    endloop
  endfacet
  facet normal -0.3647105974685777 0.5616050709737506 -0.7426883090171015
    outer loop
      vertex 2.337492248890186 38.28824561127074 1.1715728752538097
      vertex 2.585786437626905 38.44948974278318 1.1715728752538097
      vertex 2.7413592179003254 38.180029783074865 0.8914161541721164
    endloop
  endfacet
  facet normal -0.32041813352708415 0.4934006575892172 -0.808633421766345
    outer loop
      vertex 2.7194768295814526 37.76248894050852 0.6453177282183038
      vertex 2.520379020695894 38.03652356506402 0.8914161541721164
      vertex 2.7413592179003254 38.180029783074865 0.8914161541721164
    endloop
  endfacet
  facet normal -0.30400895962314595 0.5966511779240619 -0.7426883090171017
    outer loop
      vertex 2.7413592179003254 38.180029783074865 0.8914161541721164
      vertex 2.585786437626905 38.44948974278318 1.1715728752538097
      vertex 2.976129346900957 38.29965113858178 0.8914161541721164
    endloop
  endfacet
  facet normal -0.5258052607539576 0.5258052607539587 -0.668623702486626
    outer loop
      vertex 1.8980690180049646 37.89258715702326 1.1715728752538097
      vertex 1.9199514063238365 38.31012799958961 1.4827184358006504
      vertex 2.10741284297674 38.10193098199503 1.1715728752538097
    endloop
  endfacet
  facet normal -0.4679632286349841 0.577886460404288 -0.6686237024866265
    outer loop
      vertex 2.10741284297674 38.10193098199503 1.1715728752538097
      vertex 1.9199514063238365 38.31012799958961 1.4827184358006504
      vertex 2.337492248890186 38.28824561127074 1.1715728752538097
    endloop
  endfacet
  facet normal -0.4679632286349772 0.5778864604043031 -0.6686237024866183
    outer loop
      vertex 2.337492248890186 38.28824561127074 1.1715728752538097
      vertex 1.9199514063238365 38.31012799958961 1.4827184358006504
      vertex 2.172820259907751 38.51489715971419 1.4827184358006504
    endloop
  endfacet
  facet normal -0.3040089596231397 0.5966511779240703 -0.7426883090170975
    outer loop
      vertex 2.585786437626905 38.44948974278318 1.1715728752538097
      vertex 2.849575046096197 38.583896752085 1.1715728752538097
      vertex 2.976129346900957 38.29965113858178 0.8914161541721164
    endloop
  endfacet
  facet normal -0.5093719625718732 0.6290219881986796 -0.5872576454234192
    outer loop
      vertex 1.7552794173414017 38.493014771395316 1.8214438599398917
      vertex 2.028167234519709 38.71399496859975 1.8214438599398917
      vertex 1.9199514063238365 38.31012799958961 1.4827184358006504
    endloop
  endfacet
  facet normal -0.509371962571864 0.6290219881986818 -0.5872576454234247
    outer loop
      vertex 1.9199514063238365 38.31012799958961 1.4827184358006504
      vertex 2.028167234519709 38.71399496859975 1.8214438599398917
      vertex 2.172820259907751 38.51489715971419 1.4827184358006504
    endloop
  endfacet
  facet normal -0.404994093455477 0.6236362150639285 -0.6686237024866182
    outer loop
      vertex 2.337492248890186 38.28824561127074 1.1715728752538097
      vertex 2.172820259907751 38.51489715971419 1.4827184358006504
      vertex 2.445708077086058 38.69211258028088 1.4827184358006504
    endloop
  endfacet
  facet normal -0.44083086787646414 0.6788200084109323 -0.5872576454234251
    outer loop
      vertex 2.028167234519709 38.71399496859975 1.8214438599398917
      vertex 2.445708077086058 38.69211258028088 1.4827184358006504
      vertex 2.172820259907751 38.51489715971419 1.4827184358006504
    endloop
  endfacet
  facet normal -0.4408308678764603 0.6788200084109385 -0.5872576454234207
    outer loop
      vertex 2.028167234519709 38.71399496859975 1.8214438599398917
      vertex 2.322658864109152 38.90524006898824 1.8214438599398917
      vertex 2.445708077086058 38.69211258028088 1.4827184358006504
    endloop
  endfacet
  facet normal -0.47183281472594235 0.7265588201744951 -0.49948581138450787
    outer loop
      vertex 2.028167234519709 38.71399496859975 1.8214438599398917
      vertex 1.9051180215428025 38.88335768066937 2.184038001041813
      vertex 2.2179869516232644 39.0865371395392 2.184038001041813
    endloop
  endfacet
  facet normal -0.4718328147259407 0.7265588201744955 -0.49948581138450904
    outer loop
      vertex 2.028167234519709 38.71399496859975 1.8214438599398917
      vertex 2.2179869516232644 39.0865371395392 2.184038001041813
      vertex 2.322658864109152 38.90524006898824 1.8214438599398917
    endloop
  endfacet
  facet normal -0.49766528387136155 0.7663373343403473 -0.4062712827968129
    outer loop
      vertex 1.8050207739041104 39.021129722608194 2.566528201818799
      vertex 2.2179869516232644 39.0865371395392 2.184038001041813
      vertex 1.9051180215428025 38.88335768066937 2.184038001041813
    endloop
  endfacet
  facet normal -0.49766528387135894 0.7663373343403508 -0.40627128279680946
    outer loop
      vertex 1.8050207739041104 39.021129722608194 2.566528201818799
      vertex 2.1328391470055967 39.23401746328995 2.566528201818799
      vertex 2.2179869516232644 39.0865371395392 2.184038001041813
    endloop
  endfacet
  facet normal -0.4148349574715101 0.8141594455843679 -0.4062712827968095
    outer loop
      vertex 2.2179869516232644 39.0865371395392 2.184038001041813
      vertex 2.1328391470055967 39.23401746328995 2.566528201818799
      vertex 2.5503799895719457 39.255899851608824 2.184038001041813
    endloop
  endfacet
  facet normal -0.40499409345546844 0.6236362150639296 -0.6686237024866224
    outer loop
      vertex 2.337492248890186 38.28824561127074 1.1715728752538097
      vertex 2.445708077086058 38.69211258028088 1.4827184358006504
      vertex 2.585786437626905 38.44948974278318 1.1715728752538097
    endloop
  endfacet
  facet normal -0.36745993794281034 0.7211807345588245 -0.5872576454234206
    outer loop
      vertex 2.322658864109152 38.90524006898824 1.8214438599398917
      vertex 2.6355277941896134 39.06465475122033 1.8214438599398917
      vertex 2.445708077086058 38.69211258028088 1.4827184358006504
    endloop
  endfacet
  facet normal -0.3375877582376038 0.6625532808470499 -0.6686237024866224
    outer loop
      vertex 2.585786437626905 38.44948974278318 1.1715728752538097
      vertex 2.445708077086058 38.69211258028088 1.4827184358006504
      vertex 2.735625041828306 38.83983265205723 1.4827184358006504
    endloop
  endfacet
  facet normal -0.33758775823759873 0.66255328084705 -0.6686237024866248
    outer loop
      vertex 2.585786437626905 38.44948974278318 1.1715728752538097
      vertex 2.735625041828306 38.83983265205723 1.4827184358006504
      vertex 2.849575046096197 38.583896752085 1.1715728752538097
    endloop
  endfacet
  facet normal -0.3674599379428098 0.7211807345588247 -0.5872576454234211
    outer loop
      vertex 2.445708077086058 38.69211258028088 1.4827184358006504
      vertex 2.6355277941896134 39.06465475122033 1.8214438599398917
      vertex 2.735625041828306 38.83983265205723 1.4827184358006504
    endloop
  endfacet
  facet normal -0.29006304003312045 0.7556400536621148 -0.5872576454234211
    outer loop
      vertex 2.735625041828306 38.83983265205723 1.4827184358006504
      vertex 2.6355277941896134 39.06465475122033 1.8214438599398917
      vertex 2.9633461672910997 39.190492434677815 1.8214438599398917
    endloop
  endfacet
  facet normal -0.3933019882517916 0.771898613979029 -0.49948581138450904
    outer loop
      vertex 2.322658864109152 38.90524006898824 1.8214438599398917
      vertex 2.2179869516232644 39.0865371395392 2.184038001041813
      vertex 2.5503799895719457 39.255899851608824 2.184038001041813
    endloop
  endfacet
  facet normal -0.39330198825179447 0.7718986139790289 -0.49948581138450715
    outer loop
      vertex 2.322658864109152 38.90524006898824 1.8214438599398917
      vertex 2.5503799895719457 39.255899851608824 2.184038001041813
      vertex 2.6355277941896134 39.06465475122033 1.8214438599398917
    endloop
  endfacet
  facet normal -0.4148349574715044 0.8141594455843743 -0.4062712827968028
    outer loop
      vertex 2.5503799895719457 39.255899851608824 2.184038001041813
      vertex 2.1328391470055967 39.23401746328995 2.566528201818799
      vertex 2.4811145251410176 39.41147263188224 2.566528201818799
    endloop
  endfacet
  facet normal -0.31046206289062556 0.8087813250386396 -0.49948581138450715
    outer loop
      vertex 2.6355277941896134 39.06465475122033 1.8214438599398917
      vertex 2.5503799895719457 39.255899851608824 2.184038001041813
      vertex 2.9633461672910997 39.190492434677815 1.8214438599398917
    endloop
  endfacet
  facet normal -0.31046206289061823 0.8087813250386469 -0.49948581138450016
    outer loop
      vertex 2.5503799895719457 39.255899851608824 2.184038001041813
      vertex 2.8986553677073665 39.38959024356337 2.184038001041813
      vertex 2.9633461672910997 39.190492434677815 1.8214438599398917
    endloop
  endfacet
  facet normal -0.32745961246779925 0.8530614555687529 -0.4062712827968023
    outer loop
      vertex 2.5503799895719457 39.255899851608824 2.184038001041813
      vertex 2.4811145251410176 39.41147263188224 2.566528201818799
      vertex 2.8986553677073665 39.38959024356337 2.184038001041813
    endloop
  endfacet
  facet normal -0.2725996607297889 0.4197666667055407 -0.8657282313133396
    outer loop
      vertex 2.932604318288818 37.46914411829627 0.4359739032465284
      vertex 2.7194768295814526 37.76248894050852 0.6453177282183038
      vertex 3.0920190005209065 37.57266922340496 0.4359739032465284
    endloop
  endfacet
  facet normal -0.2725996607297853 0.41976666670554624 -0.8657282313133382
    outer loop
      vertex 2.7194768295814526 37.76248894050852 0.6453177282183038
      vertex 2.910721929969946 37.886684960862624 0.6453177282183038
      vertex 3.0920190005209065 37.57266922340496 0.4359739032465284
    endloop
  endfacet
  facet normal -0.22722876666403052 0.4459615646077836 -0.8657282313133383
    outer loop
      vertex 3.0920190005209065 37.57266922340496 0.4359739032465284
      vertex 2.910721929969946 37.886684960862624 0.6453177282183038
      vertex 3.261381712590527 37.65896383539983 0.4359739032465284
    endloop
  endfacet
  facet normal -0.22722876666402522 0.44596156460779013 -0.8657282313133364
    outer loop
      vertex 3.261381712590527 37.65896383539983 0.4359739032465284
      vertex 2.910721929969946 37.886684960862624 0.6453177282183038
      vertex 3.113901388839779 37.99021006597131 0.6453177282183038
    endloop
  endfacet
  facet normal -0.179368306680013 0.46727041428473365 -0.8657282313133365
    outer loop
      vertex 3.261381712590527 37.65896383539983 0.4359739032465284
      vertex 3.113901388839779 37.99021006597131 0.6453177282183038
      vertex 3.326789129521538 38.07193001311899 0.6453177282183038
    endloop
  endfacet
  facet normal -0.26708843695267265 0.5241905722622517 -0.8086334217663472
    outer loop
      vertex 2.7413592179003254 38.180029783074865 0.8914161541721164
      vertex 2.976129346900957 38.29965113858178 0.8914161541721164
      vertex 2.910721929969946 37.886684960862624 0.6453177282183038
    endloop
  endfacet
  facet normal -0.26708843695266843 0.524190572262252 -0.8086334217663486
    outer loop
      vertex 2.910721929969946 37.886684960862624 0.6453177282183038
      vertex 2.976129346900957 38.29965113858178 0.8914161541721164
      vertex 3.113901388839779 37.99021006597131 0.6453177282183038
    endloop
  endfacet
  facet normal -0.21083246357115612 0.5492373453316588 -0.808633421766346
    outer loop
      vertex 3.113901388839779 37.99021006597131 0.6453177282183038
      vertex 3.2221172170356507 38.39407703498145 0.8914161541721164
      vertex 3.326789129521538 38.07193001311899 0.6453177282183038
    endloop
  endfacet
  facet normal -0.21083246357114802 0.5492373453316582 -0.8086334217663486
    outer loop
      vertex 2.976129346900957 38.29965113858178 0.8914161541721164
      vertex 3.2221172170356507 38.39407703498145 0.8914161541721164
      vertex 3.113901388839779 37.99021006597131 0.6453177282183038
    endloop
  endfacet
  facet normal -0.14592826223278538 0.38015612017242056 -0.9133379804744635
    outer loop
      vertex 3.4169544928639475 37.30954164988721 0.26567829401119303
      vertex 3.261381712590527 37.65896383539983 0.4359739032465284
      vertex 3.43883688118282 37.727082492453555 0.4359739032465284
    endloop
  endfacet
  facet normal -0.17936830667999773 0.46727041428473304 -0.8657282313133401
    outer loop
      vertex 3.261381712590527 37.65896383539983 0.4359739032465284
      vertex 3.326789129521538 38.07193001311899 0.6453177282183038
      vertex 3.43883688118282 37.727082492453555 0.4359739032465284
    endloop
  endfacet
  facet normal -0.12954264999277768 0.4834597515201495 -0.8657282313133401
    outer loop
      vertex 3.43883688118282 37.727082492453555 0.4359739032465284
      vertex 3.326789129521538 38.07193001311899 0.6453177282183038
      vertex 3.6224402703358054 37.776278872304715 0.4359739032465284
    endloop
  endfacet
  facet normal -0.10539171690014171 0.393327242168237 -0.9133379804744622
    outer loop
      vertex 3.7019644547005726 37.40214700011052 0.26567829401119303
      vertex 3.43883688118282 37.727082492453555 0.4359739032465284
      vertex 3.6224402703358054 37.776278872304715 0.4359739032465284
    endloop
  endfacet
  facet normal -0.06370047786249859 0.40218898858984153 -0.9133379804744626
    outer loop
      vertex 3.7019644547005726 37.40214700011052 0.26567829401119303
      vertex 3.6224402703358054 37.776278872304715 0.4359739032465284
      vertex 3.8101802828964444 37.806013969120656 0.4359739032465284
    endloop
  endfacet
  facet normal -0.07829769692368835 0.4943522025474642 -0.8657282313133361
    outer loop
      vertex 3.6224402703358054 37.776278872304715 0.4359739032465284
      vertex 3.7722788745372062 38.16662178157877 0.6453177282183038
      vertex 3.8101802828964444 37.806013969120656 0.4359739032465284
    endloop
  endfacet
  facet normal -0.12954264999276488 0.4834597515201596 -0.8657282313133363
    outer loop
      vertex 3.6224402703358054 37.776278872304715 0.4359739032465284
      vertex 3.326789129521538 38.07193001311899 0.6453177282183038
      vertex 3.5470527093786917 38.13094946146369 0.6453177282183038
    endloop
  endfacet
  facet normal -0.07829769692368799 0.4943522025474642 -0.8657282313133362
    outer loop
      vertex 3.6224402703358054 37.776278872304715 0.4359739032465284
      vertex 3.5470527093786917 38.13094946146369 0.6453177282183038
      vertex 3.7722788745372062 38.16662178157877 0.6453177282183038
    endloop
  endfacet
  facet normal -0.1522665655992134 0.5682665591103099 -0.8086334217663459
    outer loop
      vertex 3.2221172170356507 38.39407703498145 0.8914161541721164
      vertex 3.476627733722939 38.46227292239303 0.8914161541721164
      vertex 3.326789129521538 38.07193001311899 0.6453177282183038
    endloop
  endfacet
  facet normal -0.1522665655992045 0.5682665591103082 -0.8086334217663488
    outer loop
      vertex 3.326789129521538 38.07193001311899 0.6453177282183038
      vertex 3.476627733722939 38.46227292239303 0.8914161541721164
      vertex 3.5470527093786917 38.13094946146369 0.6453177282183038
    endloop
  endfacet
  facet normal -0.09203240327075478 0.5810697255499172 -0.8086334217663484
    outer loop
      vertex 3.5470527093786917 38.13094946146369 0.6453177282183038
      vertex 3.476627733722939 38.46227292239303 0.8914161541721164
      vertex 3.736872426482247 38.50349163240315 0.8914161541721164
    endloop
  endfacet
  facet normal -0.09203240327076313 0.5810697255499195 -0.8086334217663457
    outer loop
      vertex 3.5470527093786917 38.13094946146369 0.6453177282183038
      vertex 3.736872426482247 38.50349163240315 0.8914161541721164
      vertex 3.7722788745372062 38.16662178157877 0.6453177282183038
    endloop
  endfacet
  facet normal -0.2399765359981012 0.6251602497117653 -0.7426883090170971
    outer loop
      vertex 2.976129346900957 38.29965113858178 0.8914161541721164
      vertex 2.849575046096197 38.583896752085 1.1715728752538097
      vertex 3.125967951102358 38.689994047855826 1.1715728752538097
    endloop
  endfacet
  facet normal -0.23997653599810378 0.6251602497117658 -0.742688309017096
    outer loop
      vertex 2.976129346900957 38.29965113858178 0.8914161541721164
      vertex 3.125967951102358 38.689994047855826 1.1715728752538097
      vertex 3.2221172170356507 38.39407703498145 0.8914161541721164
    endloop
  endfacet
  facet normal -0.17331487922636568 0.6468199349804216 -0.742688309017096
    outer loop
      vertex 3.2221172170356507 38.39407703498145 0.8914161541721164
      vertex 3.125967951102358 38.689994047855826 1.1715728752538097
      vertex 3.411936934139206 38.766619205920904 1.1715728752538097
    endloop
  endfacet
  facet normal -0.17331487922634628 0.6468199349804176 -0.742688309017104
    outer loop
      vertex 3.2221172170356507 38.39407703498145 0.8914161541721164
      vertex 3.411936934139206 38.766619205920904 1.1715728752538097
      vertex 3.476627733722939 38.46227292239303 0.8914161541721164
    endloop
  endfacet
  facet normal -0.10475434836932952 0.6613929256856563 -0.7426883090171039
    outer loop
      vertex 3.476627733722939 38.46227292239303 0.8914161541721164
      vertex 3.411936934139206 38.766619205920904 1.1715728752538097
      vertex 3.736872426482247 38.50349163240315 0.8914161541721164
    endloop
  endfacet
  facet normal -0.10475434836932443 0.6613929256856598 -0.7426883090171014
    outer loop
      vertex 3.411936934139206 38.766619205920904 1.1715728752538097
      vertex 3.704348859185733 38.812932705013615 1.1715728752538097
      vertex 3.736872426482247 38.50349163240315 0.8914161541721164
    endloop
  endfacet
  facet normal -0.26648274089569585 0.6942112742370256 -0.668623702486625
    outer loop
      vertex 2.735625041828306 38.83983265205723 1.4827184358006504
      vertex 3.0393947631997524 38.95643892302446 1.4827184358006504
      vertex 2.849575046096197 38.583896752085 1.1715728752538097
    endloop
  endfacet
  facet normal -0.2664827408956964 0.6942112742370257 -0.6686237024866246
    outer loop
      vertex 2.849575046096197 38.583896752085 1.1715728752538097
      vertex 3.0393947631997524 38.95643892302446 1.4827184358006504
      vertex 3.125967951102358 38.689994047855826 1.1715728752538097
    endloop
  endfacet
  facet normal -0.1924580828794606 0.7182633436334059 -0.6686237024866248
    outer loop
      vertex 3.125967951102358 38.689994047855826 1.1715728752538097
      vertex 3.0393947631997524 38.95643892302446 1.4827184358006504
      vertex 3.411936934139206 38.766619205920904 1.1715728752538097
    endloop
  endfacet
  facet normal -0.29006304003311023 0.755640053662114 -0.5872576454234272
    outer loop
      vertex 2.735625041828306 38.83983265205723 1.4827184358006504
      vertex 2.9633461672910997 39.190492434677815 1.8214438599398917
      vertex 3.0393947631997524 38.95643892302446 1.4827184358006504
    endloop
  endfacet
  facet normal -0.19245808287944796 0.7182633436334169 -0.6686237024866165
    outer loop
      vertex 3.411936934139206 38.766619205920904 1.1715728752538097
      vertex 3.0393947631997524 38.95643892302446 1.4827184358006504
      vertex 3.3536890765651517 39.04065383047641 1.4827184358006504
    endloop
  endfacet
  facet normal -0.2094881507572257 0.7818204222096317 -0.5872576454234303
    outer loop
      vertex 3.0393947631997524 38.95643892302446 1.4827184358006504
      vertex 3.3025223367175056 39.2813744153675 1.8214438599398917
      vertex 3.3536890765651517 39.04065383047641 1.4827184358006504
    endloop
  endfacet
  facet normal -0.20948815075723068 0.7818204222096325 -0.5872576454234273
    outer loop
      vertex 3.0393947631997524 38.95643892302446 1.4827184358006504
      vertex 2.9633461672910997 39.190492434677815 1.8214438599398917
      vertex 3.3025223367175056 39.2813744153675 1.8214438599398917
    endloop
  endfacet
  facet normal -0.2242206502000673 0.8368028586527576 -0.4994858113844999
    outer loop
      vertex 2.9633461672910997 39.190492434677815 1.8214438599398917
      vertex 2.8986553677073665 39.38959024356337 2.184038001041813
      vertex 3.2589973081053665 39.48614357549208 2.184038001041813
    endloop
  endfacet
  facet normal -0.22422065020006132 0.8368028586527567 -0.49948581138450404
    outer loop
      vertex 2.9633461672910997 39.190492434677815 1.8214438599398917
      vertex 3.2589973081053665 39.48614357549208 2.184038001041813
      vertex 3.3025223367175056 39.2813744153675 1.8214438599398917
    endloop
  endfacet
  facet normal -0.11632481383272159 0.7344459695306833 -0.6686237024866207
    outer loop
      vertex 3.411936934139206 38.766619205920904 1.1715728752538097
      vertex 3.675064507656959 39.09155469826394 1.4827184358006504
      vertex 3.704348859185733 38.812932705013615 1.1715728752538097
    endloop
  endfacet
  facet normal -0.11632481383273006 0.7344459695306861 -0.6686237024866164
    outer loop
      vertex 3.411936934139206 38.766619205920904 1.1715728752538097
      vertex 3.3536890765651517 39.04065383047641 1.4827184358006504
      vertex 3.675064507656959 39.09155469826394 1.4827184358006504
    endloop
  endfacet
  facet normal -0.12661806546343285 0.7994350026049813 -0.5872576454234302
    outer loop
      vertex 3.3536890765651517 39.04065383047641 1.4827184358006504
      vertex 3.3025223367175056 39.2813744153675 1.8214438599398917
      vertex 3.6493402173794185 39.33630497129068 1.8214438599398917
    endloop
  endfacet
  facet normal -0.1266180654634353 0.7994350026049819 -0.5872576454234287
    outer loop
      vertex 3.3536890765651517 39.04065383047641 1.4827184358006504
      vertex 3.6493402173794185 39.33630497129068 1.8214438599398917
      vertex 3.675064507656959 39.09155469826394 1.4827184358006504
    endloop
  endfacet
  facet normal -0.13552262914471788 0.8556562050352158 -0.4994858113845039
    outer loop
      vertex 3.3025223367175056 39.2813744153675 1.8214438599398917
      vertex 3.2589973081053665 39.48614357549208 2.184038001041813
      vertex 3.6493402173794185 39.33630497129068 1.8214438599398917
    endloop
  endfacet
  facet normal -0.5180502573444462 0.7977274407798478 -0.3086338625170406
    outer loop
      vertex 1.8050207739041104 39.021129722608194 2.566528201818799
      vertex 2.0681483474218636 39.34606521495123 2.964723819589917
      vertex 2.1328391470055967 39.23401746328995 2.566528201818799
    endloop
  endfacet
  facet normal -0.4318271003390609 0.8475084036872857 -0.3086338625170402
    outer loop
      vertex 2.0681483474218636 39.34606521495123 2.964723819589917
      vertex 2.4811145251410176 39.41147263188224 2.566528201818799
      vertex 2.1328391470055967 39.23401746328995 2.566528201818799
    endloop
  endfacet
  facet normal -0.3274596124678067 0.8530614555687465 -0.40627128279681
    outer loop
      vertex 2.8986553677073665 39.38959024356337 2.184038001041813
      vertex 2.4811145251410176 39.41147263188224 2.566528201818799
      vertex 2.846031130386213 39.55155099242309 2.566528201818799
    endloop
  endfacet
  facet normal -0.23649655142457812 0.8826171457313279 -0.4062712827968103
    outer loop
      vertex 2.8986553677073665 39.38959024356337 2.184038001041813
      vertex 2.846031130386213 39.55155099242309 2.566528201818799
      vertex 3.2589973081053665 39.48614357549208 2.184038001041813
    endloop
  endfacet
  facet normal -0.23649655142457893 0.8826171457313273 -0.4062712827968112
    outer loop
      vertex 3.2589973081053665 39.48614357549208 2.184038001041813
      vertex 2.846031130386213 39.55155099242309 2.566528201818799
      vertex 3.2235908600504075 39.652717817081125 2.566528201818799
    endloop
  endfacet
  facet normal -0.13552262914471722 0.8556562050352161 -0.49948581138450326
    outer loop
      vertex 3.6493402173794185 39.33630497129068 1.8214438599398917
      vertex 3.2589973081053665 39.48614357549208 2.184038001041813
      vertex 3.627457829060546 39.54450198888525 2.184038001041813
    endloop
  endfacet
  facet normal -0.1429423846738452 0.9025026977457672 -0.40627128279681124
    outer loop
      vertex 3.2589973081053665 39.48614357549208 2.184038001041813
      vertex 3.2235908600504075 39.652717817081125 2.566528201818799
      vertex 3.627457829060546 39.54450198888525 2.184038001041813
    endloop
  endfacet
  facet normal -0.14294238467384246 0.9025026977457689 -0.40627128279680885
    outer loop
      vertex 3.627457829060546 39.54450198888525 2.184038001041813
      vertex 3.2235908600504075 39.652717817081125 2.566528201818799
      vertex 3.609657090725948 39.71386470095487 2.566528201818799
    endloop
  endfacet
  facet normal -0.06211507002247713 0.9115331869510651 -0.40650826210907115
    outer loop
      vertex 3.627457829060546 39.54450198888525 2.184038001041813
      vertex 3.609657090725948 39.71386470095487 2.566528201818799
      vertex 4 39.6541818305704 2.3730534276967994
    endloop
  endfacet
  facet normal -0.4318271003390668 0.8475084036872803 -0.30863386251704716
    outer loop
      vertex 2.0681483474218636 39.34606521495123 2.964723819589917
      vertex 2.428490287819863 39.52966860410422 2.964723819589917
      vertex 2.4811145251410176 39.41147263188224 2.566528201818799
    endloop
  endfacet
  facet normal -0.3408727552567453 0.8880038871713815 -0.3086338625170472
    outer loop
      vertex 2.4811145251410176 39.41147263188224 2.566528201818799
      vertex 2.428490287819863 39.52966860410422 2.964723819589917
      vertex 2.8060500174840586 39.6746002054 2.964723819589917
    endloop
  endfacet
  facet normal -0.3408727552567434 0.8880038871713816 -0.308633862517049
    outer loop
      vertex 2.4811145251410176 39.41147263188224 2.566528201818799
      vertex 2.8060500174840586 39.6746002054 2.964723819589917
      vertex 2.846031130386213 39.55155099242309 2.566528201818799
    endloop
  endfacet
  facet normal -0.24618373693561926 0.9187702142408738 -0.30863386251704933
    outer loop
      vertex 2.8060500174840586 39.6746002054 2.964723819589917
      vertex 3.2235908600504075 39.652717817081125 2.566528201818799
      vertex 2.846031130386213 39.55155099242309 2.566528201818799
    endloop
  endfacet
  facet normal -0.24618373693560547 0.9187702142408821 -0.30863386251703534
    outer loop
      vertex 2.8060500174840586 39.6746002054 2.964723819589917
      vertex 3.196690913006794 39.77927211788588 2.964723819589917
      vertex 3.2235908600504075 39.652717817081125 2.566528201818799
    endloop
  endfacet
  facet normal -0.14879747807535337 0.9394703025781234 -0.3086338625170349
    outer loop
      vertex 3.2235908600504075 39.652717817081125 2.566528201818799
      vertex 3.196690913006794 39.77927211788588 2.964723819589917
      vertex 3.609657090725948 39.71386470095487 2.566528201818799
    endloop
  endfacet
  facet normal -0.14879747807536292 0.9394703025781189 -0.30863386251704406
    outer loop
      vertex 3.196690913006794 39.77927211788588 2.964723819589917
      vertex 3.5961330309898614 39.84253753418468 2.964723819589917
      vertex 3.609657090725948 39.71386470095487 2.566528201818799
    endloop
  endfacet
  facet normal -0.06351161439121111 0.9489988202323009 -0.30881631115458125
    outer loop
      vertex 3.609657090725948 39.71386470095487 2.566528201818799
      vertex 3.5961330309898614 39.84253753418468 2.964723819589917
      vertex 4 39.804226065180615 2.76393202250021
    endloop
  endfacet
  facet normal -0.06370047786248421 0.4021889885898386 -0.9133379804744647
    outer loop
      vertex 3.7019644547005726 37.40214700011052 0.26567829401119303
      vertex 3.8101802828964444 37.806013969120656 0.4359739032465284
      vertex 3.850161395798599 37.42561908968413 0.26567829401119303
    endloop
  endfacet
  facet normal -0.053370841837640536 0.4033431860452874 -0.9134910111831306
    outer loop
      vertex 3.850161395798599 37.42561908968413 0.26567829401119303
      vertex 3.8101802828964444 37.806013969120656 0.4359739032465284
      vertex 4 37.626946572303204 0.34581816942959653
    endloop
  endfacet
  facet normal -0.02255639010867655 0.43040156284543335 -0.9023556416211258
    outer loop
      vertex 3.8101802828964444 37.806013969120656 0.4359739032465284
      vertex 4 37.81596199895819 0.4359739032465284
      vertex 4 37.626946572303204 0.34581816942959653
    endloop
  endfacet
  facet normal -0.024999015750053536 0.4770096365855035 -0.8785424610205783
    outer loop
      vertex 3.8101802828964444 37.806013969120656 0.4359739032465284
      vertex 4 38 0.5358983848622456
      vertex 4 37.81596199895819 0.4359739032465284
    endloop
  endfacet
  facet normal -0.052282101266737414 0.49725906942887843 -0.8660254036446393
    outer loop
      vertex 3.8101802828964444 37.806013969120656 0.4359739032465284
      vertex 3.7722788745372062 38.16662178157877 0.6453177282183038
      vertex 4 38 0.5358983848622456
    endloop
  endfacet
  facet normal -0.02737272895755251 0.5223027827551571 -0.8523206772310733
    outer loop
      vertex 4 38 0.5358983848622456
      vertex 3.7722788745372062 38.16662178157877 0.6453177282183038
      vertex 4 38.17855614006011 0.6453177282183038
    endloop
  endfacet
  facet normal -0.05298605799423956 0.5854325347825595 -0.8089877779523609
    outer loop
      vertex 3.736872426482247 38.50349163240315 0.8914161541721164
      vertex 4 38.35114100916989 0.7639320225002102
      vertex 3.7722788745372062 38.16662178157877 0.6453177282183038
    endloop
  endfacet
  facet normal -0.02967102368494313 0.5661568585971788 -0.8237633409037219
    outer loop
      vertex 3.7722788745372062 38.16662178157877 0.6453177282183038
      vertex 4 38.35114100916989 0.7639320225002102
      vertex 4 38.17855614006011 0.6453177282183038
    endloop
  endfacet
  facet normal -0.03188761025859098 0.6084518499890379 -0.7929498890578859
    outer loop
      vertex 3.736872426482247 38.50349163240315 0.8914161541721164
      vertex 4 38.51728156419935 0.8914161541721164
      vertex 4 38.35114100916989 0.7639320225002102
    endloop
  endfacet
  facet normal -0.03401643236921302 0.6490721956656657 -0.7599658986708697
    outer loop
      vertex 3.736872426482247 38.50349163240315 0.8914161541721164
      vertex 4 38.67652242543544 1.027420698090423
      vertex 4 38.51728156419935 0.8914161541721164
    endloop
  endfacet
  facet normal -0.05454775708555377 0.6670026312227512 -0.7430558741702148
    outer loop
      vertex 3.736872426482247 38.50349163240315 0.8914161541721164
      vertex 3.704348859185733 38.812932705013615 1.1715728752538097
      vertex 4 38.67652242543544 1.027420698090423
    endloop
  endfacet
  facet normal -0.036051683192186455 0.6879070948126628 -0.7249028245533412
    outer loop
      vertex 3.704348859185733 38.812932705013615 1.1715728752538097
      vertex 4 38.82842712474619 1.1715728752538097
      vertex 4 38.67652242543544 1.027420698090423
    endloop
  endfacet
  facet normal -0.037987820604388926 0.724850797421116 -0.6878577229076527
    outer loop
      vertex 3.704348859185733 38.812932705013615 1.1715728752538097
      vertex 4 38.972579301909576 1.323477574564567
      vertex 4 38.82842712474619 1.1715728752538097
    endloop
  endfacet
  facet normal -0.056479601976775144 0.7411325151274174 -0.6689788110108223
    outer loop
      vertex 3.704348859185733 38.812932705013615 1.1715728752538097
      vertex 3.675064507656959 39.09155469826394 1.4827184358006504
      vertex 4 38.972579301909576 1.323477574564567
    endloop
  endfacet
  facet normal -0.03981958147357775 0.7598028769455388 -0.6489329619587461
    outer loop
      vertex 3.675064507656959 39.09155469826394 1.4827184358006504
      vertex 4 39.10858384582788 1.4827184358006504
      vertex 4 38.972579301909576 1.323477574564567
    endloop
  endfacet
  facet normal -0.04154199500379616 0.7926684849484319 -0.6082359210213272
    outer loop
      vertex 3.675064507656959 39.09155469826394 1.4827184358006504
      vertex 4 39.236067977499786 1.6488589908301075
      vertex 4 39.10858384582788 1.4827184358006504
    endloop
  endfacet
  facet normal -0.05849594275230738 0.807046211778765 -0.5875837274253464
    outer loop
      vertex 3.675064507656959 39.09155469826394 1.4827184358006504
      vertex 3.6493402173794185 39.33630497129068 1.8214438599398917
      vertex 4 39.236067977499786 1.6488589908301075
    endloop
  endfacet
  facet normal -0.04315039512699177 0.8233585875476431 -0.5658786793226397
    outer loop
      vertex 3.6493402173794185 39.33630497129068 1.8214438599398917
      vertex 4 39.3546822717817 1.8214438599398917
      vertex 4 39.236067977499786 1.6488589908301075
    endloop
  endfacet
  facet normal -0.06041510022978822 0.8640477596499313 -0.4997714324650412
    outer loop
      vertex 3.6493402173794185 39.33630497129068 1.8214438599398917
      vertex 3.627457829060546 39.54450198888525 2.184038001041813
      vertex 4 39.46410161513776 2
    endloop
  endfacet
  facet normal -0.04464043193767385 0.8517901836020155 -0.5219776958411754
    outer loop
      vertex 3.6493402173794185 39.33630497129068 1.8214438599398917
      vertex 4 39.46410161513776 2
      vertex 4 39.3546822717817 1.8214438599398917
    endloop
  endfacet
  facet normal -0.04600808217262332 0.8778865046759824 -0.4766534813494849
    outer loop
      vertex 3.627457829060546 39.54450198888525 2.184038001041813
      vertex 4 39.56402609675347 2.184038001041813
      vertex 4 39.46410161513776 2
    endloop
  endfacet
  facet normal -0.04724965874245533 0.9015771969132258 -0.4300302637661817
    outer loop
      vertex 3.627457829060546 39.54450198888525 2.184038001041813
      vertex 4 39.6541818305704 2.3730534276967994
      vertex 4 39.56402609675347 2.184038001041813
    endloop
  endfacet
  facet normal -0.04836181932570345 0.92279848502105 -0.38223564783306513
    outer loop
      vertex 3.609657090725948 39.71386470095487 2.566528201818799
      vertex 4 39.734321705988805 2.566528201818799
      vertex 4 39.6541818305704 2.3730534276967994
    endloop
  endfacet
  facet normal -0.049341574038803675 0.9414933186221631 -0.3334002700376823
    outer loop
      vertex 3.609657090725948 39.71386470095487 2.566528201818799
      vertex 4 39.804226065180615 2.76393202250021
      vertex 4 39.734321705988805 2.566528201818799
    endloop
  endfacet
  facet normal -0.05018629219728729 0.9576115012667953 -0.2836574496061102
    outer loop
      vertex 3.5961330309898614 39.84253753418468 2.964723819589917
      vertex 4 39.86370330515627 2.964723819589917
      vertex 4 39.804226065180615 2.76393202250021
    endloop
  endfacet
  facet normal 0 0.02617694830787397 -0.9996573249755571
    outer loop
      vertex 4 36 0
      vertex 4 36.209343824971775 0.005481860981704667
      vertex 36 36.209343824971775 0.005481860981704667
    endloop
  endfacet
  facet normal 0 0.07845909572784451 -0.996917333733128
    outer loop
      vertex 4 36.209343824971775 0.005481860981704667
      vertex 4 36.418113853070615 0.02191241852690684
      vertex 36 36.209343824971775 0.005481860981704667
    endloop
  endfacet
  facet normal 0 0.13052619222004982 -0.9914448613738107
    outer loop
      vertex 4 36.418113853070615 0.02191241852690684
      vertex 4 36.625737860160925 0.04924663761944892
      vertex 36 36.625737860160925 0.04924663761944892
    endloop
  endfacet
  facet normal 0 0.1822355254921474 -0.9832549075639545
    outer loop
      vertex 4 36.625737860160925 0.04924663761944892
      vertex 4 36.83164676327104 0.08740959706477724
      vertex 36 36.625737860160925 0.04924663761944892
    endloop
  endfacet
  facet normal 0 0.23344536385591105 -0.9723699203976753
    outer loop
      vertex 4 36.83164676327104 0.08740959706477724
      vertex 4 37.03527618041008 0.13629669484372675
      vertex 36 37.03527618041008 0.13629669484372675
    endloop
  endfacet
  facet normal 0 0.28401534470392353 -0.9588197348681927
    outer loop
      vertex 4 37.03527618041008 0.13629669484372675
      vertex 4 37.236067977499786 0.19577393481938588
      vertex 36 37.03527618041008 0.13629669484372675
    endloop
  endfacet
  facet normal 0 0.3338068592337639 -0.942641491092181
    outer loop
      vertex 4 37.236067977499786 0.19577393481938588
      vertex 4 37.4334717981812 0.26567829401119303
      vertex 36 37.236067977499786 0.19577393481938588
    endloop
  endfacet
  facet normal 0 0.382683432365086 -0.9238795325112884
    outer loop
      vertex 4 37.4334717981812 0.26567829401119303
      vertex 4 37.626946572303204 0.34581816942959653
      vertex 36 37.626946572303204 0.34581816942959653
    endloop
  endfacet
  facet normal 0 0.43051109680830063 -0.902585284349858
    outer loop
      vertex 4 37.626946572303204 0.34581816942959653
      vertex 4 37.81596199895819 0.4359739032465284
      vertex 36 37.626946572303204 0.34581816942959653
    endloop
  endfacet
  facet normal 0 0.47715876025960935 -0.8788171126619649
    outer loop
      vertex 4 37.81596199895819 0.4359739032465284
      vertex 4 38 0.5358983848622456
      vertex 36 37.81596199895819 0.4359739032465284
    endloop
  endfacet
  facet normal 0 0.522498564715945 -0.8526401643540945
    outer loop
      vertex 4 38 0.5358983848622456
      vertex 4 38.17855614006011 0.6453177282183038
      vertex 36 38.17855614006011 0.6453177282183038
    endloop
  endfacet
  facet normal 0 0.5664062369248337 -0.824126188622015
    outer loop
      vertex 4 38.17855614006011 0.6453177282183038
      vertex 4 38.35114100916989 0.7639320225002102
      vertex 36 38.35114100916989 0.7639320225002102
    endloop
  endfacet
  facet normal 0 0.6087614290087203 -0.7933533402912354
    outer loop
      vertex 4 38.35114100916989 0.7639320225002102
      vertex 4 38.51728156419935 0.8914161541721164
      vertex 36 38.35114100916989 0.7639320225002102
    endloop
  endfacet
  facet normal 0 0.6494480483301778 -0.760405965600036
    outer loop
      vertex 4 38.51728156419935 0.8914161541721164
      vertex 4 38.67652242543544 1.027420698090423
      vertex 36 38.67652242543544 1.027420698090423
    endloop
  endfacet
  facet normal 0 0.6883545756937586 -0.7253743710122832
    outer loop
      vertex 4 38.67652242543544 1.027420698090423
      vertex 4 38.82842712474619 1.1715728752538097
      vertex 36 38.67652242543544 1.027420698090423
    endloop
  endfacet
  facet normal 0 0.7253743710122936 -0.6883545756937478
    outer loop
      vertex 4 38.82842712474619 1.1715728752538097
      vertex 4 38.972579301909576 1.323477574564567
      vertex 36 38.82842712474619 1.1715728752538097
    endloop
  endfacet
  facet normal 0 0.7604059656000378 -0.6494480483301757
    outer loop
      vertex 4 38.972579301909576 1.323477574564567
      vertex 4 39.10858384582788 1.4827184358006504
      vertex 36 38.972579301909576 1.323477574564567
    endloop
  endfacet
  facet normal 0 0.7933533402912347 -0.6087614290087214
    outer loop
      vertex 4 39.10858384582788 1.4827184358006504
      vertex 4 39.236067977499786 1.6488589908301075
      vertex 36 39.236067977499786 1.6488589908301075
    endloop
  endfacet
  facet normal 0 0.8241261886220038 -0.5664062369248499
    outer loop
      vertex 4 39.236067977499786 1.6488589908301075
      vertex 4 39.3546822717817 1.8214438599398917
      vertex 36 39.3546822717817 1.8214438599398917
    endloop
  endfacet
  facet normal 0 0.852640164354091 -0.5224985647159509
    outer loop
      vertex 4 39.3546822717817 1.8214438599398917
      vertex 4 39.46410161513776 2
      vertex 36 39.3546822717817 1.8214438599398917
    endloop
  endfacet
  facet normal 0 0.8788171126619675 -0.4771587602596044
    outer loop
      vertex 4 39.46410161513776 2
      vertex 4 39.56402609675347 2.184038001041813
      vertex 36 39.56402609675347 2.184038001041813
    endloop
  endfacet
  facet normal 0 0.9025852843498677 -0.43051109680828026
    outer loop
      vertex 4 39.56402609675347 2.184038001041813
      vertex 4 39.6541818305704 2.3730534276967994
      vertex 36 39.6541818305704 2.3730534276967994
    endloop
  endfacet
  facet normal 0 0.9238795325112864 -0.38268343236509045
    outer loop
      vertex 4 39.6541818305704 2.3730534276967994
      vertex 4 39.734321705988805 2.566528201818799
      vertex 36 39.6541818305704 2.3730534276967994
    endloop
  endfacet
  facet normal 0 0.9426414910921745 -0.33380685923378184
    outer loop
      vertex 4 39.734321705988805 2.566528201818799
      vertex 4 39.804226065180615 2.76393202250021
      vertex 36 39.804226065180615 2.76393202250021
    endloop
  endfacet
  facet normal 0 0.9588197348681962 -0.2840153447039118
    outer loop
      vertex 4 39.804226065180615 2.76393202250021
      vertex 4 39.86370330515627 2.964723819589917
      vertex 36 39.804226065180615 2.76393202250021
    endloop
  endfacet
  facet normal -1 0 0
    outer loop
      vertex 0 4 4
      vertex 0 60 75
      vertex 0 36 4
    endloop
  endfacet
  facet normal -0.9421031114431841 0.31861744198791275 -0.10452106519812247
    outer loop
      vertex 0.24261027043298888 37.220849929559556 3.3742621398390766
      vertex 0.20098749442746033 37.23437398929564 3.7906561750282246
      vertex 0 60 75
    endloop
  endfacet
  facet normal -0.9272410436261312 0.3559344884567785 -0.11633867345871961
    outer loop
      vertex 0.24261027043298888 37.220849929559556 3.3742621398390766
      vertex 0 60 75
      vertex 0.3908072115310155 37.606916160235095 3.3742621398390766
    endloop
  endfacet
  facet normal -0.9982549631547344 0.05594147170155062 -0.01890979325122838
    outer loop
      vertex 0 36 4
      vertex 0 60 75
      vertex 0.027364249300577015 36.417540842566346 3.7906561750282246
    endloop
  endfacet
  facet normal -0.9863461525220809 0.15622188333346845 -0.052115166435809164
    outer loop
      vertex 0.027364249300577015 36.417540842566346 3.7906561750282246
      vertex 0 60 75
      vertex 0.09277166623158806 36.8305070202855 3.7906561750282246
    endloop
  endfacet
  facet normal -0.9624168749006518 0.25787882441171533 -0.08516026553795591
    outer loop
      vertex 0.09277166623158806 36.8305070202855 3.7906561750282246
      vertex 0 60 75
      vertex 0.20098749442746033 37.23437398929564 3.7906561750282246
    endloop
  endfacet
  facet normal -0.8815586122655351 0.4491765481702792 -0.14524063382640784
    outer loop
      vertex 0.3908072115310155 37.606916160235095 3.3742621398390766
      vertex 0 60 75
      vertex 0.5785472240916549 37.975376681190276 3.3742621398390766
    endloop
  endfacet
  facet normal -0.8262212659632052 0.5365543637777704 -0.17166197709798897
    outer loop
      vertex 0.5785472240916549 37.975376681190276 3.3742621398390766
      vertex 0 60 75
      vertex 0.8037733892501691 38.322194561852186 3.3742621398390766
    endloop
  endfacet
  facet normal -0.7621732044366955 0.6171956914819066 -0.19534964769579247
    outer loop
      vertex 0.8037733892501691 38.322194561852186 3.3742621398390766
      vertex 0 60 75
      vertex 1.064018082009477 38.643569992943995 3.3742621398390766
    endloop
  endfacet
  facet normal -0.7206760060045989 0.6613641449328286 -0.2079027709448047
    outer loop
      vertex 1.12870888159321 38.58532213536994 2.964723819589917
      vertex 1.064018082009477 38.643569992943995 3.3742621398390766
      vertex 0 60 75
    endloop
  endfacet
  facet normal -0.6904047230014977 0.6904047230015051 -0.21606165072599112
    outer loop
      vertex 1.12870888159321 38.58532213536994 2.964723819589917
      vertex 0 60 75
      vertex 1.4146778646300584 38.87129111840679 2.964723819589917
    endloop
  endfacet
  facet normal -0.6119008970296104 0.7556346778231083 -0.23365257517417887
    outer loop
      vertex 1.4146778646300584 38.87129111840679 2.964723819589917
      vertex 0 60 75
      vertex 1.7289721779954577 39.12580163509408 2.964723819589917
    endloop
  endfacet
  facet normal -0.527611501744443 0.8124504660418639 -0.24809341679160254
    outer loop
      vertex 1.7289721779954577 39.12580163509408 2.964723819589917
      vertex 0 60 75
      vertex 2.0681483474218636 39.34606521495123 2.964723819589917
    endloop
  endfacet
  facet normal -0.4384603499655247 0.8605268890898048 -0.2593183268909707
    outer loop
      vertex 2.0681483474218636 39.34606521495123 2.964723819589917
      vertex 0 60 75
      vertex 2.428490287819863 39.52966860410422 2.964723819589917
    endloop
  endfacet
  facet normal -0.34532952411898854 0.8996141669982789 -0.2672861206792185
    outer loop
      vertex 2.428490287819863 39.52966860410422 2.964723819589917
      vertex 0 60 75
      vertex 2.8060500174840586 39.6746002054 2.964723819589917
    endloop
  endfacet
  facet normal -0.24906283139606608 0.9295151410471116 -0.2719729923745061
    outer loop
      vertex 2.8060500174840586 39.6746002054 2.964723819589917
      vertex 0 60 75
      vertex 3.196690913006794 39.77927211788588 2.964723819589917
    endloop
  endfacet
  facet normal -0.15047584328299796 0.9500670834500022 -0.273367074705564
    outer loop
      vertex 3.196690913006794 39.77927211788588 2.964723819589917
      vertex 0 60 75
      vertex 3.5961330309898614 39.84253753418468 2.964723819589917
    endloop
  endfacet
  facet normal -0.050370650608393165 0.9611292693086393 -0.2714651455261398
    outer loop
      vertex 3.5961330309898614 39.84253753418468 2.964723819589917
      vertex 0 60 75
      vertex 4 39.86370330515627 2.964723819589917
    endloop
  endfacet
  facet normal 0 0.02617694830787397 -0.9996573249755571
    outer loop
      vertex 4 36 0
      vertex 36 36.209343824971775 0.005481860981704667
      vertex 36 36 0
    endloop
  endfacet
  facet normal 0 0.07845909572784451 -0.996917333733128
    outer loop
      vertex 4 36.418113853070615 0.02191241852690684
      vertex 36 36.418113853070615 0.02191241852690684
      vertex 36 36.209343824971775 0.005481860981704667
    endloop
  endfacet
  facet normal 0 0.13052619222004982 -0.9914448613738107
    outer loop
      vertex 4 36.418113853070615 0.02191241852690684
      vertex 36 36.625737860160925 0.04924663761944892
      vertex 36 36.418113853070615 0.02191241852690684
    endloop
  endfacet
  facet normal 0 0.1822355254921474 -0.9832549075639545
    outer loop
      vertex 4 36.83164676327104 0.08740959706477724
      vertex 36 36.83164676327104 0.08740959706477724
      vertex 36 36.625737860160925 0.04924663761944892
    endloop
  endfacet
  facet normal 0 0.23344536385591105 -0.9723699203976753
    outer loop
      vertex 4 36.83164676327104 0.08740959706477724
      vertex 36 37.03527618041008 0.13629669484372675
      vertex 36 36.83164676327104 0.08740959706477724
    endloop
  endfacet
  facet normal 0 0.28401534470392353 -0.9588197348681927
    outer loop
      vertex 4 37.236067977499786 0.19577393481938588
      vertex 36 37.236067977499786 0.19577393481938588
      vertex 36 37.03527618041008 0.13629669484372675
    endloop
  endfacet
  facet normal 0 0.3338068592337639 -0.942641491092181
    outer loop
      vertex 4 37.4334717981812 0.26567829401119303
      vertex 36 37.4334717981812 0.26567829401119303
      vertex 36 37.236067977499786 0.19577393481938588
    endloop
  endfacet
  facet normal 0 0.382683432365086 -0.9238795325112884
    outer loop
      vertex 4 37.4334717981812 0.26567829401119303
      vertex 36 37.626946572303204 0.34581816942959653
      vertex 36 37.4334717981812 0.26567829401119303
    endloop
  endfacet
  facet normal 0 0.43051109680830063 -0.902585284349858
    outer loop
      vertex 4 37.81596199895819 0.4359739032465284
      vertex 36 37.81596199895819 0.4359739032465284
      vertex 36 37.626946572303204 0.34581816942959653
    endloop
  endfacet
  facet normal 0 0.47715876025960935 -0.8788171126619649
    outer loop
      vertex 4 38 0.5358983848622456
      vertex 36 38 0.5358983848622456
      vertex 36 37.81596199895819 0.4359739032465284
    endloop
  endfacet
  facet normal 0 0.522498564715945 -0.8526401643540945
    outer loop
      vertex 4 38 0.5358983848622456
      vertex 36 38.17855614006011 0.6453177282183038
      vertex 36 38 0.5358983848622456
    endloop
  endfacet
  facet normal 0 0.5664062369248337 -0.824126188622015
    outer loop
      vertex 4 38.17855614006011 0.6453177282183038
      vertex 36 38.35114100916989 0.7639320225002102
      vertex 36 38.17855614006011 0.6453177282183038
    endloop
  endfacet
  facet normal 0 0.6087614290087203 -0.7933533402912354
    outer loop
      vertex 4 38.51728156419935 0.8914161541721164
      vertex 36 38.51728156419935 0.8914161541721164
      vertex 36 38.35114100916989 0.7639320225002102
    endloop
  endfacet
  facet normal 0 0.6494480483301778 -0.760405965600036
    outer loop
      vertex 4 38.51728156419935 0.8914161541721164
      vertex 36 38.67652242543544 1.027420698090423
      vertex 36 38.51728156419935 0.8914161541721164
    endloop
  endfacet
  facet normal 0 0.6883545756937586 -0.7253743710122832
    outer loop
      vertex 4 38.82842712474619 1.1715728752538097
      vertex 36 38.82842712474619 1.1715728752538097
      vertex 36 38.67652242543544 1.027420698090423
    endloop
  endfacet
  facet normal 0 0.7253743710122936 -0.6883545756937478
    outer loop
      vertex 4 38.972579301909576 1.323477574564567
      vertex 36 38.972579301909576 1.323477574564567
      vertex 36 38.82842712474619 1.1715728752538097
    endloop
  endfacet
  facet normal 0 0.7604059656000378 -0.6494480483301757
    outer loop
      vertex 4 39.10858384582788 1.4827184358006504
      vertex 36 39.10858384582788 1.4827184358006504
      vertex 36 38.972579301909576 1.323477574564567
    endloop
  endfacet
  facet normal 0 0.7933533402912347 -0.6087614290087214
    outer loop
      vertex 4 39.10858384582788 1.4827184358006504
      vertex 36 39.236067977499786 1.6488589908301075
      vertex 36 39.10858384582788 1.4827184358006504
    endloop
  endfacet
  facet normal 0 0.8241261886220038 -0.5664062369248499
    outer loop
      vertex 4 39.236067977499786 1.6488589908301075
      vertex 36 39.3546822717817 1.8214438599398917
      vertex 36 39.236067977499786 1.6488589908301075
    endloop
  endfacet
  facet normal 0 0.852640164354091 -0.5224985647159509
    outer loop
      vertex 4 39.46410161513776 2
      vertex 36 39.46410161513776 2
      vertex 36 39.3546822717817 1.8214438599398917
    endloop
  endfacet
  facet normal 0 0.8788171126619675 -0.4771587602596044
    outer loop
      vertex 4 39.46410161513776 2
      vertex 36 39.56402609675347 2.184038001041813
      vertex 36 39.46410161513776 2
    endloop
  endfacet
  facet normal 0 0.9025852843498677 -0.43051109680828026
    outer loop
      vertex 4 39.56402609675347 2.184038001041813
      vertex 36 39.6541818305704 2.3730534276967994
      vertex 36 39.56402609675347 2.184038001041813
    endloop
  endfacet
  facet normal 0 0.9238795325112864 -0.38268343236509045
    outer loop
      vertex 4 39.734321705988805 2.566528201818799
      vertex 36 39.734321705988805 2.566528201818799
      vertex 36 39.6541818305704 2.3730534276967994
    endloop
  endfacet
  facet normal 0 0.9426414910921745 -0.33380685923378184
    outer loop
      vertex 4 39.734321705988805 2.566528201818799
      vertex 36 39.804226065180615 2.76393202250021
      vertex 36 39.734321705988805 2.566528201818799
    endloop
  endfacet
  facet normal 0 0.9588197348681962 -0.2840153447039118
    outer loop
      vertex 4 39.86370330515627 2.964723819589917
      vertex 36 39.86370330515627 2.964723819589917
      vertex 36 39.804226065180615 2.76393202250021
    endloop
  endfacet
  facet normal -1 0 0
    outer loop
      vertex 0 0 80
      vertex 0 60 80
      vertex 0 60 75
    endloop
  endfacet
  facet normal 0 0 1
    outer loop
      vertex 0 60 80
      vertex 27.030977262661548 28.678105910003648 80
      vertex 26.90906632204075 28.99569476828142 80
    endloop
  endfacet
  facet normal 0 0 1
    outer loop
      vertex 0 60 80
      vertex 27.185417437700576 28.375 80
      vertex 27.030977262661548 28.678105910003648 80
    endloop
  endfacet
  facet normal 0 0 1
    outer loop
      vertex 0 60 80
      vertex 26.90906632204075 28.99569476828142 80
      vertex 26.82102029761513 29.324287004842283 80
    endloop
  endfacet
  facet normal 0 0 1
    outer loop
      vertex 0 60 80
      vertex 26.82102029761513 29.324287004842283 80
      vertex 26.767803840053112 29.660282494380127 80
    endloop
  endfacet
  facet normal 0 0 1
    outer loop
      vertex 0 60 80
      vertex 26.767803840053112 29.660282494380127 80
      vertex 26.75 30 80
    endloop
  endfacet
  facet normal 0 0 1
    outer loop
      vertex 0 60 80
      vertex 26.75 30 80
      vertex 26.767803840053112 30.339717505619873 80
    endloop
  endfacet
  facet normal 0 0 1
    outer loop
      vertex 0 60 80
      vertex 26.767803840053112 30.339717505619873 80
      vertex 26.82102029761513 30.675712995157717 80
    endloop
  endfacet
  facet normal 0 0 1
    outer loop
      vertex 0 60 80
      vertex 26.82102029761513 30.675712995157717 80
      vertex 26.90906632204075 31.00430523171858 80
    endloop
  endfacet
  facet normal 0 0 1
    outer loop
      vertex 0 60 80
      vertex 26.90906632204075 31.00430523171858 80
      vertex 27.030977262661548 31.321894089996352 80
    endloop
  endfacet
  facet normal 0 0 1
    outer loop
      vertex 0 60 80
      vertex 27.030977262661548 31.321894089996352 80
      vertex 27.185417437700576 31.625 80
    endloop
  endfacet
  facet normal 0 0 1
    outer loop
      vertex 0 60 80
      vertex 27.185417437700576 31.625 80
      vertex 27.37069476828142 31.91030206995054 80
    endloop
  endfacet
  facet normal 0 0 1
    outer loop
      vertex 0 60 80
      vertex 27.37069476828142 31.91030206995054 80
      vertex 27.584779317198468 32.17467447066629 80
    endloop
  endfacet
  facet normal 0 0 1
    outer loop
      vertex 0 60 80
      vertex 27.584779317198468 32.17467447066629 80
      vertex 27.82532552933371 32.41522068280153 80
    endloop
  endfacet
  facet normal 0 0 1
    outer loop
      vertex 0 60 80
      vertex 27.82532552933371 32.41522068280153 80
      vertex 28.08969793004946 32.629305231718575 80
    endloop
  endfacet
  facet normal 0 0 1
    outer loop
      vertex 0 60 80
      vertex 28.08969793004946 32.629305231718575 80
      vertex 28.375 32.81458256229943 80
    endloop
  endfacet
  facet normal 0 0.9630804990847986 -0.2692135811629407
    outer loop
      vertex 4 39.86370330515627 2.964723819589917
      vertex 0 60 75
      vertex 60 60 75
    endloop
  endfacet
  facet normal 0 1 0
    outer loop
      vertex 0 60 75
      vertex 0 60 80
      vertex 60 60 80
    endloop
  endfacet
  facet normal 0 0 1
    outer loop
      vertex 0 60 80
      vertex 28.375 32.81458256229943 80
      vertex 60 60 80
    endloop
  endfacet
  facet normal 0.04724965874245177 -0.9015771969132194 -0.4300302637661955
    outer loop
      vertex 36 0.4359739032465284 2.184038001041813
      vertex 36.372542170939454 0.45549801111474864 2.184038001041813
      vertex 36 0.34581816942959653 2.3730534276967994
    endloop
  endfacet
  facet normal 0.062115070022482274 -0.9115331869510647 -0.4065082621090715
    outer loop
      vertex 36 0.34581816942959653 2.3730534276967994
      vertex 36.372542170939454 0.45549801111474864 2.184038001041813
      vertex 36.390342909274054 0.286135299045128 2.566528201818799
    endloop
  endfacet
  facet normal 0.1429423846738471 -0.9025026977457679 -0.4062712827968093
    outer loop
      vertex 36.372542170939454 0.45549801111474864 2.184038001041813
      vertex 36.77640913994959 0.34728218291887636 2.566528201818799
      vertex 36.390342909274054 0.286135299045128 2.566528201818799
    endloop
  endfacet
  facet normal 0.04315039512699441 -0.8233585875476547 -0.5658786793226221
    outer loop
      vertex 36 0.6453177282183038 1.8214438599398917
      vertex 36 0.7639320225002102 1.6488589908301075
      vertex 36.35065978262058 0.6636950287093226 1.8214438599398917
    endloop
  endfacet
  facet normal 0.04154199500380094 -0.7926684849484317 -0.6082359210213271
    outer loop
      vertex 36 0.8914161541721164 1.4827184358006504
      vertex 36.32493549234304 0.908445301736057 1.4827184358006504
      vertex 36 0.7639320225002102 1.6488589908301075
    endloop
  endfacet
  facet normal 0.05849594275231742 -0.8070462117787689 -0.58758372742534
    outer loop
      vertex 36 0.7639320225002102 1.6488589908301075
      vertex 36.32493549234304 0.908445301736057 1.4827184358006504
      vertex 36.35065978262058 0.6636950287093226 1.8214438599398917
    endloop
  endfacet
  facet normal 0.12661806546343313 -0.7994350026049868 -0.587257645423423
    outer loop
      vertex 36.32493549234304 0.908445301736057 1.4827184358006504
      vertex 36.64631092343485 0.959346169523589 1.4827184358006504
      vertex 36.35065978262058 0.6636950287093226 1.8214438599398917
    endloop
  endfacet
  facet normal 0.04600808217262004 -0.8778865046759797 -0.4766534813494897
    outer loop
      vertex 36 0.4359739032465284 2.184038001041813
      vertex 36 0.5358983848622456 2
      vertex 36.372542170939454 0.45549801111474864 2.184038001041813
    endloop
  endfacet
  facet normal 0.044640431937676035 -0.8517901836020173 -0.5219776958411723
    outer loop
      vertex 36 0.6453177282183038 1.8214438599398917
      vertex 36.35065978262058 0.6636950287093226 1.8214438599398917
      vertex 36 0.5358983848622456 2
    endloop
  endfacet
  facet normal 0.06041510022978491 -0.8640477596499286 -0.49977143246504585
    outer loop
      vertex 36 0.5358983848622456 2
      vertex 36.35065978262058 0.6636950287093226 1.8214438599398917
      vertex 36.372542170939454 0.45549801111474864 2.184038001041813
    endloop
  endfacet
  facet normal 0.135522629144717 -0.8556562050352136 -0.49948581138450787
    outer loop
      vertex 36.372542170939454 0.45549801111474864 2.184038001041813
      vertex 36.35065978262058 0.6636950287093226 1.8214438599398917
      vertex 36.741002691894636 0.5138564245079213 2.184038001041813
    endloop
  endfacet
  facet normal 0.034016432369206116 -0.6490721956656711 -0.7599658986708655
    outer loop
      vertex 36 1.323477574564567 1.027420698090423
      vertex 36 1.4827184358006504 0.8914161541721164
      vertex 36.26312757351775 1.4965083675968511 0.8914161541721164
    endloop
  endfacet
  facet normal 0.03188761025858428 -0.608451849989039 -0.7929498890578853
    outer loop
      vertex 36 1.4827184358006504 0.8914161541721164
      vertex 36 1.6488589908301075 0.7639320225002102
      vertex 36.26312757351775 1.4965083675968511 0.8914161541721164
    endloop
  endfacet
  facet normal 0.02967102368494103 -0.5661568585971778 -0.8237633409037227
    outer loop
      vertex 36 1.6488589908301075 0.7639320225002102
      vertex 36 1.8214438599398917 0.6453177282183038
      vertex 36.22772112546279 1.8333782184212315 0.6453177282183038
    endloop
  endfacet
  facet normal 0.03798782060438242 -0.7248507974211109 -0.6878577229076585
    outer loop
      vertex 36 1.1715728752538097 1.1715728752538097
      vertex 36.295651140814265 1.1870672949863832 1.1715728752538097
      vertex 36 1.027420698090423 1.323477574564567
    endloop
  endfacet
  facet normal 0.03605168319218026 -0.6879070948126578 -0.7249028245533465
    outer loop
      vertex 36 1.1715728752538097 1.1715728752538097
      vertex 36 1.323477574564567 1.027420698090423
      vertex 36.295651140814265 1.1870672949863832 1.1715728752538097
    endloop
  endfacet
  facet normal 0.05454775708554223 -0.6670026312227526 -0.7430558741702142
    outer loop
      vertex 36 1.323477574564567 1.027420698090423
      vertex 36.26312757351775 1.4965083675968511 0.8914161541721164
      vertex 36.295651140814265 1.1870672949863832 1.1715728752538097
    endloop
  endfacet
  facet normal 0.10475434836932962 -0.6613929256856594 -0.742688309017101
    outer loop
      vertex 36.295651140814265 1.1870672949863832 1.1715728752538097
      vertex 36.26312757351775 1.4965083675968511 0.8914161541721164
      vertex 36.588063065860794 1.2333807940790975 1.1715728752538097
    endloop
  endfacet
  facet normal 0.05298605799423627 -0.5854325347825575 -0.8089877779523624
    outer loop
      vertex 36 1.6488589908301075 0.7639320225002102
      vertex 36.22772112546279 1.8333782184212315 0.6453177282183038
      vertex 36.26312757351775 1.4965083675968511 0.8914161541721164
    endloop
  endfacet
  facet normal 0.09203240327075402 -0.5810697255499188 -0.8086334217663473
    outer loop
      vertex 36.26312757351775 1.4965083675968511 0.8914161541721164
      vertex 36.22772112546279 1.8333782184212315 0.6453177282183038
      vertex 36.45294729062131 1.869050538536304 0.6453177282183038
    endloop
  endfacet
  facet normal 0.09203240327075517 -0.5810697255499192 -0.8086334217663469
    outer loop
      vertex 36.26312757351775 1.4965083675968511 0.8914161541721164
      vertex 36.45294729062131 1.869050538536304 0.6453177282183038
      vertex 36.52337226627706 1.5377270776069647 0.8914161541721164
    endloop
  endfacet
  facet normal 0.10475434836932997 -0.6613929256856591 -0.7426883090171011
    outer loop
      vertex 36.26312757351775 1.4965083675968511 0.8914161541721164
      vertex 36.52337226627706 1.5377270776069647 0.8914161541721164
      vertex 36.588063065860794 1.2333807940790975 1.1715728752538097
    endloop
  endfacet
  facet normal 0.05647960197677404 -0.741132515127417 -0.6689788110108228
    outer loop
      vertex 36.32493549234304 0.908445301736057 1.4827184358006504
      vertex 36 1.027420698090423 1.323477574564567
      vertex 36.295651140814265 1.1870672949863832 1.1715728752538097
    endloop
  endfacet
  facet normal 0.039819581473582014 -0.7598028769455326 -0.6489329619587534
    outer loop
      vertex 36 0.8914161541721164 1.4827184358006504
      vertex 36 1.027420698090423 1.323477574564567
      vertex 36.32493549234304 0.908445301736057 1.4827184358006504
    endloop
  endfacet
  facet normal 0.11632481383272728 -0.7344459695306823 -0.6686237024866208
    outer loop
      vertex 36.32493549234304 0.908445301736057 1.4827184358006504
      vertex 36.295651140814265 1.1870672949863832 1.1715728752538097
      vertex 36.588063065860794 1.2333807940790975 1.1715728752538097
    endloop
  endfacet
  facet normal 0.1163248138327268 -0.7344459695306822 -0.6686237024866211
    outer loop
      vertex 36.32493549234304 0.908445301736057 1.4827184358006504
      vertex 36.588063065860794 1.2333807940790975 1.1715728752538097
      vertex 36.64631092343485 0.959346169523589 1.4827184358006504
    endloop
  endfacet
  facet normal 0.14294238467384565 -0.9025026977457687 -0.40627128279680796
    outer loop
      vertex 36.372542170939454 0.45549801111474864 2.184038001041813
      vertex 36.741002691894636 0.5138564245079213 2.184038001041813
      vertex 36.77640913994959 0.34728218291887636 2.566528201818799
    endloop
  endfacet
  facet normal 0.23649655142457515 -0.8826171457313299 -0.40627128279680746
    outer loop
      vertex 36.741002691894636 0.5138564245079213 2.184038001041813
      vertex 37.153968869613784 0.44844900757691075 2.566528201818799
      vertex 36.77640913994959 0.34728218291887636 2.566528201818799
    endloop
  endfacet
  facet normal 0.12661806546343615 -0.7994350026049876 -0.5872576454234211
    outer loop
      vertex 36.35065978262058 0.6636950287093226 1.8214438599398917
      vertex 36.64631092343485 0.959346169523589 1.4827184358006504
      vertex 36.69747766328249 0.7186255846325014 1.8214438599398917
    endloop
  endfacet
  facet normal 0.20948815075723004 -0.7818204222096374 -0.5872576454234207
    outer loop
      vertex 36.69747766328249 0.7186255846325014 1.8214438599398917
      vertex 36.64631092343485 0.959346169523589 1.4827184358006504
      vertex 37.0366538327089 0.8095075653221886 1.8214438599398917
    endloop
  endfacet
  facet normal 0.20948815075723104 -0.7818204222096367 -0.5872576454234216
    outer loop
      vertex 37.0366538327089 0.8095075653221886 1.8214438599398917
      vertex 36.64631092343485 0.959346169523589 1.4827184358006504
      vertex 36.96060523680025 1.0435610769755423 1.4827184358006504
    endloop
  endfacet
  facet normal 0.13552262914471974 -0.8556562050352119 -0.4994858113845102
    outer loop
      vertex 36.35065978262058 0.6636950287093226 1.8214438599398917
      vertex 36.69747766328249 0.7186255846325014 1.8214438599398917
      vertex 36.741002691894636 0.5138564245079213 2.184038001041813
    endloop
  endfacet
  facet normal 0.2242206502000583 -0.8368028586527532 -0.49948581138451104
    outer loop
      vertex 36.69747766328249 0.7186255846325014 1.8214438599398917
      vertex 37.0366538327089 0.8095075653221886 1.8214438599398917
      vertex 36.741002691894636 0.5138564245079213 2.184038001041813
    endloop
  endfacet
  facet normal 0.22422065020006485 -0.8368028586527542 -0.49948581138450665
    outer loop
      vertex 36.741002691894636 0.5138564245079213 2.184038001041813
      vertex 37.0366538327089 0.8095075653221886 1.8214438599398917
      vertex 37.10134463229263 0.6104097564366295 2.184038001041813
    endloop
  endfacet
  facet normal 0.2364965514245768 -0.8826171457313289 -0.406271282796809
    outer loop
      vertex 36.741002691894636 0.5138564245079213 2.184038001041813
      vertex 37.10134463229263 0.6104097564366295 2.184038001041813
      vertex 37.153968869613784 0.44844900757691075 2.566528201818799
    endloop
  endfacet
  facet normal 0.29006304003311767 -0.7556400536621155 -0.5872576454234215
    outer loop
      vertex 37.0366538327089 0.8095075653221886 1.8214438599398917
      vertex 36.96060523680025 1.0435610769755423 1.4827184358006504
      vertex 37.36447220581039 0.9353452487796705 1.8214438599398917
    endloop
  endfacet
  facet normal 0.32745961246779953 -0.8530614555687496 -0.4062712827968092
    outer loop
      vertex 37.10134463229263 0.6104097564366295 2.184038001041813
      vertex 37.449620010428056 0.7441001483911771 2.184038001041813
      vertex 37.153968869613784 0.44844900757691075 2.566528201818799
    endloop
  endfacet
  facet normal 0.31046206289061823 -0.8087813250386432 -0.49948581138450604
    outer loop
      vertex 37.0366538327089 0.8095075653221886 1.8214438599398917
      vertex 37.449620010428056 0.7441001483911771 2.184038001041813
      vertex 37.10134463229263 0.6104097564366295 2.184038001041813
    endloop
  endfacet
  facet normal 0.3274596124678016 -0.8530614555687495 -0.4062712827968076
    outer loop
      vertex 37.449620010428056 0.7441001483911771 2.184038001041813
      vertex 37.51888547485898 0.5885273681177572 2.566528201818799
      vertex 37.153968869613784 0.44844900757691075 2.566528201818799
    endloop
  endfacet
  facet normal 0.3104620628906222 -0.8087813250386393 -0.4994858113845097
    outer loop
      vertex 37.0366538327089 0.8095075653221886 1.8214438599398917
      vertex 37.36447220581039 0.9353452487796705 1.8214438599398917
      vertex 37.449620010428056 0.7441001483911771 2.184038001041813
    endloop
  endfacet
  facet normal 0.39330198825179025 -0.7718986139790291 -0.4994858113845101
    outer loop
      vertex 37.36447220581039 0.9353452487796705 1.8214438599398917
      vertex 37.67734113589085 1.0947599310117586 1.8214438599398917
      vertex 37.449620010428056 0.7441001483911771 2.184038001041813
    endloop
  endfacet
  facet normal 0.17331487922635616 -0.6468199349804178 -0.7426883090171015
    outer loop
      vertex 36.52337226627706 1.5377270776069647 0.8914161541721164
      vertex 36.87403204889764 1.3100059521441705 1.1715728752538097
      vertex 36.588063065860794 1.2333807940790975 1.1715728752538097
    endloop
  endfacet
  facet normal 0.17331487922635452 -0.6468199349804192 -0.7426883090171007
    outer loop
      vertex 36.52337226627706 1.5377270776069647 0.8914161541721164
      vertex 36.77788278296435 1.6059229650185518 0.8914161541721164
      vertex 36.87403204889764 1.3100059521441705 1.1715728752538097
    endloop
  endfacet
  facet normal 0.1522665655992196 -0.5682665591103073 -0.8086334217663466
    outer loop
      vertex 36.52337226627706 1.5377270776069647 0.8914161541721164
      vertex 36.45294729062131 1.869050538536304 0.6453177282183038
      vertex 36.77788278296435 1.6059229650185518 0.8914161541721164
    endloop
  endfacet
  facet normal 0.1522665655992202 -0.5682665591103069 -0.8086334217663469
    outer loop
      vertex 36.45294729062131 1.869050538536304 0.6453177282183038
      vertex 36.673210870478464 1.9280699868810167 0.6453177282183038
      vertex 36.77788278296435 1.6059229650185518 0.8914161541721164
    endloop
  endfacet
  facet normal 0.2399765359981035 -0.6251602497117604 -0.7426883090171006
    outer loop
      vertex 36.87403204889764 1.3100059521441705 1.1715728752538097
      vertex 36.77788278296435 1.6059229650185518 0.8914161541721164
      vertex 37.1504249539038 1.4161032479149958 1.1715728752538097
    endloop
  endfacet
  facet normal 0.23997653599810076 -0.6251602497117633 -0.7426883090170989
    outer loop
      vertex 36.77788278296435 1.6059229650185518 0.8914161541721164
      vertex 37.023870653099046 1.700348861418223 0.8914161541721164
      vertex 37.1504249539038 1.4161032479149958 1.1715728752538097
    endloop
  endfacet
  facet normal 0.21083246357114738 -0.5492373453316614 -0.8086334217663466
    outer loop
      vertex 36.77788278296435 1.6059229650185518 0.8914161541721164
      vertex 36.673210870478464 1.9280699868810167 0.6453177282183038
      vertex 37.023870653099046 1.700348861418223 0.8914161541721164
    endloop
  endfacet
  facet normal 0.3040089596231423 -0.5966511779240675 -0.7426883090170986
    outer loop
      vertex 37.023870653099046 1.700348861418223 0.8914161541721164
      vertex 37.41421356237309 1.5505102572168217 1.1715728752538097
      vertex 37.1504249539038 1.4161032479149958 1.1715728752538097
    endloop
  endfacet
  facet normal 0.3040089596231435 -0.5966511779240659 -0.7426883090170994
    outer loop
      vertex 37.023870653099046 1.700348861418223 0.8914161541721164
      vertex 37.258640782099675 1.8199702169251353 0.8914161541721164
      vertex 37.41421356237309 1.5505102572168217 1.1715728752538097
    endloop
  endfacet
  facet normal 0.36471059746857787 -0.5616050709737536 -0.742688309017099
    outer loop
      vertex 37.258640782099675 1.8199702169251353 0.8914161541721164
      vertex 37.47962097930411 1.9634764349359757 0.8914161541721164
      vertex 37.41421356237309 1.5505102572168217 1.1715728752538097
    endloop
  endfacet
  facet normal 0.19245808287945038 -0.7182633436334123 -0.6686237024866208
    outer loop
      vertex 36.588063065860794 1.2333807940790975 1.1715728752538097
      vertex 36.96060523680025 1.0435610769755423 1.4827184358006504
      vertex 36.64631092343485 0.959346169523589 1.4827184358006504
    endloop
  endfacet
  facet normal 0.19245808287945246 -0.7182633436334104 -0.6686237024866223
    outer loop
      vertex 36.588063065860794 1.2333807940790975 1.1715728752538097
      vertex 36.87403204889764 1.3100059521441705 1.1715728752538097
      vertex 36.96060523680025 1.0435610769755423 1.4827184358006504
    endloop
  endfacet
  facet normal 0.26648274089570284 -0.694211274237025 -0.6686237024866226
    outer loop
      vertex 36.87403204889764 1.3100059521441705 1.1715728752538097
      vertex 37.26437495817169 1.1601673479427697 1.4827184358006504
      vertex 36.96060523680025 1.0435610769755423 1.4827184358006504
    endloop
  endfacet
  facet normal 0.2900630400331184 -0.7556400536621147 -0.5872576454234223
    outer loop
      vertex 37.36447220581039 0.9353452487796705 1.8214438599398917
      vertex 36.96060523680025 1.0435610769755423 1.4827184358006504
      vertex 37.26437495817169 1.1601673479427697 1.4827184358006504
    endloop
  endfacet
  facet normal 0.2664827408957015 -0.6942112742370267 -0.6686237024866216
    outer loop
      vertex 36.87403204889764 1.3100059521441705 1.1715728752538097
      vertex 37.1504249539038 1.4161032479149958 1.1715728752538097
      vertex 37.26437495817169 1.1601673479427697 1.4827184358006504
    endloop
  endfacet
  facet normal 0.36745993794280857 -0.7211807345588241 -0.5872576454234224
    outer loop
      vertex 37.36447220581039 0.9353452487796705 1.8214438599398917
      vertex 37.26437495817169 1.1601673479427697 1.4827184358006504
      vertex 37.55429192291394 1.307887419719124 1.4827184358006504
    endloop
  endfacet
  facet normal 0.3375877582376036 -0.6625532808470508 -0.6686237024866217
    outer loop
      vertex 37.1504249539038 1.4161032479149958 1.1715728752538097
      vertex 37.41421356237309 1.5505102572168217 1.1715728752538097
      vertex 37.26437495817169 1.1601673479427697 1.4827184358006504
    endloop
  endfacet
  facet normal 0.3375877582376033 -0.6625532808470509 -0.668623702486622
    outer loop
      vertex 37.41421356237309 1.5505102572168217 1.1715728752538097
      vertex 37.55429192291394 1.307887419719124 1.4827184358006504
      vertex 37.26437495817169 1.1601673479427697 1.4827184358006504
    endloop
  endfacet
  facet normal 0.06351161439120993 -0.9489988202323011 -0.308816311154581
    outer loop
      vertex 36 0.19577393481938588 2.76393202250021
      vertex 36.390342909274054 0.286135299045128 2.566528201818799
      vertex 36.40386696901014 0.1574624658153212 2.964723819589917
    endloop
  endfacet
  facet normal 0.05018629219729235 -0.9576115012667916 -0.2836574496061219
    outer loop
      vertex 36 0.19577393481938588 2.76393202250021
      vertex 36.40386696901014 0.1574624658153212 2.964723819589917
      vertex 36 0.13629669484372675 2.964723819589917
    endloop
  endfacet
  facet normal 0.050893708184700064 -0.9711098024176021 -0.23314283629495544
    outer loop
      vertex 36 0.13629669484372675 2.964723819589917
      vertex 36.40386696901014 0.1574624658153212 2.964723819589917
      vertex 36 0.08740959706477724 3.1683532367289624
    endloop
  endfacet
  facet normal 0.049341574038809004 -0.9414933186221669 -0.3334002700376709
    outer loop
      vertex 36 0.19577393481938588 2.76393202250021
      vertex 36 0.26567829401119303 2.566528201818799
      vertex 36.390342909274054 0.286135299045128 2.566528201818799
    endloop
  endfacet
  facet normal 0.048361819325708474 -0.9227984850210498 -0.382235647833065
    outer loop
      vertex 36 0.34581816942959653 2.3730534276967994
      vertex 36.390342909274054 0.286135299045128 2.566528201818799
      vertex 36 0.26567829401119303 2.566528201818799
    endloop
  endfacet
  facet normal 0.14879747807535784 -0.9394703025781199 -0.30863386251704356
    outer loop
      vertex 36.40386696901014 0.1574624658153212 2.964723819589917
      vertex 36.390342909274054 0.286135299045128 2.566528201818799
      vertex 36.77640913994959 0.34728218291887636 2.566528201818799
    endloop
  endfacet
  facet normal 0.051461926445597564 -0.9819520527222574 -0.1819940556201024
    outer loop
      vertex 36 0.08740959706477724 3.1683532367289624
      vertex 36.412966177719156 0.07088927791271571 3.3742621398390766
      vertex 36 0.04924663761944892 3.3742621398390766
    endloop
  endfacet
  facet normal 0.06454671051202998 -0.9760472935114975 -0.20776285276958642
    outer loop
      vertex 36 0.08740959706477724 3.1683532367289624
      vertex 36.40386696901014 0.1574624658153212 2.964723819589917
      vertex 36.412966177719156 0.07088927791271571 3.3742621398390766
    endloop
  endfacet
  facet normal 0.0518894256185511 -0.9901092228752747 -0.13035035207584394
    outer loop
      vertex 36 0.04924663761944892 3.3742621398390766
      vertex 36.412966177719156 0.07088927791271571 3.3742621398390766
      vertex 36 0.02191241852690684 3.581886146929386
    endloop
  endfacet
  facet normal 0.052175061823444495 -0.9955594863438045 -0.07835223082069791
    outer loop
      vertex 36 0.02191241852690684 3.581886146929386
      vertex 36.417540842566346 0.027364249300577015 3.7906561750282246
      vertex 36 0.005481860981704667 3.7906561750282246
    endloop
  endfacet
  facet normal 0.06518221914042954 -0.992391867739459 -0.10444931379629617
    outer loop
      vertex 36 0.02191241852690684 3.581886146929386
      vertex 36.412966177719156 0.07088927791271571 3.3742621398390766
      vertex 36.417540842566346 0.027364249300577015 3.7906561750282246
    endloop
  endfacet
  facet normal 0.1530250561371254 -0.9661621799690022 -0.2076390478493267
    outer loop
      vertex 36.40386696901014 0.1574624658153212 2.964723819589917
      vertex 36.821407811576485 0.1355800774964484 3.3742621398390766
      vertex 36.412966177719156 0.07088927791271571 3.3742621398390766
    endloop
  endfacet
  facet normal 0.1555798287425562 -0.9822923793761913 -0.1043867726673137
    outer loop
      vertex 36.412966177719156 0.07088927791271571 3.3742621398390766
      vertex 36.821407811576485 0.1355800774964484 3.3742621398390766
      vertex 36.417540842566346 0.027364249300577015 3.7906561750282246
    endloop
  endfacet
  facet normal 0.0523180711154626 -0.998288266192417 -0.026141098241954996
    outer loop
      vertex 36 0.005481860981704667 3.7906561750282246
      vertex 36.417540842566346 0.027364249300577015 3.7906561750282246
      vertex 36 0 4
    endloop
  endfacet
  facet normal 0.15302505613712425 -0.9661621799690027 -0.20763904784932558
    outer loop
      vertex 36.40386696901014 0.1574624658153212 2.964723819589917
      vertex 36.8033090869932 0.2207278821141161 2.964723819589917
      vertex 36.821407811576485 0.1355800774964484 3.3742621398390766
    endloop
  endfacet
  facet normal 0.14879747807535812 -0.9394703025781199 -0.3086338625170432
    outer loop
      vertex 36.40386696901014 0.1574624658153212 2.964723819589917
      vertex 36.77640913994959 0.34728218291887636 2.566528201818799
      vertex 36.8033090869932 0.2207278821141161 2.964723819589917
    endloop
  endfacet
  facet normal 0.2461837369356141 -0.9187702142408775 -0.30863386251704245
    outer loop
      vertex 36.77640913994959 0.34728218291887636 2.566528201818799
      vertex 37.19394998251594 0.32539979460000445 2.964723819589917
      vertex 36.8033090869932 0.2207278821141161 2.964723819589917
    endloop
  endfacet
  facet normal 0.15557982874255413 -0.9822923793761915 -0.10438677266731576
    outer loop
      vertex 36.417540842566346 0.027364249300577015 3.7906561750282246
      vertex 36.821407811576485 0.1355800774964484 3.3742621398390766
      vertex 36.8305070202855 0.09277166623158806 3.7906561750282246
    endloop
  endfacet
  facet normal 0.2531782168078139 -0.9448739684964556 -0.20763904784932558
    outer loop
      vertex 36.8033090869932 0.2207278821141161 2.964723819589917
      vertex 37.220849929559556 0.24261027043298888 3.3742621398390766
      vertex 36.821407811576485 0.1355800774964484 3.3742621398390766
    endloop
  endfacet
  facet normal 0.25740505905783606 -0.960648758529117 -0.10438677266731632
    outer loop
      vertex 36.821407811576485 0.1355800774964484 3.3742621398390766
      vertex 37.220849929559556 0.24261027043298888 3.3742621398390766
      vertex 36.8305070202855 0.09277166623158806 3.7906561750282246
    endloop
  endfacet
  facet normal 0.2461837369356153 -0.9187702142408767 -0.3086338625170437
    outer loop
      vertex 36.77640913994959 0.34728218291887636 2.566528201818799
      vertex 37.153968869613784 0.44844900757691075 2.566528201818799
      vertex 37.19394998251594 0.32539979460000445 2.964723819589917
    endloop
  endfacet
  facet normal 0.2531782168078165 -0.9448739684964544 -0.2076390478493283
    outer loop
      vertex 36.8033090869932 0.2207278821141161 2.964723819589917
      vertex 37.19394998251594 0.32539979460000445 2.964723819589917
      vertex 37.220849929559556 0.24261027043298888 3.3742621398390766
    endloop
  endfacet
  facet normal 0.35055750395420726 -0.913233520097472 -0.20763904784932916
    outer loop
      vertex 37.19394998251594 0.32539979460000445 2.964723819589917
      vertex 37.57150971218014 0.47033139589578266 2.964723819589917
      vertex 37.220849929559556 0.24261027043298888 3.3742621398390766
    endloop
  endfacet
  facet normal 0.34087275525673744 -0.8880038871713857 -0.3086338625170437
    outer loop
      vertex 37.153968869613784 0.44844900757691075 2.566528201818799
      vertex 37.57150971218014 0.47033139589578266 2.964723819589917
      vertex 37.19394998251594 0.32539979460000445 2.964723819589917
    endloop
  endfacet
  facet normal 0.2574050590578383 -0.9606487585291167 -0.10438677266731405
    outer loop
      vertex 37.220849929559556 0.24261027043298888 3.3742621398390766
      vertex 37.23437398929564 0.20098749442746033 3.7906561750282246
      vertex 36.8305070202855 0.09277166623158806 3.7906561750282246
    endloop
  endfacet
  facet normal 0.35055750395421337 -0.9132335200974709 -0.2076390478493233
    outer loop
      vertex 37.220849929559556 0.24261027043298888 3.3742621398390766
      vertex 37.57150971218014 0.47033139589578266 2.964723819589917
      vertex 37.606916160235095 0.3908072115310155 3.3742621398390766
    endloop
  endfacet
  facet normal 0.34087275525673816 -0.8880038871713851 -0.30863386251704444
    outer loop
      vertex 37.153968869613784 0.44844900757691075 2.566528201818799
      vertex 37.51888547485898 0.5885273681177572 2.566528201818799
      vertex 37.57150971218014 0.47033139589578266 2.964723819589917
    endloop
  endfacet
  facet normal 0.02737272895755076 -0.52230278275516 -0.8523206772310716
    outer loop
      vertex 36 1.8214438599398917 0.6453177282183038
      vertex 36 2 0.5358983848622456
      vertex 36.22772112546279 1.8333782184212315 0.6453177282183038
    endloop
  endfacet
  facet normal 0.024999015750057137 -0.4770096365855035 -0.8785424610205783
    outer loop
      vertex 36 2 0.5358983848622456
      vertex 36 2.184038001041813 0.4359739032465284
      vertex 36.18981971710355 2.1939860308793455 0.4359739032465284
    endloop
  endfacet
  facet normal 0.022556390108679488 -0.43040156284542674 -0.9023556416211289
    outer loop
      vertex 36 2.184038001041813 0.4359739032465284
      vertex 36 2.3730534276967994 0.34581816942959653
      vertex 36.18981971710355 2.1939860308793455 0.4359739032465284
    endloop
  endfacet
  facet normal 0.020051556628924 -0.38260649283821163 -0.923693784062013
    outer loop
      vertex 36 2.566528201818799 0.26567829401119303
      vertex 36.1498386042014 2.574380910315865 0.26567829401119303
      vertex 36 2.3730534276967994 0.34581816942959653
    endloop
  endfacet
  facet normal 0.017491399849005856 -0.3337557913785806 -0.9424972799178677
    outer loop
      vertex 36 2.566528201818799 0.26567829401119303
      vertex 36 2.76393202250021 0.19577393481938588
      vertex 36.1498386042014 2.574380910315865 0.26567829401119303
    endloop
  endfacet
  facet normal 0.052282101266739815 -0.49725906942887715 -0.86602540364464
    outer loop
      vertex 36.22772112546279 1.8333782184212315 0.6453177282183038
      vertex 36 2 0.5358983848622456
      vertex 36.18981971710355 2.1939860308793455 0.4359739032465284
    endloop
  endfacet
  facet normal 0.0782976969236803 -0.49435220254746404 -0.865728231313337
    outer loop
      vertex 36.22772112546279 1.8333782184212315 0.6453177282183038
      vertex 36.18981971710355 2.1939860308793455 0.4359739032465284
      vertex 36.45294729062131 1.869050538536304 0.6453177282183038
    endloop
  endfacet
  facet normal 0.06370047786249389 -0.40218898858984087 -0.9133379804744631
    outer loop
      vertex 36.18981971710355 2.1939860308793455 0.4359739032465284
      vertex 36.29803554529943 2.597852999889484 0.26567829401119303
      vertex 36.37755972966419 2.223721127695284 0.4359739032465284
    endloop
  endfacet
  facet normal 0.07829769692368245 -0.49435220254746276 -0.8657282313133375
    outer loop
      vertex 36.45294729062131 1.869050538536304 0.6453177282183038
      vertex 36.18981971710355 2.1939860308793455 0.4359739032465284
      vertex 36.37755972966419 2.223721127695284 0.4359739032465284
    endloop
  endfacet
  facet normal 0.12954264999277698 -0.48345975152015386 -0.8657282313133378
    outer loop
      vertex 36.45294729062131 1.869050538536304 0.6453177282183038
      vertex 36.37755972966419 2.223721127695284 0.4359739032465284
      vertex 36.673210870478464 1.9280699868810167 0.6453177282183038
    endloop
  endfacet
  facet normal 0.12954264999277684 -0.48345975152015386 -0.8657282313133378
    outer loop
      vertex 36.37755972966419 2.223721127695284 0.4359739032465284
      vertex 36.56116311881718 2.2729175075464436 0.4359739032465284
      vertex 36.673210870478464 1.9280699868810167 0.6453177282183038
    endloop
  endfacet
  facet normal 0.05337084183763242 -0.40334318604529107 -0.9134910111831294
    outer loop
      vertex 36 2.3730534276967994 0.34581816942959653
      vertex 36.1498386042014 2.574380910315865 0.26567829401119303
      vertex 36.18981971710355 2.1939860308793455 0.4359739032465284
    endloop
  endfacet
  facet normal 0.06370047786249222 -0.40218898858984053 -0.9133379804744635
    outer loop
      vertex 36.18981971710355 2.1939860308793455 0.4359739032465284
      vertex 36.1498386042014 2.574380910315865 0.26567829401119303
      vertex 36.29803554529943 2.597852999889484 0.26567829401119303
    endloop
  endfacet
  facet normal 0.049269218126962534 -0.3110736005759695 -0.9491078754124106
    outer loop
      vertex 36 2.76393202250021 0.19577393481938588
      vertex 36.29803554529943 2.597852999889484 0.26567829401119303
      vertex 36.1498386042014 2.574380910315865 0.26567829401119303
    endloop
  endfacet
  facet normal 0.053340332366768585 -0.304563150305993 -0.9509974218780468
    outer loop
      vertex 36 2.76393202250021 0.19577393481938588
      vertex 36.215246021132415 2.987347088035019 0.13629669484372675
      vertex 36.29803554529943 2.597852999889484 0.26567829401119303
    endloop
  endfacet
  facet normal 0.0800787423067212 -0.29885793489490325 -0.9509318218363121
    outer loop
      vertex 36.29803554529943 2.597852999889484 0.26567829401119303
      vertex 36.215246021132415 2.987347088035019 0.13629669484372675
      vertex 36.44296714659521 2.6366873054144375 0.26567829401119303
    endloop
  endfacet
  facet normal 0.10539171690013813 -0.39332724216823645 -0.913337980474463
    outer loop
      vertex 36.37755972966419 2.223721127695284 0.4359739032465284
      vertex 36.29803554529943 2.597852999889484 0.26567829401119303
      vertex 36.44296714659521 2.6366873054144375 0.26567829401119303
    endloop
  endfacet
  facet normal 0.10539171690013995 -0.3933272421682367 -0.9133379804744627
    outer loop
      vertex 36.37755972966419 2.223721127695284 0.4359739032465284
      vertex 36.44296714659521 2.6366873054144375 0.26567829401119303
      vertex 36.56116311881718 2.2729175075464436 0.4359739032465284
    endloop
  endfacet
  facet normal 0.14592826223279226 -0.38015612017242034 -0.9133379804744625
    outer loop
      vertex 36.56116311881718 2.2729175075464436 0.4359739032465284
      vertex 36.44296714659521 2.6366873054144375 0.26567829401119303
      vertex 36.583045507136056 2.6904583501127926 0.26567829401119303
    endloop
  endfacet
  facet normal 0.11087922324749622 -0.28885025198379816 -0.9509318218363124
    outer loop
      vertex 36.44296714659521 2.6366873054144375 0.26567829401119303
      vertex 36.3199179336183 3.0153938424558335 0.13629669484372675
      vertex 36.583045507136056 2.6904583501127926 0.26567829401119303
    endloop
  endfacet
  facet normal 0.014882964916315222 -0.28398388788689133 -0.9587135384336373
    outer loop
      vertex 36 2.76393202250021 0.19577393481938588
      vertex 36 2.964723819589917 0.13629669484372675
      vertex 36.108215828195874 2.9703951708289376 0.13629669484372675
    endloop
  endfacet
  facet normal 0.01223343759109188 -0.23342789483643142 -0.9722971566948743
    outer loop
      vertex 36 2.964723819589917 0.13629669484372675
      vertex 36 3.1683532367289624 0.08740959706477724
      vertex 36.108215828195874 2.9703951708289376 0.13629669484372675
    endloop
  endfacet
  facet normal 0.0095501236588747 -0.1822272149196837 -0.9832100677275003
    outer loop
      vertex 36 3.1683532367289624 0.08740959706477724
      vertex 36 3.3742621398390766 0.04924663761944892
      vertex 36.06540741693101 3.377689997309071 0.04924663761944892
    endloop
  endfacet
  facet normal 0.029820402184694707 -0.18827860946185332 -0.9816628284867742
    outer loop
      vertex 36 3.1683532367289624 0.08740959706477724
      vertex 36.06540741693101 3.377689997309071 0.04924663761944892
      vertex 36.130098216514746 3.387936013395287 0.04924663761944892
    endloop
  endfacet
  facet normal 0.006840427830129848 -0.13052313842923915 -0.9914216655296991
    outer loop
      vertex 36 3.3742621398390766 0.04924663761944892
      vertex 36 3.581886146929386 0.02191241852690684
      vertex 36.06540741693101 3.377689997309071 0.04924663761944892
    endloop
  endfacet
  facet normal 0.020012257800500872 -0.12635242299999203 -0.9917835321983106
    outer loop
      vertex 36.06540741693101 3.377689997309071 0.04924663761944892
      vertex 36 3.581886146929386 0.02191241852690684
      vertex 36.130098216514746 3.387936013395287 0.04924663761944892
    endloop
  endfacet
  facet normal 0.004111832211500663 -0.07845843246463684 -0.9969089061750108
    outer loop
      vertex 36 3.581886146929386 0.02191241852690684
      vertex 36 3.7906561750282246 0.005481860981704667
      vertex 36.02188238831887 3.791802982405426 0.005481860981704667
    endloop
  endfacet
  facet normal 0.012564421007043226 -0.07932863216423709 -0.9967693331176019
    outer loop
      vertex 36 3.581886146929386 0.02191241852690684
      vertex 36.02188238831887 3.791802982405426 0.005481860981704667
      vertex 36.04352502861214 3.79523083987542 0.005481860981704667
    endloop
  endfacet
  facet normal 0.0453981534703497 -0.08909889293145067 -0.9949876355713534
    outer loop
      vertex 36 3.581886146929386 0.02191241852690684
      vertex 36.08514780461767 3.808754899611507 0.005481860981704667
      vertex 36.10467191248589 3.8187029294490396 0.005481860981704667
    endloop
  endfacet
  facet normal 0.03234750496198885 -0.0842681314466257 -0.9959179288200549
    outer loop
      vertex 36 3.581886146929386 0.02191241852690684
      vertex 36.06469079958373 3.800902191114441 0.005481860981704667
      vertex 36.08514780461767 3.808754899611507 0.005481860981704667
    endloop
  endfacet
  facet normal 0.02175193949417311 -0.08117934335540772 -0.9964621253919421
    outer loop
      vertex 36 3.581886146929386 0.02191241852690684
      vertex 36.04352502861214 3.79523083987542 0.005481860981704667
      vertex 36.06469079958373 3.800902191114441 0.005481860981704667
    endloop
  endfacet
  facet normal 0.047416738873942606 -0.2993775068863021 -0.9529558023565954
    outer loop
      vertex 36 2.76393202250021 0.19577393481938588
      vertex 36.108215828195874 2.9703951708289376 0.13629669484372675
      vertex 36.215246021132415 2.987347088035019 0.13629669484372675
    endloop
  endfacet
  facet normal 0.03508057600046196 -0.22149003985858678 -0.9745314337828809
    outer loop
      vertex 36 3.1683532367289624 0.08740959706477724
      vertex 36.215246021132415 2.987347088035019 0.13629669484372675
      vertex 36.108215828195874 2.9703951708289376 0.13629669484372675
    endloop
  endfacet
  facet normal 0.08007874230672417 -0.29885793489490153 -0.9509318218363124
    outer loop
      vertex 36.44296714659521 2.6366873054144375 0.26567829401119303
      vertex 36.215246021132415 2.987347088035019 0.13629669484372675
      vertex 36.3199179336183 3.0153938424558335 0.13629669484372675
    endloop
  endfacet
  facet normal 0.05286075067668899 -0.20131034886240462 -0.9781001403122248
    outer loop
      vertex 36 3.1683532367289624 0.08740959706477724
      vertex 36.130098216514746 3.387936013395287 0.04924663761944892
      vertex 36.215246021132415 2.987347088035019 0.13629669484372675
    endloop
  endfacet
  facet normal 0.05388215474983353 -0.20109093914766205 -0.9780895396599569
    outer loop
      vertex 36.215246021132415 2.987347088035019 0.13629669484372675
      vertex 36.130098216514746 3.387936013395287 0.04924663761944892
      vertex 36.3199179336183 3.0153938424558335 0.13629669484372675
    endloop
  endfacet
  facet normal 0.07460670951448196 -0.1943571231089696 -0.9780895396599569
    outer loop
      vertex 36.3199179336183 3.0153938424558335 0.13629669484372675
      vertex 36.193363632813536 3.404887930601368 0.04924663761944892
      vertex 36.421084758276336 3.054228147980787 0.13629669484372675
    endloop
  endfacet
  facet normal 0.053882154749836125 -0.2010909391476608 -0.9780895396599569
    outer loop
      vertex 36.3199179336183 3.0153938424558335 0.13629669484372675
      vertex 36.130098216514746 3.387936013395287 0.04924663761944892
      vertex 36.193363632813536 3.404887930601368 0.04924663761944892
    endloop
  endfacet
  facet normal 0.11087922324749461 -0.2888502519837994 -0.9509318218363122
    outer loop
      vertex 36.3199179336183 3.0153938424558335 0.13629669484372675
      vertex 36.421084758276336 3.054228147980787 0.13629669484372675
      vertex 36.583045507136056 2.6904583501127926 0.26567829401119303
    endloop
  endfacet
  facet normal 0.14046488821540926 -0.27567786526615584 -0.9509318218363122
    outer loop
      vertex 36.421084758276336 3.054228147980787 0.13629669484372675
      vertex 36.51763809020504 3.1034245278319466 0.13629669484372675
      vertex 36.583045507136056 2.6904583501127926 0.26567829401119303
    endloop
  endfacet
  facet normal 0.0945138575572413 -0.18549388975765038 -0.9780895396599568
    outer loop
      vertex 36.421084758276336 3.054228147980787 0.13629669484372675
      vertex 36.31286893008046 3.4580951169909255 0.04924663761944892
      vertex 36.51763809020504 3.1034245278319466 0.13629669484372675
    endloop
  endfacet
  facet normal 0.11338549199829784 -0.17459834653305828 -0.9780895396599567
    outer loop
      vertex 36.51763809020504 3.1034245278319466 0.13629669484372675
      vertex 36.31286893008046 3.4580951169909255 0.04924663761944892
      vertex 36.60852007089473 3.1624439761766587 0.13629669484372675
    endloop
  endfacet
  facet normal 0.03176786944786646 -0.11855930282764325 -0.992438660161809
    outer loop
      vertex 36 3.581886146929386 0.02191241852690684
      vertex 36.193363632813536 3.404887930601368 0.04924663761944892
      vertex 36.130098216514746 3.387936013395287 0.04924663761944892
    endloop
  endfacet
  facet normal 0.041485288403935325 -0.10807287116676738 -0.9932770134075456
    outer loop
      vertex 36 3.581886146929386 0.02191241852690684
      vertex 36.25451051668729 3.4283600201749875 0.04924663761944892
      vertex 36.193363632813536 3.404887930601368 0.04924663761944892
    endloop
  endfacet
  facet normal 0.04889195036132445 -0.09595585541377111 -0.994184113231386
    outer loop
      vertex 36 3.581886146929386 0.02191241852690684
      vertex 36.31286893008046 3.4580951169909255 0.04924663761944892
      vertex 36.25451051668729 3.4283600201749875 0.04924663761944892
    endloop
  endfacet
  facet normal 0.07460670951447985 -0.19435712310897102 -0.9780895396599569
    outer loop
      vertex 36.421084758276336 3.054228147980787 0.13629669484372675
      vertex 36.193363632813536 3.404887930601368 0.04924663761944892
      vertex 36.25451051668729 3.4283600201749875 0.04924663761944892
    endloop
  endfacet
  facet normal 0.050717031303187624 -0.09141738853438272 -0.9945203083946276
    outer loop
      vertex 36 3.581886146929386 0.02191241852690684
      vertex 36.10467191248589 3.8187029294490396 0.005481860981704667
      vertex 36.31286893008046 3.4580951169909255 0.04924663761944892
    endloop
  endfacet
  facet normal 0.05700755402809805 -0.08778393512063142 -0.9945069730869012
    outer loop
      vertex 36.36779948600364 3.4937674371059986 0.04924663761944892
      vertex 36.10467191248589 3.8187029294490396 0.005481860981704667
      vertex 36.12304921297691 3.8306372879303794 0.005481860981704667
    endloop
  endfacet
  facet normal 0.05700755402809704 -0.08778393512063215 -0.9945069730869012
    outer loop
      vertex 36.31286893008046 3.4580951169909255 0.04924663761944892
      vertex 36.10467191248589 3.8187029294490396 0.005481860981704667
      vertex 36.36779948600364 3.4937674371059986 0.04924663761944892
    endloop
  endfacet
  facet normal 0.06587118052007863 -0.08134413352185255 -0.9945069730869011
    outer loop
      vertex 36.36779948600364 3.4937674371059986 0.04924663761944892
      vertex 36.12304921297691 3.8306372879303794 0.005481860981704667
      vertex 36.41870035379117 3.5349861471161126 0.04924663761944892
    endloop
  endfacet
  facet normal 0.06587118052008135 -0.08134413352184974 -0.9945069730869012
    outer loop
      vertex 36.41870035379117 3.5349861471161126 0.04924663761944892
      vertex 36.12304921297691 3.8306372879303794 0.005481860981704667
      vertex 36.14007836054085 3.8444272197265796 0.005481860981704667
    endloop
  endfacet
  facet normal 0.09451385755723794 -0.18549388975765133 -0.9780895396599569
    outer loop
      vertex 36.421084758276336 3.054228147980787 0.13629669484372675
      vertex 36.25451051668729 3.4283600201749875 0.04924663761944892
      vertex 36.31286893008046 3.4580951169909255 0.04924663761944892
    endloop
  endfacet
  facet normal 0.11338549199829921 -0.17459834653305695 -0.9780895396599568
    outer loop
      vertex 36.31286893008046 3.4580951169909255 0.04924663761944892
      vertex 36.36779948600364 3.4937674371059986 0.04924663761944892
      vertex 36.60852007089473 3.1624439761766587 0.13629669484372675
    endloop
  endfacet
  facet normal 0.13101485126158494 -0.16178986728679465 -0.9780895396599567
    outer loop
      vertex 36.36779948600364 3.4937674371059986 0.04924663761944892
      vertex 36.41870035379117 3.5349861471161126 0.04924663761944892
      vertex 36.60852007089473 3.1624439761766587 0.13629669484372675
    endloop
  endfacet
  facet normal 0.1472087843978333 -0.1472087843978248 -0.9780895396599573
    outer loop
      vertex 36.41870035379117 3.5349861471161126 0.04924663761944892
      vertex 36.465013852883885 3.581299646208827 0.04924663761944892
      vertex 36.769360136411755 3.3072650216533184 0.13629669484372675
    endloop
  endfacet
  facet normal 0.07401310857385461 -0.07401310857385036 -0.994506973086901
    outer loop
      vertex 36.41870035379117 3.5349861471161126 0.04924663761944892
      vertex 36.14007836054085 3.8444272197265796 0.005481860981704667
      vertex 36.465013852883885 3.581299646208827 0.04924663761944892
    endloop
  endfacet
  facet normal 0.08134413352185223 -0.06587118052007823 -0.9945069730869012
    outer loop
      vertex 36.465013852883885 3.581299646208827 0.04924663761944892
      vertex 36.15557278027342 3.859921639459153 0.005481860981704667
      vertex 36.506232562894 3.6322005139963593 0.04924663761944892
    endloop
  endfacet
  facet normal 0.08778393512063035 -0.05700755402809967 -0.9945069730869011
    outer loop
      vertex 36.506232562894 3.6322005139963593 0.04924663761944892
      vertex 36.18129707055096 3.8953280875141125 0.005481860981704667
      vertex 36.541904883009074 3.687131069919538 0.04924663761944892
    endloop
  endfacet
  facet normal 0.17936830668001055 -0.4672704142847346 -0.8657282313133368
    outer loop
      vertex 36.73861828740947 2.3410361646001707 0.4359739032465284
      vertex 36.88609861116022 2.0097899340286904 0.6453177282183038
      vertex 36.673210870478464 1.9280699868810167 0.6453177282183038
    endloop
  endfacet
  facet normal 0.17936830668000442 -0.4672704142847343 -0.8657282313133381
    outer loop
      vertex 36.56116311881718 2.2729175075464436 0.4359739032465284
      vertex 36.73861828740947 2.3410361646001707 0.4359739032465284
      vertex 36.673210870478464 1.9280699868810167 0.6453177282183038
    endloop
  endfacet
  facet normal 0.2272287666640231 -0.44596156460779085 -0.8657282313133366
    outer loop
      vertex 36.73861828740947 2.3410361646001707 0.4359739032465284
      vertex 37.089278070030055 2.113315039137377 0.6453177282183038
      vertex 36.88609861116022 2.0097899340286904 0.6453177282183038
    endloop
  endfacet
  facet normal 0.2272287666640235 -0.44596156460779046 -0.8657282313133369
    outer loop
      vertex 36.73861828740947 2.3410361646001707 0.4359739032465284
      vertex 36.90798099947909 2.42733077659504 0.4359739032465284
      vertex 37.089278070030055 2.113315039137377 0.6453177282183038
    endloop
  endfacet
  facet normal 0.21083246357115204 -0.5492373453316565 -0.8086334217663487
    outer loop
      vertex 37.023870653099046 1.700348861418223 0.8914161541721164
      vertex 36.673210870478464 1.9280699868810167 0.6453177282183038
      vertex 36.88609861116022 2.0097899340286904 0.6453177282183038
    endloop
  endfacet
  facet normal 0.26708843695266593 -0.5241905722622527 -0.8086334217663488
    outer loop
      vertex 37.023870653099046 1.700348861418223 0.8914161541721164
      vertex 36.88609861116022 2.0097899340286904 0.6453177282183038
      vertex 37.089278070030055 2.113315039137377 0.6453177282183038
    endloop
  endfacet
  facet normal 0.1459282622327904 -0.38015612017242045 -0.9133379804744629
    outer loop
      vertex 36.56116311881718 2.2729175075464436 0.4359739032465284
      vertex 36.583045507136056 2.6904583501127926 0.26567829401119303
      vertex 36.73861828740947 2.3410361646001707 0.4359739032465284
    endloop
  endfacet
  facet normal 0.18486598698697268 -0.3628199281712105 -0.9133379804744627
    outer loop
      vertex 36.73861828740947 2.3410361646001707 0.4359739032465284
      vertex 36.583045507136056 2.6904583501127926 0.26567829401119303
      vertex 36.90798099947909 2.42733077659504 0.4359739032465284
    endloop
  endfacet
  facet normal 0.18486598698697548 -0.3628199281712075 -0.9133379804744635
    outer loop
      vertex 36.583045507136056 2.6904583501127926 0.26567829401119303
      vertex 36.7167358990906 2.75857700716652 0.26567829401119303
      vertex 36.90798099947909 2.42733077659504 0.4359739032465284
    endloop
  endfacet
  facet normal 0.22177828130202465 -0.34150860511200726 -0.9133379804744634
    outer loop
      vertex 36.7167358990906 2.75857700716652 0.26567829401119303
      vertex 36.842573582548084 2.8402969543141934 0.26567829401119303
      vertex 36.90798099947909 2.42733077659504 0.4359739032465284
    endloop
  endfacet
  facet normal 0.22177828130202523 -0.3415086051120071 -0.9133379804744631
    outer loop
      vertex 36.90798099947909 2.42733077659504 0.4359739032465284
      vertex 36.842573582548084 2.8402969543141934 0.26567829401119303
      vertex 37.06739568171118 2.530855881703726 0.4359739032465284
    endloop
  endfacet
  facet normal 0.2562607263570499 -0.3164556423099208 -0.913337980474464
    outer loop
      vertex 37.21511575348754 2.650477237210638 0.4359739032465284
      vertex 36.842573582548084 2.8402969543141934 0.26567829401119303
      vertex 36.95917985351531 2.9347228507138645 0.26567829401119303
    endloop
  endfacet
  facet normal 0.27259966072979025 -0.41976666670554585 -0.8657282313133368
    outer loop
      vertex 36.90798099947909 2.42733077659504 0.4359739032465284
      vertex 37.28052317041855 2.237511059491484 0.6453177282183038
      vertex 37.089278070030055 2.113315039137377 0.6453177282183038
    endloop
  endfacet
  facet normal 0.2670884369526692 -0.5241905722622527 -0.8086334217663479
    outer loop
      vertex 37.023870653099046 1.700348861418223 0.8914161541721164
      vertex 37.089278070030055 2.113315039137377 0.6453177282183038
      vertex 37.258640782099675 1.8199702169251353 0.8914161541721164
    endloop
  endfacet
  facet normal 0.32041813352707815 -0.4934006575892166 -0.8086334217663478
    outer loop
      vertex 37.258640782099675 1.8199702169251353 0.8914161541721164
      vertex 37.089278070030055 2.113315039137377 0.6453177282183038
      vertex 37.47962097930411 1.9634764349359757 0.8914161541721164
    endloop
  endfacet
  facet normal 0.3204181335270802 -0.4934006575892133 -0.8086334217663491
    outer loop
      vertex 37.089278070030055 2.113315039137377 0.6453177282183038
      vertex 37.28052317041855 2.237511059491484 0.6453177282183038
      vertex 37.47962097930411 1.9634764349359757 0.8914161541721164
    endloop
  endfacet
  facet normal 0.3702372619787626 -0.45720494206090406 -0.8086334217663492
    outer loop
      vertex 37.47962097930411 1.9634764349359757 0.8914161541721164
      vertex 37.28052317041855 2.237511059491484 0.6453177282183038
      vertex 37.45773859098524 2.381017277502325 0.6453177282183038
    endloop
  endfacet
  facet normal 0.27259966072978875 -0.4197666667055481 -0.8657282313133363
    outer loop
      vertex 36.90798099947909 2.42733077659504 0.4359739032465284
      vertex 37.06739568171118 2.530855881703726 0.4359739032465284
      vertex 37.28052317041855 2.237511059491484 0.6453177282183038
    endloop
  endfacet
  facet normal 0.3149838958674542 -0.3889727173610535 -0.865728231313337
    outer loop
      vertex 37.06739568171118 2.530855881703726 0.4359739032465284
      vertex 37.21511575348754 2.650477237210638 0.4359739032465284
      vertex 37.45773859098524 2.381017277502325 0.6453177282183038
    endloop
  endfacet
  facet normal 0.25626072635704705 -0.3164556423099256 -0.9133379804744632
    outer loop
      vertex 37.06739568171118 2.530855881703726 0.4359739032465284
      vertex 36.842573582548084 2.8402969543141934 0.26567829401119303
      vertex 37.21511575348754 2.650477237210638 0.4359739032465284
    endloop
  endfacet
  facet normal 0.31498389586745273 -0.3889727173610564 -0.8657282313133363
    outer loop
      vertex 37.28052317041855 2.237511059491484 0.6453177282183038
      vertex 37.06739568171118 2.530855881703726 0.4359739032465284
      vertex 37.45773859098524 2.381017277502325 0.6453177282183038
    endloop
  endfacet
  facet normal 0.3539171015273793 -0.3539171015273773 -0.8657282313133371
    outer loop
      vertex 37.21511575348754 2.650477237210638 0.4359739032465284
      vertex 37.61898272249768 2.542261409014766 0.6453177282183038
      vertex 37.45773859098524 2.381017277502325 0.6453177282183038
    endloop
  endfacet
  facet normal 0.3539171015273797 -0.3539171015273762 -0.8657282313133373
    outer loop
      vertex 37.21511575348754 2.650477237210638 0.4359739032465284
      vertex 37.34952276278936 2.784884246512464 0.4359739032465284
      vertex 37.61898272249768 2.542261409014766 0.6453177282183038
    endloop
  endfacet
  facet normal 0.14046488821540642 -0.27567786526615634 -0.9509318218363124
    outer loop
      vertex 36.51763809020504 3.1034245278319466 0.13629669484372675
      vertex 36.7167358990906 2.75857700716652 0.26567829401119303
      vertex 36.583045507136056 2.6904583501127926 0.26567829401119303
    endloop
  endfacet
  facet normal 0.16851159047385386 -0.2594850941673598 -0.9509318218363126
    outer loop
      vertex 36.51763809020504 3.1034245278319466 0.13629669484372675
      vertex 36.60852007089473 3.1624439761766587 0.13629669484372675
      vertex 36.842573582548084 2.8402969543141934 0.26567829401119303
    endloop
  endfacet
  facet normal 0.16851159047385295 -0.259485094167361 -0.9509318218363125
    outer loop
      vertex 36.51763809020504 3.1034245278319466 0.13629669484372675
      vertex 36.842573582548084 2.8402969543141934 0.26567829401119303
      vertex 36.7167358990906 2.75857700716652 0.26567829401119303
    endloop
  endfacet
  facet normal 0.1947120444837587 -0.24044935007611512 -0.9509318218363126
    outer loop
      vertex 36.60852007089473 3.1624439761766587 0.13629669484372675
      vertex 36.69273497834668 3.2306398635882454 0.13629669484372675
      vertex 36.95917985351531 2.9347228507138645 0.26567829401119303
    endloop
  endfacet
  facet normal 0.19471204448375878 -0.2404493500761149 -0.9509318218363126
    outer loop
      vertex 36.60852007089473 3.1624439761766587 0.13629669484372675
      vertex 36.95917985351531 2.9347228507138645 0.26567829401119303
      vertex 36.842573582548084 2.8402969543141934 0.26567829401119303
    endloop
  endfacet
  facet normal 0.21877919258817283 -0.2187791925881855 -0.9509318218363128
    outer loop
      vertex 36.69273497834668 3.2306398635882454 0.13629669484372675
      vertex 36.769360136411755 3.3072650216533184 0.13629669484372675
      vertex 36.95917985351531 2.9347228507138645 0.26567829401119303
    endloop
  endfacet
  facet normal 0.2404493500761246 -0.19471204448375343 -0.9509318218363112
    outer loop
      vertex 36.769360136411755 3.3072650216533184 0.13629669484372675
      vertex 36.83755602382334 3.3914799291052713 0.13629669484372675
      vertex 37.06527714928613 3.0408201464846902 0.26567829401119303
    endloop
  endfacet
  facet normal 0.2187791925881846 -0.21877919258817907 -0.9509318218363116
    outer loop
      vertex 36.95917985351531 2.9347228507138645 0.26567829401119303
      vertex 36.769360136411755 3.3072650216533184 0.13629669484372675
      vertex 37.06527714928613 3.0408201464846902 0.26567829401119303
    endloop
  endfacet
  facet normal 0.24044935007611018 -0.19471204448376334 -0.9509318218363128
    outer loop
      vertex 36.83755602382334 3.3914799291052713 0.13629669484372675
      vertex 37.15970304568581 3.1574264174519175 0.26567829401119303
      vertex 37.06527714928613 3.0408201464846902 0.26567829401119303
    endloop
  endfacet
  facet normal 0.13101485126158727 -0.16178986728679343 -0.9780895396599567
    outer loop
      vertex 36.41870035379117 3.5349861471161126 0.04924663761944892
      vertex 36.69273497834668 3.2306398635882454 0.13629669484372675
      vertex 36.60852007089473 3.1624439761766587 0.13629669484372675
    endloop
  endfacet
  facet normal 0.14720878439782653 -0.1472087843978351 -0.9780895396599566
    outer loop
      vertex 36.41870035379117 3.5349861471161126 0.04924663761944892
      vertex 36.769360136411755 3.3072650216533184 0.13629669484372675
      vertex 36.69273497834668 3.2306398635882454 0.13629669484372675
    endloop
  endfacet
  facet normal 0.16178986728679348 -0.1310148512615837 -0.9780895396599572
    outer loop
      vertex 36.465013852883885 3.581299646208827 0.04924663761944892
      vertex 36.506232562894 3.6322005139963593 0.04924663761944892
      vertex 36.769360136411755 3.3072650216533184 0.13629669484372675
    endloop
  endfacet
  facet normal 0.16178986728679662 -0.13101485126158108 -0.978089539659957
    outer loop
      vertex 36.506232562894 3.6322005139963593 0.04924663761944892
      vertex 36.83755602382334 3.3914799291052713 0.13629669484372675
      vertex 36.769360136411755 3.3072650216533184 0.13629669484372675
    endloop
  endfacet
  facet normal 0.17459834653305267 -0.113385491998304 -0.978089539659957
    outer loop
      vertex 36.506232562894 3.6322005139963593 0.04924663761944892
      vertex 36.541904883009074 3.687131069919538 0.04924663761944892
      vertex 36.83755602382334 3.3914799291052713 0.13629669484372675
    endloop
  endfacet
  facet normal 0.1854938897576492 -0.09451385755724319 -0.9780895396599568
    outer loop
      vertex 36.541904883009074 3.687131069919538 0.04924663761944892
      vertex 36.571639979825015 3.7454894833127117 0.04924663761944892
      vertex 36.89657547216805 3.4823619097949585 0.13629669484372675
    endloop
  endfacet
  facet normal 0.17459834653305709 -0.11338549199829961 -0.9780895396599568
    outer loop
      vertex 36.541904883009074 3.687131069919538 0.04924663761944892
      vertex 36.89657547216805 3.4823619097949585 0.13629669484372675
      vertex 36.83755602382334 3.3914799291052713 0.13629669484372675
    endloop
  endfacet
  facet normal 0.19435712310897307 -0.07460670951447534 -0.9780895396599567
    outer loop
      vertex 36.571639979825015 3.7454894833127117 0.04924663761944892
      vertex 36.59511206939863 3.8066363671864605 0.04924663761944892
      vertex 36.984606157544164 3.6800820663817 0.13629669484372675
    endloop
  endfacet
  facet normal 0.25948509416735666 -0.16851159047385558 -0.9509318218363131
    outer loop
      vertex 36.83755602382334 3.3914799291052713 0.13629669484372675
      vertex 36.89657547216805 3.4823619097949585 0.13629669484372675
      vertex 37.15970304568581 3.1574264174519175 0.26567829401119303
    endloop
  endfacet
  facet normal 0.2756778652661581 -0.14046488821540648 -0.9509318218363119
    outer loop
      vertex 36.89657547216805 3.4823619097949585 0.13629669484372675
      vertex 36.94577185201921 3.5789152417236663 0.13629669484372675
      vertex 37.24142299283348 3.2832641009093995 0.26567829401119303
    endloop
  endfacet
  facet normal 0.18549388975765213 -0.09451385755723958 -0.9780895396599567
    outer loop
      vertex 36.571639979825015 3.7454894833127117 0.04924663761944892
      vertex 36.94577185201921 3.5789152417236663 0.13629669484372675
      vertex 36.89657547216805 3.4823619097949585 0.13629669484372675
    endloop
  endfacet
  facet normal 0.19435712310897232 -0.07460670951448008 -0.9780895396599566
    outer loop
      vertex 36.571639979825015 3.7454894833127117 0.04924663761944892
      vertex 36.984606157544164 3.6800820663817 0.13629669484372675
      vertex 36.94577185201921 3.5789152417236663 0.13629669484372675
    endloop
  endfacet
  facet normal 0.28793552526809857 -0.28793552526809135 -0.9133379804744641
    outer loop
      vertex 37.21511575348754 2.650477237210638 0.4359739032465284
      vertex 36.95917985351531 2.9347228507138645 0.26567829401119303
      vertex 37.06527714928613 3.0408201464846902 0.26567829401119303
    endloop
  endfacet
  facet normal 0.28793552526809557 -0.28793552526809274 -0.9133379804744646
    outer loop
      vertex 37.21511575348754 2.650477237210638 0.4359739032465284
      vertex 37.06527714928613 3.0408201464846902 0.26567829401119303
      vertex 37.34952276278936 2.784884246512464 0.4359739032465284
    endloop
  endfacet
  facet normal 0.3164556423099141 -0.2562607263570555 -0.9133379804744649
    outer loop
      vertex 37.34952276278936 2.784884246512464 0.4359739032465284
      vertex 37.06527714928613 3.0408201464846902 0.26567829401119303
      vertex 37.15970304568581 3.1574264174519175 0.26567829401119303
    endloop
  endfacet
  facet normal 0.3164556423099319 -0.25626072635704494 -0.9133379804744616
    outer loop
      vertex 37.34952276278936 2.784884246512464 0.4359739032465284
      vertex 37.15970304568581 3.1574264174519175 0.26567829401119303
      vertex 37.46914411829627 2.932604318288818 0.4359739032465284
    endloop
  endfacet
  facet normal 0.34150860511201164 -0.22177828130201663 -0.9133379804744636
    outer loop
      vertex 37.15970304568581 3.1574264174519175 0.26567829401119303
      vertex 37.24142299283348 3.2832641009093995 0.26567829401119303
      vertex 37.57266922340496 3.0920190005209065 0.4359739032465284
    endloop
  endfacet
  facet normal 0.3628199281712055 -0.1848659869869786 -0.9133379804744636
    outer loop
      vertex 37.24142299283348 3.2832641009093995 0.26567829401119303
      vertex 37.30954164988721 3.4169544928639475 0.26567829401119303
      vertex 37.57266922340496 3.0920190005209065 0.4359739032465284
    endloop
  endfacet
  facet normal 0.34150860511200853 -0.22177828130203042 -0.9133379804744614
    outer loop
      vertex 37.15970304568581 3.1574264174519175 0.26567829401119303
      vertex 37.57266922340496 3.0920190005209065 0.4359739032465284
      vertex 37.46914411829627 2.932604318288818 0.4359739032465284
    endloop
  endfacet
  facet normal 0.2594850941673657 -0.16851159047384784 -0.9509318218363122
    outer loop
      vertex 36.89657547216805 3.4823619097949585 0.13629669484372675
      vertex 37.24142299283348 3.2832641009093995 0.26567829401119303
      vertex 37.15970304568581 3.1574264174519175 0.26567829401119303
    endloop
  endfacet
  facet normal 0.2756778652661557 -0.1404648882154092 -0.9509318218363124
    outer loop
      vertex 36.94577185201921 3.5789152417236663 0.13629669484372675
      vertex 37.30954164988721 3.4169544928639475 0.26567829401119303
      vertex 37.24142299283348 3.2832641009093995 0.26567829401119303
    endloop
  endfacet
  facet normal 0.2888502519838009 -0.110879223247491 -0.9509318218363123
    outer loop
      vertex 36.94577185201921 3.5789152417236663 0.13629669484372675
      vertex 36.984606157544164 3.6800820663817 0.13629669484372675
      vertex 37.36331269458556 3.557032853404794 0.26567829401119303
    endloop
  endfacet
  facet normal 0.29885793489490037 -0.08007874230673843 -0.9509318218363115
    outer loop
      vertex 36.984606157544164 3.6800820663817 0.13629669484372675
      vertex 37.012652911964985 3.784753978867588 0.13629669484372675
      vertex 37.40214700011052 3.7019644547005726 0.26567829401119303
    endloop
  endfacet
  facet normal 0.288850251983801 -0.11087922324749011 -0.9509318218363123
    outer loop
      vertex 36.94577185201921 3.5789152417236663 0.13629669484372675
      vertex 37.36331269458556 3.557032853404794 0.26567829401119303
      vertex 37.30954164988721 3.4169544928639475 0.26567829401119303
    endloop
  endfacet
  facet normal 0.29885793489490015 -0.0800787423067307 -0.9509318218363122
    outer loop
      vertex 36.984606157544164 3.6800820663817 0.13629669484372675
      vertex 37.40214700011052 3.7019644547005726 0.26567829401119303
      vertex 37.36331269458556 3.557032853404794 0.26567829401119303
    endloop
  endfacet
  facet normal 0.3801561201724206 -0.14592826223278282 -0.913337980474464
    outer loop
      vertex 37.30954164988721 3.4169544928639475 0.26567829401119303
      vertex 37.36331269458556 3.557032853404794 0.26567829401119303
      vertex 37.727082492453555 3.43883688118282 0.4359739032465284
    endloop
  endfacet
  facet normal 0.39332724216823095 -0.10539171690015024 -0.913337980474464
    outer loop
      vertex 37.36331269458556 3.557032853404794 0.26567829401119303
      vertex 37.40214700011052 3.7019644547005726 0.26567829401119303
      vertex 37.727082492453555 3.43883688118282 0.4359739032465284
    endloop
  endfacet
  facet normal 0.0013718744382600942 -0.026176923674837312 -0.9996563842778413
    outer loop
      vertex 36 3.7906561750282246 0.005481860981704667
      vertex 36 4 0
      vertex 36.02188238831887 3.791802982405426 0.005481860981704667
    endloop
  endfacet
  facet normal 0.00410059277135075 -0.025890123821182394 -0.9996563842778415
    outer loop
      vertex 36.02188238831887 3.791802982405426 0.005481860981704667
      vertex 36 4 0
      vertex 36.04352502861214 3.79523083987542 0.005481860981704667
    endloop
  endfacet
  facet normal 0.006784384151935635 -0.025319666353085645 -0.9996563842778413
    outer loop
      vertex 36.04352502861214 3.79523083987542 0.005481860981704667
      vertex 36 4 0
      vertex 36.06469079958373 3.800902191114441 0.005481860981704667
    endloop
  endfacet
  facet normal 0.014276539951754534 -0.021983943676205063 -0.9996563842778415
    outer loop
      vertex 36 4 0
      vertex 36.12304921297691 3.8306372879303794 0.005481860981704667
      vertex 36.10467191248589 3.8187029294490396 0.005481860981704667
    endloop
  endfacet
  facet normal 0.01649627942115649 -0.02037120855059243 -0.9996563842778415
    outer loop
      vertex 36 4 0
      vertex 36.14007836054085 3.8444272197265796 0.005481860981704667
      vertex 36.12304921297691 3.8306372879303794 0.005481860981704667
    endloop
  endfacet
  facet normal 0.011900383723082275 -0.023355818114465632 -0.9996563842778414
    outer loop
      vertex 36.08514780461767 3.808754899611507 0.005481860981704667
      vertex 36 4 0
      vertex 36.10467191248589 3.8187029294490396 0.005481860981704667
    endloop
  endfacet
  facet normal 0.00939384440002451 -0.024471801321944812 -0.9996563842778414
    outer loop
      vertex 36.06469079958373 3.800902191114441 0.005481860981704667
      vertex 36 4 0
      vertex 36.08514780461767 3.808754899611507 0.005481860981704667
    endloop
  endfacet
  facet normal 0.021983943676205042 -0.01427653995175487 -0.9996563842778413
    outer loop
      vertex 36 4 0
      vertex 36.18129707055096 3.8953280875141125 0.005481860981704667
      vertex 36.16936271206962 3.8769507870230937 0.005481860981704667
    endloop
  endfacet
  facet normal 0.018535282201153698 -0.018535282201148397 -0.9996563842778413
    outer loop
      vertex 36 4 0
      vertex 36.15557278027342 3.859921639459153 0.005481860981704667
      vertex 36.14007836054085 3.8444272197265796 0.005481860981704667
    endloop
  endfacet
  facet normal 0.020371208550591442 -0.0164962794211582 -0.9996563842778414
    outer loop
      vertex 36 4 0
      vertex 36.16936271206962 3.8769507870230937 0.005481860981704667
      vertex 36.15557278027342 3.859921639459153 0.005481860981704667
    endloop
  endfacet
  facet normal 0.02447180132194279 -0.009393844400029374 -0.9996563842778415
    outer loop
      vertex 36 4 0
      vertex 36.19909780888556 3.935309200416267 0.005481860981704667
      vertex 36.19124510038849 3.9148521953823323 0.005481860981704667
    endloop
  endfacet
  facet normal 0.02335581811446595 -0.011900383723081928 -0.9996563842778415
    outer loop
      vertex 36 4 0
      vertex 36.19124510038849 3.9148521953823323 0.005481860981704667
      vertex 36.18129707055096 3.8953280875141125 0.005481860981704667
    endloop
  endfacet
  facet normal 0.02589012382118272 -0.004100592771350642 -0.9996563842778413
    outer loop
      vertex 36 4 0
      vertex 36.20819701759457 3.9781176116811277 0.005481860981704667
      vertex 36.20476916012458 3.9564749713878613 0.005481860981704667
    endloop
  endfacet
  facet normal 0.025319666353087238 -0.006784384151929509 -0.9996563842778415
    outer loop
      vertex 36 4 0
      vertex 36.20476916012458 3.9564749713878613 0.005481860981704667
      vertex 36.19909780888556 3.935309200416267 0.005481860981704667
    endloop
  endfacet
  facet normal 0.0740131085738622 -0.074013108573841 -0.9945069730869012
    outer loop
      vertex 36.465013852883885 3.581299646208827 0.04924663761944892
      vertex 36.14007836054085 3.8444272197265796 0.005481860981704667
      vertex 36.15557278027342 3.859921639459153 0.005481860981704667
    endloop
  endfacet
  facet normal 0.08134413352184573 -0.06587118052008825 -0.9945069730869011
    outer loop
      vertex 36.506232562894 3.6322005139963593 0.04924663761944892
      vertex 36.15557278027342 3.859921639459153 0.005481860981704667
      vertex 36.16936271206962 3.8769507870230937 0.005481860981704667
    endloop
  endfacet
  facet normal 0.08778393512063096 -0.05700755402809889 -0.9945069730869011
    outer loop
      vertex 36.506232562894 3.6322005139963593 0.04924663761944892
      vertex 36.16936271206962 3.8769507870230937 0.005481860981704667
      vertex 36.18129707055096 3.8953280875141125 0.005481860981704667
    endloop
  endfacet
  facet normal 0.0842681314466332 -0.03234750496201109 -0.9959179288200537
    outer loop
      vertex 36.19124510038849 3.9148521953823323 0.005481860981704667
      vertex 36.19909780888556 3.935309200416267 0.005481860981704667
      vertex 36.418113853070615 4 0.02191241852690684
    endloop
  endfacet
  facet normal 0.08909889293144878 -0.045398153470346855 -0.9949876355713538
    outer loop
      vertex 36.18129707055096 3.8953280875141125 0.005481860981704667
      vertex 36.19124510038849 3.9148521953823323 0.005481860981704667
      vertex 36.418113853070615 4 0.02191241852690684
    endloop
  endfacet
  facet normal 0.07932863216423572 -0.012564421007042451 -0.9967693331176021
    outer loop
      vertex 36.20476916012458 3.9564749713878613 0.005481860981704667
      vertex 36.20819701759457 3.9781176116811277 0.005481860981704667
      vertex 36.418113853070615 4 0.02191241852690684
    endloop
  endfacet
  facet normal 0.081179343355402 -0.021751939494150555 -0.9964621253919431
    outer loop
      vertex 36.19909780888556 3.935309200416267 0.005481860981704667
      vertex 36.20476916012458 3.9564749713878613 0.005481860981704667
      vertex 36.418113853070615 4 0.02191241852690684
    endloop
  endfacet
  facet normal 0.026176923674837368 -0.0013718744382626986 -0.9996563842778413
    outer loop
      vertex 36 4 0
      vertex 36.209343824971775 4 0.005481860981704667
      vertex 36.20819701759457 3.9781176116811277 0.005481860981704667
    endloop
  endfacet
  facet normal 0.07845843246463632 -0.004111832211508546 -0.9969089061750107
    outer loop
      vertex 36.20819701759457 3.9781176116811277 0.005481860981704667
      vertex 36.209343824971775 4 0.005481860981704667
      vertex 36.418113853070615 4 0.02191241852690684
    endloop
  endfacet
  facet normal 0.09141738853438221 -0.05071703130318818 -0.9945203083946277
    outer loop
      vertex 36.541904883009074 3.687131069919538 0.04924663761944892
      vertex 36.18129707055096 3.8953280875141125 0.005481860981704667
      vertex 36.418113853070615 4 0.02191241852690684
    endloop
  endfacet
  facet normal 0.09595585541376786 -0.04889195036132609 -0.9941841132313861
    outer loop
      vertex 36.541904883009074 3.687131069919538 0.04924663761944892
      vertex 36.418113853070615 4 0.02191241852690684
      vertex 36.571639979825015 3.7454894833127117 0.04924663761944892
    endloop
  endfacet
  facet normal 0.10807287116676986 -0.0414852884039333 -0.9932770134075455
    outer loop
      vertex 36.571639979825015 3.7454894833127117 0.04924663761944892
      vertex 36.418113853070615 4 0.02191241852690684
      vertex 36.59511206939863 3.8066363671864605 0.04924663761944892
    endloop
  endfacet
  facet normal 0.11855930282764929 -0.03176786944786146 -0.9924386601618085
    outer loop
      vertex 36.418113853070615 4 0.02191241852690684
      vertex 36.61206398660471 3.869901783485256 0.04924663761944892
      vertex 36.59511206939863 3.8066363671864605 0.04924663761944892
    endloop
  endfacet
  facet normal 0.1263524229999881 -0.020012257800510844 -0.9917835321983108
    outer loop
      vertex 36.418113853070615 4 0.02191241852690684
      vertex 36.62231000269093 3.934592583068989 0.04924663761944892
      vertex 36.61206398660471 3.869901783485256 0.04924663761944892
    endloop
  endfacet
  facet normal 0.13052313842923888 -0.006840427830128778 -0.9914216655296991
    outer loop
      vertex 36.418113853070615 4 0.02191241852690684
      vertex 36.625737860160925 4 0.04924663761944892
      vertex 36.62231000269093 3.934592583068989 0.04924663761944892
    endloop
  endfacet
  facet normal 0.2010909391476609 -0.0538821547498248 -0.9780895396599575
    outer loop
      vertex 36.59511206939863 3.8066363671864605 0.04924663761944892
      vertex 36.61206398660471 3.869901783485256 0.04924663761944892
      vertex 37.012652911964985 3.784753978867588 0.13629669484372675
    endloop
  endfacet
  facet normal 0.18222721491968405 -0.009550123658873247 -0.9832100677275002
    outer loop
      vertex 36.62231000269093 3.934592583068989 0.04924663761944892
      vertex 36.625737860160925 4 0.04924663761944892
      vertex 36.83164676327104 4 0.08740959706477724
    endloop
  endfacet
  facet normal 0.18827860946185934 -0.029820402184711513 -0.9816628284867727
    outer loop
      vertex 36.61206398660471 3.869901783485256 0.04924663761944892
      vertex 36.62231000269093 3.934592583068989 0.04924663761944892
      vertex 36.83164676327104 4 0.08740959706477724
    endloop
  endfacet
  facet normal 0.2010909391476598 -0.05388215474984282 -0.9780895396599568
    outer loop
      vertex 36.984606157544164 3.6800820663817 0.13629669484372675
      vertex 36.59511206939863 3.8066363671864605 0.04924663761944892
      vertex 37.012652911964985 3.784753978867588 0.13629669484372675
    endloop
  endfacet
  facet normal 0.20131034886240134 -0.05286075067669024 -0.9781001403122254
    outer loop
      vertex 36.61206398660471 3.869901783485256 0.04924663761944892
      vertex 36.83164676327104 4 0.08740959706477724
      vertex 37.012652911964985 3.784753978867588 0.13629669484372675
    endloop
  endfacet
  facet normal 0.22149003985858962 -0.035080576000457345 -0.9745314337828803
    outer loop
      vertex 37.012652911964985 3.784753978867588 0.13629669484372675
      vertex 36.83164676327104 4 0.08740959706477724
      vertex 37.02960482917106 3.891784171804128 0.13629669484372675
    endloop
  endfacet
  facet normal 0.23342789483643622 -0.012233437591082804 -0.972297156694873
    outer loop
      vertex 37.02960482917106 3.891784171804128 0.13629669484372675
      vertex 36.83164676327104 4 0.08740959706477724
      vertex 37.03527618041008 4 0.13629669484372675
    endloop
  endfacet
  facet normal 0.2993775068863046 -0.047416738873936125 -0.9529558023565948
    outer loop
      vertex 37.012652911964985 3.784753978867588 0.13629669484372675
      vertex 37.02960482917106 3.891784171804128 0.13629669484372675
      vertex 37.236067977499786 4 0.19577393481938588
    endloop
  endfacet
  facet normal 0.2839838878868914 -0.014882964916303835 -0.9587135384336375
    outer loop
      vertex 37.02960482917106 3.891784171804128 0.13629669484372675
      vertex 37.03527618041008 4 0.13629669484372675
      vertex 37.236067977499786 4 0.19577393481938588
    endloop
  endfacet
  facet normal 0.30456315030599557 -0.05334033236676214 -0.9509974218780464
    outer loop
      vertex 37.40214700011052 3.7019644547005726 0.26567829401119303
      vertex 37.012652911964985 3.784753978867588 0.13629669484372675
      vertex 37.236067977499786 4 0.19577393481938588
    endloop
  endfacet
  facet normal 0.3110736005759706 -0.04926921812695675 -0.9491078754124107
    outer loop
      vertex 37.40214700011052 3.7019644547005726 0.26567829401119303
      vertex 37.236067977499786 4 0.19577393481938588
      vertex 37.42561908968413 3.850161395798599 0.26567829401119303
    endloop
  endfacet
  facet normal 0.333755791378574 -0.01749139984901124 -0.9424972799178701
    outer loop
      vertex 37.236067977499786 4 0.19577393481938588
      vertex 37.4334717981812 4 0.26567829401119303
      vertex 37.42561908968413 3.850161395798599 0.26567829401119303
    endloop
  endfacet
  facet normal 0.382606492838207 -0.02005155662893033 -0.9236937840620146
    outer loop
      vertex 37.42561908968413 3.850161395798599 0.26567829401119303
      vertex 37.4334717981812 4 0.26567829401119303
      vertex 37.626946572303204 4 0.34581816942959653
    endloop
  endfacet
  facet normal 0.02617694830787397 0 -0.9996573249755571
    outer loop
      vertex 36 4 0
      vertex 36 36 0
      vertex 36.209343824971775 4 0.005481860981704667
    endloop
  endfacet
  facet normal 0.07845909572784451 0 -0.996917333733128
    outer loop
      vertex 36.209343824971775 4 0.005481860981704667
      vertex 36.418113853070615 36 0.02191241852690684
      vertex 36.418113853070615 4 0.02191241852690684
    endloop
  endfacet
  facet normal 0.13052619222004982 0 -0.9914448613738107
    outer loop
      vertex 36.418113853070615 4 0.02191241852690684
      vertex 36.625737860160925 36 0.04924663761944892
      vertex 36.625737860160925 4 0.04924663761944892
    endloop
  endfacet
  facet normal 0.1822355254921474 0 -0.9832549075639545
    outer loop
      vertex 36.625737860160925 4 0.04924663761944892
      vertex 36.83164676327104 36 0.08740959706477724
      vertex 36.83164676327104 4 0.08740959706477724
    endloop
  endfacet
  facet normal 0.23344536385591105 0 -0.9723699203976753
    outer loop
      vertex 36.83164676327104 4 0.08740959706477724
      vertex 36.83164676327104 36 0.08740959706477724
      vertex 37.03527618041008 4 0.13629669484372675
    endloop
  endfacet
  facet normal 0.28401534470392353 0 -0.9588197348681927
    outer loop
      vertex 37.03527618041008 4 0.13629669484372675
      vertex 37.236067977499786 36 0.19577393481938588
      vertex 37.236067977499786 4 0.19577393481938588
    endloop
  endfacet
  facet normal 0.3338068592337639 0 -0.942641491092181
    outer loop
      vertex 37.236067977499786 4 0.19577393481938588
      vertex 37.236067977499786 36 0.19577393481938588
      vertex 37.4334717981812 4 0.26567829401119303
    endloop
  endfacet
  facet normal 0.4148349574715125 -0.8141594455843677 -0.40627128279680724
    outer loop
      vertex 37.449620010428056 0.7441001483911771 2.184038001041813
      vertex 37.8671608529944 0.7659825367100499 2.566528201818799
      vertex 37.51888547485898 0.5885273681177572 2.566528201818799
    endloop
  endfacet
  facet normal 0.3933019882517977 -0.7718986139790287 -0.49948581138450504
    outer loop
      vertex 37.449620010428056 0.7441001483911771 2.184038001041813
      vertex 37.67734113589085 1.0947599310117586 1.8214438599398917
      vertex 37.78201304837673 0.9134628604607982 2.184038001041813
    endloop
  endfacet
  facet normal 0.4148349574715152 -0.8141594455843647 -0.40627128279681035
    outer loop
      vertex 37.449620010428056 0.7441001483911771 2.184038001041813
      vertex 37.78201304837673 0.9134628604607982 2.184038001041813
      vertex 37.8671608529944 0.7659825367100499 2.566528201818799
    endloop
  endfacet
  facet normal 0.4976652838713609 -0.766337334340349 -0.4062712827968107
    outer loop
      vertex 37.78201304837673 0.9134628604607982 2.184038001041813
      vertex 38.094881978457195 1.116642319330631 2.184038001041813
      vertex 37.8671608529944 0.7659825367100499 2.566528201818799
    endloop
  endfacet
  facet normal 0.36471059746857776 -0.5616050709737537 -0.7426883090170991
    outer loop
      vertex 37.41421356237309 1.5505102572168217 1.1715728752538097
      vertex 37.47962097930411 1.9634764349359757 0.8914161541721164
      vertex 37.662507751109814 1.7117543887292626 1.1715728752538097
    endloop
  endfacet
  facet normal 0.3674599379428061 -0.7211807345588243 -0.5872576454234237
    outer loop
      vertex 37.36447220581039 0.9353452487796705 1.8214438599398917
      vertex 37.55429192291394 1.307887419719124 1.4827184358006504
      vertex 37.67734113589085 1.0947599310117586 1.8214438599398917
    endloop
  endfacet
  facet normal 0.4408308678764582 -0.6788200084109368 -0.5872576454234242
    outer loop
      vertex 37.67734113589085 1.0947599310117586 1.8214438599398917
      vertex 37.55429192291394 1.307887419719124 1.4827184358006504
      vertex 37.97183276548029 1.2860050314002516 1.8214438599398917
    endloop
  endfacet
  facet normal 0.44083086787645864 -0.6788200084109364 -0.5872576454234246
    outer loop
      vertex 37.55429192291394 1.307887419719124 1.4827184358006504
      vertex 37.82717974009225 1.4851028402858106 1.4827184358006504
      vertex 37.97183276548029 1.2860050314002516 1.8214438599398917
    endloop
  endfacet
  facet normal 0.47183281472594235 -0.7265588201744977 -0.49948581138450426
    outer loop
      vertex 37.78201304837673 0.9134628604607982 2.184038001041813
      vertex 37.67734113589085 1.0947599310117586 1.8214438599398917
      vertex 38.094881978457195 1.116642319330631 2.184038001041813
    endloop
  endfacet
  facet normal 0.47183281472594174 -0.7265588201744985 -0.4994858113845035
    outer loop
      vertex 37.67734113589085 1.0947599310117586 1.8214438599398917
      vertex 37.97183276548029 1.2860050314002516 1.8214438599398917
      vertex 38.094881978457195 1.116642319330631 2.184038001041813
    endloop
  endfacet
  facet normal 0.40499409345546716 -0.6236362150639307 -0.6686237024866222
    outer loop
      vertex 37.41421356237309 1.5505102572168217 1.1715728752538097
      vertex 37.662507751109814 1.7117543887292626 1.1715728752538097
      vertex 37.55429192291394 1.307887419719124 1.4827184358006504
    endloop
  endfacet
  facet normal 0.4049940934554708 -0.6236362150639303 -0.6686237024866203
    outer loop
      vertex 37.662507751109814 1.7117543887292626 1.1715728752538097
      vertex 37.82717974009225 1.4851028402858106 1.4827184358006504
      vertex 37.55429192291394 1.307887419719124 1.4827184358006504
    endloop
  endfacet
  facet normal 0.46796322863498424 -0.5778864604042954 -0.6686237024866201
    outer loop
      vertex 37.662507751109814 1.7117543887292626 1.1715728752538097
      vertex 37.89258715702326 1.8980690180049646 1.1715728752538097
      vertex 37.82717974009225 1.4851028402858106 1.4827184358006504
    endloop
  endfacet
  facet normal 0.46796322863498074 -0.5778864604042961 -0.6686237024866218
    outer loop
      vertex 37.82717974009225 1.4851028402858106 1.4827184358006504
      vertex 37.89258715702326 1.8980690180049646 1.1715728752538097
      vertex 38.08004859367616 1.6898720004103902 1.4827184358006504
    endloop
  endfacet
  facet normal 0.4976652838713609 -0.766337334340349 -0.40627128279681063
    outer loop
      vertex 38.094881978457195 1.116642319330631 2.184038001041813
      vertex 38.19497922609589 0.9788702773918092 2.566528201818799
      vertex 37.8671608529944 0.7659825367100499 2.566528201818799
    endloop
  endfacet
  facet normal 0.5451941421445914 -0.6732586958939244 -0.49948581138450293
    outer loop
      vertex 37.97183276548029 1.2860050314002516 1.8214438599398917
      vertex 38.2447205826586 1.506985228604683 1.8214438599398917
      vertex 38.094881978457195 1.116642319330631 2.184038001041813
    endloop
  endfacet
  facet normal 0.5750430852779633 -0.710119070894899 -0.40627128279681074
    outer loop
      vertex 38.094881978457195 1.116642319330631 2.184038001041813
      vertex 38.38479894319944 1.3514124483312626 2.184038001041813
      vertex 38.19497922609589 0.9788702773918092 2.566528201818799
    endloop
  endfacet
  facet normal 0.5451941421445933 -0.6732586958939238 -0.4994858113845016
    outer loop
      vertex 38.094881978457195 1.116642319330631 2.184038001041813
      vertex 38.2447205826586 1.506985228604683 1.8214438599398917
      vertex 38.38479894319944 1.3514124483312626 2.184038001041813
    endloop
  endfacet
  facet normal 0.5750430852779648 -0.7101190708948986 -0.4062712827968097
    outer loop
      vertex 38.38479894319944 1.3514124483312626 2.184038001041813
      vertex 38.498748947467334 1.2248581475265028 2.566528201818799
      vertex 38.19497922609589 0.9788702773918092 2.566528201818799
    endloop
  endfacet
  facet normal 0.5093719625718671 -0.629021988198679 -0.5872576454234251
    outer loop
      vertex 37.82717974009225 1.4851028402858106 1.4827184358006504
      vertex 38.2447205826586 1.506985228604683 1.8214438599398917
      vertex 37.97183276548029 1.2860050314002516 1.8214438599398917
    endloop
  endfacet
  facet normal 0.5093719625718689 -0.6290219881986755 -0.5872576454234274
    outer loop
      vertex 37.82717974009225 1.4851028402858106 1.4827184358006504
      vertex 38.08004859367616 1.6898720004103902 1.4827184358006504
      vertex 38.2447205826586 1.506985228604683 1.8214438599398917
    endloop
  endfacet
  facet normal 0.5258052607539562 -0.5258052607539653 -0.6686237024866218
    outer loop
      vertex 38.08004859367616 1.6898720004103902 1.4827184358006504
      vertex 37.89258715702326 1.8980690180049646 1.1715728752538097
      vertex 38.31012799958961 1.9199514063238365 1.4827184358006504
    endloop
  endfacet
  facet normal 0.5723322714523966 -0.5723322714524065 -0.5872576454234283
    outer loop
      vertex 38.08004859367616 1.6898720004103902 1.4827184358006504
      vertex 38.31012799958961 1.9199514063238365 1.4827184358006504
      vertex 38.2447205826586 1.506985228604683 1.8214438599398917
    endloop
  endfacet
  facet normal 0.5723322714524107 -0.5723322714524015 -0.5872576454234194
    outer loop
      vertex 38.2447205826586 1.506985228604683 1.8214438599398917
      vertex 38.31012799958961 1.9199514063238365 1.4827184358006504
      vertex 38.493014771395316 1.7552794173414017 1.8214438599398917
    endloop
  endfacet
  facet normal 0.6125822084526902 -0.6125822084527036 -0.499485811384501
    outer loop
      vertex 38.38479894319944 1.3514124483312626 2.184038001041813
      vertex 38.2447205826586 1.506985228604683 1.8214438599398917
      vertex 38.64858755166874 1.6152010568005548 2.184038001041813
    endloop
  endfacet
  facet normal 0.6461205943067502 -0.6461205943067644 -0.4062712827968098
    outer loop
      vertex 38.38479894319944 1.3514124483312626 2.184038001041813
      vertex 38.64858755166874 1.6152010568005548 2.184038001041813
      vertex 38.498748947467334 1.2248581475265028 2.566528201818799
    endloop
  endfacet
  facet normal 0.6125822084526967 -0.612582208452687 -0.4994858113845132
    outer loop
      vertex 38.2447205826586 1.506985228604683 1.8214438599398917
      vertex 38.493014771395316 1.7552794173414017 1.8214438599398917
      vertex 38.64858755166874 1.6152010568005548 2.184038001041813
    endloop
  endfacet
  facet normal 0.6461205943067577 -0.6461205943067608 -0.40627128279680325
    outer loop
      vertex 38.64858755166874 1.6152010568005548 2.184038001041813
      vertex 38.775141852473496 1.5012510525326634 2.566528201818799
      vertex 38.498748947467334 1.2248581475265028 2.566528201818799
    endloop
  endfacet
  facet normal 0.6732586958939166 -0.5451941421445913 -0.4994858113845136
    outer loop
      vertex 38.493014771395316 1.7552794173414017 1.8214438599398917
      vertex 38.71399496859975 2.028167234519709 1.8214438599398917
      vertex 38.64858755166874 1.6152010568005548 2.184038001041813
    endloop
  endfacet
  facet normal 0.7101190708948975 -0.5750430852779709 -0.40627128279680297
    outer loop
      vertex 38.64858755166874 1.6152010568005548 2.184038001041813
      vertex 39.021129722608194 1.8050207739041104 2.566528201818799
      vertex 38.775141852473496 1.5012510525326634 2.566528201818799
    endloop
  endfacet
  facet normal 0.6732586958939238 -0.5451941421445874 -0.499485811384508
    outer loop
      vertex 38.64858755166874 1.6152010568005548 2.184038001041813
      vertex 38.71399496859975 2.028167234519709 1.8214438599398917
      vertex 38.88335768066937 1.9051180215428025 2.184038001041813
    endloop
  endfacet
  facet normal 0.7101190708949014 -0.5750430852779592 -0.4062712827968127
    outer loop
      vertex 38.64858755166874 1.6152010568005548 2.184038001041813
      vertex 38.88335768066937 1.9051180215428025 2.184038001041813
      vertex 39.021129722608194 1.8050207739041104 2.566528201818799
    endloop
  endfacet
  facet normal 0.43182710033906707 -0.847508403687281 -0.3086338625170446
    outer loop
      vertex 37.51888547485898 0.5885273681177572 2.566528201818799
      vertex 37.93185165257814 0.6539347850487687 2.964723819589917
      vertex 37.57150971218014 0.47033139589578266 2.964723819589917
    endloop
  endfacet
  facet normal 0.43182710033906946 -0.8475084036872789 -0.30863386251704733
    outer loop
      vertex 37.51888547485898 0.5885273681177572 2.566528201818799
      vertex 37.8671608529944 0.7659825367100499 2.566528201818799
      vertex 37.93185165257814 0.6539347850487687 2.964723819589917
    endloop
  endfacet
  facet normal 0.4440960097284117 -0.8715874941458996 -0.2076390478493244
    outer loop
      vertex 37.57150971218014 0.47033139589578266 2.964723819589917
      vertex 37.93185165257814 0.6539347850487687 2.964723819589917
      vertex 37.975376681190276 0.5785472240916549 3.3742621398390766
    endloop
  endfacet
  facet normal 0.44409600972841035 -0.8715874941459006 -0.2076390478493228
    outer loop
      vertex 37.606916160235095 0.3908072115310155 3.3742621398390766
      vertex 37.57150971218014 0.47033139589578266 2.964723819589917
      vertex 37.975376681190276 0.5785472240916549 3.3742621398390766
    endloop
  endfacet
  facet normal 0.5327689066869665 -0.8203921732170538 -0.207639047849324
    outer loop
      vertex 37.93185165257814 0.6539347850487687 2.964723819589917
      vertex 38.27102782200454 0.8741983649059213 2.964723819589917
      vertex 37.975376681190276 0.5785472240916549 3.3742621398390766
    endloop
  endfacet
  facet normal 0.5180502573444471 -0.7977274407798444 -0.308633862517048
    outer loop
      vertex 37.93185165257814 0.6539347850487687 2.964723819589917
      vertex 37.8671608529944 0.7659825367100499 2.566528201818799
      vertex 38.19497922609589 0.9788702773918092 2.566528201818799
    endloop
  endfacet
  facet normal 0.5180502573444518 -0.7977274407798429 -0.3086338625170439
    outer loop
      vertex 37.93185165257814 0.6539347850487687 2.964723819589917
      vertex 38.19497922609589 0.9788702773918092 2.566528201818799
      vertex 38.27102782200454 0.8741983649059213 2.964723819589917
    endloop
  endfacet
  facet normal 0.5327689066869671 -0.8203921732170537 -0.20763904784932355
    outer loop
      vertex 38.27102782200454 0.8741983649059213 2.964723819589917
      vertex 38.322194561852186 0.8037733892501691 3.3742621398390766
      vertex 37.975376681190276 0.5785472240916549 3.3742621398390766
    endloop
  endfacet
  facet normal 0.6156046760147891 -0.7602084639603488 -0.20763904784932322
    outer loop
      vertex 38.27102782200454 0.8741983649059213 2.964723819589917
      vertex 38.643569992943995 1.064018082009477 3.3742621398390766
      vertex 38.322194561852186 0.8037733892501691 3.3742621398390766
    endloop
  endfacet
  facet normal 0.5985975473213798 -0.7392064090960244 -0.3086338625170436
    outer loop
      vertex 38.27102782200454 0.8741983649059213 2.964723819589917
      vertex 38.19497922609589 0.9788702773918092 2.566528201818799
      vertex 38.498748947467334 1.2248581475265028 2.566528201818799
    endloop
  endfacet
  facet normal 0.6156046760147891 -0.7602084639603489 -0.20763904784932305
    outer loop
      vertex 38.27102782200454 0.8741983649059213 2.964723819589917
      vertex 38.58532213536994 1.12870888159321 2.964723819589917
      vertex 38.643569992943995 1.064018082009477 3.3742621398390766
    endloop
  endfacet
  facet normal 0.5985975473213752 -0.7392064090960263 -0.30863386251704805
    outer loop
      vertex 38.27102782200454 0.8741983649059213 2.964723819589917
      vertex 38.498748947467334 1.2248581475265028 2.566528201818799
      vertex 38.58532213536994 1.12870888159321 2.964723819589917
    endloop
  endfacet
  facet normal 0.672586477305262 -0.6725864773052651 -0.3086338625170487
    outer loop
      vertex 38.58532213536994 1.12870888159321 2.964723819589917
      vertex 38.498748947467334 1.2248581475265028 2.566528201818799
      vertex 38.775141852473496 1.5012510525326634 2.566528201818799
    endloop
  endfacet
  facet normal 0.6725864773052688 -0.6725864773052614 -0.308633862517042
    outer loop
      vertex 38.58532213536994 1.12870888159321 2.964723819589917
      vertex 38.775141852473496 1.5012510525326634 2.566528201818799
      vertex 38.87129111840679 1.4146778646300584 2.964723819589917
    endloop
  endfacet
  facet normal 0.7392064090960213 -0.5985975473213846 -0.308633862517042
    outer loop
      vertex 38.775141852473496 1.5012510525326634 2.566528201818799
      vertex 39.021129722608194 1.8050207739041104 2.566528201818799
      vertex 38.87129111840679 1.4146778646300584 2.964723819589917
    endloop
  endfacet
  facet normal 0.7392064090960255 -0.5985975473213817 -0.30863386251703756
    outer loop
      vertex 38.87129111840679 1.4146778646300584 2.964723819589917
      vertex 39.021129722608194 1.8050207739041104 2.566528201818799
      vertex 39.12580163509408 1.7289721779954577 2.964723819589917
    endloop
  endfacet
  facet normal 0.7977274407798466 -0.5180502573444502 -0.30863386251703706
    outer loop
      vertex 39.021129722608194 1.8050207739041104 2.566528201818799
      vertex 39.34606521495123 2.0681483474218636 2.964723819589917
      vertex 39.12580163509408 1.7289721779954577 2.964723819589917
    endloop
  endfacet
  facet normal 0.4214163896875599 -0.5204059013424279 -0.7426883090170988
    outer loop
      vertex 37.47962097930411 1.9634764349359757 0.8914161541721164
      vertex 37.684390139428686 2.1292952312956124 0.8914161541721164
      vertex 37.662507751109814 1.7117543887292626 1.1715728752538097
    endloop
  endfacet
  facet normal 0.37023726197877155 -0.4572049420609018 -0.8086334217663463
    outer loop
      vertex 37.47962097930411 1.9634764349359757 0.8914161541721164
      vertex 37.45773859098524 2.381017277502325 0.6453177282183038
      vertex 37.684390139428686 2.1292952312956124 0.8914161541721164
    endloop
  endfacet
  facet normal 0.4159999935110912 -0.41599999351108624 -0.8086334217663453
    outer loop
      vertex 37.684390139428686 2.1292952312956124 0.8914161541721164
      vertex 37.61898272249768 2.542261409014766 0.6453177282183038
      vertex 37.870704768704385 2.315609860571314 0.8914161541721164
    endloop
  endfacet
  facet normal 0.4214163896875606 -0.5204059013424278 -0.7426883090170986
    outer loop
      vertex 37.662507751109814 1.7117543887292626 1.1715728752538097
      vertex 37.684390139428686 2.1292952312956124 0.8914161541721164
      vertex 37.89258715702326 1.8980690180049646 1.1715728752538097
    endloop
  endfacet
  facet normal 0.47350505575406693 -0.473505055754066 -0.7426883090170983
    outer loop
      vertex 37.684390139428686 2.1292952312956124 0.8914161541721164
      vertex 38.10193098199503 2.10741284297674 1.1715728752538097
      vertex 37.89258715702326 1.8980690180049646 1.1715728752538097
    endloop
  endfacet
  facet normal 0.4735050557540681 -0.47350505575406254 -0.7426883090170997
    outer loop
      vertex 37.684390139428686 2.1292952312956124 0.8914161541721164
      vertex 37.870704768704385 2.315609860571314 0.8914161541721164
      vertex 38.10193098199503 2.10741284297674 1.1715728752538097
    endloop
  endfacet
  facet normal 0.3889727173610516 -0.31498389586745557 -0.8657282313133373
    outer loop
      vertex 37.34952276278936 2.784884246512464 0.4359739032465284
      vertex 37.76248894050852 2.7194768295814526 0.6453177282183038
      vertex 37.61898272249768 2.542261409014766 0.6453177282183038
    endloop
  endfacet
  facet normal 0.38897271736105427 -0.3149838958674459 -0.8657282313133395
    outer loop
      vertex 37.34952276278936 2.784884246512464 0.4359739032465284
      vertex 37.46914411829627 2.932604318288818 0.4359739032465284
      vertex 37.76248894050852 2.7194768295814526 0.6453177282183038
    endloop
  endfacet
  facet normal 0.4159999935110892 -0.41599999351108696 -0.8086334217663461
    outer loop
      vertex 37.45773859098524 2.381017277502325 0.6453177282183038
      vertex 37.61898272249768 2.542261409014766 0.6453177282183038
      vertex 37.684390139428686 2.1292952312956124 0.8914161541721164
    endloop
  endfacet
  facet normal 0.45720494206090456 -0.3702372619787708 -0.808633421766345
    outer loop
      vertex 37.870704768704385 2.315609860571314 0.8914161541721164
      vertex 37.61898272249768 2.542261409014766 0.6453177282183038
      vertex 37.76248894050852 2.7194768295814526 0.6453177282183038
    endloop
  endfacet
  facet normal 0.4572049420609045 -0.37023726197877094 -0.8086334217663452
    outer loop
      vertex 37.870704768704385 2.315609860571314 0.8914161541721164
      vertex 37.76248894050852 2.7194768295814526 0.6453177282183038
      vertex 38.03652356506402 2.520379020695894 0.8914161541721164
    endloop
  endfacet
  facet normal 0.4934006575892208 -0.320418133527079 -0.8086334217663449
    outer loop
      vertex 37.76248894050852 2.7194768295814526 0.6453177282183038
      vertex 37.886684960862624 2.910721929969946 0.6453177282183038
      vertex 38.03652356506402 2.520379020695894 0.8914161541721164
    endloop
  endfacet
  facet normal 0.5204059013424289 -0.42141638968755746 -0.7426883090170997
    outer loop
      vertex 37.870704768704385 2.315609860571314 0.8914161541721164
      vertex 38.03652356506402 2.520379020695894 0.8914161541721164
      vertex 38.10193098199503 2.10741284297674 1.1715728752538097
    endloop
  endfacet
  facet normal 0.5204059013424216 -0.4214163896875608 -0.7426883090171028
    outer loop
      vertex 38.10193098199503 2.10741284297674 1.1715728752538097
      vertex 38.03652356506402 2.520379020695894 0.8914161541721164
      vertex 38.28824561127074 2.337492248890186 1.1715728752538097
    endloop
  endfacet
  facet normal 0.5616050709737469 -0.36471059746857976 -0.7426883090171033
    outer loop
      vertex 38.28824561127074 2.337492248890186 1.1715728752538097
      vertex 38.03652356506402 2.520379020695894 0.8914161541721164
      vertex 38.180029783074865 2.7413592179003254 0.8914161541721164
    endloop
  endfacet
  facet normal 0.4934006575892148 -0.32041813352708254 -0.808633421766347
    outer loop
      vertex 38.03652356506402 2.520379020695894 0.8914161541721164
      vertex 37.886684960862624 2.910721929969946 0.6453177282183038
      vertex 38.180029783074865 2.7413592179003254 0.8914161541721164
    endloop
  endfacet
  facet normal 0.5616050709737506 -0.3647105974685777 -0.7426883090171015
    outer loop
      vertex 38.28824561127074 2.337492248890186 1.1715728752538097
      vertex 38.180029783074865 2.7413592179003254 0.8914161541721164
      vertex 38.44948974278318 2.585786437626905 1.1715728752538097
    endloop
  endfacet
  facet normal 0.5966511779240619 -0.30400895962314595 -0.7426883090171017
    outer loop
      vertex 38.180029783074865 2.7413592179003254 0.8914161541721164
      vertex 38.29965113858178 2.976129346900957 0.8914161541721164
      vertex 38.44948974278318 2.585786437626905 1.1715728752538097
    endloop
  endfacet
  facet normal 0.5258052607539587 -0.5258052607539576 -0.668623702486626
    outer loop
      vertex 37.89258715702326 1.8980690180049646 1.1715728752538097
      vertex 38.10193098199503 2.10741284297674 1.1715728752538097
      vertex 38.31012799958961 1.9199514063238365 1.4827184358006504
    endloop
  endfacet
  facet normal 0.577886460404288 -0.4679632286349841 -0.6686237024866265
    outer loop
      vertex 38.10193098199503 2.10741284297674 1.1715728752538097
      vertex 38.28824561127074 2.337492248890186 1.1715728752538097
      vertex 38.31012799958961 1.9199514063238365 1.4827184358006504
    endloop
  endfacet
  facet normal 0.5778864604043031 -0.4679632286349772 -0.6686237024866183
    outer loop
      vertex 38.28824561127074 2.337492248890186 1.1715728752538097
      vertex 38.51489715971419 2.172820259907751 1.4827184358006504
      vertex 38.31012799958961 1.9199514063238365 1.4827184358006504
    endloop
  endfacet
  facet normal 0.4197666667055407 -0.2725996607297889 -0.8657282313133396
    outer loop
      vertex 37.46914411829627 2.932604318288818 0.4359739032465284
      vertex 37.57266922340496 3.0920190005209065 0.4359739032465284
      vertex 37.76248894050852 2.7194768295814526 0.6453177282183038
    endloop
  endfacet
  facet normal 0.3628199281712054 -0.18486598698697865 -0.9133379804744636
    outer loop
      vertex 37.30954164988721 3.4169544928639475 0.26567829401119303
      vertex 37.65896383539983 3.261381712590527 0.4359739032465284
      vertex 37.57266922340496 3.0920190005209065 0.4359739032465284
    endloop
  endfacet
  facet normal 0.41976666670554624 -0.2725996607297853 -0.8657282313133382
    outer loop
      vertex 37.76248894050852 2.7194768295814526 0.6453177282183038
      vertex 37.57266922340496 3.0920190005209065 0.4359739032465284
      vertex 37.886684960862624 2.910721929969946 0.6453177282183038
    endloop
  endfacet
  facet normal 0.44596156460778735 -0.2272287666640239 -0.8657282313133383
    outer loop
      vertex 37.57266922340496 3.0920190005209065 0.4359739032465284
      vertex 37.99021006597131 3.113901388839779 0.6453177282183038
      vertex 37.886684960862624 2.910721929969946 0.6453177282183038
    endloop
  endfacet
  facet normal 0.44596156460778685 -0.2272287666640322 -0.8657282313133363
    outer loop
      vertex 37.57266922340496 3.0920190005209065 0.4359739032465284
      vertex 37.65896383539983 3.261381712590527 0.4359739032465284
      vertex 37.99021006597131 3.113901388839779 0.6453177282183038
    endloop
  endfacet
  facet normal 0.46727041428473365 -0.179368306680013 -0.8657282313133365
    outer loop
      vertex 37.65896383539983 3.261381712590527 0.4359739032465284
      vertex 38.07193001311899 3.326789129521538 0.6453177282183038
      vertex 37.99021006597131 3.113901388839779 0.6453177282183038
    endloop
  endfacet
  facet normal 0.38015612017242056 -0.14592826223278538 -0.9133379804744635
    outer loop
      vertex 37.30954164988721 3.4169544928639475 0.26567829401119303
      vertex 37.727082492453555 3.43883688118282 0.4359739032465284
      vertex 37.65896383539983 3.261381712590527 0.4359739032465284
    endloop
  endfacet
  facet normal 0.393327242168237 -0.10539171690014171 -0.9133379804744622
    outer loop
      vertex 37.40214700011052 3.7019644547005726 0.26567829401119303
      vertex 37.776278872304715 3.6224402703358054 0.4359739032465284
      vertex 37.727082492453555 3.43883688118282 0.4359739032465284
    endloop
  endfacet
  facet normal 0.40218898858984153 -0.06370047786249859 -0.9133379804744626
    outer loop
      vertex 37.40214700011052 3.7019644547005726 0.26567829401119303
      vertex 37.806013969120656 3.8101802828964444 0.4359739032465284
      vertex 37.776278872304715 3.6224402703358054 0.4359739032465284
    endloop
  endfacet
  facet normal 0.46727041428473304 -0.17936830667999773 -0.8657282313133401
    outer loop
      vertex 37.65896383539983 3.261381712590527 0.4359739032465284
      vertex 37.727082492453555 3.43883688118282 0.4359739032465284
      vertex 38.07193001311899 3.326789129521538 0.6453177282183038
    endloop
  endfacet
  facet normal 0.4834597515201495 -0.12954264999277768 -0.8657282313133401
    outer loop
      vertex 37.727082492453555 3.43883688118282 0.4359739032465284
      vertex 37.776278872304715 3.6224402703358054 0.4359739032465284
      vertex 38.07193001311899 3.326789129521538 0.6453177282183038
    endloop
  endfacet
  facet normal 0.4943522025474642 -0.07829769692368835 -0.8657282313133361
    outer loop
      vertex 37.776278872304715 3.6224402703358054 0.4359739032465284
      vertex 37.806013969120656 3.8101802828964444 0.4359739032465284
      vertex 38.16662178157877 3.7722788745372062 0.6453177282183038
    endloop
  endfacet
  facet normal 0.524190572262252 -0.26708843695266843 -0.8086334217663486
    outer loop
      vertex 37.886684960862624 2.910721929969946 0.6453177282183038
      vertex 37.99021006597131 3.113901388839779 0.6453177282183038
      vertex 38.29965113858178 2.976129346900957 0.8914161541721164
    endloop
  endfacet
  facet normal 0.5241905722622517 -0.26708843695267265 -0.8086334217663472
    outer loop
      vertex 38.180029783074865 2.7413592179003254 0.8914161541721164
      vertex 37.886684960862624 2.910721929969946 0.6453177282183038
      vertex 38.29965113858178 2.976129346900957 0.8914161541721164
    endloop
  endfacet
  facet normal 0.5492373453316554 -0.2108324635711548 -0.8086334217663488
    outer loop
      vertex 37.99021006597131 3.113901388839779 0.6453177282183038
      vertex 38.07193001311899 3.326789129521538 0.6453177282183038
      vertex 38.29965113858178 2.976129346900957 0.8914161541721164
    endloop
  endfacet
  facet normal 0.6251602497117646 -0.23997653599810337 -0.7426883090170971
    outer loop
      vertex 38.29965113858178 2.976129346900957 0.8914161541721164
      vertex 38.39407703498145 3.2221172170356507 0.8914161541721164
      vertex 38.583896752085 2.849575046096197 1.1715728752538097
    endloop
  endfacet
  facet normal 0.5492373453316612 -0.21083246357114918 -0.8086334217663463
    outer loop
      vertex 38.29965113858178 2.976129346900957 0.8914161541721164
      vertex 38.07193001311899 3.326789129521538 0.6453177282183038
      vertex 38.39407703498145 3.2221172170356507 0.8914161541721164
    endloop
  endfacet
  facet normal 0.4834597515201596 -0.12954264999276488 -0.8657282313133363
    outer loop
      vertex 37.776278872304715 3.6224402703358054 0.4359739032465284
      vertex 38.13094946146369 3.5470527093786917 0.6453177282183038
      vertex 38.07193001311899 3.326789129521538 0.6453177282183038
    endloop
  endfacet
  facet normal 0.4943522025474642 -0.07829769692368799 -0.8657282313133362
    outer loop
      vertex 37.776278872304715 3.6224402703358054 0.4359739032465284
      vertex 38.16662178157877 3.7722788745372062 0.6453177282183038
      vertex 38.13094946146369 3.5470527093786917 0.6453177282183038
    endloop
  endfacet
  facet normal 0.5682665591103099 -0.1522665655992134 -0.8086334217663459
    outer loop
      vertex 38.39407703498145 3.2221172170356507 0.8914161541721164
      vertex 38.07193001311899 3.326789129521538 0.6453177282183038
      vertex 38.46227292239303 3.476627733722939 0.8914161541721164
    endloop
  endfacet
  facet normal 0.5682665591103082 -0.1522665655992045 -0.8086334217663488
    outer loop
      vertex 38.07193001311899 3.326789129521538 0.6453177282183038
      vertex 38.13094946146369 3.5470527093786917 0.6453177282183038
      vertex 38.46227292239303 3.476627733722939 0.8914161541721164
    endloop
  endfacet
  facet normal 0.5810697255499156 -0.09203240327076252 -0.8086334217663486
    outer loop
      vertex 38.13094946146369 3.5470527093786917 0.6453177282183038
      vertex 38.16662178157877 3.7722788745372062 0.6453177282183038
      vertex 38.46227292239303 3.476627733722939 0.8914161541721164
    endloop
  endfacet
  facet normal 0.5810697255499205 -0.09203240327075539 -0.8086334217663459
    outer loop
      vertex 38.46227292239303 3.476627733722939 0.8914161541721164
      vertex 38.16662178157877 3.7722788745372062 0.6453177282183038
      vertex 38.50349163240315 3.736872426482247 0.8914161541721164
    endloop
  endfacet
  facet normal 0.5966511779240703 -0.30400895962313956 -0.7426883090170974
    outer loop
      vertex 38.29965113858178 2.976129346900957 0.8914161541721164
      vertex 38.583896752085 2.849575046096197 1.1715728752538097
      vertex 38.44948974278318 2.585786437626905 1.1715728752538097
    endloop
  endfacet
  facet normal 0.6290219881986796 -0.5093719625718732 -0.5872576454234192
    outer loop
      vertex 38.493014771395316 1.7552794173414017 1.8214438599398917
      vertex 38.31012799958961 1.9199514063238365 1.4827184358006504
      vertex 38.71399496859975 2.028167234519709 1.8214438599398917
    endloop
  endfacet
  facet normal 0.6290219881986818 -0.509371962571864 -0.5872576454234247
    outer loop
      vertex 38.31012799958961 1.9199514063238365 1.4827184358006504
      vertex 38.51489715971419 2.172820259907751 1.4827184358006504
      vertex 38.71399496859975 2.028167234519709 1.8214438599398917
    endloop
  endfacet
  facet normal 0.6236362150639285 -0.404994093455477 -0.6686237024866182
    outer loop
      vertex 38.28824561127074 2.337492248890186 1.1715728752538097
      vertex 38.69211258028088 2.445708077086058 1.4827184358006504
      vertex 38.51489715971419 2.172820259907751 1.4827184358006504
    endloop
  endfacet
  facet normal 0.6788200084109324 -0.44083086787646414 -0.5872576454234251
    outer loop
      vertex 38.51489715971419 2.172820259907751 1.4827184358006504
      vertex 38.69211258028088 2.445708077086058 1.4827184358006504
      vertex 38.71399496859975 2.028167234519709 1.8214438599398917
    endloop
  endfacet
  facet normal 0.6788200084109385 -0.4408308678764603 -0.5872576454234207
    outer loop
      vertex 38.71399496859975 2.028167234519709 1.8214438599398917
      vertex 38.69211258028088 2.445708077086058 1.4827184358006504
      vertex 38.90524006898824 2.322658864109152 1.8214438599398917
    endloop
  endfacet
  facet normal 0.7265588201744951 -0.47183281472594235 -0.49948581138450787
    outer loop
      vertex 38.71399496859975 2.028167234519709 1.8214438599398917
      vertex 39.0865371395392 2.2179869516232644 2.184038001041813
      vertex 38.88335768066937 1.9051180215428025 2.184038001041813
    endloop
  endfacet
  facet normal 0.7265588201744955 -0.4718328147259407 -0.49948581138450904
    outer loop
      vertex 38.71399496859975 2.028167234519709 1.8214438599398917
      vertex 38.90524006898824 2.322658864109152 1.8214438599398917
      vertex 39.0865371395392 2.2179869516232644 2.184038001041813
    endloop
  endfacet
  facet normal 0.6236362150639296 -0.40499409345546844 -0.6686237024866224
    outer loop
      vertex 38.28824561127074 2.337492248890186 1.1715728752538097
      vertex 38.44948974278318 2.585786437626905 1.1715728752538097
      vertex 38.69211258028088 2.445708077086058 1.4827184358006504
    endloop
  endfacet
  facet normal 0.662553280847052 -0.33758775823759973 -0.6686237024866223
    outer loop
      vertex 38.44948974278318 2.585786437626905 1.1715728752538097
      vertex 38.583896752085 2.849575046096197 1.1715728752538097
      vertex 38.69211258028088 2.445708077086058 1.4827184358006504
    endloop
  endfacet
  facet normal 0.7211807345588248 -0.3674599379428098 -0.5872576454234207
    outer loop
      vertex 38.90524006898824 2.322658864109152 1.8214438599398917
      vertex 38.69211258028088 2.445708077086058 1.4827184358006504
      vertex 38.83983265205723 2.735625041828306 1.4827184358006504
    endloop
  endfacet
  facet normal 0.662553280847048 -0.3375877582376028 -0.6686237024866247
    outer loop
      vertex 38.69211258028088 2.445708077086058 1.4827184358006504
      vertex 38.583896752085 2.849575046096197 1.1715728752538097
      vertex 38.83983265205723 2.735625041828306 1.4827184358006504
    endloop
  endfacet
  facet normal 0.7663373343403473 -0.49766528387136155 -0.4062712827968129
    outer loop
      vertex 39.021129722608194 1.8050207739041104 2.566528201818799
      vertex 38.88335768066937 1.9051180215428025 2.184038001041813
      vertex 39.0865371395392 2.2179869516232644 2.184038001041813
    endloop
  endfacet
  facet normal 0.7663373343403508 -0.49766528387135894 -0.40627128279680946
    outer loop
      vertex 39.021129722608194 1.8050207739041104 2.566528201818799
      vertex 39.0865371395392 2.2179869516232644 2.184038001041813
      vertex 39.23401746328995 2.1328391470055967 2.566528201818799
    endloop
  endfacet
  facet normal 0.8141594455843679 -0.4148349574715101 -0.4062712827968095
    outer loop
      vertex 39.0865371395392 2.2179869516232644 2.184038001041813
      vertex 39.255899851608824 2.5503799895719457 2.184038001041813
      vertex 39.23401746328995 2.1328391470055967 2.566528201818799
    endloop
  endfacet
  facet normal 0.7211807345588244 -0.3674599379428103 -0.5872576454234211
    outer loop
      vertex 38.90524006898824 2.322658864109152 1.8214438599398917
      vertex 38.83983265205723 2.735625041828306 1.4827184358006504
      vertex 39.06465475122033 2.6355277941896134 1.8214438599398917
    endloop
  endfacet
  facet normal 0.7556400536621183 -0.2900630400331119 -0.5872576454234208
    outer loop
      vertex 38.83983265205723 2.735625041828306 1.4827184358006504
      vertex 38.95643892302446 3.0393947631997524 1.4827184358006504
      vertex 39.06465475122033 2.6355277941896134 1.8214438599398917
    endloop
  endfacet
  facet normal 0.771898613979029 -0.3933019882517916 -0.49948581138450904
    outer loop
      vertex 38.90524006898824 2.322658864109152 1.8214438599398917
      vertex 39.255899851608824 2.5503799895719457 2.184038001041813
      vertex 39.0865371395392 2.2179869516232644 2.184038001041813
    endloop
  endfacet
  facet normal 0.7718986139790289 -0.39330198825179447 -0.49948581138450715
    outer loop
      vertex 38.90524006898824 2.322658864109152 1.8214438599398917
      vertex 39.06465475122033 2.6355277941896134 1.8214438599398917
      vertex 39.255899851608824 2.5503799895719457 2.184038001041813
    endloop
  endfacet
  facet normal 0.8141594455843743 -0.4148349574715044 -0.4062712827968028
    outer loop
      vertex 39.255899851608824 2.5503799895719457 2.184038001041813
      vertex 39.41147263188224 2.4811145251410176 2.566528201818799
      vertex 39.23401746328995 2.1328391470055967 2.566528201818799
    endloop
  endfacet
  facet normal 0.8087813250386396 -0.31046206289062556 -0.49948581138450715
    outer loop
      vertex 39.06465475122033 2.6355277941896134 1.8214438599398917
      vertex 39.190492434677815 2.9633461672910997 1.8214438599398917
      vertex 39.255899851608824 2.5503799895719457 2.184038001041813
    endloop
  endfacet
  facet normal 0.8087813250386469 -0.31046206289061823 -0.49948581138450016
    outer loop
      vertex 39.255899851608824 2.5503799895719457 2.184038001041813
      vertex 39.190492434677815 2.9633461672910997 1.8214438599398917
      vertex 39.38959024356337 2.8986553677073665 2.184038001041813
    endloop
  endfacet
  facet normal 0.6251602497117664 -0.23997653599810148 -0.742688309017096
    outer loop
      vertex 38.39407703498145 3.2221172170356507 0.8914161541721164
      vertex 38.689994047855826 3.125967951102358 1.1715728752538097
      vertex 38.583896752085 2.849575046096197 1.1715728752538097
    endloop
  endfacet
  facet normal 0.6468199349804216 -0.17331487922636568 -0.742688309017096
    outer loop
      vertex 38.39407703498145 3.2221172170356507 0.8914161541721164
      vertex 38.766619205920904 3.411936934139206 1.1715728752538097
      vertex 38.689994047855826 3.125967951102358 1.1715728752538097
    endloop
  endfacet
  facet normal 0.6468199349804176 -0.17331487922634628 -0.742688309017104
    outer loop
      vertex 38.39407703498145 3.2221172170356507 0.8914161541721164
      vertex 38.46227292239303 3.476627733722939 0.8914161541721164
      vertex 38.766619205920904 3.411936934139206 1.1715728752538097
    endloop
  endfacet
  facet normal 0.6613929256856563 -0.10475434836932952 -0.7426883090171039
    outer loop
      vertex 38.46227292239303 3.476627733722939 0.8914161541721164
      vertex 38.50349163240315 3.736872426482247 0.8914161541721164
      vertex 38.766619205920904 3.411936934139206 1.1715728752538097
    endloop
  endfacet
  facet normal 0.6613929256856598 -0.10475434836932453 -0.7426883090171015
    outer loop
      vertex 38.50349163240315 3.736872426482247 0.8914161541721164
      vertex 38.812932705013615 3.704348859185733 1.1715728752538097
      vertex 38.766619205920904 3.411936934139206 1.1715728752538097
    endloop
  endfacet
  facet normal 0.6942112742370257 -0.2664827408956964 -0.6686237024866246
    outer loop
      vertex 38.583896752085 2.849575046096197 1.1715728752538097
      vertex 38.689994047855826 3.125967951102358 1.1715728752538097
      vertex 38.95643892302446 3.0393947631997524 1.4827184358006504
    endloop
  endfacet
  facet normal 0.6942112742370256 -0.26648274089569585 -0.668623702486625
    outer loop
      vertex 38.83983265205723 2.735625041828306 1.4827184358006504
      vertex 38.583896752085 2.849575046096197 1.1715728752538097
      vertex 38.95643892302446 3.0393947631997524 1.4827184358006504
    endloop
  endfacet
  facet normal 0.7182633436334059 -0.1924580828794606 -0.6686237024866248
    outer loop
      vertex 38.689994047855826 3.125967951102358 1.1715728752538097
      vertex 38.766619205920904 3.411936934139206 1.1715728752538097
      vertex 38.95643892302446 3.0393947631997524 1.4827184358006504
    endloop
  endfacet
  facet normal 0.7344459695306833 -0.11632481383272159 -0.6686237024866207
    outer loop
      vertex 38.766619205920904 3.411936934139206 1.1715728752538097
      vertex 38.812932705013615 3.704348859185733 1.1715728752538097
      vertex 39.09155469826394 3.675064507656959 1.4827184358006504
    endloop
  endfacet
  facet normal 0.755640053662111 -0.290063040033119 -0.587257645423427
    outer loop
      vertex 39.06465475122033 2.6355277941896134 1.8214438599398917
      vertex 38.95643892302446 3.0393947631997524 1.4827184358006504
      vertex 39.190492434677815 2.9633461672910997 1.8214438599398917
    endloop
  endfacet
  facet normal 0.7182633436334169 -0.19245808287944796 -0.6686237024866165
    outer loop
      vertex 38.766619205920904 3.411936934139206 1.1715728752538097
      vertex 39.04065383047641 3.3536890765651517 1.4827184358006504
      vertex 38.95643892302446 3.0393947631997524 1.4827184358006504
    endloop
  endfacet
  facet normal 0.7818204222096317 -0.2094881507572257 -0.5872576454234303
    outer loop
      vertex 38.95643892302446 3.0393947631997524 1.4827184358006504
      vertex 39.04065383047641 3.3536890765651517 1.4827184358006504
      vertex 39.2813744153675 3.3025223367175056 1.8214438599398917
    endloop
  endfacet
  facet normal 0.7818204222096325 -0.20948815075723068 -0.5872576454234273
    outer loop
      vertex 38.95643892302446 3.0393947631997524 1.4827184358006504
      vertex 39.2813744153675 3.3025223367175056 1.8214438599398917
      vertex 39.190492434677815 2.9633461672910997 1.8214438599398917
    endloop
  endfacet
  facet normal 0.8368028586527576 -0.2242206502000673 -0.4994858113844999
    outer loop
      vertex 39.190492434677815 2.9633461672910997 1.8214438599398917
      vertex 39.48614357549208 3.2589973081053665 2.184038001041813
      vertex 39.38959024356337 2.8986553677073665 2.184038001041813
    endloop
  endfacet
  facet normal 0.8368028586527567 -0.22422065020006132 -0.49948581138450404
    outer loop
      vertex 39.190492434677815 2.9633461672910997 1.8214438599398917
      vertex 39.2813744153675 3.3025223367175056 1.8214438599398917
      vertex 39.48614357549208 3.2589973081053665 2.184038001041813
    endloop
  endfacet
  facet normal 0.7344459695306861 -0.11632481383273006 -0.6686237024866164
    outer loop
      vertex 38.766619205920904 3.411936934139206 1.1715728752538097
      vertex 39.09155469826394 3.675064507656959 1.4827184358006504
      vertex 39.04065383047641 3.3536890765651517 1.4827184358006504
    endloop
  endfacet
  facet normal 0.7994350026049808 -0.12661806546343513 -0.5872576454234303
    outer loop
      vertex 39.04065383047641 3.3536890765651517 1.4827184358006504
      vertex 39.09155469826394 3.675064507656959 1.4827184358006504
      vertex 39.2813744153675 3.3025223367175056 1.8214438599398917
    endloop
  endfacet
  facet normal 0.7994350026049823 -0.12661806546343302 -0.5872576454234288
    outer loop
      vertex 39.09155469826394 3.675064507656959 1.4827184358006504
      vertex 39.33630497129068 3.6493402173794185 1.8214438599398917
      vertex 39.2813744153675 3.3025223367175056 1.8214438599398917
    endloop
  endfacet
  facet normal 0.7977274407798478 -0.5180502573444462 -0.3086338625170406
    outer loop
      vertex 39.021129722608194 1.8050207739041104 2.566528201818799
      vertex 39.23401746328995 2.1328391470055967 2.566528201818799
      vertex 39.34606521495123 2.0681483474218636 2.964723819589917
    endloop
  endfacet
  facet normal 0.8475084036872823 -0.4318271003390678 -0.30863386251704045
    outer loop
      vertex 39.34606521495123 2.0681483474218636 2.964723819589917
      vertex 39.23401746328995 2.1328391470055967 2.566528201818799
      vertex 39.52966860410422 2.428490287819863 2.964723819589917
    endloop
  endfacet
  facet normal 0.8530614555687495 -0.32745961246780786 -0.4062712827968025
    outer loop
      vertex 39.255899851608824 2.5503799895719457 2.184038001041813
      vertex 39.55155099242309 2.846031130386213 2.566528201818799
      vertex 39.41147263188224 2.4811145251410176 2.566528201818799
    endloop
  endfacet
  facet normal 0.8530614555687496 -0.327459612467798 -0.40627128279681024
    outer loop
      vertex 39.255899851608824 2.5503799895719457 2.184038001041813
      vertex 39.38959024356337 2.8986553677073665 2.184038001041813
      vertex 39.55155099242309 2.846031130386213 2.566528201818799
    endloop
  endfacet
  facet normal 0.8826171457313277 -0.23649655142457904 -0.4062712827968103
    outer loop
      vertex 39.38959024356337 2.8986553677073665 2.184038001041813
      vertex 39.652717817081125 3.2235908600504075 2.566528201818799
      vertex 39.55155099242309 2.846031130386213 2.566528201818799
    endloop
  endfacet
  facet normal 0.8826171457313275 -0.23649655142457804 -0.40627128279681113
    outer loop
      vertex 39.38959024356337 2.8986553677073665 2.184038001041813
      vertex 39.48614357549208 3.2589973081053665 2.184038001041813
      vertex 39.652717817081125 3.2235908600504075 2.566528201818799
    endloop
  endfacet
  facet normal 0.8556562050352158 -0.13552262914471722 -0.4994858113845038
    outer loop
      vertex 39.2813744153675 3.3025223367175056 1.8214438599398917
      vertex 39.54450198888525 3.627457829060546 2.184038001041813
      vertex 39.48614357549208 3.2589973081053665 2.184038001041813
    endloop
  endfacet
  facet normal 0.9025026977457685 -0.1429423846738454 -0.4062712827968088
    outer loop
      vertex 39.48614357549208 3.2589973081053665 2.184038001041813
      vertex 39.54450198888525 3.627457829060546 2.184038001041813
      vertex 39.71386470095487 3.609657090725948 2.566528201818799
    endloop
  endfacet
  facet normal 0.8556562050352161 -0.13552262914471794 -0.49948581138450326
    outer loop
      vertex 39.2813744153675 3.3025223367175056 1.8214438599398917
      vertex 39.33630497129068 3.6493402173794185 1.8214438599398917
      vertex 39.54450198888525 3.627457829060546 2.184038001041813
    endloop
  endfacet
  facet normal 0.9025026977457679 -0.14294238467384235 -0.4062712827968112
    outer loop
      vertex 39.48614357549208 3.2589973081053665 2.184038001041813
      vertex 39.71386470095487 3.609657090725948 2.566528201818799
      vertex 39.652717817081125 3.2235908600504075 2.566528201818799
    endloop
  endfacet
  facet normal 0.9115331869510651 -0.06211507002247713 -0.40650826210907115
    outer loop
      vertex 39.54450198888525 3.627457829060546 2.184038001041813
      vertex 39.6541818305704 4 2.3730534276967994
      vertex 39.71386470095487 3.609657090725948 2.566528201818799
    endloop
  endfacet
  facet normal 0.8475084036872838 -0.4318271003390599 -0.3086338625170473
    outer loop
      vertex 39.23401746328995 2.1328391470055967 2.566528201818799
      vertex 39.41147263188224 2.4811145251410176 2.566528201818799
      vertex 39.52966860410422 2.428490287819863 2.964723819589917
    endloop
  endfacet
  facet normal 0.8880038871713815 -0.3408727552567453 -0.3086338625170472
    outer loop
      vertex 39.41147263188224 2.4811145251410176 2.566528201818799
      vertex 39.6746002054 2.8060500174840586 2.964723819589917
      vertex 39.52966860410422 2.428490287819863 2.964723819589917
    endloop
  endfacet
  facet normal 0.8880038871713816 -0.3408727552567434 -0.308633862517049
    outer loop
      vertex 39.41147263188224 2.4811145251410176 2.566528201818799
      vertex 39.55155099242309 2.846031130386213 2.566528201818799
      vertex 39.6746002054 2.8060500174840586 2.964723819589917
    endloop
  endfacet
  facet normal 0.9187702142408738 -0.24618373693561926 -0.30863386251704933
    outer loop
      vertex 39.6746002054 2.8060500174840586 2.964723819589917
      vertex 39.55155099242309 2.846031130386213 2.566528201818799
      vertex 39.652717817081125 3.2235908600504075 2.566528201818799
    endloop
  endfacet
  facet normal 0.9187702142408821 -0.24618373693560547 -0.30863386251703534
    outer loop
      vertex 39.6746002054 2.8060500174840586 2.964723819589917
      vertex 39.652717817081125 3.2235908600504075 2.566528201818799
      vertex 39.77927211788588 3.196690913006794 2.964723819589917
    endloop
  endfacet
  facet normal 0.9394703025781234 -0.14879747807535337 -0.3086338625170349
    outer loop
      vertex 39.652717817081125 3.2235908600504075 2.566528201818799
      vertex 39.71386470095487 3.609657090725948 2.566528201818799
      vertex 39.77927211788588 3.196690913006794 2.964723819589917
    endloop
  endfacet
  facet normal 0.9394703025781189 -0.14879747807536292 -0.30863386251704406
    outer loop
      vertex 39.77927211788588 3.196690913006794 2.964723819589917
      vertex 39.71386470095487 3.609657090725948 2.566528201818799
      vertex 39.84253753418468 3.5961330309898614 2.964723819589917
    endloop
  endfacet
  facet normal 0.9489988202323009 -0.06351161439121111 -0.30881631115458125
    outer loop
      vertex 39.71386470095487 3.609657090725948 2.566528201818799
      vertex 39.804226065180615 4 2.76393202250021
      vertex 39.84253753418468 3.5961330309898614 2.964723819589917
    endloop
  endfacet
  facet normal 0.4021889885898386 -0.06370047786248421 -0.9133379804744647
    outer loop
      vertex 37.40214700011052 3.7019644547005726 0.26567829401119303
      vertex 37.42561908968413 3.850161395798599 0.26567829401119303
      vertex 37.806013969120656 3.8101802828964444 0.4359739032465284
    endloop
  endfacet
  facet normal 0.4033431860452874 -0.053370841837640536 -0.9134910111831306
    outer loop
      vertex 37.42561908968413 3.850161395798599 0.26567829401119303
      vertex 37.626946572303204 4 0.34581816942959653
      vertex 37.806013969120656 3.8101802828964444 0.4359739032465284
    endloop
  endfacet
  facet normal 0.43040156284543335 -0.022556390108676577 -0.9023556416211258
    outer loop
      vertex 37.626946572303204 4 0.34581816942959653
      vertex 37.81596199895819 4 0.4359739032465284
      vertex 37.806013969120656 3.8101802828964444 0.4359739032465284
    endloop
  endfacet
  facet normal 0.4770096365855035 -0.024999015750053536 -0.8785424610205783
    outer loop
      vertex 37.806013969120656 3.8101802828964444 0.4359739032465284
      vertex 37.81596199895819 4 0.4359739032465284
      vertex 38 4 0.5358983848622456
    endloop
  endfacet
  facet normal 0.49725906942887843 -0.052282101266737414 -0.8660254036446393
    outer loop
      vertex 37.806013969120656 3.8101802828964444 0.4359739032465284
      vertex 38 4 0.5358983848622456
      vertex 38.16662178157877 3.7722788745372062 0.6453177282183038
    endloop
  endfacet
  facet normal 0.5223027827551571 -0.02737272895755251 -0.8523206772310733
    outer loop
      vertex 38 4 0.5358983848622456
      vertex 38.17855614006011 4 0.6453177282183038
      vertex 38.16662178157877 3.7722788745372062 0.6453177282183038
    endloop
  endfacet
  facet normal 0.5661568585971788 -0.02967102368494313 -0.8237633409037219
    outer loop
      vertex 38.16662178157877 3.7722788745372062 0.6453177282183038
      vertex 38.17855614006011 4 0.6453177282183038
      vertex 38.35114100916989 4 0.7639320225002102
    endloop
  endfacet
  facet normal 0.5854325347825595 -0.05298605799423956 -0.8089877779523609
    outer loop
      vertex 38.50349163240315 3.736872426482247 0.8914161541721164
      vertex 38.16662178157877 3.7722788745372062 0.6453177282183038
      vertex 38.35114100916989 4 0.7639320225002102
    endloop
  endfacet
  facet normal 0.6084518499890379 -0.03188761025859098 -0.7929498890578859
    outer loop
      vertex 38.50349163240315 3.736872426482247 0.8914161541721164
      vertex 38.35114100916989 4 0.7639320225002102
      vertex 38.51728156419935 4 0.8914161541721164
    endloop
  endfacet
  facet normal 0.6490721956656657 -0.03401643236921302 -0.7599658986708697
    outer loop
      vertex 38.50349163240315 3.736872426482247 0.8914161541721164
      vertex 38.51728156419935 4 0.8914161541721164
      vertex 38.67652242543544 4 1.027420698090423
    endloop
  endfacet
  facet normal 0.6670026312227512 -0.05454775708555377 -0.7430558741702148
    outer loop
      vertex 38.50349163240315 3.736872426482247 0.8914161541721164
      vertex 38.67652242543544 4 1.027420698090423
      vertex 38.812932705013615 3.704348859185733 1.1715728752538097
    endloop
  endfacet
  facet normal 0.6879070948126628 -0.036051683192186455 -0.7249028245533412
    outer loop
      vertex 38.812932705013615 3.704348859185733 1.1715728752538097
      vertex 38.67652242543544 4 1.027420698090423
      vertex 38.82842712474619 4 1.1715728752538097
    endloop
  endfacet
  facet normal 0.724850797421116 -0.037987820604388926 -0.6878577229076527
    outer loop
      vertex 38.812932705013615 3.704348859185733 1.1715728752538097
      vertex 38.82842712474619 4 1.1715728752538097
      vertex 38.972579301909576 4 1.323477574564567
    endloop
  endfacet
  facet normal 0.7411325151274174 -0.056479601976775144 -0.6689788110108223
    outer loop
      vertex 38.812932705013615 3.704348859185733 1.1715728752538097
      vertex 38.972579301909576 4 1.323477574564567
      vertex 39.09155469826394 3.675064507656959 1.4827184358006504
    endloop
  endfacet
  facet normal 0.7598028769455388 -0.03981958147357775 -0.6489329619587461
    outer loop
      vertex 39.09155469826394 3.675064507656959 1.4827184358006504
      vertex 38.972579301909576 4 1.323477574564567
      vertex 39.10858384582788 4 1.4827184358006504
    endloop
  endfacet
  facet normal 0.7926684849484319 -0.04154199500379616 -0.6082359210213272
    outer loop
      vertex 39.09155469826394 3.675064507656959 1.4827184358006504
      vertex 39.10858384582788 4 1.4827184358006504
      vertex 39.236067977499786 4 1.6488589908301075
    endloop
  endfacet
  facet normal 0.807046211778765 -0.05849594275230738 -0.5875837274253464
    outer loop
      vertex 39.09155469826394 3.675064507656959 1.4827184358006504
      vertex 39.236067977499786 4 1.6488589908301075
      vertex 39.33630497129068 3.6493402173794185 1.8214438599398917
    endloop
  endfacet
  facet normal 0.8233585875476431 -0.04315039512699177 -0.5658786793226397
    outer loop
      vertex 39.33630497129068 3.6493402173794185 1.8214438599398917
      vertex 39.236067977499786 4 1.6488589908301075
      vertex 39.3546822717817 4 1.8214438599398917
    endloop
  endfacet
  facet normal 0.8640477596499313 -0.06041510022978822 -0.4997714324650412
    outer loop
      vertex 39.33630497129068 3.6493402173794185 1.8214438599398917
      vertex 39.46410161513776 4 2
      vertex 39.54450198888525 3.627457829060546 2.184038001041813
    endloop
  endfacet
  facet normal 0.8517901836020155 -0.04464043193767385 -0.5219776958411754
    outer loop
      vertex 39.33630497129068 3.6493402173794185 1.8214438599398917
      vertex 39.3546822717817 4 1.8214438599398917
      vertex 39.46410161513776 4 2
    endloop
  endfacet
  facet normal 0.8778865046759824 -0.04600808217262332 -0.4766534813494849
    outer loop
      vertex 39.54450198888525 3.627457829060546 2.184038001041813
      vertex 39.46410161513776 4 2
      vertex 39.56402609675347 4 2.184038001041813
    endloop
  endfacet
  facet normal 0.9015771969132258 -0.04724965874245533 -0.4300302637661817
    outer loop
      vertex 39.54450198888525 3.627457829060546 2.184038001041813
      vertex 39.56402609675347 4 2.184038001041813
      vertex 39.6541818305704 4 2.3730534276967994
    endloop
  endfacet
  facet normal 0.92279848502105 -0.04836181932570345 -0.38223564783306513
    outer loop
      vertex 39.71386470095487 3.609657090725948 2.566528201818799
      vertex 39.6541818305704 4 2.3730534276967994
      vertex 39.734321705988805 4 2.566528201818799
    endloop
  endfacet
  facet normal 0.9414933186221631 -0.049341574038803675 -0.3334002700376823
    outer loop
      vertex 39.71386470095487 3.609657090725948 2.566528201818799
      vertex 39.734321705988805 4 2.566528201818799
      vertex 39.804226065180615 4 2.76393202250021
    endloop
  endfacet
  facet normal 0.9576115012667953 -0.05018629219728729 -0.2836574496061102
    outer loop
      vertex 39.84253753418468 3.5961330309898614 2.964723819589917
      vertex 39.804226065180615 4 2.76393202250021
      vertex 39.86370330515627 4 2.964723819589917
    endloop
  endfacet
  facet normal 0.382683432365086 0 -0.9238795325112884
    outer loop
      vertex 37.4334717981812 4 0.26567829401119303
      vertex 37.626946572303204 36 0.34581816942959653
      vertex 37.626946572303204 4 0.34581816942959653
    endloop
  endfacet
  facet normal 0.43051109680830063 0 -0.902585284349858
    outer loop
      vertex 37.626946572303204 4 0.34581816942959653
      vertex 37.626946572303204 36 0.34581816942959653
      vertex 37.81596199895819 4 0.4359739032465284
    endloop
  endfacet
  facet normal 0.47715876025960935 0 -0.8788171126619649
    outer loop
      vertex 37.81596199895819 4 0.4359739032465284
      vertex 37.81596199895819 36 0.4359739032465284
      vertex 38 4 0.5358983848622456
    endloop
  endfacet
  facet normal 0.522498564715945 0 -0.8526401643540945
    outer loop
      vertex 38 4 0.5358983848622456
      vertex 38 36 0.5358983848622456
      vertex 38.17855614006011 4 0.6453177282183038
    endloop
  endfacet
  facet normal 0.5664062369248337 0 -0.824126188622015
    outer loop
      vertex 38.17855614006011 4 0.6453177282183038
      vertex 38.35114100916989 36 0.7639320225002102
      vertex 38.35114100916989 4 0.7639320225002102
    endloop
  endfacet
  facet normal 0.6087614290087203 0 -0.7933533402912354
    outer loop
      vertex 38.35114100916989 4 0.7639320225002102
      vertex 38.51728156419935 36 0.8914161541721164
      vertex 38.51728156419935 4 0.8914161541721164
    endloop
  endfacet
  facet normal 0.6494480483301778 0 -0.760405965600036
    outer loop
      vertex 38.51728156419935 4 0.8914161541721164
      vertex 38.67652242543544 36 1.027420698090423
      vertex 38.67652242543544 4 1.027420698090423
    endloop
  endfacet
  facet normal 0.6883545756937586 0 -0.7253743710122832
    outer loop
      vertex 38.67652242543544 4 1.027420698090423
      vertex 38.67652242543544 36 1.027420698090423
      vertex 38.82842712474619 4 1.1715728752538097
    endloop
  endfacet
  facet normal 0.7253743710122936 0 -0.6883545756937478
    outer loop
      vertex 38.82842712474619 4 1.1715728752538097
      vertex 38.82842712474619 36 1.1715728752538097
      vertex 38.972579301909576 4 1.323477574564567
    endloop
  endfacet
  facet normal 0.7604059656000378 0 -0.6494480483301757
    outer loop
      vertex 38.972579301909576 4 1.323477574564567
      vertex 39.10858384582788 36 1.4827184358006504
      vertex 39.10858384582788 4 1.4827184358006504
    endloop
  endfacet
  facet normal 0.7933533402912347 0 -0.6087614290087214
    outer loop
      vertex 39.10858384582788 4 1.4827184358006504
      vertex 39.10858384582788 36 1.4827184358006504
      vertex 39.236067977499786 4 1.6488589908301075
    endloop
  endfacet
  facet normal 0.8241261886220038 0 -0.5664062369248499
    outer loop
      vertex 39.236067977499786 4 1.6488589908301075
      vertex 39.3546822717817 36 1.8214438599398917
      vertex 39.3546822717817 4 1.8214438599398917
    endloop
  endfacet
  facet normal 0.852640164354091 0 -0.5224985647159509
    outer loop
      vertex 39.3546822717817 4 1.8214438599398917
      vertex 39.3546822717817 36 1.8214438599398917
      vertex 39.46410161513776 4 2
    endloop
  endfacet
  facet normal 0.8788171126619675 0 -0.4771587602596044
    outer loop
      vertex 39.46410161513776 4 2
      vertex 39.46410161513776 36 2
      vertex 39.56402609675347 4 2.184038001041813
    endloop
  endfacet
  facet normal 0.9025852843498677 0 -0.43051109680828026
    outer loop
      vertex 39.56402609675347 4 2.184038001041813
      vertex 39.56402609675347 36 2.184038001041813
      vertex 39.6541818305704 4 2.3730534276967994
    endloop
  endfacet
  facet normal 0.9238795325112864 0 -0.38268343236509045
    outer loop
      vertex 39.6541818305704 4 2.3730534276967994
      vertex 39.6541818305704 36 2.3730534276967994
      vertex 39.734321705988805 4 2.566528201818799
    endloop
  endfacet
  facet normal 0.9426414910921745 0 -0.33380685923378184
    outer loop
      vertex 39.734321705988805 4 2.566528201818799
      vertex 39.734321705988805 36 2.566528201818799
      vertex 39.804226065180615 4 2.76393202250021
    endloop
  endfacet
  facet normal 0.9588197348681962 0 -0.2840153447039118
    outer loop
      vertex 39.804226065180615 4 2.76393202250021
      vertex 39.804226065180615 36 2.76393202250021
      vertex 39.86370330515627 4 2.964723819589917
    endloop
  endfacet
  facet normal 0 -1 0
    outer loop
      vertex 4 0 4
      vertex 36 0 4
      vertex 60 0 75
    endloop
  endfacet
  facet normal 0.31861744198791275 -0.9421031114431841 -0.10452106519812247
    outer loop
      vertex 37.220849929559556 0.24261027043298888 3.3742621398390766
      vertex 60 0 75
      vertex 37.23437398929564 0.20098749442746033 3.7906561750282246
    endloop
  endfacet
  facet normal 0.3559344884567785 -0.9272410436261312 -0.11633867345871961
    outer loop
      vertex 37.220849929559556 0.24261027043298888 3.3742621398390766
      vertex 37.606916160235095 0.3908072115310155 3.3742621398390766
      vertex 60 0 75
    endloop
  endfacet
  facet normal 0.05594147170155062 -0.9982549631547344 -0.01890979325122838
    outer loop
      vertex 36 0 4
      vertex 36.417540842566346 0.027364249300577015 3.7906561750282246
      vertex 60 0 75
    endloop
  endfacet
  facet normal 0.15622188333346845 -0.9863461525220809 -0.052115166435809164
    outer loop
      vertex 36.417540842566346 0.027364249300577015 3.7906561750282246
      vertex 36.8305070202855 0.09277166623158806 3.7906561750282246
      vertex 60 0 75
    endloop
  endfacet
  facet normal 0.25787882441171533 -0.9624168749006518 -0.08516026553795591
    outer loop
      vertex 36.8305070202855 0.09277166623158806 3.7906561750282246
      vertex 37.23437398929564 0.20098749442746033 3.7906561750282246
      vertex 60 0 75
    endloop
  endfacet
  facet normal 0.02617694830787397 0 -0.9996573249755571
    outer loop
      vertex 36.209343824971775 4 0.005481860981704667
      vertex 36 36 0
      vertex 36.209343824971775 36 0.005481860981704667
    endloop
  endfacet
  facet normal 0.07845909572784451 0 -0.996917333733128
    outer loop
      vertex 36.209343824971775 4 0.005481860981704667
      vertex 36.209343824971775 36 0.005481860981704667
      vertex 36.418113853070615 36 0.02191241852690684
    endloop
  endfacet
  facet normal 0.13052619222004982 0 -0.9914448613738107
    outer loop
      vertex 36.418113853070615 4 0.02191241852690684
      vertex 36.418113853070615 36 0.02191241852690684
      vertex 36.625737860160925 36 0.04924663761944892
    endloop
  endfacet
  facet normal 0.1822355254921474 0 -0.9832549075639545
    outer loop
      vertex 36.625737860160925 4 0.04924663761944892
      vertex 36.625737860160925 36 0.04924663761944892
      vertex 36.83164676327104 36 0.08740959706477724
    endloop
  endfacet
  facet normal 0.23344536385591105 0 -0.9723699203976753
    outer loop
      vertex 37.03527618041008 4 0.13629669484372675
      vertex 36.83164676327104 36 0.08740959706477724
      vertex 37.03527618041008 36 0.13629669484372675
    endloop
  endfacet
  facet normal 0.28401534470392353 0 -0.9588197348681927
    outer loop
      vertex 37.03527618041008 4 0.13629669484372675
      vertex 37.03527618041008 36 0.13629669484372675
      vertex 37.236067977499786 36 0.19577393481938588
    endloop
  endfacet
  facet normal 0.3338068592337639 0 -0.942641491092181
    outer loop
      vertex 37.4334717981812 4 0.26567829401119303
      vertex 37.236067977499786 36 0.19577393481938588
      vertex 37.4334717981812 36 0.26567829401119303
    endloop
  endfacet
  facet normal 0.382683432365086 0 -0.9238795325112884
    outer loop
      vertex 37.4334717981812 4 0.26567829401119303
      vertex 37.4334717981812 36 0.26567829401119303
      vertex 37.626946572303204 36 0.34581816942959653
    endloop
  endfacet
  facet normal 0.43051109680830063 0 -0.902585284349858
    outer loop
      vertex 37.81596199895819 4 0.4359739032465284
      vertex 37.626946572303204 36 0.34581816942959653
      vertex 37.81596199895819 36 0.4359739032465284
    endloop
  endfacet
  facet normal 0.47715876025960935 0 -0.8788171126619649
    outer loop
      vertex 38 4 0.5358983848622456
      vertex 37.81596199895819 36 0.4359739032465284
      vertex 38 36 0.5358983848622456
    endloop
  endfacet
  facet normal 0.522498564715945 0 -0.8526401643540945
    outer loop
      vertex 38.17855614006011 4 0.6453177282183038
      vertex 38 36 0.5358983848622456
      vertex 38.17855614006011 36 0.6453177282183038
    endloop
  endfacet
  facet normal 0.5664062369248337 0 -0.824126188622015
    outer loop
      vertex 38.17855614006011 4 0.6453177282183038
      vertex 38.17855614006011 36 0.6453177282183038
      vertex 38.35114100916989 36 0.7639320225002102
    endloop
  endfacet
  facet normal 0.6087614290087203 0 -0.7933533402912354
    outer loop
      vertex 38.35114100916989 4 0.7639320225002102
      vertex 38.35114100916989 36 0.7639320225002102
      vertex 38.51728156419935 36 0.8914161541721164
    endloop
  endfacet
  facet normal 0.6494480483301778 0 -0.760405965600036
    outer loop
      vertex 38.51728156419935 4 0.8914161541721164
      vertex 38.51728156419935 36 0.8914161541721164
      vertex 38.67652242543544 36 1.027420698090423
    endloop
  endfacet
  facet normal 0.6883545756937586 0 -0.7253743710122832
    outer loop
      vertex 38.82842712474619 4 1.1715728752538097
      vertex 38.67652242543544 36 1.027420698090423
      vertex 38.82842712474619 36 1.1715728752538097
    endloop
  endfacet
  facet normal 0.7253743710122936 0 -0.6883545756937478
    outer loop
      vertex 38.972579301909576 4 1.323477574564567
      vertex 38.82842712474619 36 1.1715728752538097
      vertex 38.972579301909576 36 1.323477574564567
    endloop
  endfacet
  facet normal 0.7604059656000378 0 -0.6494480483301757
    outer loop
      vertex 38.972579301909576 4 1.323477574564567
      vertex 38.972579301909576 36 1.323477574564567
      vertex 39.10858384582788 36 1.4827184358006504
    endloop
  endfacet
  facet normal 0.7933533402912347 0 -0.6087614290087214
    outer loop
      vertex 39.236067977499786 4 1.6488589908301075
      vertex 39.10858384582788 36 1.4827184358006504
      vertex 39.236067977499786 36 1.6488589908301075
    endloop
  endfacet
  facet normal 0.8241261886220038 0 -0.5664062369248499
    outer loop
      vertex 39.236067977499786 4 1.6488589908301075
      vertex 39.236067977499786 36 1.6488589908301075
      vertex 39.3546822717817 36 1.8214438599398917
    endloop
  endfacet
  facet normal 0.852640164354091 0 -0.5224985647159509
    outer loop
      vertex 39.46410161513776 4 2
      vertex 39.3546822717817 36 1.8214438599398917
      vertex 39.46410161513776 36 2
    endloop
  endfacet
  facet normal 0.8788171126619675 0 -0.4771587602596044
    outer loop
      vertex 39.56402609675347 4 2.184038001041813
      vertex 39.46410161513776 36 2
      vertex 39.56402609675347 36 2.184038001041813
    endloop
  endfacet
  facet normal 0.9025852843498677 0 -0.43051109680828026
    outer loop
      vertex 39.6541818305704 4 2.3730534276967994
      vertex 39.56402609675347 36 2.184038001041813
      vertex 39.6541818305704 36 2.3730534276967994
    endloop
  endfacet
  facet normal 0.9238795325112864 0 -0.38268343236509045
    outer loop
      vertex 39.734321705988805 4 2.566528201818799
      vertex 39.6541818305704 36 2.3730534276967994
      vertex 39.734321705988805 36 2.566528201818799
    endloop
  endfacet
  facet normal 0.9426414910921745 0 -0.33380685923378184
    outer loop
      vertex 39.804226065180615 4 2.76393202250021
      vertex 39.734321705988805 36 2.566528201818799
      vertex 39.804226065180615 36 2.76393202250021
    endloop
  endfacet
  facet normal 0.9588197348681962 0 -0.2840153447039118
    outer loop
      vertex 39.86370330515627 4 2.964723819589917
      vertex 39.804226065180615 36 2.76393202250021
      vertex 39.86370330515627 36 2.964723819589917
    endloop
  endfacet
  facet normal 0.4491765481702792 -0.8815586122655351 -0.14524063382640784
    outer loop
      vertex 37.606916160235095 0.3908072115310155 3.3742621398390766
      vertex 37.975376681190276 0.5785472240916549 3.3742621398390766
      vertex 60 0 75
    endloop
  endfacet
  facet normal 0.5365543637777704 -0.8262212659632052 -0.17166197709798897
    outer loop
      vertex 37.975376681190276 0.5785472240916549 3.3742621398390766
      vertex 38.322194561852186 0.8037733892501691 3.3742621398390766
      vertex 60 0 75
    endloop
  endfacet
  facet normal 0.6171956914819066 -0.7621732044366955 -0.19534964769579247
    outer loop
      vertex 38.322194561852186 0.8037733892501691 3.3742621398390766
      vertex 38.643569992943995 1.064018082009477 3.3742621398390766
      vertex 60 0 75
    endloop
  endfacet
  facet normal 0.6613641449328286 -0.7206760060045989 -0.2079027709448047
    outer loop
      vertex 38.58532213536994 1.12870888159321 2.964723819589917
      vertex 60 0 75
      vertex 38.643569992943995 1.064018082009477 3.3742621398390766
    endloop
  endfacet
  facet normal 0.6904047230015051 -0.6904047230014977 -0.21606165072599112
    outer loop
      vertex 38.58532213536994 1.12870888159321 2.964723819589917
      vertex 38.87129111840679 1.4146778646300584 2.964723819589917
      vertex 60 0 75
    endloop
  endfacet
  facet normal 0.7556346778231083 -0.6119008970296104 -0.23365257517417887
    outer loop
      vertex 38.87129111840679 1.4146778646300584 2.964723819589917
      vertex 39.12580163509408 1.7289721779954577 2.964723819589917
      vertex 60 0 75
    endloop
  endfacet
  facet normal 0.8124504660418639 -0.527611501744443 -0.24809341679160254
    outer loop
      vertex 39.12580163509408 1.7289721779954577 2.964723819589917
      vertex 39.34606521495123 2.0681483474218636 2.964723819589917
      vertex 60 0 75
    endloop
  endfacet
  facet normal 0.8605268890898048 -0.4384603499655247 -0.2593183268909707
    outer loop
      vertex 39.34606521495123 2.0681483474218636 2.964723819589917
      vertex 39.52966860410422 2.428490287819863 2.964723819589917
      vertex 60 0 75
    endloop
  endfacet
  facet normal 0.8996141669982789 -0.34532952411898854 -0.2672861206792185
    outer loop
      vertex 39.52966860410422 2.428490287819863 2.964723819589917
      vertex 39.6746002054 2.8060500174840586 2.964723819589917
      vertex 60 0 75
    endloop
  endfacet
  facet normal 0.9295151410471116 -0.24906283139606608 -0.2719729923745061
    outer loop
      vertex 39.6746002054 2.8060500174840586 2.964723819589917
      vertex 39.77927211788588 3.196690913006794 2.964723819589917
      vertex 60 0 75
    endloop
  endfacet
  facet normal 0.9500670834500022 -0.15047584328299796 -0.273367074705564
    outer loop
      vertex 39.77927211788588 3.196690913006794 2.964723819589917
      vertex 39.84253753418468 3.5961330309898614 2.964723819589917
      vertex 60 0 75
    endloop
  endfacet
  facet normal 0.9611292693086393 -0.050370650608393165 -0.2714651455261398
    outer loop
      vertex 39.84253753418468 3.5961330309898614 2.964723819589917
      vertex 39.86370330515627 4 2.964723819589917
      vertex 60 0 75
    endloop
  endfacet
  facet normal 0 -1 0
    outer loop
      vertex 4 0 4
      vertex 60 0 75
      vertex 60 0 80
    endloop
  endfacet
  facet normal 0 0 1
    outer loop
      vertex 0 0 80
      vertex 60 0 80
      vertex 31.625 27.185417437700576 80
    endloop
  endfacet
  facet normal 0 0 1
    outer loop
      vertex 60 0 80
      vertex 31.91030206995054 27.37069476828142 80
      vertex 31.625 27.185417437700576 80
    endloop
  endfacet
  facet normal 0 0 1
    outer loop
      vertex 60 0 80
      vertex 32.17467447066629 27.584779317198468 80
      vertex 31.91030206995054 27.37069476828142 80
    endloop
  endfacet
  facet normal 0 0 1
    outer loop
      vertex 60 0 80
      vertex 32.41522068280153 27.82532552933371 80
      vertex 32.17467447066629 27.584779317198468 80
    endloop
  endfacet
  facet normal 0 0 1
    outer loop
      vertex 60 0 80
      vertex 32.629305231718575 28.08969793004946 80
      vertex 32.41522068280153 27.82532552933371 80
    endloop
  endfacet
  facet normal 0 0 1
    outer loop
      vertex 60 0 80
      vertex 32.81458256229943 28.375 80
      vertex 32.629305231718575 28.08969793004946 80
    endloop
  endfacet
  facet normal 0 0 1
    outer loop
      vertex 60 0 80
      vertex 32.969022737338456 28.678105910003648 80
      vertex 32.81458256229943 28.375 80
    endloop
  endfacet
  facet normal 0 0 1
    outer loop
      vertex 60 0 80
      vertex 33.09093367795925 28.99569476828142 80
      vertex 32.969022737338456 28.678105910003648 80
    endloop
  endfacet
  facet normal 0 0 1
    outer loop
      vertex 60 0 80
      vertex 33.178979702384865 29.324287004842283 80
      vertex 33.09093367795925 28.99569476828142 80
    endloop
  endfacet
  facet normal 0 0 1
    outer loop
      vertex 60 0 80
      vertex 33.23219615994689 29.660282494380127 80
      vertex 33.178979702384865 29.324287004842283 80
    endloop
  endfacet
  facet normal 0 0 1
    outer loop
      vertex 60 0 80
      vertex 33.25 30 80
      vertex 33.23219615994689 29.660282494380127 80
    endloop
  endfacet
  facet normal 0 0 1
    outer loop
      vertex 60 0 80
      vertex 33.23219615994689 30.339717505619873 80
      vertex 33.25 30 80
    endloop
  endfacet
  facet normal 0 0 1
    outer loop
      vertex 60 0 80
      vertex 33.178979702384865 30.675712995157717 80
      vertex 33.23219615994689 30.339717505619873 80
    endloop
  endfacet
  facet normal 0 0 1
    outer loop
      vertex 60 0 80
      vertex 33.09093367795925 31.00430523171858 80
      vertex 33.178979702384865 30.675712995157717 80
    endloop
  endfacet
  facet normal 0 0 1
    outer loop
      vertex 60 0 80
      vertex 32.81458256229943 31.625 80
      vertex 32.969022737338456 31.321894089996352 80
    endloop
  endfacet
  facet normal 0 0 1
    outer loop
      vertex 60 0 80
      vertex 32.969022737338456 31.321894089996352 80
      vertex 33.09093367795925 31.00430523171858 80
    endloop
  endfacet
  facet normal 0.9630804990847986 0 -0.2692135811629407
    outer loop
      vertex 39.86370330515627 4 2.964723819589917
      vertex 60 60 75
      vertex 60 0 75
    endloop
  endfacet
  facet normal 1 0 0
    outer loop
      vertex 60 0 75
      vertex 60 60 75
      vertex 60 0 80
    endloop
  endfacet
  facet normal 0.0013718744382627264 0.026176923674837364 -0.9996563842778413
    outer loop
      vertex 36 36 0
      vertex 36 36.209343824971775 0.005481860981704667
      vertex 36.02188238831887 36.20819701759457 0.005481860981704667
    endloop
  endfacet
  facet normal 0.004100592771350811 0.02589012382118272 -0.9996563842778415
    outer loop
      vertex 36 36 0
      vertex 36.02188238831887 36.20819701759457 0.005481860981704667
      vertex 36.04352502861214 36.20476916012458 0.005481860981704667
    endloop
  endfacet
  facet normal 0.014276539951755226 0.021983943676204525 -0.9996563842778413
    outer loop
      vertex 36 36 0
      vertex 36.10467191248589 36.18129707055096 0.005481860981704667
      vertex 36.12304921297691 36.16936271206962 0.005481860981704667
    endloop
  endfacet
  facet normal 0.011900383723081002 0.023355818114466263 -0.9996563842778414
    outer loop
      vertex 36 36 0
      vertex 36.08514780461767 36.19124510038849 0.005481860981704667
      vertex 36.10467191248589 36.18129707055096 0.005481860981704667
    endloop
  endfacet
  facet normal 0.016496279421159152 0.020371208550590488 -0.9996563842778415
    outer loop
      vertex 36 36 0
      vertex 36.12304921297691 36.16936271206962 0.005481860981704667
      vertex 36.14007836054085 36.15557278027342 0.005481860981704667
    endloop
  endfacet
  facet normal 0.009393844400027253 0.024471801321943643 -0.9996563842778414
    outer loop
      vertex 36 36 0
      vertex 36.06469079958373 36.19909780888556 0.005481860981704667
      vertex 36.08514780461767 36.19124510038849 0.005481860981704667
    endloop
  endfacet
  facet normal 0.0067843841519301925 0.025319666353087137 -0.9996563842778415
    outer loop
      vertex 36 36 0
      vertex 36.04352502861214 36.20476916012458 0.005481860981704667
      vertex 36.06469079958373 36.19909780888556 0.005481860981704667
    endloop
  endfacet
  facet normal 0.01256442100704297 0.07932863216423573 -0.996769333117602
    outer loop
      vertex 36.02188238831887 36.20819701759457 0.005481860981704667
      vertex 36 36.418113853070615 0.02191241852690684
      vertex 36.04352502861214 36.20476916012458 0.005481860981704667
    endloop
  endfacet
  facet normal 0.004111832211508629 0.07845843246463631 -0.9969089061750107
    outer loop
      vertex 36 36.209343824971775 0.005481860981704667
      vertex 36 36.418113853070615 0.02191241852690684
      vertex 36.02188238831887 36.20819701759457 0.005481860981704667
    endloop
  endfacet
  facet normal 0.04539815347034199 0.08909889293144735 -0.9949876355713541
    outer loop
      vertex 36.08514780461767 36.19124510038849 0.005481860981704667
      vertex 36 36.418113853070615 0.02191241852690684
      vertex 36.10467191248589 36.18129707055096 0.005481860981704667
    endloop
  endfacet
  facet normal 0.032347504962001374 0.08426813144662984 -0.9959179288200543
    outer loop
      vertex 36.08514780461767 36.19124510038849 0.005481860981704667
      vertex 36.06469079958373 36.19909780888556 0.005481860981704667
      vertex 36 36.418113853070615 0.02191241852690684
    endloop
  endfacet
  facet normal 0.02175193949415293 0.08117934335540233 -0.996462125391943
    outer loop
      vertex 36.04352502861214 36.20476916012458 0.005481860981704667
      vertex 36 36.418113853070615 0.02191241852690684
      vertex 36.06469079958373 36.19909780888556 0.005481860981704667
    endloop
  endfacet
  facet normal 0.006840427830128964 0.13052313842923888 -0.9914216655296991
    outer loop
      vertex 36 36.418113853070615 0.02191241852690684
      vertex 36 36.625737860160925 0.04924663761944892
      vertex 36.06540741693101 36.62231000269093 0.04924663761944892
    endloop
  endfacet
  facet normal 0.02001225780050982 0.1263524229999886 -0.9917835321983108
    outer loop
      vertex 36 36.418113853070615 0.02191241852690684
      vertex 36.06540741693101 36.62231000269093 0.04924663761944892
      vertex 36.130098216514746 36.61206398660471 0.04924663761944892
    endloop
  endfacet
  facet normal 0.026176923674837364 0.0013718744382627264 -0.9996563842778413
    outer loop
      vertex 36 36 0
      vertex 36.20819701759457 36.02188238831887 0.005481860981704667
      vertex 36.209343824971775 36 0.005481860981704667
    endloop
  endfacet
  facet normal 0.02589012382118272 0.004100592771350811 -0.9996563842778415
    outer loop
      vertex 36 36 0
      vertex 36.20476916012458 36.04352502861214 0.005481860981704667
      vertex 36.20819701759457 36.02188238831887 0.005481860981704667
    endloop
  endfacet
  facet normal 0.020371208550590488 0.016496279421159152 -0.9996563842778415
    outer loop
      vertex 36 36 0
      vertex 36.15557278027342 36.14007836054085 0.005481860981704667
      vertex 36.16936271206962 36.12304921297691 0.005481860981704667
    endloop
  endfacet
  facet normal 0.024471801321943643 0.009393844400027253 -0.9996563842778414
    outer loop
      vertex 36 36 0
      vertex 36.19124510038849 36.08514780461767 0.005481860981704667
      vertex 36.19909780888556 36.06469079958373 0.005481860981704667
    endloop
  endfacet
  facet normal 0.023355818114466263 0.011900383723081002 -0.9996563842778414
    outer loop
      vertex 36 36 0
      vertex 36.18129707055096 36.10467191248589 0.005481860981704667
      vertex 36.19124510038849 36.08514780461767 0.005481860981704667
    endloop
  endfacet
  facet normal 0.021983943676204525 0.014276539951755226 -0.9996563842778413
    outer loop
      vertex 36 36 0
      vertex 36.16936271206962 36.12304921297691 0.005481860981704667
      vertex 36.18129707055096 36.10467191248589 0.005481860981704667
    endloop
  endfacet
  facet normal 0.025319666353087137 0.0067843841519301925 -0.9996563842778415
    outer loop
      vertex 36 36 0
      vertex 36.19909780888556 36.06469079958373 0.005481860981704667
      vertex 36.20476916012458 36.04352502861214 0.005481860981704667
    endloop
  endfacet
  facet normal 0.08426813144662984 0.032347504962001374 -0.9959179288200543
    outer loop
      vertex 36.19909780888556 36.06469079958373 0.005481860981704667
      vertex 36.19124510038849 36.08514780461767 0.005481860981704667
      vertex 36.418113853070615 36 0.02191241852690684
    endloop
  endfacet
  facet normal 0.08909889293144735 0.04539815347034199 -0.9949876355713541
    outer loop
      vertex 36.19124510038849 36.08514780461767 0.005481860981704667
      vertex 36.18129707055096 36.10467191248589 0.005481860981704667
      vertex 36.418113853070615 36 0.02191241852690684
    endloop
  endfacet
  facet normal 0.07932863216423573 0.01256442100704297 -0.996769333117602
    outer loop
      vertex 36.20819701759457 36.02188238831887 0.005481860981704667
      vertex 36.20476916012458 36.04352502861214 0.005481860981704667
      vertex 36.418113853070615 36 0.02191241852690684
    endloop
  endfacet
  facet normal 0.07845843246463631 0.004111832211508629 -0.9969089061750107
    outer loop
      vertex 36.209343824971775 36 0.005481860981704667
      vertex 36.20819701759457 36.02188238831887 0.005481860981704667
      vertex 36.418113853070615 36 0.02191241852690684
    endloop
  endfacet
  facet normal 0.08117934335540233 0.02175193949415293 -0.996462125391943
    outer loop
      vertex 36.20476916012458 36.04352502861214 0.005481860981704667
      vertex 36.19909780888556 36.06469079958373 0.005481860981704667
      vertex 36.418113853070615 36 0.02191241852690684
    endloop
  endfacet
  facet normal 0.13052313842923888 0.006840427830128964 -0.9914216655296991
    outer loop
      vertex 36.418113853070615 36 0.02191241852690684
      vertex 36.62231000269093 36.06540741693101 0.04924663761944892
      vertex 36.625737860160925 36 0.04924663761944892
    endloop
  endfacet
  facet normal 0.1263524229999886 0.02001225780050982 -0.9917835321983108
    outer loop
      vertex 36.418113853070615 36 0.02191241852690684
      vertex 36.61206398660471 36.130098216514746 0.04924663761944892
      vertex 36.62231000269093 36.06540741693101 0.04924663761944892
    endloop
  endfacet
  facet normal 0.018535282201151138 0.018535282201151138 -0.9996563842778414
    outer loop
      vertex 36 36 0
      vertex 36.14007836054085 36.15557278027342 0.005481860981704667
      vertex 36.15557278027342 36.14007836054085 0.005481860981704667
    endloop
  endfacet
  facet normal 0.05700755402810105 0.08778393512062986 -0.9945069730869011
    outer loop
      vertex 36.12304921297691 36.16936271206962 0.005481860981704667
      vertex 36.10467191248589 36.18129707055096 0.005481860981704667
      vertex 36.36779948600364 36.506232562894 0.04924663761944892
    endloop
  endfacet
  facet normal 0.08778393512063 0.057007554028101134 -0.9945069730869011
    outer loop
      vertex 36.16936271206962 36.12304921297691 0.005481860981704667
      vertex 36.541904883009074 36.31286893008046 0.04924663761944892
      vertex 36.18129707055096 36.10467191248589 0.005481860981704667
    endloop
  endfacet
  facet normal 0.08134413352184085 0.06587118052009099 -0.9945069730869012
    outer loop
      vertex 36.16936271206962 36.12304921297691 0.005481860981704667
      vertex 36.15557278027342 36.14007836054085 0.005481860981704667
      vertex 36.465013852883885 36.41870035379117 0.04924663761944892
    endloop
  endfacet
  facet normal 0.07401310857385221 0.07401310857385221 -0.9945069730869012
    outer loop
      vertex 36.14007836054085 36.15557278027342 0.005481860981704667
      vertex 36.465013852883885 36.41870035379117 0.04924663761944892
      vertex 36.15557278027342 36.14007836054085 0.005481860981704667
    endloop
  endfacet
  facet normal 0.06587118052009099 0.08134413352184085 -0.9945069730869012
    outer loop
      vertex 36.12304921297691 36.16936271206962 0.005481860981704667
      vertex 36.41870035379117 36.465013852883885 0.04924663761944892
      vertex 36.14007836054085 36.15557278027342 0.005481860981704667
    endloop
  endfacet
  facet normal 0.05071703130318784 0.0914173885343828 -0.9945203083946276
    outer loop
      vertex 36 36.418113853070615 0.02191241852690684
      vertex 36.31286893008046 36.541904883009074 0.04924663761944892
      vertex 36.10467191248589 36.18129707055096 0.005481860981704667
    endloop
  endfacet
  facet normal 0.04148528840393117 0.10807287116677292 -0.9932770134075452
    outer loop
      vertex 36 36.418113853070615 0.02191241852690684
      vertex 36.193363632813536 36.59511206939863 0.04924663761944892
      vertex 36.25451051668729 36.571639979825015 0.04924663761944892
    endloop
  endfacet
  facet normal 0.031767869447863466 0.1185593028276476 -0.9924386601618085
    outer loop
      vertex 36 36.418113853070615 0.02191241852690684
      vertex 36.130098216514746 36.61206398660471 0.04924663761944892
      vertex 36.193363632813536 36.59511206939863 0.04924663761944892
    endloop
  endfacet
  facet normal 0.048891950361326514 0.09595585541376654 -0.9941841132313863
    outer loop
      vertex 36 36.418113853070615 0.02191241852690684
      vertex 36.25451051668729 36.571639979825015 0.04924663761944892
      vertex 36.31286893008046 36.541904883009074 0.04924663761944892
    endloop
  endfacet
  facet normal 0.057007554028100184 0.08778393512063047 -0.9945069730869011
    outer loop
      vertex 36.10467191248589 36.18129707055096 0.005481860981704667
      vertex 36.31286893008046 36.541904883009074 0.04924663761944892
      vertex 36.36779948600364 36.506232562894 0.04924663761944892
    endloop
  endfacet
  facet normal 0.06587118052007851 0.08134413352185323 -0.9945069730869011
    outer loop
      vertex 36.12304921297691 36.16936271206962 0.005481860981704667
      vertex 36.36779948600364 36.506232562894 0.04924663761944892
      vertex 36.41870035379117 36.465013852883885 0.04924663761944892
    endloop
  endfacet
  facet normal 0.0914173885343828 0.05071703130318784 -0.9945203083946276
    outer loop
      vertex 36.418113853070615 36 0.02191241852690684
      vertex 36.18129707055096 36.10467191248589 0.005481860981704667
      vertex 36.541904883009074 36.31286893008046 0.04924663761944892
    endloop
  endfacet
  facet normal 0.08134413352185323 0.06587118052007851 -0.9945069730869011
    outer loop
      vertex 36.16936271206962 36.12304921297691 0.005481860981704667
      vertex 36.465013852883885 36.41870035379117 0.04924663761944892
      vertex 36.506232562894 36.36779948600364 0.04924663761944892
    endloop
  endfacet
  facet normal 0.0877839351206305 0.05700755402810022 -0.9945069730869011
    outer loop
      vertex 36.16936271206962 36.12304921297691 0.005481860981704667
      vertex 36.506232562894 36.36779948600364 0.04924663761944892
      vertex 36.541904883009074 36.31286893008046 0.04924663761944892
    endloop
  endfacet
  facet normal 0.1185593028276476 0.031767869447863466 -0.9924386601618085
    outer loop
      vertex 36.418113853070615 36 0.02191241852690684
      vertex 36.59511206939863 36.193363632813536 0.04924663761944892
      vertex 36.61206398660471 36.130098216514746 0.04924663761944892
    endloop
  endfacet
  facet normal 0.10807287116677292 0.04148528840393117 -0.9932770134075452
    outer loop
      vertex 36.418113853070615 36 0.02191241852690684
      vertex 36.571639979825015 36.25451051668729 0.04924663761944892
      vertex 36.59511206939863 36.193363632813536 0.04924663761944892
    endloop
  endfacet
  facet normal 0.09595585541376654 0.048891950361326514 -0.9941841132313863
    outer loop
      vertex 36.418113853070615 36 0.02191241852690684
      vertex 36.541904883009074 36.31286893008046 0.04924663761944892
      vertex 36.571639979825015 36.25451051668729 0.04924663761944892
    endloop
  endfacet
  facet normal 0.07401310857385222 0.07401310857385222 -0.9945069730869011
    outer loop
      vertex 36.14007836054085 36.15557278027342 0.005481860981704667
      vertex 36.41870035379117 36.465013852883885 0.04924663761944892
      vertex 36.465013852883885 36.41870035379117 0.04924663761944892
    endloop
  endfacet
  facet normal 0.14720878439783022 0.14720878439783022 -0.9780895396599568
    outer loop
      vertex 36.41870035379117 36.465013852883885 0.04924663761944892
      vertex 36.69273497834668 36.769360136411755 0.13629669484372675
      vertex 36.465013852883885 36.41870035379117 0.04924663761944892
    endloop
  endfacet
  facet normal 0.009550123658873507 0.18222721491968408 -0.9832100677275003
    outer loop
      vertex 36 36.625737860160925 0.04924663761944892
      vertex 36 36.83164676327104 0.08740959706477724
      vertex 36.06540741693101 36.62231000269093 0.04924663761944892
    endloop
  endfacet
  facet normal 0.029820402184709754 0.18827860946185856 -0.9816628284867728
    outer loop
      vertex 36.06540741693101 36.62231000269093 0.04924663761944892
      vertex 36 36.83164676327104 0.08740959706477724
      vertex 36.130098216514746 36.61206398660471 0.04924663761944892
    endloop
  endfacet
  facet normal 0.01223343759108258 0.23342789483643622 -0.972297156694873
    outer loop
      vertex 36 36.83164676327104 0.08740959706477724
      vertex 36 37.03527618041008 0.13629669484372675
      vertex 36.108215828195874 37.02960482917106 0.13629669484372675
    endloop
  endfacet
  facet normal 0.014882964916303528 0.2839838878868914 -0.9587135384336374
    outer loop
      vertex 36 37.03527618041008 0.13629669484372675
      vertex 36 37.236067977499786 0.19577393481938588
      vertex 36.108215828195874 37.02960482917106 0.13629669484372675
    endloop
  endfacet
  facet normal 0.017491399849011446 0.33375579137857386 -0.94249727991787
    outer loop
      vertex 36 37.236067977499786 0.19577393481938588
      vertex 36 37.4334717981812 0.26567829401119303
      vertex 36.1498386042014 37.42561908968413 0.26567829401119303
    endloop
  endfacet
  facet normal 0.02005155662893057 0.3826064928382071 -0.9236937840620147
    outer loop
      vertex 36 37.4334717981812 0.26567829401119303
      vertex 36 37.626946572303204 0.34581816942959653
      vertex 36.1498386042014 37.42561908968413 0.26567829401119303
    endloop
  endfacet
  facet normal 0.05388215474982868 0.20109093914765985 -0.9780895396599577
    outer loop
      vertex 36.130098216514746 36.61206398660471 0.04924663761944892
      vertex 36.215246021132415 37.012652911964985 0.13629669484372675
      vertex 36.193363632813536 36.59511206939863 0.04924663761944892
    endloop
  endfacet
  facet normal 0.07460670951447064 0.1943571231089764 -0.9780895396599566
    outer loop
      vertex 36.193363632813536 36.59511206939863 0.04924663761944892
      vertex 36.421084758276336 36.94577185201921 0.13629669484372675
      vertex 36.25451051668729 36.571639979825015 0.04924663761944892
    endloop
  endfacet
  facet normal 0.052860750676689425 0.2013103488624013 -0.9781001403122255
    outer loop
      vertex 36 36.83164676327104 0.08740959706477724
      vertex 36.215246021132415 37.012652911964985 0.13629669484372675
      vertex 36.130098216514746 36.61206398660471 0.04924663761944892
    endloop
  endfacet
  facet normal 0.03508057600045688 0.22149003985858948 -0.9745314337828805
    outer loop
      vertex 36 36.83164676327104 0.08740959706477724
      vertex 36.108215828195874 37.02960482917106 0.13629669484372675
      vertex 36.215246021132415 37.012652911964985 0.13629669484372675
    endloop
  endfacet
  facet normal 0.053882154749844646 0.2010909391476589 -0.9780895396599569
    outer loop
      vertex 36.193363632813536 36.59511206939863 0.04924663761944892
      vertex 36.215246021132415 37.012652911964985 0.13629669484372675
      vertex 36.3199179336183 36.984606157544164 0.13629669484372675
    endloop
  endfacet
  facet normal 0.0746067095144776 0.19435712310897188 -0.9780895396599568
    outer loop
      vertex 36.193363632813536 36.59511206939863 0.04924663761944892
      vertex 36.3199179336183 36.984606157544164 0.13629669484372675
      vertex 36.421084758276336 36.94577185201921 0.13629669484372675
    endloop
  endfacet
  facet normal 0.09451385755724508 0.18549388975764866 -0.9780895396599567
    outer loop
      vertex 36.31286893008046 36.541904883009074 0.04924663761944892
      vertex 36.25451051668729 36.571639979825015 0.04924663761944892
      vertex 36.51763809020504 36.89657547216805 0.13629669484372675
    endloop
  endfacet
  facet normal 0.11338549199830582 0.1745983465330541 -0.9780895396599565
    outer loop
      vertex 36.31286893008046 36.541904883009074 0.04924663761944892
      vertex 36.51763809020504 36.89657547216805 0.13629669484372675
      vertex 36.36779948600364 36.506232562894 0.04924663761944892
    endloop
  endfacet
  facet normal 0.1310148512615838 0.161789867286795 -0.9780895396599569
    outer loop
      vertex 36.36779948600364 36.506232562894 0.04924663761944892
      vertex 36.69273497834668 36.769360136411755 0.13629669484372675
      vertex 36.41870035379117 36.465013852883885 0.04924663761944892
    endloop
  endfacet
  facet normal 0.11338549199829945 0.17459834653305661 -0.9780895396599569
    outer loop
      vertex 36.36779948600364 36.506232562894 0.04924663761944892
      vertex 36.51763809020504 36.89657547216805 0.13629669484372675
      vertex 36.60852007089473 36.83755602382334 0.13629669484372675
    endloop
  endfacet
  facet normal 0.1310148512615832 0.16178986728679584 -0.9780895396599568
    outer loop
      vertex 36.36779948600364 36.506232562894 0.04924663761944892
      vertex 36.60852007089473 36.83755602382334 0.13629669484372675
      vertex 36.69273497834668 36.769360136411755 0.13629669484372675
    endloop
  endfacet
  facet normal 0.09451385755724301 0.18549388975765033 -0.9780895396599567
    outer loop
      vertex 36.25451051668729 36.571639979825015 0.04924663761944892
      vertex 36.421084758276336 36.94577185201921 0.13629669484372675
      vertex 36.51763809020504 36.89657547216805 0.13629669484372675
    endloop
  endfacet
  facet normal 0.04741673887393552 0.29937750688630477 -0.9529558023565949
    outer loop
      vertex 36 37.236067977499786 0.19577393481938588
      vertex 36.215246021132415 37.012652911964985 0.13629669484372675
      vertex 36.108215828195874 37.02960482917106 0.13629669484372675
    endloop
  endfacet
  facet normal 0.053340332366761806 0.304563150305996 -0.9509974218780464
    outer loop
      vertex 36 37.236067977499786 0.19577393481938588
      vertex 36.29803554529943 37.40214700011052 0.26567829401119303
      vertex 36.215246021132415 37.012652911964985 0.13629669484372675
    endloop
  endfacet
  facet normal 0.08007874230674149 0.2988579348949003 -0.9509318218363112
    outer loop
      vertex 36.215246021132415 37.012652911964985 0.13629669484372675
      vertex 36.29803554529943 37.40214700011052 0.26567829401119303
      vertex 36.3199179336183 36.984606157544164 0.13629669484372675
    endloop
  endfacet
  facet normal 0.049269218126956275 0.31107360057597144 -0.9491078754124104
    outer loop
      vertex 36 37.236067977499786 0.19577393481938588
      vertex 36.1498386042014 37.42561908968413 0.26567829401119303
      vertex 36.29803554529943 37.40214700011052 0.26567829401119303
    endloop
  endfacet
  facet normal 0.11087922324748775 0.28885025198380126 -0.9509318218363125
    outer loop
      vertex 36.3199179336183 36.984606157544164 0.13629669484372675
      vertex 36.44296714659521 37.36331269458556 0.26567829401119303
      vertex 36.421084758276336 36.94577185201921 0.13629669484372675
    endloop
  endfacet
  facet normal 0.08007874230672946 0.2988579348949001 -0.9509318218363124
    outer loop
      vertex 36.3199179336183 36.984606157544164 0.13629669484372675
      vertex 36.29803554529943 37.40214700011052 0.26567829401119303
      vertex 36.44296714659521 37.36331269458556 0.26567829401119303
    endloop
  endfacet
  facet normal 0.1404648882154111 0.27567786526615445 -0.9509318218363124
    outer loop
      vertex 36.421084758276336 36.94577185201921 0.13629669484372675
      vertex 36.583045507136056 37.30954164988721 0.26567829401119303
      vertex 36.51763809020504 36.89657547216805 0.13629669484372675
    endloop
  endfacet
  facet normal 0.11087922324748911 0.2888502519838011 -0.9509318218363123
    outer loop
      vertex 36.421084758276336 36.94577185201921 0.13629669484372675
      vertex 36.44296714659521 37.36331269458556 0.26567829401119303
      vertex 36.583045507136056 37.30954164988721 0.26567829401119303
    endloop
  endfacet
  facet normal 0.10539171690014908 0.3933272421682326 -0.9133379804744634
    outer loop
      vertex 36.29803554529943 37.40214700011052 0.26567829401119303
      vertex 36.56116311881718 37.727082492453555 0.4359739032465284
      vertex 36.44296714659521 37.36331269458556 0.26567829401119303
    endloop
  endfacet
  facet normal 0.18222721491968408 0.009550123658873507 -0.9832100677275003
    outer loop
      vertex 36.625737860160925 36 0.04924663761944892
      vertex 36.62231000269093 36.06540741693101 0.04924663761944892
      vertex 36.83164676327104 36 0.08740959706477724
    endloop
  endfacet
  facet normal 0.18827860946185856 0.029820402184709754 -0.9816628284867728
    outer loop
      vertex 36.62231000269093 36.06540741693101 0.04924663761944892
      vertex 36.61206398660471 36.130098216514746 0.04924663761944892
      vertex 36.83164676327104 36 0.08740959706477724
    endloop
  endfacet
  facet normal 0.23342789483643622 0.01223343759108258 -0.972297156694873
    outer loop
      vertex 36.83164676327104 36 0.08740959706477724
      vertex 37.02960482917106 36.108215828195874 0.13629669484372675
      vertex 37.03527618041008 36 0.13629669484372675
    endloop
  endfacet
  facet normal 0.20109093914765985 0.05388215474982868 -0.9780895396599577
    outer loop
      vertex 36.61206398660471 36.130098216514746 0.04924663761944892
      vertex 36.59511206939863 36.193363632813536 0.04924663761944892
      vertex 37.012652911964985 36.215246021132415 0.13629669484372675
    endloop
  endfacet
  facet normal 0.19435712310897443 0.07460670951446989 -0.9780895396599569
    outer loop
      vertex 36.59511206939863 36.193363632813536 0.04924663761944892
      vertex 36.571639979825015 36.25451051668729 0.04924663761944892
      vertex 36.984606157544164 36.3199179336183 0.13629669484372675
    endloop
  endfacet
  facet normal 0.17459834653305265 0.11338549199830489 -0.9780895396599569
    outer loop
      vertex 36.541904883009074 36.31286893008046 0.04924663761944892
      vertex 36.506232562894 36.36779948600364 0.04924663761944892
      vertex 36.83755602382334 36.60852007089473 0.13629669484372675
    endloop
  endfacet
  facet normal 0.16178986728679498 0.1310148512615838 -0.9780895396599569
    outer loop
      vertex 36.465013852883885 36.41870035379117 0.04924663761944892
      vertex 36.769360136411755 36.69273497834668 0.13629669484372675
      vertex 36.506232562894 36.36779948600364 0.04924663761944892
    endloop
  endfacet
  facet normal 0.18549388975764924 0.09451385755724538 -0.9780895396599566
    outer loop
      vertex 36.541904883009074 36.31286893008046 0.04924663761944892
      vertex 36.94577185201921 36.421084758276336 0.13629669484372675
      vertex 36.571639979825015 36.25451051668729 0.04924663761944892
    endloop
  endfacet
  facet normal 0.18549388975765005 0.09451385755724277 -0.9780895396599568
    outer loop
      vertex 36.541904883009074 36.31286893008046 0.04924663761944892
      vertex 36.89657547216805 36.51763809020504 0.13629669484372675
      vertex 36.94577185201921 36.421084758276336 0.13629669484372675
    endloop
  endfacet
  facet normal 0.16178986728679584 0.1310148512615832 -0.9780895396599568
    outer loop
      vertex 36.506232562894 36.36779948600364 0.04924663761944892
      vertex 36.769360136411755 36.69273497834668 0.13629669484372675
      vertex 36.83755602382334 36.60852007089473 0.13629669484372675
    endloop
  endfacet
  facet normal 0.17459834653305745 0.1133854919982999 -0.9780895396599566
    outer loop
      vertex 36.541904883009074 36.31286893008046 0.04924663761944892
      vertex 36.83755602382334 36.60852007089473 0.13629669484372675
      vertex 36.89657547216805 36.51763809020504 0.13629669484372675
    endloop
  endfacet
  facet normal 0.2013103488624013 0.052860750676689425 -0.9781001403122255
    outer loop
      vertex 36.83164676327104 36 0.08740959706477724
      vertex 36.61206398660471 36.130098216514746 0.04924663761944892
      vertex 37.012652911964985 36.215246021132415 0.13629669484372675
    endloop
  endfacet
  facet normal 0.2010909391476589 0.053882154749844646 -0.9780895396599569
    outer loop
      vertex 36.59511206939863 36.193363632813536 0.04924663761944892
      vertex 36.984606157544164 36.3199179336183 0.13629669484372675
      vertex 37.012652911964985 36.215246021132415 0.13629669484372675
    endloop
  endfacet
  facet normal 0.22149003985858948 0.03508057600045688 -0.9745314337828805
    outer loop
      vertex 36.83164676327104 36 0.08740959706477724
      vertex 37.012652911964985 36.215246021132415 0.13629669484372675
      vertex 37.02960482917106 36.108215828195874 0.13629669484372675
    endloop
  endfacet
  facet normal 0.19435712310897307 0.07460670951447806 -0.9780895396599567
    outer loop
      vertex 36.571639979825015 36.25451051668729 0.04924663761944892
      vertex 36.94577185201921 36.421084758276336 0.13629669484372675
      vertex 36.984606157544164 36.3199179336183 0.13629669484372675
    endloop
  endfacet
  facet normal 0.2839838878868914 0.014882964916303528 -0.9587135384336374
    outer loop
      vertex 37.02960482917106 36.108215828195874 0.13629669484372675
      vertex 37.236067977499786 36 0.19577393481938588
      vertex 37.03527618041008 36 0.13629669484372675
    endloop
  endfacet
  facet normal 0.33375579137857386 0.017491399849011446 -0.94249727991787
    outer loop
      vertex 37.236067977499786 36 0.19577393481938588
      vertex 37.42561908968413 36.1498386042014 0.26567829401119303
      vertex 37.4334717981812 36 0.26567829401119303
    endloop
  endfacet
  facet normal 0.3826064928382071 0.02005155662893057 -0.9236937840620147
    outer loop
      vertex 37.4334717981812 36 0.26567829401119303
      vertex 37.42561908968413 36.1498386042014 0.26567829401119303
      vertex 37.626946572303204 36 0.34581816942959653
    endloop
  endfacet
  facet normal 0.2993775068863048 0.04741673887393558 -0.9529558023565949
    outer loop
      vertex 37.02960482917106 36.108215828195874 0.13629669484372675
      vertex 37.012652911964985 36.215246021132415 0.13629669484372675
      vertex 37.236067977499786 36 0.19577393481938588
    endloop
  endfacet
  facet normal 0.29885793489489654 0.08007874230674047 -0.9509318218363124
    outer loop
      vertex 37.012652911964985 36.215246021132415 0.13629669484372675
      vertex 36.984606157544164 36.3199179336183 0.13629669484372675
      vertex 37.36331269458556 36.44296714659521 0.26567829401119303
    endloop
  endfacet
  facet normal 0.304563150305996 0.053340332366761785 -0.9509974218780464
    outer loop
      vertex 37.012652911964985 36.215246021132415 0.13629669484372675
      vertex 37.40214700011052 36.29803554529943 0.26567829401119303
      vertex 37.236067977499786 36 0.19577393481938588
    endloop
  endfacet
  facet normal 0.2988579348949028 0.0800787423067303 -0.9509318218363115
    outer loop
      vertex 37.012652911964985 36.215246021132415 0.13629669484372675
      vertex 37.36331269458556 36.44296714659521 0.26567829401119303
      vertex 37.40214700011052 36.29803554529943 0.26567829401119303
    endloop
  endfacet
  facet normal 0.28885025198380165 0.11087922324748788 -0.9509318218363123
    outer loop
      vertex 36.984606157544164 36.3199179336183 0.13629669484372675
      vertex 36.94577185201921 36.421084758276336 0.13629669484372675
      vertex 37.30954164988721 36.583045507136056 0.26567829401119303
    endloop
  endfacet
  facet normal 0.27567786526615445 0.1404648882154111 -0.9509318218363124
    outer loop
      vertex 36.89657547216805 36.51763809020504 0.13629669484372675
      vertex 37.30954164988721 36.583045507136056 0.26567829401119303
      vertex 36.94577185201921 36.421084758276336 0.13629669484372675
    endloop
  endfacet
  facet normal 0.2888502519838008 0.11087922324748901 -0.9509318218363124
    outer loop
      vertex 36.984606157544164 36.3199179336183 0.13629669484372675
      vertex 37.30954164988721 36.583045507136056 0.26567829401119303
      vertex 37.36331269458556 36.44296714659521 0.26567829401119303
    endloop
  endfacet
  facet normal 0.31107360057597144 0.049269218126956275 -0.9491078754124104
    outer loop
      vertex 37.236067977499786 36 0.19577393481938588
      vertex 37.40214700011052 36.29803554529943 0.26567829401119303
      vertex 37.42561908968413 36.1498386042014 0.26567829401119303
    endloop
  endfacet
  facet normal 0.3933272421682326 0.10539171690014908 -0.9133379804744634
    outer loop
      vertex 37.40214700011052 36.29803554529943 0.26567829401119303
      vertex 37.36331269458556 36.44296714659521 0.26567829401119303
      vertex 37.727082492453555 36.56116311881718 0.4359739032465284
    endloop
  endfacet
  facet normal 0.38015612017242256 0.14592826223278219 -0.9133379804744631
    outer loop
      vertex 37.36331269458556 36.44296714659521 0.26567829401119303
      vertex 37.30954164988721 36.583045507136056 0.26567829401119303
      vertex 37.727082492453555 36.56116311881718 0.4359739032465284
    endloop
  endfacet
  facet normal 0.1472087843978303 0.14720878439783022 -0.9780895396599568
    outer loop
      vertex 36.465013852883885 36.41870035379117 0.04924663761944892
      vertex 36.69273497834668 36.769360136411755 0.13629669484372675
      vertex 36.769360136411755 36.69273497834668 0.13629669484372675
    endloop
  endfacet
  facet normal 0.16851159047385486 0.25948509416735555 -0.9509318218363136
    outer loop
      vertex 36.51763809020504 36.89657547216805 0.13629669484372675
      vertex 36.842573582548084 37.15970304568581 0.26567829401119303
      vertex 36.60852007089473 36.83755602382334 0.13629669484372675
    endloop
  endfacet
  facet normal 0.19471204448375143 0.2404493500761171 -0.9509318218363138
    outer loop
      vertex 36.69273497834668 36.769360136411755 0.13629669484372675
      vertex 36.60852007089473 36.83755602382334 0.13629669484372675
      vertex 36.842573582548084 37.15970304568581 0.26567829401119303
    endloop
  endfacet
  facet normal 0.24044935007612162 0.1947120444837551 -0.9509318218363118
    outer loop
      vertex 36.769360136411755 36.69273497834668 0.13629669484372675
      vertex 37.06527714928613 36.95917985351531 0.26567829401119303
      vertex 36.83755602382334 36.60852007089473 0.13629669484372675
    endloop
  endfacet
  facet normal 0.25948509416735555 0.16851159047385486 -0.9509318218363136
    outer loop
      vertex 36.89657547216805 36.51763809020504 0.13629669484372675
      vertex 36.83755602382334 36.60852007089473 0.13629669484372675
      vertex 37.15970304568581 36.842573582548084 0.26567829401119303
    endloop
  endfacet
  facet normal 0.218779192588181 0.218779192588181 -0.9509318218363118
    outer loop
      vertex 36.69273497834668 36.769360136411755 0.13629669484372675
      vertex 37.06527714928613 36.95917985351531 0.26567829401119303
      vertex 36.769360136411755 36.69273497834668 0.13629669484372675
    endloop
  endfacet
  facet normal 0.1947120444837679 0.24044935007611024 -0.950931821836312
    outer loop
      vertex 36.69273497834668 36.769360136411755 0.13629669484372675
      vertex 36.842573582548084 37.15970304568581 0.26567829401119303
      vertex 36.95917985351531 37.06527714928613 0.26567829401119303
    endloop
  endfacet
  facet normal 0.21877919258818102 0.21877919258818102 -0.9509318218363119
    outer loop
      vertex 36.69273497834668 36.769360136411755 0.13629669484372675
      vertex 36.95917985351531 37.06527714928613 0.26567829401119303
      vertex 37.06527714928613 36.95917985351531 0.26567829401119303
    endloop
  endfacet
  facet normal 0.240449350076107 0.1947120444837652 -0.9509318218363134
    outer loop
      vertex 36.83755602382334 36.60852007089473 0.13629669484372675
      vertex 37.06527714928613 36.95917985351531 0.26567829401119303
      vertex 37.15970304568581 36.842573582548084 0.26567829401119303
    endloop
  endfacet
  facet normal 0.14046488821541175 0.27567786526615423 -0.9509318218363123
    outer loop
      vertex 36.51763809020504 36.89657547216805 0.13629669484372675
      vertex 36.583045507136056 37.30954164988721 0.26567829401119303
      vertex 36.7167358990906 37.24142299283348 0.26567829401119303
    endloop
  endfacet
  facet normal 0.16851159047384603 0.2594850941673658 -0.9509318218363123
    outer loop
      vertex 36.51763809020504 36.89657547216805 0.13629669484372675
      vertex 36.7167358990906 37.24142299283348 0.26567829401119303
      vertex 36.842573582548084 37.15970304568581 0.26567829401119303
    endloop
  endfacet
  facet normal 0.1459282622327824 0.3801561201724232 -0.913337980474463
    outer loop
      vertex 36.44296714659521 37.36331269458556 0.26567829401119303
      vertex 36.73861828740947 37.65896383539983 0.4359739032465284
      vertex 36.583045507136056 37.30954164988721 0.26567829401119303
    endloop
  endfacet
  facet normal 0.18486598698698273 0.3628199281712052 -0.9133379804744629
    outer loop
      vertex 36.7167358990906 37.24142299283348 0.26567829401119303
      vertex 36.583045507136056 37.30954164988721 0.26567829401119303
      vertex 36.73861828740947 37.65896383539983 0.4359739032465284
    endloop
  endfacet
  facet normal 0.18486598698697876 0.36281992817120556 -0.9133379804744635
    outer loop
      vertex 36.7167358990906 37.24142299283348 0.26567829401119303
      vertex 36.73861828740947 37.65896383539983 0.4359739032465284
      vertex 36.90798099947909 37.57266922340496 0.4359739032465284
    endloop
  endfacet
  facet normal 0.2562607263570578 0.31645564230990975 -0.9133379804744657
    outer loop
      vertex 36.842573582548084 37.15970304568581 0.26567829401119303
      vertex 37.21511575348754 37.34952276278936 0.4359739032465284
      vertex 36.95917985351531 37.06527714928613 0.26567829401119303
    endloop
  endfacet
  facet normal 0.22177828130201818 0.34150860511201775 -0.9133379804744608
    outer loop
      vertex 36.7167358990906 37.24142299283348 0.26567829401119303
      vertex 37.06739568171118 37.46914411829627 0.4359739032465284
      vertex 36.842573582548084 37.15970304568581 0.26567829401119303
    endloop
  endfacet
  facet normal 0.22177828130202715 0.34150860511200576 -0.9133379804744634
    outer loop
      vertex 36.7167358990906 37.24142299283348 0.26567829401119303
      vertex 36.90798099947909 37.57266922340496 0.4359739032465284
      vertex 37.06739568171118 37.46914411829627 0.4359739032465284
    endloop
  endfacet
  facet normal 0.2594850941673658 0.16851159047384603 -0.9509318218363123
    outer loop
      vertex 36.89657547216805 36.51763809020504 0.13629669484372675
      vertex 37.15970304568581 36.842573582548084 0.26567829401119303
      vertex 37.24142299283348 36.7167358990906 0.26567829401119303
    endloop
  endfacet
  facet normal 0.27567786526615423 0.14046488821541175 -0.9509318218363123
    outer loop
      vertex 36.89657547216805 36.51763809020504 0.13629669484372675
      vertex 37.24142299283348 36.7167358990906 0.26567829401119303
      vertex 37.30954164988721 36.583045507136056 0.26567829401119303
    endloop
  endfacet
  facet normal 0.31645564230990975 0.2562607263570578 -0.9133379804744657
    outer loop
      vertex 37.06527714928613 36.95917985351531 0.26567829401119303
      vertex 37.34952276278936 37.21511575348754 0.4359739032465284
      vertex 37.15970304568581 36.842573582548084 0.26567829401119303
    endloop
  endfacet
  facet normal 0.36281992817120384 0.18486598698698203 -0.9133379804744636
    outer loop
      vertex 37.24142299283348 36.7167358990906 0.26567829401119303
      vertex 37.57266922340496 36.90798099947909 0.4359739032465284
      vertex 37.30954164988721 36.583045507136056 0.26567829401119303
    endloop
  endfacet
  facet normal 0.34150860511201775 0.22177828130201818 -0.9133379804744608
    outer loop
      vertex 37.24142299283348 36.7167358990906 0.26567829401119303
      vertex 37.15970304568581 36.842573582548084 0.26567829401119303
      vertex 37.46914411829627 37.06739568171118 0.4359739032465284
    endloop
  endfacet
  facet normal 0.34150860511200576 0.22177828130202715 -0.9133379804744634
    outer loop
      vertex 37.24142299283348 36.7167358990906 0.26567829401119303
      vertex 37.46914411829627 37.06739568171118 0.4359739032465284
      vertex 37.57266922340496 36.90798099947909 0.4359739032465284
    endloop
  endfacet
  facet normal 0.2879355252680928 0.2879355252680928 -0.9133379804744653
    outer loop
      vertex 36.95917985351531 37.06527714928613 0.26567829401119303
      vertex 37.34952276278936 37.21511575348754 0.4359739032465284
      vertex 37.06527714928613 36.95917985351531 0.26567829401119303
    endloop
  endfacet
  facet normal 0.2879355252680928 0.28793552526809285 -0.9133379804744653
    outer loop
      vertex 36.95917985351531 37.06527714928613 0.26567829401119303
      vertex 37.21511575348754 37.34952276278936 0.4359739032465284
      vertex 37.34952276278936 37.21511575348754 0.4359739032465284
    endloop
  endfacet
  facet normal 0.2562607263570439 0.31645564230993334 -0.9133379804744615
    outer loop
      vertex 36.842573582548084 37.15970304568581 0.26567829401119303
      vertex 37.06739568171118 37.46914411829627 0.4359739032465284
      vertex 37.21511575348754 37.34952276278936 0.4359739032465284
    endloop
  endfacet
  facet normal 0.31645564230993334 0.2562607263570439 -0.9133379804744615
    outer loop
      vertex 37.15970304568581 36.842573582548084 0.26567829401119303
      vertex 37.34952276278936 37.21511575348754 0.4359739032465284
      vertex 37.46914411829627 37.06739568171118 0.4359739032465284
    endloop
  endfacet
  facet normal 0.35391710152737776 0.35391710152737776 -0.8657282313133374
    outer loop
      vertex 37.21511575348754 37.34952276278936 0.4359739032465284
      vertex 37.45773859098524 37.61898272249768 0.6453177282183038
      vertex 37.34952276278936 37.21511575348754 0.4359739032465284
    endloop
  endfacet
  facet normal 0.35391710152737776 0.3539171015273778 -0.8657282313133374
    outer loop
      vertex 37.34952276278936 37.21511575348754 0.4359739032465284
      vertex 37.45773859098524 37.61898272249768 0.6453177282183038
      vertex 37.61898272249768 37.45773859098524 0.6453177282183038
    endloop
  endfacet
  facet normal 0.02255639010867684 0.43040156284543335 -0.9023556416211259
    outer loop
      vertex 36 37.626946572303204 0.34581816942959653
      vertex 36 37.81596199895819 0.4359739032465284
      vertex 36.18981971710355 37.806013969120656 0.4359739032465284
    endloop
  endfacet
  facet normal 0.024999015750053828 0.4770096365855035 -0.8785424610205783
    outer loop
      vertex 36 37.81596199895819 0.4359739032465284
      vertex 36 38 0.5358983848622456
      vertex 36.18981971710355 37.806013969120656 0.4359739032465284
    endloop
  endfacet
  facet normal 0.027372728957552613 0.5223027827551571 -0.8523206772310734
    outer loop
      vertex 36 38 0.5358983848622456
      vertex 36 38.17855614006011 0.6453177282183038
      vertex 36.22772112546279 38.16662178157877 0.6453177282183038
    endloop
  endfacet
  facet normal 0.02967102368494325 0.5661568585971788 -0.8237633409037219
    outer loop
      vertex 36 38.17855614006011 0.6453177282183038
      vertex 36 38.35114100916989 0.7639320225002102
      vertex 36.22772112546279 38.16662178157877 0.6453177282183038
    endloop
  endfacet
  facet normal 0.05337084183764117 0.4033431860452874 -0.9134910111831305
    outer loop
      vertex 36.1498386042014 37.42561908968413 0.26567829401119303
      vertex 36 37.626946572303204 0.34581816942959653
      vertex 36.18981971710355 37.806013969120656 0.4359739032465284
    endloop
  endfacet
  facet normal 0.06370047786248348 0.4021889885898388 -0.9133379804744648
    outer loop
      vertex 36.1498386042014 37.42561908968413 0.26567829401119303
      vertex 36.18981971710355 37.806013969120656 0.4359739032465284
      vertex 36.29803554529943 37.40214700011052 0.26567829401119303
    endloop
  endfacet
  facet normal 0.06370047786249879 0.4021889885898419 -0.9133379804744624
    outer loop
      vertex 36.29803554529943 37.40214700011052 0.26567829401119303
      vertex 36.18981971710355 37.806013969120656 0.4359739032465284
      vertex 36.37755972966419 37.776278872304715 0.4359739032465284
    endloop
  endfacet
  facet normal 0.10539171690014208 0.39332724216823745 -0.9133379804744621
    outer loop
      vertex 36.29803554529943 37.40214700011052 0.26567829401119303
      vertex 36.37755972966419 37.776278872304715 0.4359739032465284
      vertex 36.56116311881718 37.727082492453555 0.4359739032465284
    endloop
  endfacet
  facet normal 0.0782976969236884 0.4943522025474633 -0.8657282313133366
    outer loop
      vertex 36.18981971710355 37.806013969120656 0.4359739032465284
      vertex 36.45294729062131 38.13094946146369 0.6453177282183038
      vertex 36.37755972966419 37.776278872304715 0.4359739032465284
    endloop
  endfacet
  facet normal 0.12954264999277762 0.48345975152014814 -0.8657282313133409
    outer loop
      vertex 36.56116311881718 37.727082492453555 0.4359739032465284
      vertex 36.37755972966419 37.776278872304715 0.4359739032465284
      vertex 36.673210870478464 38.07193001311899 0.6453177282183038
    endloop
  endfacet
  facet normal 0.05228210126673772 0.4972590694288783 -0.8660254036446394
    outer loop
      vertex 36 38 0.5358983848622456
      vertex 36.22772112546279 38.16662178157877 0.6453177282183038
      vertex 36.18981971710355 37.806013969120656 0.4359739032465284
    endloop
  endfacet
  facet normal 0.0782976969236872 0.49435220254746415 -0.8657282313133362
    outer loop
      vertex 36.18981971710355 37.806013969120656 0.4359739032465284
      vertex 36.22772112546279 38.16662178157877 0.6453177282183038
      vertex 36.45294729062131 38.13094946146369 0.6453177282183038
    endloop
  endfacet
  facet normal 0.12954264999276457 0.4834597515201584 -0.865728231313337
    outer loop
      vertex 36.37755972966419 37.776278872304715 0.4359739032465284
      vertex 36.45294729062131 38.13094946146369 0.6453177282183038
      vertex 36.673210870478464 38.07193001311899 0.6453177282183038
    endloop
  endfacet
  facet normal 0.05298605799424008 0.5854325347825597 -0.8089877779523608
    outer loop
      vertex 36 38.35114100916989 0.7639320225002102
      vertex 36.26312757351775 38.50349163240315 0.8914161541721164
      vertex 36.22772112546279 38.16662178157877 0.6453177282183038
    endloop
  endfacet
  facet normal 0.09203240327076216 0.5810697255499203 -0.8086334217663453
    outer loop
      vertex 36.22772112546279 38.16662178157877 0.6453177282183038
      vertex 36.26312757351775 38.50349163240315 0.8914161541721164
      vertex 36.45294729062131 38.13094946146369 0.6453177282183038
    endloop
  endfacet
  facet normal 0.09203240327075492 0.5810697255499181 -0.8086334217663477
    outer loop
      vertex 36.45294729062131 38.13094946146369 0.6453177282183038
      vertex 36.26312757351775 38.50349163240315 0.8914161541721164
      vertex 36.52337226627706 38.46227292239303 0.8914161541721164
    endloop
  endfacet
  facet normal 0.1522665655992049 0.5682665591103097 -0.8086334217663477
    outer loop
      vertex 36.45294729062131 38.13094946146369 0.6453177282183038
      vertex 36.52337226627706 38.46227292239303 0.8914161541721164
      vertex 36.673210870478464 38.07193001311899 0.6453177282183038
    endloop
  endfacet
  facet normal 0.031887610258591464 0.6084518499890379 -0.792949889057886
    outer loop
      vertex 36 38.35114100916989 0.7639320225002102
      vertex 36 38.51728156419935 0.8914161541721164
      vertex 36.26312757351775 38.50349163240315 0.8914161541721164
    endloop
  endfacet
  facet normal 0.034016432369213485 0.6490721956656657 -0.7599658986708697
    outer loop
      vertex 36 38.51728156419935 0.8914161541721164
      vertex 36 38.67652242543544 1.027420698090423
      vertex 36.26312757351775 38.50349163240315 0.8914161541721164
    endloop
  endfacet
  facet normal 0.05454775708555435 0.6670026312227509 -0.7430558741702149
    outer loop
      vertex 36 38.67652242543544 1.027420698090423
      vertex 36.295651140814265 38.812932705013615 1.1715728752538097
      vertex 36.26312757351775 38.50349163240315 0.8914161541721164
    endloop
  endfacet
  facet normal 0.0360516831921867 0.6879070948126629 -0.7249028245533413
    outer loop
      vertex 36 38.67652242543544 1.027420698090423
      vertex 36 38.82842712474619 1.1715728752538097
      vertex 36.295651140814265 38.812932705013615 1.1715728752538097
    endloop
  endfacet
  facet normal 0.03798782060438921 0.724850797421116 -0.6878577229076527
    outer loop
      vertex 36 38.82842712474619 1.1715728752538097
      vertex 36 38.972579301909576 1.323477574564567
      vertex 36.295651140814265 38.812932705013615 1.1715728752538097
    endloop
  endfacet
  facet normal 0.10475434836932938 0.6613929256856554 -0.7426883090171045
    outer loop
      vertex 36.26312757351775 38.50349163240315 0.8914161541721164
      vertex 36.588063065860794 38.766619205920904 1.1715728752538097
      vertex 36.52337226627706 38.46227292239303 0.8914161541721164
    endloop
  endfacet
  facet normal 0.1047543483693237 0.6613929256856597 -0.7426883090171017
    outer loop
      vertex 36.26312757351775 38.50349163240315 0.8914161541721164
      vertex 36.295651140814265 38.812932705013615 1.1715728752538097
      vertex 36.588063065860794 38.766619205920904 1.1715728752538097
    endloop
  endfacet
  facet normal 0.11632481383272077 0.7344459695306838 -0.6686237024866205
    outer loop
      vertex 36.295651140814265 38.812932705013615 1.1715728752538097
      vertex 36.32493549234304 39.09155469826394 1.4827184358006504
      vertex 36.588063065860794 38.766619205920904 1.1715728752538097
    endloop
  endfacet
  facet normal 0.05647960197677568 0.7411325151274174 -0.6689788110108223
    outer loop
      vertex 36.295651140814265 38.812932705013615 1.1715728752538097
      vertex 36 38.972579301909576 1.323477574564567
      vertex 36.32493549234304 39.09155469826394 1.4827184358006504
    endloop
  endfacet
  facet normal 0.0398195814735782 0.7598028769455389 -0.6489329619587461
    outer loop
      vertex 36 38.972579301909576 1.323477574564567
      vertex 36 39.10858384582788 1.4827184358006504
      vertex 36.32493549234304 39.09155469826394 1.4827184358006504
    endloop
  endfacet
  facet normal 0.041541995003796614 0.7926684849484319 -0.6082359210213272
    outer loop
      vertex 36 39.10858384582788 1.4827184358006504
      vertex 36 39.236067977499786 1.6488589908301075
      vertex 36.32493549234304 39.09155469826394 1.4827184358006504
    endloop
  endfacet
  facet normal 0.0431503951269917 0.823358587547643 -0.5658786793226397
    outer loop
      vertex 36 39.236067977499786 1.6488589908301075
      vertex 36 39.3546822717817 1.8214438599398917
      vertex 36.35065978262058 39.33630497129068 1.8214438599398917
    endloop
  endfacet
  facet normal 0.05849594275230768 0.8070462117787646 -0.5875837274253468
    outer loop
      vertex 36 39.236067977499786 1.6488589908301075
      vertex 36.35065978262058 39.33630497129068 1.8214438599398917
      vertex 36.32493549234304 39.09155469826394 1.4827184358006504
    endloop
  endfacet
  facet normal 0.1163248138327295 0.7344459695306864 -0.668623702486616
    outer loop
      vertex 36.32493549234304 39.09155469826394 1.4827184358006504
      vertex 36.64631092343485 39.04065383047641 1.4827184358006504
      vertex 36.588063065860794 38.766619205920904 1.1715728752538097
    endloop
  endfacet
  facet normal 0.12661806546343451 0.7994350026049816 -0.5872576454234298
    outer loop
      vertex 36.32493549234304 39.09155469826394 1.4827184358006504
      vertex 36.35065978262058 39.33630497129068 1.8214438599398917
      vertex 36.64631092343485 39.04065383047641 1.4827184358006504
    endloop
  endfacet
  facet normal 0.14592826223278346 0.3801561201724222 -0.9133379804744632
    outer loop
      vertex 36.44296714659521 37.36331269458556 0.26567829401119303
      vertex 36.56116311881718 37.727082492453555 0.4359739032465284
      vertex 36.73861828740947 37.65896383539983 0.4359739032465284
    endloop
  endfacet
  facet normal 0.1793683066799943 0.46727041428473226 -0.8657282313133413
    outer loop
      vertex 36.56116311881718 37.727082492453555 0.4359739032465284
      vertex 36.673210870478464 38.07193001311899 0.6453177282183038
      vertex 36.73861828740947 37.65896383539983 0.4359739032465284
    endloop
  endfacet
  facet normal 0.1793683066800139 0.46727041428473315 -0.8657282313133368
    outer loop
      vertex 36.73861828740947 37.65896383539983 0.4359739032465284
      vertex 36.673210870478464 38.07193001311899 0.6453177282183038
      vertex 36.88609861116022 37.99021006597131 0.6453177282183038
    endloop
  endfacet
  facet normal 0.27259966072978914 0.4197666667055433 -0.8657282313133383
    outer loop
      vertex 37.06739568171118 37.46914411829627 0.4359739032465284
      vertex 36.90798099947909 37.57266922340496 0.4359739032465284
      vertex 37.089278070030055 37.886684960862624 0.6453177282183038
    endloop
  endfacet
  facet normal 0.22722876666403213 0.4459615646077867 -0.8657282313133365
    outer loop
      vertex 36.73861828740947 37.65896383539983 0.4359739032465284
      vertex 36.88609861116022 37.99021006597131 0.6453177282183038
      vertex 36.90798099947909 37.57266922340496 0.4359739032465284
    endloop
  endfacet
  facet normal 0.2272287666640233 0.44596156460778713 -0.8657282313133385
    outer loop
      vertex 36.90798099947909 37.57266922340496 0.4359739032465284
      vertex 36.88609861116022 37.99021006597131 0.6453177282183038
      vertex 37.089278070030055 37.886684960862624 0.6453177282183038
    endloop
  endfacet
  facet normal 0.15226656559921273 0.5682665591103112 -0.8086334217663452
    outer loop
      vertex 36.52337226627706 38.46227292239303 0.8914161541721164
      vertex 36.77788278296435 38.39407703498145 0.8914161541721164
      vertex 36.673210870478464 38.07193001311899 0.6453177282183038
    endloop
  endfacet
  facet normal 0.21083246357115557 0.5492373453316539 -0.8086334217663494
    outer loop
      vertex 36.673210870478464 38.07193001311899 0.6453177282183038
      vertex 37.023870653099046 38.29965113858178 0.8914161541721164
      vertex 36.88609861116022 37.99021006597131 0.6453177282183038
    endloop
  endfacet
  facet normal 0.26708843695266743 0.5241905722622511 -0.8086334217663494
    outer loop
      vertex 36.88609861116022 37.99021006597131 0.6453177282183038
      vertex 37.023870653099046 38.29965113858178 0.8914161541721164
      vertex 37.089278070030055 37.886684960862624 0.6453177282183038
    endloop
  endfacet
  facet normal 0.21083246357114627 0.5492373453316637 -0.8086334217663453
    outer loop
      vertex 36.673210870478464 38.07193001311899 0.6453177282183038
      vertex 36.77788278296435 38.39407703498145 0.8914161541721164
      vertex 37.023870653099046 38.29965113858178 0.8914161541721164
    endloop
  endfacet
  facet normal 0.2399765359981003 0.6251602497117679 -0.7426883090170953
    outer loop
      vertex 36.77788278296435 38.39407703498145 0.8914161541721164
      vertex 37.1504249539038 38.583896752085 1.1715728752538097
      vertex 37.023870653099046 38.29965113858178 0.8914161541721164
    endloop
  endfacet
  facet normal 0.2725996607297852 0.419766666705544 -0.8657282313133393
    outer loop
      vertex 37.06739568171118 37.46914411829627 0.4359739032465284
      vertex 37.089278070030055 37.886684960862624 0.6453177282183038
      vertex 37.28052317041855 37.76248894050852 0.6453177282183038
    endloop
  endfacet
  facet normal 0.31498389586744463 0.3889727173610561 -0.8657282313133394
    outer loop
      vertex 37.06739568171118 37.46914411829627 0.4359739032465284
      vertex 37.28052317041855 37.76248894050852 0.6453177282183038
      vertex 37.21511575348754 37.34952276278936 0.4359739032465284
    endloop
  endfacet
  facet normal 0.3149838958674527 0.38897271736105377 -0.8657282313133374
    outer loop
      vertex 37.21511575348754 37.34952276278936 0.4359739032465284
      vertex 37.28052317041855 37.76248894050852 0.6453177282183038
      vertex 37.45773859098524 37.61898272249768 0.6453177282183038
    endloop
  endfacet
  facet normal 0.3204181335270783 0.4934006575892175 -0.8086334217663471
    outer loop
      vertex 37.089278070030055 37.886684960862624 0.6453177282183038
      vertex 37.258640782099675 38.180029783074865 0.8914161541721164
      vertex 37.28052317041855 37.76248894050852 0.6453177282183038
    endloop
  endfacet
  facet normal 0.3702372619787688 0.45720494206090895 -0.8086334217663437
    outer loop
      vertex 37.45773859098524 37.61898272249768 0.6453177282183038
      vertex 37.28052317041855 37.76248894050852 0.6453177282183038
      vertex 37.684390139428686 37.870704768704385 0.8914161541721164
    endloop
  endfacet
  facet normal 0.3702372619787727 0.4572049420609008 -0.8086334217663464
    outer loop
      vertex 37.28052317041855 37.76248894050852 0.6453177282183038
      vertex 37.47962097930411 38.03652356506402 0.8914161541721164
      vertex 37.684390139428686 37.870704768704385 0.8914161541721164
    endloop
  endfacet
  facet normal 0.2670884369526742 0.5241905722622509 -0.8086334217663473
    outer loop
      vertex 37.023870653099046 38.29965113858178 0.8914161541721164
      vertex 37.258640782099675 38.180029783074865 0.8914161541721164
      vertex 37.089278070030055 37.886684960862624 0.6453177282183038
    endloop
  endfacet
  facet normal 0.30400895962314867 0.5966511779240626 -0.7426883090171
    outer loop
      vertex 37.023870653099046 38.29965113858178 0.8914161541721164
      vertex 37.41421356237309 38.44948974278318 1.1715728752538097
      vertex 37.258640782099675 38.180029783074865 0.8914161541721164
    endloop
  endfacet
  facet normal 0.32041813352708154 0.4934006575892171 -0.8086334217663462
    outer loop
      vertex 37.28052317041855 37.76248894050852 0.6453177282183038
      vertex 37.258640782099675 38.180029783074865 0.8914161541721164
      vertex 37.47962097930411 38.03652356506402 0.8914161541721164
    endloop
  endfacet
  facet normal 0.36471059746858003 0.5616050709737518 -0.7426883090170994
    outer loop
      vertex 37.258640782099675 38.180029783074865 0.8914161541721164
      vertex 37.41421356237309 38.44948974278318 1.1715728752538097
      vertex 37.47962097930411 38.03652356506402 0.8914161541721164
    endloop
  endfacet
  facet normal 0.17331487922634484 0.6468199349804168 -0.742688309017105
    outer loop
      vertex 36.52337226627706 38.46227292239303 0.8914161541721164
      vertex 36.588063065860794 38.766619205920904 1.1715728752538097
      vertex 36.77788278296435 38.39407703498145 0.8914161541721164
    endloop
  endfacet
  facet normal 0.17331487922636724 0.6468199349804213 -0.7426883090170959
    outer loop
      vertex 36.77788278296435 38.39407703498145 0.8914161541721164
      vertex 36.588063065860794 38.766619205920904 1.1715728752538097
      vertex 36.87403204889764 38.689994047855826 1.1715728752538097
    endloop
  endfacet
  facet normal 0.23997653599810095 0.625160249711767 -0.7426883090170958
    outer loop
      vertex 36.77788278296435 38.39407703498145 0.8914161541721164
      vertex 36.87403204889764 38.689994047855826 1.1715728752538097
      vertex 37.1504249539038 38.583896752085 1.1715728752538097
    endloop
  endfacet
  facet normal 0.3040089596231415 0.5966511779240721 -0.7426883090170953
    outer loop
      vertex 37.023870653099046 38.29965113858178 0.8914161541721164
      vertex 37.1504249539038 38.583896752085 1.1715728752538097
      vertex 37.41421356237309 38.44948974278318 1.1715728752538097
    endloop
  endfacet
  facet normal 0.192458082879462 0.7182633436334044 -0.668623702486626
    outer loop
      vertex 36.588063065860794 38.766619205920904 1.1715728752538097
      vertex 36.96060523680025 38.95643892302446 1.4827184358006504
      vertex 36.87403204889764 38.689994047855826 1.1715728752538097
    endloop
  endfacet
  facet normal 0.19245808287944682 0.7182633436334178 -0.668623702486616
    outer loop
      vertex 36.588063065860794 38.766619205920904 1.1715728752538097
      vertex 36.64631092343485 39.04065383047641 1.4827184358006504
      vertex 36.96060523680025 38.95643892302446 1.4827184358006504
    endloop
  endfacet
  facet normal 0.1266180654634341 0.7994350026049812 -0.58725764542343
    outer loop
      vertex 36.35065978262058 39.33630497129068 1.8214438599398917
      vertex 36.69747766328249 39.2813744153675 1.8214438599398917
      vertex 36.64631092343485 39.04065383047641 1.4827184358006504
    endloop
  endfacet
  facet normal 0.20948815075722843 0.7818204222096314 -0.5872576454234295
    outer loop
      vertex 36.64631092343485 39.04065383047641 1.4827184358006504
      vertex 36.69747766328249 39.2813744153675 1.8214438599398917
      vertex 37.0366538327089 39.190492434677815 1.8214438599398917
    endloop
  endfacet
  facet normal 0.20948815075722493 0.7818204222096343 -0.5872576454234268
    outer loop
      vertex 36.64631092343485 39.04065383047641 1.4827184358006504
      vertex 37.0366538327089 39.190492434677815 1.8214438599398917
      vertex 36.96060523680025 38.95643892302446 1.4827184358006504
    endloop
  endfacet
  facet normal 0.22422065020005902 0.8368028586527558 -0.4994858113845065
    outer loop
      vertex 36.69747766328249 39.2813744153675 1.8214438599398917
      vertex 36.741002691894636 39.48614357549208 2.184038001041813
      vertex 37.0366538327089 39.190492434677815 1.8214438599398917
    endloop
  endfacet
  facet normal 0.22422065020007087 0.8368028586527574 -0.49948581138449827
    outer loop
      vertex 37.0366538327089 39.190492434677815 1.8214438599398917
      vertex 36.741002691894636 39.48614357549208 2.184038001041813
      vertex 37.10134463229263 39.38959024356337 2.184038001041813
    endloop
  endfacet
  facet normal 0.26648274089569546 0.6942112742370253 -0.6686237024866253
    outer loop
      vertex 36.87403204889764 38.689994047855826 1.1715728752538097
      vertex 37.26437495817169 38.83983265205723 1.4827184358006504
      vertex 37.1504249539038 38.583896752085 1.1715728752538097
    endloop
  endfacet
  facet normal 0.2664827408956964 0.6942112742370241 -0.6686237024866261
    outer loop
      vertex 36.87403204889764 38.689994047855826 1.1715728752538097
      vertex 36.96060523680025 38.95643892302446 1.4827184358006504
      vertex 37.26437495817169 38.83983265205723 1.4827184358006504
    endloop
  endfacet
  facet normal 0.3375877582376004 0.6625532808470511 -0.6686237024866228
    outer loop
      vertex 37.1504249539038 38.583896752085 1.1715728752538097
      vertex 37.55429192291394 38.69211258028088 1.4827184358006504
      vertex 37.41421356237309 38.44948974278318 1.1715728752538097
    endloop
  endfacet
  facet normal 0.3375877582376034 0.6625532808470471 -0.6686237024866253
    outer loop
      vertex 37.1504249539038 38.583896752085 1.1715728752538097
      vertex 37.26437495817169 38.83983265205723 1.4827184358006504
      vertex 37.55429192291394 38.69211258028088 1.4827184358006504
    endloop
  endfacet
  facet normal 0.3674599379428101 0.7211807345588231 -0.5872576454234226
    outer loop
      vertex 37.26437495817169 38.83983265205723 1.4827184358006504
      vertex 37.67734113589085 38.90524006898824 1.8214438599398917
      vertex 37.55429192291394 38.69211258028088 1.4827184358006504
    endloop
  endfacet
  facet normal 0.2900630400331114 0.7556400536621137 -0.587257645423427
    outer loop
      vertex 36.96060523680025 38.95643892302446 1.4827184358006504
      vertex 37.0366538327089 39.190492434677815 1.8214438599398917
      vertex 37.26437495817169 38.83983265205723 1.4827184358006504
    endloop
  endfacet
  facet normal 0.2900630400331203 0.7556400536621144 -0.5872576454234215
    outer loop
      vertex 37.26437495817169 38.83983265205723 1.4827184358006504
      vertex 37.0366538327089 39.190492434677815 1.8214438599398917
      vertex 37.36447220581039 39.06465475122033 1.8214438599398917
    endloop
  endfacet
  facet normal 0.3674599379428093 0.7211807345588243 -0.5872576454234217
    outer loop
      vertex 37.26437495817169 38.83983265205723 1.4827184358006504
      vertex 37.36447220581039 39.06465475122033 1.8214438599398917
      vertex 37.67734113589085 38.90524006898824 1.8214438599398917
    endloop
  endfacet
  facet normal 0.3104620628906145 0.8087813250386496 -0.49948581138449794
    outer loop
      vertex 37.0366538327089 39.190492434677815 1.8214438599398917
      vertex 37.10134463229263 39.38959024356337 2.184038001041813
      vertex 37.449620010428056 39.255899851608824 2.184038001041813
    endloop
  endfacet
  facet normal 0.31046206289062533 0.8087813250386391 -0.49948581138450837
    outer loop
      vertex 37.0366538327089 39.190492434677815 1.8214438599398917
      vertex 37.449620010428056 39.255899851608824 2.184038001041813
      vertex 37.36447220581039 39.06465475122033 1.8214438599398917
    endloop
  endfacet
  facet normal 0.32745961246779504 0.8530614555687549 -0.40627128279680164
    outer loop
      vertex 37.449620010428056 39.255899851608824 2.184038001041813
      vertex 37.10134463229263 39.38959024356337 2.184038001041813
      vertex 37.51888547485898 39.41147263188224 2.566528201818799
    endloop
  endfacet
  facet normal 0.044640431937673794 0.8517901836020155 -0.5219776958411753
    outer loop
      vertex 36 39.3546822717817 1.8214438599398917
      vertex 36 39.46410161513776 2
      vertex 36.35065978262058 39.33630497129068 1.8214438599398917
    endloop
  endfacet
  facet normal 0.0460080821726233 0.8778865046759824 -0.4766534813494849
    outer loop
      vertex 36 39.46410161513776 2
      vertex 36 39.56402609675347 2.184038001041813
      vertex 36.372542170939454 39.54450198888525 2.184038001041813
    endloop
  endfacet
  facet normal 0.06041510022978819 0.8640477596499314 -0.4997714324650411
    outer loop
      vertex 36.35065978262058 39.33630497129068 1.8214438599398917
      vertex 36 39.46410161513776 2
      vertex 36.372542170939454 39.54450198888525 2.184038001041813
    endloop
  endfacet
  facet normal 0.04724965874245534 0.9015771969132259 -0.4300302637661817
    outer loop
      vertex 36 39.56402609675347 2.184038001041813
      vertex 36 39.6541818305704 2.3730534276967994
      vertex 36.372542170939454 39.54450198888525 2.184038001041813
    endloop
  endfacet
  facet normal 0.062115070022477 0.911533186951065 -0.4065082621090715
    outer loop
      vertex 36 39.6541818305704 2.3730534276967994
      vertex 36.390342909274054 39.71386470095487 2.566528201818799
      vertex 36.372542170939454 39.54450198888525 2.184038001041813
    endloop
  endfacet
  facet normal 0.13552262914471927 0.8556562050352159 -0.499485811384503
    outer loop
      vertex 36.35065978262058 39.33630497129068 1.8214438599398917
      vertex 36.372542170939454 39.54450198888525 2.184038001041813
      vertex 36.69747766328249 39.2813744153675 1.8214438599398917
    endloop
  endfacet
  facet normal 0.14294238467384307 0.9025026977457686 -0.4062712827968094
    outer loop
      vertex 36.372542170939454 39.54450198888525 2.184038001041813
      vertex 36.390342909274054 39.71386470095487 2.566528201818799
      vertex 36.77640913994959 39.652717817081125 2.566528201818799
    endloop
  endfacet
  facet normal 0.1355226291447163 0.8556562050352152 -0.4994858113845053
    outer loop
      vertex 36.69747766328249 39.2813744153675 1.8214438599398917
      vertex 36.372542170939454 39.54450198888525 2.184038001041813
      vertex 36.741002691894636 39.48614357549208 2.184038001041813
    endloop
  endfacet
  facet normal 0.1429423846738444 0.9025026977457677 -0.4062712827968105
    outer loop
      vertex 36.372542170939454 39.54450198888525 2.184038001041813
      vertex 36.77640913994959 39.652717817081125 2.566528201818799
      vertex 36.741002691894636 39.48614357549208 2.184038001041813
    endloop
  endfacet
  facet normal 0.23649655142458173 0.8826171457313271 -0.4062712827968099
    outer loop
      vertex 36.741002691894636 39.48614357549208 2.184038001041813
      vertex 36.77640913994959 39.652717817081125 2.566528201818799
      vertex 37.10134463229263 39.38959024356337 2.184038001041813
    endloop
  endfacet
  facet normal 0.23649655142458056 0.8826171457313271 -0.4062712827968109
    outer loop
      vertex 37.10134463229263 39.38959024356337 2.184038001041813
      vertex 36.77640913994959 39.652717817081125 2.566528201818799
      vertex 37.153968869613784 39.55155099242309 2.566528201818799
    endloop
  endfacet
  facet normal 0.3274596124678038 0.8530614555687472 -0.4062712827968108
    outer loop
      vertex 37.10134463229263 39.38959024356337 2.184038001041813
      vertex 37.153968869613784 39.55155099242309 2.566528201818799
      vertex 37.51888547485898 39.41147263188224 2.566528201818799
    endloop
  endfacet
  facet normal 0.048361819325703236 0.9227984850210501 -0.38223564783306513
    outer loop
      vertex 36 39.6541818305704 2.3730534276967994
      vertex 36 39.734321705988805 2.566528201818799
      vertex 36.390342909274054 39.71386470095487 2.566528201818799
    endloop
  endfacet
  facet normal 0.049341574038803446 0.9414933186221631 -0.33340027003768236
    outer loop
      vertex 36 39.734321705988805 2.566528201818799
      vertex 36 39.804226065180615 2.76393202250021
      vertex 36.390342909274054 39.71386470095487 2.566528201818799
    endloop
  endfacet
  facet normal 0.06351161439121096 0.948998820232301 -0.308816311154581
    outer loop
      vertex 36 39.804226065180615 2.76393202250021
      vertex 36.40386696901014 39.84253753418468 2.964723819589917
      vertex 36.390342909274054 39.71386470095487 2.566528201818799
    endloop
  endfacet
  facet normal 0.43040156284543335 0.02255639010867684 -0.9023556416211259
    outer loop
      vertex 37.626946572303204 36 0.34581816942959653
      vertex 37.806013969120656 36.18981971710355 0.4359739032465284
      vertex 37.81596199895819 36 0.4359739032465284
    endloop
  endfacet
  facet normal 0.4770096365855035 0.024999015750053828 -0.8785424610205783
    outer loop
      vertex 37.81596199895819 36 0.4359739032465284
      vertex 37.806013969120656 36.18981971710355 0.4359739032465284
      vertex 38 36 0.5358983848622456
    endloop
  endfacet
  facet normal 0.4021889885898388 0.06370047786248348 -0.9133379804744648
    outer loop
      vertex 37.42561908968413 36.1498386042014 0.26567829401119303
      vertex 37.40214700011052 36.29803554529943 0.26567829401119303
      vertex 37.806013969120656 36.18981971710355 0.4359739032465284
    endloop
  endfacet
  facet normal 0.4033431860452874 0.05337084183764117 -0.9134910111831305
    outer loop
      vertex 37.42561908968413 36.1498386042014 0.26567829401119303
      vertex 37.806013969120656 36.18981971710355 0.4359739032465284
      vertex 37.626946572303204 36 0.34581816942959653
    endloop
  endfacet
  facet normal 0.4021889885898419 0.06370047786249879 -0.9133379804744624
    outer loop
      vertex 37.40214700011052 36.29803554529943 0.26567829401119303
      vertex 37.776278872304715 36.37755972966419 0.4359739032465284
      vertex 37.806013969120656 36.18981971710355 0.4359739032465284
    endloop
  endfacet
  facet normal 0.39332724216823745 0.10539171690014208 -0.9133379804744621
    outer loop
      vertex 37.40214700011052 36.29803554529943 0.26567829401119303
      vertex 37.727082492453555 36.56116311881718 0.4359739032465284
      vertex 37.776278872304715 36.37755972966419 0.4359739032465284
    endloop
  endfacet
  facet normal 0.4943522025474633 0.0782976969236884 -0.8657282313133366
    outer loop
      vertex 37.806013969120656 36.18981971710355 0.4359739032465284
      vertex 37.776278872304715 36.37755972966419 0.4359739032465284
      vertex 38.13094946146369 36.45294729062131 0.6453177282183038
    endloop
  endfacet
  facet normal 0.48345975152014814 0.12954264999277762 -0.8657282313133409
    outer loop
      vertex 37.727082492453555 36.56116311881718 0.4359739032465284
      vertex 38.07193001311899 36.673210870478464 0.6453177282183038
      vertex 37.776278872304715 36.37755972966419 0.4359739032465284
    endloop
  endfacet
  facet normal 0.5223027827551571 0.027372728957552613 -0.8523206772310734
    outer loop
      vertex 38 36 0.5358983848622456
      vertex 38.16662178157877 36.22772112546279 0.6453177282183038
      vertex 38.17855614006011 36 0.6453177282183038
    endloop
  endfacet
  facet normal 0.5661568585971788 0.02967102368494325 -0.8237633409037219
    outer loop
      vertex 38.17855614006011 36 0.6453177282183038
      vertex 38.16662178157877 36.22772112546279 0.6453177282183038
      vertex 38.35114100916989 36 0.7639320225002102
    endloop
  endfacet
  facet normal 0.49725906942887826 0.05228210126673779 -0.8660254036446394
    outer loop
      vertex 37.806013969120656 36.18981971710355 0.4359739032465284
      vertex 38.16662178157877 36.22772112546279 0.6453177282183038
      vertex 38 36 0.5358983848622456
    endloop
  endfacet
  facet normal 0.49435220254746415 0.0782976969236872 -0.8657282313133362
    outer loop
      vertex 37.806013969120656 36.18981971710355 0.4359739032465284
      vertex 38.13094946146369 36.45294729062131 0.6453177282183038
      vertex 38.16662178157877 36.22772112546279 0.6453177282183038
    endloop
  endfacet
  facet normal 0.4834597515201584 0.12954264999276457 -0.865728231313337
    outer loop
      vertex 37.776278872304715 36.37755972966419 0.4359739032465284
      vertex 38.07193001311899 36.673210870478464 0.6453177282183038
      vertex 38.13094946146369 36.45294729062131 0.6453177282183038
    endloop
  endfacet
  facet normal 0.5854325347825597 0.05298605799424008 -0.8089877779523608
    outer loop
      vertex 38.35114100916989 36 0.7639320225002102
      vertex 38.16662178157877 36.22772112546279 0.6453177282183038
      vertex 38.50349163240315 36.26312757351775 0.8914161541721164
    endloop
  endfacet
  facet normal 0.5810697255499169 0.0920324032707616 -0.8086334217663478
    outer loop
      vertex 38.16662178157877 36.22772112546279 0.6453177282183038
      vertex 38.13094946146369 36.45294729062131 0.6453177282183038
      vertex 38.46227292239303 36.52337226627706 0.8914161541721164
    endloop
  endfacet
  facet normal 0.5682665591103097 0.1522665655992049 -0.8086334217663477
    outer loop
      vertex 38.13094946146369 36.45294729062131 0.6453177282183038
      vertex 38.07193001311899 36.673210870478464 0.6453177282183038
      vertex 38.46227292239303 36.52337226627706 0.8914161541721164
    endloop
  endfacet
  facet normal 0.5810697255499211 0.09203240327075551 -0.8086334217663456
    outer loop
      vertex 38.16662178157877 36.22772112546279 0.6453177282183038
      vertex 38.46227292239303 36.52337226627706 0.8914161541721164
      vertex 38.50349163240315 36.26312757351775 0.8914161541721164
    endloop
  endfacet
  facet normal 0.3801561201724225 0.1459282622327836 -0.913337980474463
    outer loop
      vertex 37.30954164988721 36.583045507136056 0.26567829401119303
      vertex 37.65896383539983 36.73861828740947 0.4359739032465284
      vertex 37.727082492453555 36.56116311881718 0.4359739032465284
    endloop
  endfacet
  facet normal 0.36281992817120673 0.1848659869869793 -0.9133379804744629
    outer loop
      vertex 37.30954164988721 36.583045507136056 0.26567829401119303
      vertex 37.57266922340496 36.90798099947909 0.4359739032465284
      vertex 37.65896383539983 36.73861828740947 0.4359739032465284
    endloop
  endfacet
  facet normal 0.44596156460778336 0.2272287666640304 -0.8657282313133388
    outer loop
      vertex 37.65896383539983 36.73861828740947 0.4359739032465284
      vertex 37.57266922340496 36.90798099947909 0.4359739032465284
      vertex 37.886684960862624 37.089278070030055 0.6453177282183038
    endloop
  endfacet
  facet normal 0.4197666667055433 0.27259966072978914 -0.8657282313133383
    outer loop
      vertex 37.46914411829627 37.06739568171118 0.4359739032465284
      vertex 37.886684960862624 37.089278070030055 0.6453177282183038
      vertex 37.57266922340496 36.90798099947909 0.4359739032465284
    endloop
  endfacet
  facet normal 0.46727041428473226 0.1793683066799943 -0.8657282313133413
    outer loop
      vertex 37.727082492453555 36.56116311881718 0.4359739032465284
      vertex 37.65896383539983 36.73861828740947 0.4359739032465284
      vertex 38.07193001311899 36.673210870478464 0.6453177282183038
    endloop
  endfacet
  facet normal 0.46727041428473315 0.1793683066800139 -0.8657282313133368
    outer loop
      vertex 37.65896383539983 36.73861828740947 0.4359739032465284
      vertex 37.99021006597131 36.88609861116022 0.6453177282183038
      vertex 38.07193001311899 36.673210870478464 0.6453177282183038
    endloop
  endfacet
  facet normal 0.44596156460779013 0.22722876666402472 -0.8657282313133366
    outer loop
      vertex 37.65896383539983 36.73861828740947 0.4359739032465284
      vertex 37.886684960862624 37.089278070030055 0.6453177282183038
      vertex 37.99021006597131 36.88609861116022 0.6453177282183038
    endloop
  endfacet
  facet normal 0.3889727173610561 0.31498389586744463 -0.8657282313133394
    outer loop
      vertex 37.34952276278936 37.21511575348754 0.4359739032465284
      vertex 37.76248894050852 37.28052317041855 0.6453177282183038
      vertex 37.46914411829627 37.06739568171118 0.4359739032465284
    endloop
  endfacet
  facet normal 0.419766666705544 0.2725996607297852 -0.8657282313133393
    outer loop
      vertex 37.46914411829627 37.06739568171118 0.4359739032465284
      vertex 37.76248894050852 37.28052317041855 0.6453177282183038
      vertex 37.886684960862624 37.089278070030055 0.6453177282183038
    endloop
  endfacet
  facet normal 0.38897271736105377 0.3149838958674527 -0.8657282313133374
    outer loop
      vertex 37.34952276278936 37.21511575348754 0.4359739032465284
      vertex 37.61898272249768 37.45773859098524 0.6453177282183038
      vertex 37.76248894050852 37.28052317041855 0.6453177282183038
    endloop
  endfacet
  facet normal 0.4934006575892175 0.3204181335270783 -0.8086334217663471
    outer loop
      vertex 37.886684960862624 37.089278070030055 0.6453177282183038
      vertex 37.76248894050852 37.28052317041855 0.6453177282183038
      vertex 38.180029783074865 37.258640782099675 0.8914161541721164
    endloop
  endfacet
  facet normal 0.45720494206090895 0.3702372619787688 -0.8086334217663437
    outer loop
      vertex 37.61898272249768 37.45773859098524 0.6453177282183038
      vertex 37.870704768704385 37.684390139428686 0.8914161541721164
      vertex 37.76248894050852 37.28052317041855 0.6453177282183038
    endloop
  endfacet
  facet normal 0.4572049420609008 0.3702372619787727 -0.8086334217663464
    outer loop
      vertex 37.76248894050852 37.28052317041855 0.6453177282183038
      vertex 37.870704768704385 37.684390139428686 0.8914161541721164
      vertex 38.03652356506402 37.47962097930411 0.8914161541721164
    endloop
  endfacet
  facet normal 0.5492373453316539 0.21083246357115557 -0.8086334217663494
    outer loop
      vertex 38.07193001311899 36.673210870478464 0.6453177282183038
      vertex 37.99021006597131 36.88609861116022 0.6453177282183038
      vertex 38.29965113858178 37.023870653099046 0.8914161541721164
    endloop
  endfacet
  facet normal 0.5682665591103112 0.15226656559921276 -0.8086334217663452
    outer loop
      vertex 38.07193001311899 36.673210870478464 0.6453177282183038
      vertex 38.39407703498145 36.77788278296435 0.8914161541721164
      vertex 38.46227292239303 36.52337226627706 0.8914161541721164
    endloop
  endfacet
  facet normal 0.5492373453316637 0.21083246357114627 -0.8086334217663453
    outer loop
      vertex 38.07193001311899 36.673210870478464 0.6453177282183038
      vertex 38.29965113858178 37.023870653099046 0.8914161541721164
      vertex 38.39407703498145 36.77788278296435 0.8914161541721164
    endloop
  endfacet
  facet normal 0.6251602497117679 0.2399765359981003 -0.7426883090170953
    outer loop
      vertex 38.39407703498145 36.77788278296435 0.8914161541721164
      vertex 38.29965113858178 37.023870653099046 0.8914161541721164
      vertex 38.583896752085 37.1504249539038 1.1715728752538097
    endloop
  endfacet
  facet normal 0.5241905722622539 0.2670884369526689 -0.8086334217663472
    outer loop
      vertex 37.886684960862624 37.089278070030055 0.6453177282183038
      vertex 38.180029783074865 37.258640782099675 0.8914161541721164
      vertex 37.99021006597131 36.88609861116022 0.6453177282183038
    endloop
  endfacet
  facet normal 0.5241905722622484 0.2670884369526731 -0.8086334217663491
    outer loop
      vertex 37.99021006597131 36.88609861116022 0.6453177282183038
      vertex 38.180029783074865 37.258640782099675 0.8914161541721164
      vertex 38.29965113858178 37.023870653099046 0.8914161541721164
    endloop
  endfacet
  facet normal 0.4934006575892171 0.32041813352708154 -0.8086334217663462
    outer loop
      vertex 37.76248894050852 37.28052317041855 0.6453177282183038
      vertex 38.03652356506402 37.47962097930411 0.8914161541721164
      vertex 38.180029783074865 37.258640782099675 0.8914161541721164
    endloop
  endfacet
  facet normal 0.5966511779240626 0.30400895962314867 -0.7426883090171
    outer loop
      vertex 38.29965113858178 37.023870653099046 0.8914161541721164
      vertex 38.180029783074865 37.258640782099675 0.8914161541721164
      vertex 38.44948974278318 37.41421356237309 1.1715728752538097
    endloop
  endfacet
  facet normal 0.5616050709737518 0.36471059746858003 -0.7426883090170994
    outer loop
      vertex 38.180029783074865 37.258640782099675 0.8914161541721164
      vertex 38.03652356506402 37.47962097930411 0.8914161541721164
      vertex 38.44948974278318 37.41421356237309 1.1715728752538097
    endloop
  endfacet
  facet normal 0.6084518499890379 0.031887610258591464 -0.792949889057886
    outer loop
      vertex 38.35114100916989 36 0.7639320225002102
      vertex 38.50349163240315 36.26312757351775 0.8914161541721164
      vertex 38.51728156419935 36 0.8914161541721164
    endloop
  endfacet
  facet normal 0.6490721956656657 0.034016432369213485 -0.7599658986708697
    outer loop
      vertex 38.51728156419935 36 0.8914161541721164
      vertex 38.50349163240315 36.26312757351775 0.8914161541721164
      vertex 38.67652242543544 36 1.027420698090423
    endloop
  endfacet
  facet normal 0.6670026312227509 0.05454775708555435 -0.7430558741702149
    outer loop
      vertex 38.67652242543544 36 1.027420698090423
      vertex 38.50349163240315 36.26312757351775 0.8914161541721164
      vertex 38.812932705013615 36.295651140814265 1.1715728752538097
    endloop
  endfacet
  facet normal 0.6613929256856554 0.10475434836932938 -0.7426883090171045
    outer loop
      vertex 38.50349163240315 36.26312757351775 0.8914161541721164
      vertex 38.46227292239303 36.52337226627706 0.8914161541721164
      vertex 38.766619205920904 36.588063065860794 1.1715728752538097
    endloop
  endfacet
  facet normal 0.6879070948126629 0.0360516831921867 -0.7249028245533413
    outer loop
      vertex 38.67652242543544 36 1.027420698090423
      vertex 38.812932705013615 36.295651140814265 1.1715728752538097
      vertex 38.82842712474619 36 1.1715728752538097
    endloop
  endfacet
  facet normal 0.724850797421116 0.03798782060438921 -0.6878577229076527
    outer loop
      vertex 38.82842712474619 36 1.1715728752538097
      vertex 38.812932705013615 36.295651140814265 1.1715728752538097
      vertex 38.972579301909576 36 1.323477574564567
    endloop
  endfacet
  facet normal 0.6613929256856597 0.1047543483693237 -0.7426883090171017
    outer loop
      vertex 38.50349163240315 36.26312757351775 0.8914161541721164
      vertex 38.766619205920904 36.588063065860794 1.1715728752538097
      vertex 38.812932705013615 36.295651140814265 1.1715728752538097
    endloop
  endfacet
  facet normal 0.734445969530688 0.11632481383272143 -0.6686237024866157
    outer loop
      vertex 38.812932705013615 36.295651140814265 1.1715728752538097
      vertex 38.766619205920904 36.588063065860794 1.1715728752538097
      vertex 39.04065383047641 36.64631092343485 1.4827184358006504
    endloop
  endfacet
  facet normal 0.7411325151274174 0.05647960197677568 -0.6689788110108223
    outer loop
      vertex 38.812932705013615 36.295651140814265 1.1715728752538097
      vertex 39.09155469826394 36.32493549234304 1.4827184358006504
      vertex 38.972579301909576 36 1.323477574564567
    endloop
  endfacet
  facet normal 0.7598028769455389 0.0398195814735782 -0.6489329619587461
    outer loop
      vertex 38.972579301909576 36 1.323477574564567
      vertex 39.09155469826394 36.32493549234304 1.4827184358006504
      vertex 39.10858384582788 36 1.4827184358006504
    endloop
  endfacet
  facet normal 0.7344459695306828 0.11632481383272888 -0.6686237024866204
    outer loop
      vertex 38.812932705013615 36.295651140814265 1.1715728752538097
      vertex 39.04065383047641 36.64631092343485 1.4827184358006504
      vertex 39.09155469826394 36.32493549234304 1.4827184358006504
    endloop
  endfacet
  facet normal 0.7994350026049813 0.12661806546343451 -0.5872576454234301
    outer loop
      vertex 39.09155469826394 36.32493549234304 1.4827184358006504
      vertex 39.04065383047641 36.64631092343485 1.4827184358006504
      vertex 39.2813744153675 36.69747766328249 1.8214438599398917
    endloop
  endfacet
  facet normal 0.7926684849484319 0.041541995003796614 -0.6082359210213272
    outer loop
      vertex 39.10858384582788 36 1.4827184358006504
      vertex 39.09155469826394 36.32493549234304 1.4827184358006504
      vertex 39.236067977499786 36 1.6488589908301075
    endloop
  endfacet
  facet normal 0.8070462117787646 0.05849594275230768 -0.5875837274253468
    outer loop
      vertex 39.236067977499786 36 1.6488589908301075
      vertex 39.09155469826394 36.32493549234304 1.4827184358006504
      vertex 39.33630497129068 36.35065978262058 1.8214438599398917
    endloop
  endfacet
  facet normal 0.823358587547643 0.0431503951269917 -0.5658786793226397
    outer loop
      vertex 39.236067977499786 36 1.6488589908301075
      vertex 39.33630497129068 36.35065978262058 1.8214438599398917
      vertex 39.3546822717817 36 1.8214438599398917
    endloop
  endfacet
  facet normal 0.7994350026049815 0.12661806546343415 -0.5872576454234297
    outer loop
      vertex 39.09155469826394 36.32493549234304 1.4827184358006504
      vertex 39.2813744153675 36.69747766328249 1.8214438599398917
      vertex 39.33630497129068 36.35065978262058 1.8214438599398917
    endloop
  endfacet
  facet normal 0.6468199349804168 0.17331487922634484 -0.742688309017105
    outer loop
      vertex 38.39407703498145 36.77788278296435 0.8914161541721164
      vertex 38.766619205920904 36.588063065860794 1.1715728752538097
      vertex 38.46227292239303 36.52337226627706 0.8914161541721164
    endloop
  endfacet
  facet normal 0.6468199349804213 0.17331487922636724 -0.7426883090170959
    outer loop
      vertex 38.39407703498145 36.77788278296435 0.8914161541721164
      vertex 38.689994047855826 36.87403204889764 1.1715728752538097
      vertex 38.766619205920904 36.588063065860794 1.1715728752538097
    endloop
  endfacet
  facet normal 0.625160249711767 0.23997653599810095 -0.7426883090170958
    outer loop
      vertex 38.39407703498145 36.77788278296435 0.8914161541721164
      vertex 38.583896752085 37.1504249539038 1.1715728752538097
      vertex 38.689994047855826 36.87403204889764 1.1715728752538097
    endloop
  endfacet
  facet normal 0.5966511779240721 0.3040089596231415 -0.7426883090170953
    outer loop
      vertex 38.29965113858178 37.023870653099046 0.8914161541721164
      vertex 38.44948974278318 37.41421356237309 1.1715728752538097
      vertex 38.583896752085 37.1504249539038 1.1715728752538097
    endloop
  endfacet
  facet normal 0.7182633436334044 0.192458082879462 -0.668623702486626
    outer loop
      vertex 38.766619205920904 36.588063065860794 1.1715728752538097
      vertex 38.689994047855826 36.87403204889764 1.1715728752538097
      vertex 38.95643892302446 36.96060523680025 1.4827184358006504
    endloop
  endfacet
  facet normal 0.662553280847049 0.33758775823759934 -0.6686237024866255
    outer loop
      vertex 38.583896752085 37.1504249539038 1.1715728752538097
      vertex 38.44948974278318 37.41421356237309 1.1715728752538097
      vertex 38.83983265205723 37.26437495817169 1.4827184358006504
    endloop
  endfacet
  facet normal 0.6625532808470491 0.3375877582376044 -0.6686237024866231
    outer loop
      vertex 38.44948974278318 37.41421356237309 1.1715728752538097
      vertex 38.69211258028088 37.55429192291394 1.4827184358006504
      vertex 38.83983265205723 37.26437495817169 1.4827184358006504
    endloop
  endfacet
  facet normal 0.6942112742370253 0.26648274089569546 -0.6686237024866253
    outer loop
      vertex 38.689994047855826 36.87403204889764 1.1715728752538097
      vertex 38.583896752085 37.1504249539038 1.1715728752538097
      vertex 38.83983265205723 37.26437495817169 1.4827184358006504
    endloop
  endfacet
  facet normal 0.6942112742370241 0.2664827408956964 -0.6686237024866261
    outer loop
      vertex 38.689994047855826 36.87403204889764 1.1715728752538097
      vertex 38.83983265205723 37.26437495817169 1.4827184358006504
      vertex 38.95643892302446 36.96060523680025 1.4827184358006504
    endloop
  endfacet
  facet normal 0.7211807345588231 0.3674599379428101 -0.5872576454234226
    outer loop
      vertex 38.83983265205723 37.26437495817169 1.4827184358006504
      vertex 38.69211258028088 37.55429192291394 1.4827184358006504
      vertex 38.90524006898824 37.67734113589085 1.8214438599398917
    endloop
  endfacet
  facet normal 0.7182633436334178 0.19245808287944682 -0.668623702486616
    outer loop
      vertex 38.766619205920904 36.588063065860794 1.1715728752538097
      vertex 38.95643892302446 36.96060523680025 1.4827184358006504
      vertex 39.04065383047641 36.64631092343485 1.4827184358006504
    endloop
  endfacet
  facet normal 0.7818204222096343 0.20948815075722493 -0.5872576454234268
    outer loop
      vertex 39.04065383047641 36.64631092343485 1.4827184358006504
      vertex 38.95643892302446 36.96060523680025 1.4827184358006504
      vertex 39.190492434677815 37.0366538327089 1.8214438599398917
    endloop
  endfacet
  facet normal 0.7818204222096314 0.20948815075722843 -0.5872576454234295
    outer loop
      vertex 39.04065383047641 36.64631092343485 1.4827184358006504
      vertex 39.190492434677815 37.0366538327089 1.8214438599398917
      vertex 39.2813744153675 36.69747766328249 1.8214438599398917
    endloop
  endfacet
  facet normal 0.8368028586527558 0.22422065020005902 -0.4994858113845065
    outer loop
      vertex 39.2813744153675 36.69747766328249 1.8214438599398917
      vertex 39.190492434677815 37.0366538327089 1.8214438599398917
      vertex 39.48614357549208 36.741002691894636 2.184038001041813
    endloop
  endfacet
  facet normal 0.8368028586527574 0.22422065020007087 -0.49948581138449827
    outer loop
      vertex 39.190492434677815 37.0366538327089 1.8214438599398917
      vertex 39.38959024356337 37.10134463229263 2.184038001041813
      vertex 39.48614357549208 36.741002691894636 2.184038001041813
    endloop
  endfacet
  facet normal 0.7556400536621137 0.2900630400331114 -0.587257645423427
    outer loop
      vertex 38.83983265205723 37.26437495817169 1.4827184358006504
      vertex 39.190492434677815 37.0366538327089 1.8214438599398917
      vertex 38.95643892302446 36.96060523680025 1.4827184358006504
    endloop
  endfacet
  facet normal 0.7556400536621144 0.2900630400331203 -0.5872576454234215
    outer loop
      vertex 38.83983265205723 37.26437495817169 1.4827184358006504
      vertex 39.06465475122033 37.36447220581039 1.8214438599398917
      vertex 39.190492434677815 37.0366538327089 1.8214438599398917
    endloop
  endfacet
  facet normal 0.7211807345588243 0.3674599379428093 -0.5872576454234217
    outer loop
      vertex 38.83983265205723 37.26437495817169 1.4827184358006504
      vertex 38.90524006898824 37.67734113589085 1.8214438599398917
      vertex 39.06465475122033 37.36447220581039 1.8214438599398917
    endloop
  endfacet
  facet normal 0.7718986139790286 0.3933019882517932 -0.4994858113845086
    outer loop
      vertex 39.06465475122033 37.36447220581039 1.8214438599398917
      vertex 38.90524006898824 37.67734113589085 1.8214438599398917
      vertex 39.255899851608824 37.449620010428056 2.184038001041813
    endloop
  endfacet
  facet normal 0.8087813250386496 0.3104620628906145 -0.49948581138449794
    outer loop
      vertex 39.190492434677815 37.0366538327089 1.8214438599398917
      vertex 39.255899851608824 37.449620010428056 2.184038001041813
      vertex 39.38959024356337 37.10134463229263 2.184038001041813
    endloop
  endfacet
  facet normal 0.8087813250386391 0.31046206289062533 -0.4994858113845083
    outer loop
      vertex 39.06465475122033 37.36447220581039 1.8214438599398917
      vertex 39.255899851608824 37.449620010428056 2.184038001041813
      vertex 39.190492434677815 37.0366538327089 1.8214438599398917
    endloop
  endfacet
  facet normal 0.8517901836020155 0.044640431937673794 -0.5219776958411753
    outer loop
      vertex 39.3546822717817 36 1.8214438599398917
      vertex 39.33630497129068 36.35065978262058 1.8214438599398917
      vertex 39.46410161513776 36 2
    endloop
  endfacet
  facet normal 0.8640477596499314 0.06041510022978819 -0.4997714324650411
    outer loop
      vertex 39.33630497129068 36.35065978262058 1.8214438599398917
      vertex 39.54450198888525 36.372542170939454 2.184038001041813
      vertex 39.46410161513776 36 2
    endloop
  endfacet
  facet normal 0.8778865046759824 0.0460080821726233 -0.4766534813494849
    outer loop
      vertex 39.46410161513776 36 2
      vertex 39.54450198888525 36.372542170939454 2.184038001041813
      vertex 39.56402609675347 36 2.184038001041813
    endloop
  endfacet
  facet normal 0.9015771969132259 0.04724965874245534 -0.4300302637661817
    outer loop
      vertex 39.56402609675347 36 2.184038001041813
      vertex 39.54450198888525 36.372542170939454 2.184038001041813
      vertex 39.6541818305704 36 2.3730534276967994
    endloop
  endfacet
  facet normal 0.8556562050352159 0.13552262914471927 -0.499485811384503
    outer loop
      vertex 39.33630497129068 36.35065978262058 1.8214438599398917
      vertex 39.2813744153675 36.69747766328249 1.8214438599398917
      vertex 39.54450198888525 36.372542170939454 2.184038001041813
    endloop
  endfacet
  facet normal 0.911533186951065 0.062115070022477 -0.4065082621090715
    outer loop
      vertex 39.6541818305704 36 2.3730534276967994
      vertex 39.54450198888525 36.372542170939454 2.184038001041813
      vertex 39.71386470095487 36.390342909274054 2.566528201818799
    endloop
  endfacet
  facet normal 0.9025026977457686 0.14294238467384307 -0.4062712827968094
    outer loop
      vertex 39.54450198888525 36.372542170939454 2.184038001041813
      vertex 39.652717817081125 36.77640913994959 2.566528201818799
      vertex 39.71386470095487 36.390342909274054 2.566528201818799
    endloop
  endfacet
  facet normal 0.8556562050352152 0.1355226291447163 -0.4994858113845053
    outer loop
      vertex 39.2813744153675 36.69747766328249 1.8214438599398917
      vertex 39.48614357549208 36.741002691894636 2.184038001041813
      vertex 39.54450198888525 36.372542170939454 2.184038001041813
    endloop
  endfacet
  facet normal 0.9025026977457677 0.1429423846738444 -0.4062712827968105
    outer loop
      vertex 39.54450198888525 36.372542170939454 2.184038001041813
      vertex 39.48614357549208 36.741002691894636 2.184038001041813
      vertex 39.652717817081125 36.77640913994959 2.566528201818799
    endloop
  endfacet
  facet normal 0.8826171457313267 0.23649655142458162 -0.40627128279681085
    outer loop
      vertex 39.48614357549208 36.741002691894636 2.184038001041813
      vertex 39.38959024356337 37.10134463229263 2.184038001041813
      vertex 39.55155099242309 37.153968869613784 2.566528201818799
    endloop
  endfacet
  facet normal 0.8826171457313273 0.23649655142458062 -0.4062712827968099
    outer loop
      vertex 39.48614357549208 36.741002691894636 2.184038001041813
      vertex 39.55155099242309 37.153968869613784 2.566528201818799
      vertex 39.652717817081125 36.77640913994959 2.566528201818799
    endloop
  endfacet
  facet normal 0.8530614555687511 0.32745961246779354 -0.40627128279681096
    outer loop
      vertex 39.255899851608824 37.449620010428056 2.184038001041813
      vertex 39.55155099242309 37.153968869613784 2.566528201818799
      vertex 39.38959024356337 37.10134463229263 2.184038001041813
    endloop
  endfacet
  facet normal 0.8530614555687508 0.3274596124678052 -0.4062712827968018
    outer loop
      vertex 39.255899851608824 37.449620010428056 2.184038001041813
      vertex 39.41147263188224 37.51888547485898 2.566528201818799
      vertex 39.55155099242309 37.153968869613784 2.566528201818799
    endloop
  endfacet
  facet normal 0.9227984850210501 0.048361819325703236 -0.38223564783306513
    outer loop
      vertex 39.6541818305704 36 2.3730534276967994
      vertex 39.71386470095487 36.390342909274054 2.566528201818799
      vertex 39.734321705988805 36 2.566528201818799
    endloop
  endfacet
  facet normal 0.9414933186221631 0.049341574038803446 -0.33340027003768236
    outer loop
      vertex 39.734321705988805 36 2.566528201818799
      vertex 39.71386470095487 36.390342909274054 2.566528201818799
      vertex 39.804226065180615 36 2.76393202250021
    endloop
  endfacet
  facet normal 0.948998820232301 0.06351161439121096 -0.308816311154581
    outer loop
      vertex 39.804226065180615 36 2.76393202250021
      vertex 39.71386470095487 36.390342909274054 2.566528201818799
      vertex 39.84253753418468 36.40386696901014 2.964723819589917
    endloop
  endfacet
  facet normal 0.41599999351109035 0.41599999351109035 -0.8086334217663437
    outer loop
      vertex 37.45773859098524 37.61898272249768 0.6453177282183038
      vertex 37.684390139428686 37.870704768704385 0.8914161541721164
      vertex 37.61898272249768 37.45773859098524 0.6453177282183038
    endloop
  endfacet
  facet normal 0.41599999351109035 0.41599999351109035 -0.8086334217663438
    outer loop
      vertex 37.61898272249768 37.45773859098524 0.6453177282183038
      vertex 37.684390139428686 37.870704768704385 0.8914161541721164
      vertex 37.870704768704385 37.684390139428686 0.8914161541721164
    endloop
  endfacet
  facet normal 0.47350505575406693 0.47350505575406693 -0.7426883090170976
    outer loop
      vertex 37.684390139428686 37.870704768704385 0.8914161541721164
      vertex 38.10193098199503 37.89258715702326 1.1715728752538097
      vertex 37.870704768704385 37.684390139428686 0.8914161541721164
    endloop
  endfacet
  facet normal 0.473505055754067 0.47350505575406704 -0.7426883090170976
    outer loop
      vertex 37.684390139428686 37.870704768704385 0.8914161541721164
      vertex 37.89258715702326 38.10193098199503 1.1715728752538097
      vertex 38.10193098199503 37.89258715702326 1.1715728752538097
    endloop
  endfacet
  facet normal 0.42141638968755973 0.5204059013424249 -0.7426883090171011
    outer loop
      vertex 37.47962097930411 38.03652356506402 0.8914161541721164
      vertex 37.662507751109814 38.28824561127074 1.1715728752538097
      vertex 37.684390139428686 37.870704768704385 0.8914161541721164
    endloop
  endfacet
  facet normal 0.3647105974685749 0.5616050709737525 -0.7426883090171016
    outer loop
      vertex 37.47962097930411 38.03652356506402 0.8914161541721164
      vertex 37.41421356237309 38.44948974278318 1.1715728752538097
      vertex 37.662507751109814 38.28824561127074 1.1715728752538097
    endloop
  endfacet
  facet normal 0.42141638968756706 0.5204059013424234 -0.7426883090170981
    outer loop
      vertex 37.684390139428686 37.870704768704385 0.8914161541721164
      vertex 37.662507751109814 38.28824561127074 1.1715728752538097
      vertex 37.89258715702326 38.10193098199503 1.1715728752538097
    endloop
  endfacet
  facet normal 0.5204059013424277 0.42141638968756195 -0.7426883090170978
    outer loop
      vertex 38.03652356506402 37.47962097930411 0.8914161541721164
      vertex 37.870704768704385 37.684390139428686 0.8914161541721164
      vertex 38.10193098199503 37.89258715702326 1.1715728752538097
    endloop
  endfacet
  facet normal 0.5204059013424209 0.421416389687565 -0.7426883090171009
    outer loop
      vertex 38.03652356506402 37.47962097930411 0.8914161541721164
      vertex 38.10193098199503 37.89258715702326 1.1715728752538097
      vertex 38.28824561127074 37.662507751109814 1.1715728752538097
    endloop
  endfacet
  facet normal 0.5616050709737525 0.3647105974685749 -0.7426883090171016
    outer loop
      vertex 38.03652356506402 37.47962097930411 0.8914161541721164
      vertex 38.28824561127074 37.662507751109814 1.1715728752538097
      vertex 38.44948974278318 37.41421356237309 1.1715728752538097
    endloop
  endfacet
  facet normal 0.40499409345546794 0.6236362150639354 -0.6686237024866173
    outer loop
      vertex 37.41421356237309 38.44948974278318 1.1715728752538097
      vertex 37.82717974009225 38.51489715971419 1.4827184358006504
      vertex 37.662507751109814 38.28824561127074 1.1715728752538097
    endloop
  endfacet
  facet normal 0.4679632286349875 0.5778864604042856 -0.6686237024866262
    outer loop
      vertex 37.662507751109814 38.28824561127074 1.1715728752538097
      vertex 38.08004859367616 38.31012799958961 1.4827184358006504
      vertex 37.89258715702326 38.10193098199503 1.1715728752538097
    endloop
  endfacet
  facet normal 0.46796322863498024 0.5778864604043018 -0.6686237024866175
    outer loop
      vertex 37.662507751109814 38.28824561127074 1.1715728752538097
      vertex 37.82717974009225 38.51489715971419 1.4827184358006504
      vertex 38.08004859367616 38.31012799958961 1.4827184358006504
    endloop
  endfacet
  facet normal 0.5778864604042856 0.4679632286349875 -0.6686237024866262
    outer loop
      vertex 38.10193098199503 37.89258715702326 1.1715728752538097
      vertex 38.31012799958961 38.08004859367616 1.4827184358006504
      vertex 38.28824561127074 37.662507751109814 1.1715728752538097
    endloop
  endfacet
  facet normal 0.5778864604043018 0.46796322863498024 -0.6686237024866175
    outer loop
      vertex 38.28824561127074 37.662507751109814 1.1715728752538097
      vertex 38.31012799958961 38.08004859367616 1.4827184358006504
      vertex 38.51489715971419 37.82717974009225 1.4827184358006504
    endloop
  endfacet
  facet normal 0.5258052607539585 0.5258052607539585 -0.6686237024866255
    outer loop
      vertex 37.89258715702326 38.10193098199503 1.1715728752538097
      vertex 38.31012799958961 38.08004859367616 1.4827184358006504
      vertex 38.10193098199503 37.89258715702326 1.1715728752538097
    endloop
  endfacet
  facet normal 0.5258052607539585 0.5258052607539584 -0.6686237024866255
    outer loop
      vertex 37.89258715702326 38.10193098199503 1.1715728752538097
      vertex 38.08004859367616 38.31012799958961 1.4827184358006504
      vertex 38.31012799958961 38.08004859367616 1.4827184358006504
    endloop
  endfacet
  facet normal 0.5723322714524027 0.5723322714524027 -0.5872576454234262
    outer loop
      vertex 38.08004859367616 38.31012799958961 1.4827184358006504
      vertex 38.493014771395316 38.2447205826586 1.8214438599398917
      vertex 38.31012799958961 38.08004859367616 1.4827184358006504
    endloop
  endfacet
  facet normal 0.5723322714524026 0.5723322714524026 -0.5872576454234262
    outer loop
      vertex 38.08004859367616 38.31012799958961 1.4827184358006504
      vertex 38.2447205826586 38.493014771395316 1.8214438599398917
      vertex 38.493014771395316 38.2447205826586 1.8214438599398917
    endloop
  endfacet
  facet normal 0.4049940934554738 0.6236362150639256 -0.668623702486623
    outer loop
      vertex 37.41421356237309 38.44948974278318 1.1715728752538097
      vertex 37.55429192291394 38.69211258028088 1.4827184358006504
      vertex 37.82717974009225 38.51489715971419 1.4827184358006504
    endloop
  endfacet
  facet normal 0.44083086787646397 0.6788200084109343 -0.5872576454234228
    outer loop
      vertex 37.55429192291394 38.69211258028088 1.4827184358006504
      vertex 37.67734113589085 38.90524006898824 1.8214438599398917
      vertex 37.82717974009225 38.51489715971419 1.4827184358006504
    endloop
  endfacet
  facet normal 0.5093719625718653 0.6290219881986779 -0.5872576454234277
    outer loop
      vertex 38.08004859367616 38.31012799958961 1.4827184358006504
      vertex 37.82717974009225 38.51489715971419 1.4827184358006504
      vertex 37.97183276548029 38.71399496859975 1.8214438599398917
    endloop
  endfacet
  facet normal 0.44083086787645626 0.6788200084109353 -0.5872576454234274
    outer loop
      vertex 37.67734113589085 38.90524006898824 1.8214438599398917
      vertex 37.97183276548029 38.71399496859975 1.8214438599398917
      vertex 37.82717974009225 38.51489715971419 1.4827184358006504
    endloop
  endfacet
  facet normal 0.47183281472594096 0.726558820174499 -0.4994858113845036
    outer loop
      vertex 37.67734113589085 38.90524006898824 1.8214438599398917
      vertex 38.094881978457195 38.88335768066937 2.184038001041813
      vertex 37.97183276548029 38.71399496859975 1.8214438599398917
    endloop
  endfacet
  facet normal 0.39330198825179385 0.7718986139790299 -0.4994858113845063
    outer loop
      vertex 37.36447220581039 39.06465475122033 1.8214438599398917
      vertex 37.78201304837673 39.0865371395392 2.184038001041813
      vertex 37.67734113589085 38.90524006898824 1.8214438599398917
    endloop
  endfacet
  facet normal 0.39330198825179585 0.7718986139790273 -0.4994858113845085
    outer loop
      vertex 37.36447220581039 39.06465475122033 1.8214438599398917
      vertex 37.449620010428056 39.255899851608824 2.184038001041813
      vertex 37.78201304837673 39.0865371395392 2.184038001041813
    endloop
  endfacet
  facet normal 0.4148349574715062 0.8141594455843736 -0.40627128279680197
    outer loop
      vertex 37.449620010428056 39.255899851608824 2.184038001041813
      vertex 37.51888547485898 39.41147263188224 2.566528201818799
      vertex 37.8671608529944 39.23401746328995 2.566528201818799
    endloop
  endfacet
  facet normal 0.4148349574715141 0.8141594455843649 -0.40627128279681113
    outer loop
      vertex 37.449620010428056 39.255899851608824 2.184038001041813
      vertex 37.8671608529944 39.23401746328995 2.566528201818799
      vertex 37.78201304837673 39.0865371395392 2.184038001041813
    endloop
  endfacet
  facet normal 0.4718328147259426 0.7265588201744966 -0.4994858113845056
    outer loop
      vertex 37.67734113589085 38.90524006898824 1.8214438599398917
      vertex 37.78201304837673 39.0865371395392 2.184038001041813
      vertex 38.094881978457195 38.88335768066937 2.184038001041813
    endloop
  endfacet
  facet normal 0.4976652838713586 0.76633733434035 -0.40627128279681146
    outer loop
      vertex 37.78201304837673 39.0865371395392 2.184038001041813
      vertex 37.8671608529944 39.23401746328995 2.566528201818799
      vertex 38.19497922609589 39.021129722608194 2.566528201818799
    endloop
  endfacet
  facet normal 0.5093719625718696 0.629021988198677 -0.5872576454234253
    outer loop
      vertex 38.08004859367616 38.31012799958961 1.4827184358006504
      vertex 37.97183276548029 38.71399496859975 1.8214438599398917
      vertex 38.2447205826586 38.493014771395316 1.8214438599398917
    endloop
  endfacet
  facet normal 0.5451941421445927 0.6732586958939206 -0.4994858113845065
    outer loop
      vertex 37.97183276548029 38.71399496859975 1.8214438599398917
      vertex 38.38479894319944 38.64858755166874 2.184038001041813
      vertex 38.2447205826586 38.493014771395316 1.8214438599398917
    endloop
  endfacet
  facet normal 0.5451941421445903 0.6732586958939253 -0.499485811384503
    outer loop
      vertex 37.97183276548029 38.71399496859975 1.8214438599398917
      vertex 38.094881978457195 38.88335768066937 2.184038001041813
      vertex 38.38479894319944 38.64858755166874 2.184038001041813
    endloop
  endfacet
  facet normal 0.6125822084526952 0.6125822084526952 -0.49948581138450526
    outer loop
      vertex 38.2447205826586 38.493014771395316 1.8214438599398917
      vertex 38.38479894319944 38.64858755166874 2.184038001041813
      vertex 38.64858755166874 38.38479894319944 2.184038001041813
    endloop
  endfacet
  facet normal 0.5750430852779599 0.7101190708949001 -0.40627128279681435
    outer loop
      vertex 38.094881978457195 38.88335768066937 2.184038001041813
      vertex 38.19497922609589 39.021129722608194 2.566528201818799
      vertex 38.38479894319944 38.64858755166874 2.184038001041813
    endloop
  endfacet
  facet normal 0.5750430852779728 0.7101190708948956 -0.4062712827968035
    outer loop
      vertex 38.38479894319944 38.64858755166874 2.184038001041813
      vertex 38.19497922609589 39.021129722608194 2.566528201818799
      vertex 38.498748947467334 38.775141852473496 2.566528201818799
    endloop
  endfacet
  facet normal 0.49766528387136066 0.7663373343403471 -0.4062712827968143
    outer loop
      vertex 37.78201304837673 39.0865371395392 2.184038001041813
      vertex 38.19497922609589 39.021129722608194 2.566528201818799
      vertex 38.094881978457195 38.88335768066937 2.184038001041813
    endloop
  endfacet
  facet normal 0.6236362150639311 0.4049940934554651 -0.6686237024866232
    outer loop
      vertex 38.44948974278318 37.41421356237309 1.1715728752538097
      vertex 38.28824561127074 37.662507751109814 1.1715728752538097
      vertex 38.69211258028088 37.55429192291394 1.4827184358006504
    endloop
  endfacet
  facet normal 0.6236362150639297 0.40499409345547643 -0.6686237024866176
    outer loop
      vertex 38.28824561127074 37.662507751109814 1.1715728752538097
      vertex 38.51489715971419 37.82717974009225 1.4827184358006504
      vertex 38.69211258028088 37.55429192291394 1.4827184358006504
    endloop
  endfacet
  facet normal 0.6290219881986779 0.5093719625718653 -0.5872576454234277
    outer loop
      vertex 38.31012799958961 38.08004859367616 1.4827184358006504
      vertex 38.71399496859975 37.97183276548029 1.8214438599398917
      vertex 38.51489715971419 37.82717974009225 1.4827184358006504
    endloop
  endfacet
  facet normal 0.6788200084109314 0.4408308678764621 -0.5872576454234276
    outer loop
      vertex 38.51489715971419 37.82717974009225 1.4827184358006504
      vertex 38.71399496859975 37.97183276548029 1.8214438599398917
      vertex 38.69211258028088 37.55429192291394 1.4827184358006504
    endloop
  endfacet
  facet normal 0.6788200084109381 0.440830867876458 -0.5872576454234231
    outer loop
      vertex 38.69211258028088 37.55429192291394 1.4827184358006504
      vertex 38.71399496859975 37.97183276548029 1.8214438599398917
      vertex 38.90524006898824 37.67734113589085 1.8214438599398917
    endloop
  endfacet
  facet normal 0.726558820174499 0.47183281472594096 -0.4994858113845036
    outer loop
      vertex 38.90524006898824 37.67734113589085 1.8214438599398917
      vertex 38.71399496859975 37.97183276548029 1.8214438599398917
      vertex 38.88335768066937 38.094881978457195 2.184038001041813
    endloop
  endfacet
  facet normal 0.629021988198677 0.5093719625718696 -0.5872576454234253
    outer loop
      vertex 38.31012799958961 38.08004859367616 1.4827184358006504
      vertex 38.493014771395316 38.2447205826586 1.8214438599398917
      vertex 38.71399496859975 37.97183276548029 1.8214438599398917
    endloop
  endfacet
  facet normal 0.6125822084526952 0.6125822084526952 -0.49948581138450515
    outer loop
      vertex 38.2447205826586 38.493014771395316 1.8214438599398917
      vertex 38.64858755166874 38.38479894319944 2.184038001041813
      vertex 38.493014771395316 38.2447205826586 1.8214438599398917
    endloop
  endfacet
  facet normal 0.6732586958939224 0.5451941421445942 -0.4994858113845028
    outer loop
      vertex 38.493014771395316 38.2447205826586 1.8214438599398917
      vertex 38.88335768066937 38.094881978457195 2.184038001041813
      vertex 38.71399496859975 37.97183276548029 1.8214438599398917
    endloop
  endfacet
  facet normal 0.6732586958939237 0.545194142144589 -0.4994858113845065
    outer loop
      vertex 38.493014771395316 38.2447205826586 1.8214438599398917
      vertex 38.64858755166874 38.38479894319944 2.184038001041813
      vertex 38.88335768066937 38.094881978457195 2.184038001041813
    endloop
  endfacet
  facet normal 0.7101190708949039 0.5750430852779629 -0.40627128279680336
    outer loop
      vertex 38.64858755166874 38.38479894319944 2.184038001041813
      vertex 38.775141852473496 38.498748947467334 2.566528201818799
      vertex 38.88335768066937 38.094881978457195 2.184038001041813
    endloop
  endfacet
  facet normal 0.7101190708948919 0.5750430852779699 -0.40627128279681396
    outer loop
      vertex 38.88335768066937 38.094881978457195 2.184038001041813
      vertex 38.775141852473496 38.498748947467334 2.566528201818799
      vertex 39.021129722608194 38.19497922609589 2.566528201818799
    endloop
  endfacet
  facet normal 0.7718986139790285 0.39330198825179646 -0.4994858113845064
    outer loop
      vertex 39.255899851608824 37.449620010428056 2.184038001041813
      vertex 38.90524006898824 37.67734113589085 1.8214438599398917
      vertex 39.0865371395392 37.78201304837673 2.184038001041813
    endloop
  endfacet
  facet normal 0.7265588201744966 0.4718328147259426 -0.4994858113845056
    outer loop
      vertex 38.90524006898824 37.67734113589085 1.8214438599398917
      vertex 38.88335768066937 38.094881978457195 2.184038001041813
      vertex 39.0865371395392 37.78201304837673 2.184038001041813
    endloop
  endfacet
  facet normal 0.7663373343403482 0.4976652838713614 -0.4062712827968113
    outer loop
      vertex 38.88335768066937 38.094881978457195 2.184038001041813
      vertex 39.23401746328995 37.8671608529944 2.566528201818799
      vertex 39.0865371395392 37.78201304837673 2.184038001041813
    endloop
  endfacet
  facet normal 0.8141594455843649 0.4148349574715141 -0.40627128279681113
    outer loop
      vertex 39.255899851608824 37.449620010428056 2.184038001041813
      vertex 39.0865371395392 37.78201304837673 2.184038001041813
      vertex 39.23401746328995 37.8671608529944 2.566528201818799
    endloop
  endfacet
  facet normal 0.8141594455843736 0.4148349574715062 -0.40627128279680197
    outer loop
      vertex 39.255899851608824 37.449620010428056 2.184038001041813
      vertex 39.23401746328995 37.8671608529944 2.566528201818799
      vertex 39.41147263188224 37.51888547485898 2.566528201818799
    endloop
  endfacet
  facet normal 0.766337334340349 0.49766528387135783 -0.4062712827968142
    outer loop
      vertex 38.88335768066937 38.094881978457195 2.184038001041813
      vertex 39.021129722608194 38.19497922609589 2.566528201818799
      vertex 39.23401746328995 37.8671608529944 2.566528201818799
    endloop
  endfacet
  facet normal 0.6461205943067592 0.6461205943067592 -0.406271282796804
    outer loop
      vertex 38.38479894319944 38.64858755166874 2.184038001041813
      vertex 38.498748947467334 38.775141852473496 2.566528201818799
      vertex 38.64858755166874 38.38479894319944 2.184038001041813
    endloop
  endfacet
  facet normal 0.6461205943067592 0.6461205943067592 -0.4062712827968041
    outer loop
      vertex 38.64858755166874 38.38479894319944 2.184038001041813
      vertex 38.498748947467334 38.775141852473496 2.566528201818799
      vertex 38.775141852473496 38.498748947467334 2.566528201818799
    endloop
  endfacet
  facet normal 0 0.9630804990847985 -0.2692135811629407
    outer loop
      vertex 4 39.86370330515627 2.964723819589917
      vertex 60 60 75
      vertex 36 39.86370330515627 2.964723819589917
    endloop
  endfacet
  facet normal 0.047946673597215536 0.9577169932966193 -0.28368869776895506
    outer loop
      vertex 36 39.804226065180615 2.76393202250021
      vertex 36 39.86370330515627 2.964723819589917
      vertex 60 60 75
    endloop
  endfacet
  facet normal 0.13880986020321895 0.9409520558144419 -0.3087734628638584
    outer loop
      vertex 36.390342909274054 39.71386470095487 2.566528201818799
      vertex 36.40386696901014 39.84253753418468 2.964723819589917
      vertex 60 60 75
    endloop
  endfacet
  facet normal 0.14866015107295072 0.9386032540086933 -0.31132634171759377
    outer loop
      vertex 36.390342909274054 39.71386470095487 2.566528201818799
      vertex 60 60 75
      vertex 36.77640913994959 39.652717817081125 2.566528201818799
    endloop
  endfacet
  facet normal 0.05061650448171844 0.957347099886614 -0.28447231818358304
    outer loop
      vertex 36 39.804226065180615 2.76393202250021
      vertex 60 60 75
      vertex 36.40386696901014 39.84253753418468 2.964723819589917
    endloop
  endfacet
  facet normal 0.24395805636832205 0.9104638612822956 -0.33397608302380494
    outer loop
      vertex 36.77640913994959 39.652717817081125 2.566528201818799
      vertex 60 60 75
      vertex 37.153968869613784 39.55155099242309 2.566528201818799
    endloop
  endfacet
  facet normal 0.3353749786421414 0.8736816894325614 -0.35242577835772526
    outer loop
      vertex 37.153968869613784 39.55155099242309 2.566528201818799
      vertex 60 60 75
      vertex 37.51888547485898 39.41147263188224 2.566528201818799
    endloop
  endfacet
  facet normal 0.9630804990847985 0 -0.2692135811629407
    outer loop
      vertex 39.86370330515627 4 2.964723819589917
      vertex 39.86370330515627 36 2.964723819589917
      vertex 60 60 75
    endloop
  endfacet
  facet normal 0.9577169932966193 0.047946673597215536 -0.28368869776895506
    outer loop
      vertex 39.804226065180615 36 2.76393202250021
      vertex 60 60 75
      vertex 39.86370330515627 36 2.964723819589917
    endloop
  endfacet
  facet normal 0.9104638612822956 0.24395805636832205 -0.33397608302380494
    outer loop
      vertex 39.652717817081125 36.77640913994959 2.566528201818799
      vertex 39.55155099242309 37.153968869613784 2.566528201818799
      vertex 60 60 75
    endloop
  endfacet
  facet normal 0.8736816894325614 0.3353749786421414 -0.35242577835772526
    outer loop
      vertex 39.55155099242309 37.153968869613784 2.566528201818799
      vertex 39.41147263188224 37.51888547485898 2.566528201818799
      vertex 60 60 75
    endloop
  endfacet
  facet normal 0.9409520558144419 0.13880986020321895 -0.3087734628638584
    outer loop
      vertex 39.71386470095487 36.390342909274054 2.566528201818799
      vertex 60 60 75
      vertex 39.84253753418468 36.40386696901014 2.964723819589917
    endloop
  endfacet
  facet normal 0.9386032540086933 0.14866015107295072 -0.31132634171759377
    outer loop
      vertex 39.71386470095487 36.390342909274054 2.566528201818799
      vertex 39.652717817081125 36.77640913994959 2.566528201818799
      vertex 60 60 75
    endloop
  endfacet
  facet normal 0.957347099886614 0.05061650448171844 -0.28447231818358304
    outer loop
      vertex 39.804226065180615 36 2.76393202250021
      vertex 39.84253753418468 36.40386696901014 2.964723819589917
      vertex 60 60 75
    endloop
  endfacet
  facet normal 0.58135076571661 0.7179084075329003 -0.38293446644861595
    outer loop
      vertex 38.19497922609589 39.021129722608194 2.566528201818799
      vertex 60 60 75
      vertex 38.498748947467334 38.775141852473496 2.566528201818799
    endloop
  endfacet
  facet normal 0.7179084075329003 0.58135076571661 -0.38293446644861595
    outer loop
      vertex 39.021129722608194 38.19497922609589 2.566528201818799
      vertex 38.775141852473496 38.498748947467334 2.566528201818799
      vertex 60 60 75
    endloop
  endfacet
  facet normal 0.6526137599163788 0.6526137599163788 -0.3849552710843353
    outer loop
      vertex 38.498748947467334 38.775141852473496 2.566528201818799
      vertex 60 60 75
      vertex 38.775141852473496 38.498748947467334 2.566528201818799
    endloop
  endfacet
  facet normal 0.42236409773669265 0.8289362153662506 -0.3667060400339034
    outer loop
      vertex 37.8671608529944 39.23401746328995 2.566528201818799
      vertex 37.51888547485898 39.41147263188224 2.566528201818799
      vertex 60 60 75
    endloop
  endfacet
  facet normal 0.5044826219069095 0.7768351143277755 -0.37686136620948835
    outer loop
      vertex 37.8671608529944 39.23401746328995 2.566528201818799
      vertex 60 60 75
      vertex 38.19497922609589 39.021129722608194 2.566528201818799
    endloop
  endfacet
  facet normal 0.7768351143277755 0.5044826219069095 -0.37686136620948835
    outer loop
      vertex 39.23401746328995 37.8671608529944 2.566528201818799
      vertex 39.021129722608194 38.19497922609589 2.566528201818799
      vertex 60 60 75
    endloop
  endfacet
  facet normal 0.8289362153662506 0.42236409773669265 -0.3667060400339034
    outer loop
      vertex 39.23401746328995 37.8671608529944 2.566528201818799
      vertex 60 60 75
      vertex 39.41147263188224 37.51888547485898 2.566528201818799
    endloop
  endfacet
  facet normal 0 0 1
    outer loop
      vertex 60 60 80
      vertex 28.375 32.81458256229943 80
      vertex 28.678105910003648 32.969022737338456 80
    endloop
  endfacet
  facet normal 0 0 1
    outer loop
      vertex 60 60 80
      vertex 28.678105910003648 32.969022737338456 80
      vertex 28.99569476828142 33.09093367795925 80
    endloop
  endfacet
  facet normal 0 0 1
    outer loop
      vertex 60 60 80
      vertex 28.99569476828142 33.09093367795925 80
      vertex 29.324287004842283 33.178979702384865 80
    endloop
  endfacet
  facet normal 0 0 1
    outer loop
      vertex 60 60 80
      vertex 29.324287004842283 33.178979702384865 80
      vertex 29.660282494380127 33.23219615994689 80
    endloop
  endfacet
  facet normal 0 0 1
    outer loop
      vertex 60 60 80
      vertex 29.660282494380127 33.23219615994689 80
      vertex 30 33.25 80
    endloop
  endfacet
  facet normal 0 0 1
    outer loop
      vertex 60 60 80
      vertex 30 33.25 80
      vertex 30.339717505619873 33.23219615994689 80
    endloop
  endfacet
  facet normal 0 0 1
    outer loop
      vertex 60 60 80
      vertex 30.339717505619873 33.23219615994689 80
      vertex 30.675712995157717 33.178979702384865 80
    endloop
  endfacet
  facet normal 0 0 1
    outer loop
      vertex 60 60 80
      vertex 30.675712995157717 33.178979702384865 80
      vertex 31.00430523171858 33.09093367795925 80
    endloop
  endfacet
  facet normal 0 0 1
    outer loop
      vertex 60 60 80
      vertex 31.00430523171858 33.09093367795925 80
      vertex 31.321894089996352 32.969022737338456 80
    endloop
  endfacet
  facet normal 0 0 1
    outer loop
      vertex 60 60 80
      vertex 31.321894089996352 32.969022737338456 80
      vertex 31.625 32.81458256229943 80
    endloop
  endfacet
  facet normal 0 0 1
    outer loop
      vertex 60 60 80
      vertex 31.625 32.81458256229943 80
      vertex 31.91030206995054 32.629305231718575 80
    endloop
  endfacet
  facet normal 0 0 1
    outer loop
      vertex 60 60 80
      vertex 32.629305231718575 31.91030206995054 80
      vertex 32.81458256229943 31.625 80
    endloop
  endfacet
  facet normal 0 0 1
    outer loop
      vertex 60 60 80
      vertex 31.91030206995054 32.629305231718575 80
      vertex 32.17467447066629 32.41522068280153 80
    endloop
  endfacet
  facet normal 0 0 1
    outer loop
      vertex 60 60 80
      vertex 32.41522068280153 32.17467447066629 80
      vertex 32.629305231718575 31.91030206995054 80
    endloop
  endfacet
  facet normal 0 0 1
    outer loop
      vertex 60 60 80
      vertex 32.17467447066629 32.41522068280153 80
      vertex 32.41522068280153 32.17467447066629 80
    endloop
  endfacet
  facet normal 0 1 0
    outer loop
      vertex 0 60 75
      vertex 60 60 80
      vertex 60 60 75
    endloop
  endfacet
  facet normal 0 0 1
    outer loop
      vertex 60 0 80
      vertex 60 60 80
      vertex 32.81458256229943 31.625 80
    endloop
  endfacet
  facet normal 1 0 0
    outer loop
      vertex 60 0 80
      vertex 60 60 75
      vertex 60 60 80
    endloop
  endfacet
  facet normal 0 0 1
    outer loop
      vertex 26.82102029761513 29.324287004842283 40
      vertex 26.82102029761513 30.675712995157717 40
      vertex 26.767803840053112 29.660282494380127 40
    endloop
  endfacet
  facet normal 0 0 1
    outer loop
      vertex 26.90906632204075 28.99569476828142 40
      vertex 26.90906632204075 31.00430523171858 40
      vertex 26.82102029761513 29.324287004842283 40
    endloop
  endfacet
  facet normal 0 0 1
    outer loop
      vertex 26.90906632204075 28.99569476828142 40
      vertex 27.030977262661548 28.678105910003648 40
      vertex 27.030977262661548 31.321894089996352 40
    endloop
  endfacet
  facet normal 0 0 1
    outer loop
      vertex 27.185417437700576 28.375 40
      vertex 27.185417437700576 31.625 40
      vertex 27.030977262661548 28.678105910003648 40
    endloop
  endfacet
  facet normal 0 0 1
    outer loop
      vertex 27.185417437700576 28.375 40
      vertex 27.37069476828142 28.08969793004946 40
      vertex 27.37069476828142 31.91030206995054 40
    endloop
  endfacet
  facet normal 0 0 1
    outer loop
      vertex 27.584779317198468 27.82532552933371 40
      vertex 27.584779317198468 32.17467447066629 40
      vertex 27.37069476828142 28.08969793004946 40
    endloop
  endfacet
  facet normal 0 0 1
    outer loop
      vertex 27.584779317198468 27.82532552933371 40
      vertex 27.82532552933371 27.584779317198468 40
      vertex 27.82532552933371 32.41522068280153 40
    endloop
  endfacet
  facet normal 0 0 1
    outer loop
      vertex 28.08969793004946 27.37069476828142 40
      vertex 28.08969793004946 32.629305231718575 40
      vertex 27.82532552933371 27.584779317198468 40
    endloop
  endfacet
  facet normal 0 0 1
    outer loop
      vertex 28.375 27.185417437700576 40
      vertex 28.678105910003648 27.030977262661548 40
      vertex 28.678105910003648 32.969022737338456 40
    endloop
  endfacet
  facet normal 0 0 1
    outer loop
      vertex 28.678105910003648 27.030977262661548 40
      vertex 28.99569476828142 26.90906632204075 40
      vertex 28.99569476828142 33.09093367795925 40
    endloop
  endfacet
  facet normal 0 0 1
    outer loop
      vertex 28.08969793004946 27.37069476828142 40
      vertex 28.375 27.185417437700576 40
      vertex 28.375 32.81458256229943 40
    endloop
  endfacet
  facet normal 0 0 1
    outer loop
      vertex 28.99569476828142 26.90906632204075 40
      vertex 29.324287004842283 26.82102029761513 40
      vertex 29.324287004842283 33.178979702384865 40
    endloop
  endfacet
  facet normal 0 0 1
    outer loop
      vertex 29.324287004842283 26.82102029761513 40
      vertex 29.660282494380127 26.767803840053112 40
      vertex 29.660282494380127 33.23219615994689 40
    endloop
  endfacet
  facet normal 0 0 1
    outer loop
      vertex 29.660282494380127 26.767803840053112 40
      vertex 30 26.75 40
      vertex 30 33.25 40
    endloop
  endfacet
  facet normal 0.777145961456971 0.6293203910498372 0
    outer loop
      vertex 27.584779317198468 27.82532552933371 40
      vertex 27.37069476828142 28.08969793004946 40
      vertex 27.37069476828142 28.08969793004946 72
    endloop
  endfacet
  facet normal 0.6293203910498372 0.777145961456971 0
    outer loop
      vertex 28.08969793004946 27.37069476828142 40
      vertex 27.82532552933371 27.584779317198468 40
      vertex 27.82532552933371 27.584779317198468 72
    endloop
  endfacet
  facet normal 0.7071067811865476 0.7071067811865476 0
    outer loop
      vertex 27.584779317198468 27.82532552933371 40
      vertex 27.584779317198468 27.82532552933371 72
      vertex 27.82532552933371 27.584779317198468 40
    endloop
  endfacet
  facet normal 0.8910065241883665 0.45399049973954975 0
    outer loop
      vertex 27.185417437700576 28.375 40
      vertex 27.030977262661548 28.678105910003648 40
      vertex 27.030977262661548 28.678105910003648 72
    endloop
  endfacet
  facet normal 0.9335804264972015 0.3583679495453008 0
    outer loop
      vertex 26.90906632204075 28.99569476828142 40
      vertex 26.90906632204075 28.99569476828142 72
      vertex 27.030977262661548 28.678105910003648 40
    endloop
  endfacet
  facet normal 0.9659258262890684 0.25881904510252 0
    outer loop
      vertex 26.90906632204075 28.99569476828142 40
      vertex 26.82102029761513 29.324287004842283 40
      vertex 26.82102029761513 29.324287004842283 72
    endloop
  endfacet
  facet normal 0.9876883405951381 0.15643446504022904 0
    outer loop
      vertex 26.82102029761513 29.324287004842283 40
      vertex 26.767803840053112 29.660282494380127 40
      vertex 26.767803840053112 29.660282494380127 72
    endloop
  endfacet
  facet normal 0.9986295347545737 0.052335956242945486 0
    outer loop
      vertex 26.767803840053112 29.660282494380127 40
      vertex 26.75 30 40
      vertex 26.75 30 72
    endloop
  endfacet
  facet normal 0.8386705679454268 0.5446390350150229 0
    outer loop
      vertex 27.185417437700576 28.375 40
      vertex 27.185417437700576 28.375 72
      vertex 27.37069476828142 28.08969793004946 40
    endloop
  endfacet
  facet normal 0.45399049973954975 0.8910065241883665 0
    outer loop
      vertex 28.375 27.185417437700576 40
      vertex 28.375 27.185417437700576 72
      vertex 28.678105910003648 27.030977262661548 40
    endloop
  endfacet
  facet normal 0.3583679495453008 0.9335804264972015 0
    outer loop
      vertex 28.678105910003648 27.030977262661548 40
      vertex 28.678105910003648 27.030977262661548 72
      vertex 28.99569476828142 26.90906632204075 40
    endloop
  endfacet
  facet normal 0.5446390350150229 0.8386705679454268 0
    outer loop
      vertex 28.08969793004946 27.37069476828142 40
      vertex 28.08969793004946 27.37069476828142 72
      vertex 28.375 27.185417437700576 40
    endloop
  endfacet
  facet normal 0.25881904510252 0.9659258262890684 0
    outer loop
      vertex 28.99569476828142 26.90906632204075 40
      vertex 28.99569476828142 26.90906632204075 72
      vertex 29.324287004842283 26.82102029761513 40
    endloop
  endfacet
  facet normal 0.15643446504022904 0.9876883405951381 0
    outer loop
      vertex 29.324287004842283 26.82102029761513 40
      vertex 29.324287004842283 26.82102029761513 72
      vertex 29.660282494380127 26.767803840053112 40
    endloop
  endfacet
  facet normal 0.052335956242945486 0.9986295347545737 0
    outer loop
      vertex 29.660282494380127 26.767803840053112 40
      vertex 29.660282494380127 26.767803840053112 72
      vertex 30 26.75 40
    endloop
  endfacet
  facet normal 0.777145961456971 0.6293203910498372 0
    outer loop
      vertex 27.584779317198468 27.82532552933371 40
      vertex 27.37069476828142 28.08969793004946 72
      vertex 27.584779317198468 27.82532552933371 72
    endloop
  endfacet
  facet normal 0.6293203910498372 0.777145961456971 0
    outer loop
      vertex 28.08969793004946 27.37069476828142 40
      vertex 27.82532552933371 27.584779317198468 72
      vertex 28.08969793004946 27.37069476828142 72
    endloop
  endfacet
  facet normal 0.7071067811865476 0.7071067811865476 0
    outer loop
      vertex 27.82532552933371 27.584779317198468 40
      vertex 27.584779317198468 27.82532552933371 72
      vertex 27.82532552933371 27.584779317198468 72
    endloop
  endfacet
  facet normal 0.8910065241883665 0.45399049973954975 0
    outer loop
      vertex 27.185417437700576 28.375 40
      vertex 27.030977262661548 28.678105910003648 72
      vertex 27.185417437700576 28.375 72
    endloop
  endfacet
  facet normal 0.9335804264972015 0.3583679495453008 0
    outer loop
      vertex 27.030977262661548 28.678105910003648 40
      vertex 26.90906632204075 28.99569476828142 72
      vertex 27.030977262661548 28.678105910003648 72
    endloop
  endfacet
  facet normal 0.9659258262890684 0.25881904510252 0
    outer loop
      vertex 26.90906632204075 28.99569476828142 40
      vertex 26.82102029761513 29.324287004842283 72
      vertex 26.90906632204075 28.99569476828142 72
    endloop
  endfacet
  facet normal 0.9876883405951381 0.15643446504022904 0
    outer loop
      vertex 26.82102029761513 29.324287004842283 40
      vertex 26.767803840053112 29.660282494380127 72
      vertex 26.82102029761513 29.324287004842283 72
    endloop
  endfacet
  facet normal 0.9986295347545737 0.052335956242945486 0
    outer loop
      vertex 26.767803840053112 29.660282494380127 40
      vertex 26.75 30 72
      vertex 26.767803840053112 29.660282494380127 72
    endloop
  endfacet
  facet normal 0.8386705679454268 0.5446390350150229 0
    outer loop
      vertex 27.37069476828142 28.08969793004946 40
      vertex 27.185417437700576 28.375 72
      vertex 27.37069476828142 28.08969793004946 72
    endloop
  endfacet
  facet normal 0.45399049973954975 0.8910065241883665 0
    outer loop
      vertex 28.678105910003648 27.030977262661548 40
      vertex 28.375 27.185417437700576 72
      vertex 28.678105910003648 27.030977262661548 72
    endloop
  endfacet
  facet normal 0.3583679495453008 0.9335804264972015 0
    outer loop
      vertex 28.99569476828142 26.90906632204075 40
      vertex 28.678105910003648 27.030977262661548 72
      vertex 28.99569476828142 26.90906632204075 72
    endloop
  endfacet
  facet normal 0.5446390350150229 0.8386705679454268 0
    outer loop
      vertex 28.375 27.185417437700576 40
      vertex 28.08969793004946 27.37069476828142 72
      vertex 28.375 27.185417437700576 72
    endloop
  endfacet
  facet normal 0.25881904510252 0.9659258262890684 0
    outer loop
      vertex 29.324287004842283 26.82102029761513 40
      vertex 28.99569476828142 26.90906632204075 72
      vertex 29.324287004842283 26.82102029761513 72
    endloop
  endfacet
  facet normal 0.15643446504022904 0.9876883405951381 0
    outer loop
      vertex 29.660282494380127 26.767803840053112 40
      vertex 29.324287004842283 26.82102029761513 72
      vertex 29.660282494380127 26.767803840053112 72
    endloop
  endfacet
  facet normal 0.052335956242945486 0.9986295347545737 0
    outer loop
      vertex 29.660282494380127 26.767803840053112 72
      vertex 30 26.75 72
      vertex 30 26.75 40
    endloop
  endfacet
  facet normal 0.7771459614569711 0.6293203910498373 0
    outer loop
      vertex 27.584779317198468 27.82532552933371 77.5
      vertex 27.37069476828142 28.08969793004946 77.5
      vertex 27.37069476828142 28.08969793004946 80
    endloop
  endfacet
  facet normal 0.6293203910498373 0.7771459614569711 0
    outer loop
      vertex 28.08969793004946 27.37069476828142 77.5
      vertex 27.82532552933371 27.584779317198468 77.5
      vertex 27.82532552933371 27.584779317198468 80
    endloop
  endfacet
  facet normal 0.7071067811865476 0.7071067811865476 0
    outer loop
      vertex 27.584779317198468 27.82532552933371 77.5
      vertex 27.584779317198468 27.82532552933371 80
      vertex 27.82532552933371 27.584779317198468 77.5
    endloop
  endfacet
  facet normal 0.7771459614569711 0.6293203910498373 0
    outer loop
      vertex 27.584779317198468 27.82532552933371 77.5
      vertex 27.37069476828142 28.08969793004946 80
      vertex 27.584779317198468 27.82532552933371 80
    endloop
  endfacet
  facet normal 0.6293203910498373 0.7771459614569711 0
    outer loop
      vertex 28.08969793004946 27.37069476828142 77.5
      vertex 27.82532552933371 27.584779317198468 80
      vertex 28.08969793004946 27.37069476828142 80
    endloop
  endfacet
  facet normal 0.7071067811865476 0.7071067811865476 0
    outer loop
      vertex 27.82532552933371 27.584779317198468 77.5
      vertex 27.584779317198468 27.82532552933371 80
      vertex 27.82532552933371 27.584779317198468 80
    endloop
  endfacet
  facet normal 0.8910065241883663 0.4539904997395497 0
    outer loop
      vertex 27.185417437700576 28.375 77.5
      vertex 27.030977262661548 28.678105910003648 77.5
      vertex 27.030977262661548 28.678105910003648 80
    endloop
  endfacet
  facet normal 0.9335804264972015 0.3583679495453008 0
    outer loop
      vertex 26.90906632204075 28.99569476828142 77.5
      vertex 26.90906632204075 28.99569476828142 80
      vertex 27.030977262661548 28.678105910003648 77.5
    endloop
  endfacet
  facet normal 0.8910065241883663 0.4539904997395497 0
    outer loop
      vertex 27.185417437700576 28.375 77.5
      vertex 27.030977262661548 28.678105910003648 80
      vertex 27.185417437700576 28.375 80
    endloop
  endfacet
  facet normal 0.9335804264972015 0.3583679495453008 0
    outer loop
      vertex 27.030977262661548 28.678105910003648 77.5
      vertex 26.90906632204075 28.99569476828142 80
      vertex 27.030977262661548 28.678105910003648 80
    endloop
  endfacet
  facet normal 0.9659258262890685 0.2588190451025201 0
    outer loop
      vertex 26.90906632204075 28.99569476828142 77.5
      vertex 26.82102029761513 29.324287004842283 77.5
      vertex 26.82102029761513 29.324287004842283 80
    endloop
  endfacet
  facet normal 0.987688340595138 0.15643446504022904 0
    outer loop
      vertex 26.82102029761513 29.324287004842283 77.5
      vertex 26.767803840053112 29.660282494380127 77.5
      vertex 26.767803840053112 29.660282494380127 80
    endloop
  endfacet
  facet normal 0.9986295347545737 0.052335956242945486 0
    outer loop
      vertex 26.767803840053112 29.660282494380127 77.5
      vertex 26.75 30 77.5
      vertex 26.75 30 80
    endloop
  endfacet
  facet normal 0.9659258262890685 0.2588190451025201 0
    outer loop
      vertex 26.90906632204075 28.99569476828142 77.5
      vertex 26.82102029761513 29.324287004842283 80
      vertex 26.90906632204075 28.99569476828142 80
    endloop
  endfacet
  facet normal 0.987688340595138 0.15643446504022904 0
    outer loop
      vertex 26.82102029761513 29.324287004842283 77.5
      vertex 26.767803840053112 29.660282494380127 80
      vertex 26.82102029761513 29.324287004842283 80
    endloop
  endfacet
  facet normal 0.9986295347545737 0.052335956242945486 0
    outer loop
      vertex 26.767803840053112 29.660282494380127 77.5
      vertex 26.75 30 80
      vertex 26.767803840053112 29.660282494380127 80
    endloop
  endfacet
  facet normal 0.8386705679454267 0.5446390350150229 0
    outer loop
      vertex 27.185417437700576 28.375 77.5
      vertex 27.185417437700576 28.375 80
      vertex 27.37069476828142 28.08969793004946 77.5
    endloop
  endfacet
  facet normal 0.8386705679454267 0.5446390350150229 0
    outer loop
      vertex 27.37069476828142 28.08969793004946 77.5
      vertex 27.185417437700576 28.375 80
      vertex 27.37069476828142 28.08969793004946 80
    endloop
  endfacet
  facet normal 0.4539904997395497 0.8910065241883663 0
    outer loop
      vertex 28.375 27.185417437700576 77.5
      vertex 28.375 27.185417437700576 80
      vertex 28.678105910003648 27.030977262661548 77.5
    endloop
  endfacet
  facet normal 0.3583679495453008 0.9335804264972015 0
    outer loop
      vertex 28.678105910003648 27.030977262661548 77.5
      vertex 28.678105910003648 27.030977262661548 80
      vertex 28.99569476828142 26.90906632204075 77.5
    endloop
  endfacet
  facet normal 0.4539904997395497 0.8910065241883663 0
    outer loop
      vertex 28.678105910003648 27.030977262661548 77.5
      vertex 28.375 27.185417437700576 80
      vertex 28.678105910003648 27.030977262661548 80
    endloop
  endfacet
  facet normal 0.3583679495453008 0.9335804264972015 0
    outer loop
      vertex 28.99569476828142 26.90906632204075 77.5
      vertex 28.678105910003648 27.030977262661548 80
      vertex 28.99569476828142 26.90906632204075 80
    endloop
  endfacet
  facet normal 0.5446390350150229 0.8386705679454267 0
    outer loop
      vertex 28.08969793004946 27.37069476828142 77.5
      vertex 28.08969793004946 27.37069476828142 80
      vertex 28.375 27.185417437700576 77.5
    endloop
  endfacet
  facet normal 0.5446390350150229 0.8386705679454267 0
    outer loop
      vertex 28.375 27.185417437700576 77.5
      vertex 28.08969793004946 27.37069476828142 80
      vertex 28.375 27.185417437700576 80
    endloop
  endfacet
  facet normal 0.2588190451025201 0.9659258262890685 0
    outer loop
      vertex 28.99569476828142 26.90906632204075 77.5
      vertex 28.99569476828142 26.90906632204075 80
      vertex 29.324287004842283 26.82102029761513 77.5
    endloop
  endfacet
  facet normal 0.15643446504022904 0.987688340595138 0
    outer loop
      vertex 29.324287004842283 26.82102029761513 77.5
      vertex 29.324287004842283 26.82102029761513 80
      vertex 29.660282494380127 26.767803840053112 77.5
    endloop
  endfacet
  facet normal 0.052335956242945486 0.9986295347545737 0
    outer loop
      vertex 29.660282494380127 26.767803840053112 77.5
      vertex 29.660282494380127 26.767803840053112 80
      vertex 30 26.75 77.5
    endloop
  endfacet
  facet normal 0.2588190451025201 0.9659258262890685 0
    outer loop
      vertex 29.324287004842283 26.82102029761513 77.5
      vertex 28.99569476828142 26.90906632204075 80
      vertex 29.324287004842283 26.82102029761513 80
    endloop
  endfacet
  facet normal 0.15643446504022904 0.987688340595138 0
    outer loop
      vertex 29.660282494380127 26.767803840053112 77.5
      vertex 29.324287004842283 26.82102029761513 80
      vertex 29.660282494380127 26.767803840053112 80
    endloop
  endfacet
  facet normal 0.052335956242945486 0.9986295347545737 0
    outer loop
      vertex 30 26.75 77.5
      vertex 29.660282494380127 26.767803840053112 80
      vertex 30 26.75 80
    endloop
  endfacet
  facet normal 0 0 1
    outer loop
      vertex 26.767803840053112 29.660282494380127 40
      vertex 26.767803840053112 30.339717505619873 40
      vertex 26.75 30 40
    endloop
  endfacet
  facet normal 0 0 1
    outer loop
      vertex 26.767803840053112 29.660282494380127 40
      vertex 26.82102029761513 30.675712995157717 40
      vertex 26.767803840053112 30.339717505619873 40
    endloop
  endfacet
  facet normal 0 0 1
    outer loop
      vertex 26.82102029761513 29.324287004842283 40
      vertex 26.90906632204075 31.00430523171858 40
      vertex 26.82102029761513 30.675712995157717 40
    endloop
  endfacet
  facet normal 0 0 1
    outer loop
      vertex 26.90906632204075 28.99569476828142 40
      vertex 27.030977262661548 31.321894089996352 40
      vertex 26.90906632204075 31.00430523171858 40
    endloop
  endfacet
  facet normal 0 0 1
    outer loop
      vertex 27.030977262661548 28.678105910003648 40
      vertex 27.185417437700576 31.625 40
      vertex 27.030977262661548 31.321894089996352 40
    endloop
  endfacet
  facet normal 0 0 1
    outer loop
      vertex 27.185417437700576 28.375 40
      vertex 27.37069476828142 31.91030206995054 40
      vertex 27.185417437700576 31.625 40
    endloop
  endfacet
  facet normal 0 0 1
    outer loop
      vertex 27.37069476828142 28.08969793004946 40
      vertex 27.584779317198468 32.17467447066629 40
      vertex 27.37069476828142 31.91030206995054 40
    endloop
  endfacet
  facet normal 0 0 1
    outer loop
      vertex 27.584779317198468 27.82532552933371 40
      vertex 27.82532552933371 32.41522068280153 40
      vertex 27.584779317198468 32.17467447066629 40
    endloop
  endfacet
  facet normal 0 0 1
    outer loop
      vertex 27.82532552933371 27.584779317198468 40
      vertex 28.08969793004946 32.629305231718575 40
      vertex 27.82532552933371 32.41522068280153 40
    endloop
  endfacet
  facet normal 0 0 1
    outer loop
      vertex 28.08969793004946 27.37069476828142 40
      vertex 28.375 32.81458256229943 40
      vertex 28.08969793004946 32.629305231718575 40
    endloop
  endfacet
  facet normal 0 0 1
    outer loop
      vertex 28.375 27.185417437700576 40
      vertex 28.678105910003648 32.969022737338456 40
      vertex 28.375 32.81458256229943 40
    endloop
  endfacet
  facet normal 0 0 1
    outer loop
      vertex 28.678105910003648 27.030977262661548 40
      vertex 28.99569476828142 33.09093367795925 40
      vertex 28.678105910003648 32.969022737338456 40
    endloop
  endfacet
  facet normal 0 0 1
    outer loop
      vertex 28.99569476828142 26.90906632204075 40
      vertex 29.324287004842283 33.178979702384865 40
      vertex 28.99569476828142 33.09093367795925 40
    endloop
  endfacet
  facet normal 0 0 1
    outer loop
      vertex 29.324287004842283 26.82102029761513 40
      vertex 29.660282494380127 33.23219615994689 40
      vertex 29.324287004842283 33.178979702384865 40
    endloop
  endfacet
  facet normal 0 0 1
    outer loop
      vertex 29.660282494380127 26.767803840053112 40
      vertex 30 33.25 40
      vertex 29.660282494380127 33.23219615994689 40
    endloop
  endfacet
  facet normal 0.9986295347545737 -0.052335956242945486 0
    outer loop
      vertex 26.75 30 40
      vertex 26.767803840053112 30.339717505619873 40
      vertex 26.767803840053112 30.339717505619873 72
    endloop
  endfacet
  facet normal 0.9876883405951381 -0.15643446504022904 0
    outer loop
      vertex 26.767803840053112 30.339717505619873 40
      vertex 26.82102029761513 30.675712995157717 40
      vertex 26.82102029761513 30.675712995157717 72
    endloop
  endfacet
  facet normal 0.9659258262890684 -0.25881904510252 0
    outer loop
      vertex 26.82102029761513 30.675712995157717 40
      vertex 26.90906632204075 31.00430523171858 40
      vertex 26.90906632204075 31.00430523171858 72
    endloop
  endfacet
  facet normal 0.9335804264972015 -0.3583679495453008 0
    outer loop
      vertex 26.90906632204075 31.00430523171858 40
      vertex 27.030977262661548 31.321894089996352 40
      vertex 27.030977262661548 31.321894089996352 72
    endloop
  endfacet
  facet normal 0.8910065241883665 -0.45399049973954975 0
    outer loop
      vertex 27.030977262661548 31.321894089996352 40
      vertex 27.185417437700576 31.625 40
      vertex 27.185417437700576 31.625 72
    endloop
  endfacet
  facet normal 0.8386705679454268 -0.5446390350150229 0
    outer loop
      vertex 27.185417437700576 31.625 40
      vertex 27.37069476828142 31.91030206995054 40
      vertex 27.37069476828142 31.91030206995054 72
    endloop
  endfacet
  facet normal 0.777145961456971 -0.6293203910498372 0
    outer loop
      vertex 27.37069476828142 31.91030206995054 40
      vertex 27.584779317198468 32.17467447066629 40
      vertex 27.584779317198468 32.17467447066629 72
    endloop
  endfacet
  facet normal 0.7071067811865476 -0.7071067811865476 0
    outer loop
      vertex 27.584779317198468 32.17467447066629 40
      vertex 27.82532552933371 32.41522068280153 40
      vertex 27.82532552933371 32.41522068280153 72
    endloop
  endfacet
  facet normal 0.629320391049831 -0.7771459614569762 0
    outer loop
      vertex 27.82532552933371 32.41522068280153 40
      vertex 28.08969793004946 32.629305231718575 40
      vertex 28.08969793004946 32.629305231718575 72
    endloop
  endfacet
  facet normal 0.5446390350150375 -0.8386705679454173 0
    outer loop
      vertex 28.08969793004946 32.629305231718575 40
      vertex 28.375 32.81458256229943 40
      vertex 28.375 32.81458256229943 72
    endloop
  endfacet
  facet normal 0.45399049973954975 -0.8910065241883665 0
    outer loop
      vertex 28.375 32.81458256229943 40
      vertex 28.678105910003648 32.969022737338456 40
      vertex 28.678105910003648 32.969022737338456 72
    endloop
  endfacet
  facet normal 0.3583679495452917 -0.933580426497205 0
    outer loop
      vertex 28.678105910003648 32.969022737338456 40
      vertex 28.99569476828142 33.09093367795925 40
      vertex 28.99569476828142 33.09093367795925 72
    endloop
  endfacet
  facet normal 0.2588190451025103 -0.9659258262890711 0
    outer loop
      vertex 28.99569476828142 33.09093367795925 40
      vertex 29.324287004842283 33.178979702384865 40
      vertex 29.324287004842283 33.178979702384865 72
    endloop
  endfacet
  facet normal 0.15643446504023925 -0.9876883405951365 0
    outer loop
      vertex 29.324287004842283 33.178979702384865 40
      vertex 29.660282494380127 33.23219615994689 40
      vertex 29.660282494380127 33.23219615994689 72
    endloop
  endfacet
  facet normal 0.052335956242945486 -0.9986295347545737 0
    outer loop
      vertex 29.660282494380127 33.23219615994689 40
      vertex 30 33.25 40
      vertex 30 33.25 72
    endloop
  endfacet
  facet normal 0.9986295347545737 -0.052335956242945486 0
    outer loop
      vertex 26.75 30 40
      vertex 26.767803840053112 30.339717505619873 72
      vertex 26.75 30 72
    endloop
  endfacet
  facet normal 0.9876883405951381 -0.15643446504022904 0
    outer loop
      vertex 26.767803840053112 30.339717505619873 40
      vertex 26.82102029761513 30.675712995157717 72
      vertex 26.767803840053112 30.339717505619873 72
    endloop
  endfacet
  facet normal 0.9659258262890684 -0.25881904510252 0
    outer loop
      vertex 26.82102029761513 30.675712995157717 40
      vertex 26.90906632204075 31.00430523171858 72
      vertex 26.82102029761513 30.675712995157717 72
    endloop
  endfacet
  facet normal 0.9335804264972015 -0.3583679495453008 0
    outer loop
      vertex 26.90906632204075 31.00430523171858 40
      vertex 27.030977262661548 31.321894089996352 72
      vertex 26.90906632204075 31.00430523171858 72
    endloop
  endfacet
  facet normal 0.8910065241883665 -0.45399049973954975 0
    outer loop
      vertex 27.030977262661548 31.321894089996352 40
      vertex 27.185417437700576 31.625 72
      vertex 27.030977262661548 31.321894089996352 72
    endloop
  endfacet
  facet normal 0.8386705679454268 -0.5446390350150229 0
    outer loop
      vertex 27.185417437700576 31.625 40
      vertex 27.37069476828142 31.91030206995054 72
      vertex 27.185417437700576 31.625 72
    endloop
  endfacet
  facet normal 0.777145961456971 -0.6293203910498372 0
    outer loop
      vertex 27.37069476828142 31.91030206995054 40
      vertex 27.584779317198468 32.17467447066629 72
      vertex 27.37069476828142 31.91030206995054 72
    endloop
  endfacet
  facet normal 0.7071067811865476 -0.7071067811865476 0
    outer loop
      vertex 27.584779317198468 32.17467447066629 40
      vertex 27.82532552933371 32.41522068280153 72
      vertex 27.584779317198468 32.17467447066629 72
    endloop
  endfacet
  facet normal 0.629320391049831 -0.7771459614569762 0
    outer loop
      vertex 27.82532552933371 32.41522068280153 40
      vertex 28.08969793004946 32.629305231718575 72
      vertex 27.82532552933371 32.41522068280153 72
    endloop
  endfacet
  facet normal 0.5446390350150375 -0.8386705679454173 0
    outer loop
      vertex 28.08969793004946 32.629305231718575 40
      vertex 28.375 32.81458256229943 72
      vertex 28.08969793004946 32.629305231718575 72
    endloop
  endfacet
  facet normal 0.45399049973954975 -0.8910065241883665 0
    outer loop
      vertex 28.375 32.81458256229943 40
      vertex 28.678105910003648 32.969022737338456 72
      vertex 28.375 32.81458256229943 72
    endloop
  endfacet
  facet normal 0.3583679495452917 -0.933580426497205 0
    outer loop
      vertex 28.678105910003648 32.969022737338456 40
      vertex 28.99569476828142 33.09093367795925 72
      vertex 28.678105910003648 32.969022737338456 72
    endloop
  endfacet
  facet normal 0.2588190451025103 -0.9659258262890711 0
    outer loop
      vertex 28.99569476828142 33.09093367795925 40
      vertex 29.324287004842283 33.178979702384865 72
      vertex 28.99569476828142 33.09093367795925 72
    endloop
  endfacet
  facet normal 0.15643446504023925 -0.9876883405951365 0
    outer loop
      vertex 29.324287004842283 33.178979702384865 40
      vertex 29.660282494380127 33.23219615994689 72
      vertex 29.324287004842283 33.178979702384865 72
    endloop
  endfacet
  facet normal 0.052335956242945486 -0.9986295347545737 0
    outer loop
      vertex 29.660282494380127 33.23219615994689 40
      vertex 30 33.25 72
      vertex 29.660282494380127 33.23219615994689 72
    endloop
  endfacet
  facet normal 0.9986295347545737 -0.052335956242945486 0
    outer loop
      vertex 26.75 30 77.5
      vertex 26.767803840053112 30.339717505619873 77.5
      vertex 26.767803840053112 30.339717505619873 80
    endloop
  endfacet
  facet normal 0.987688340595138 -0.15643446504022904 0
    outer loop
      vertex 26.767803840053112 30.339717505619873 77.5
      vertex 26.82102029761513 30.675712995157717 77.5
      vertex 26.82102029761513 30.675712995157717 80
    endloop
  endfacet
  facet normal 0.9659258262890685 -0.2588190451025201 0
    outer loop
      vertex 26.82102029761513 30.675712995157717 77.5
      vertex 26.90906632204075 31.00430523171858 77.5
      vertex 26.90906632204075 31.00430523171858 80
    endloop
  endfacet
  facet normal 0.9986295347545737 -0.052335956242945486 0
    outer loop
      vertex 26.75 30 77.5
      vertex 26.767803840053112 30.339717505619873 80
      vertex 26.75 30 80
    endloop
  endfacet
  facet normal 0.987688340595138 -0.15643446504022904 0
    outer loop
      vertex 26.767803840053112 30.339717505619873 77.5
      vertex 26.82102029761513 30.675712995157717 80
      vertex 26.767803840053112 30.339717505619873 80
    endloop
  endfacet
  facet normal 0.9659258262890685 -0.2588190451025201 0
    outer loop
      vertex 26.82102029761513 30.675712995157717 77.5
      vertex 26.90906632204075 31.00430523171858 80
      vertex 26.82102029761513 30.675712995157717 80
    endloop
  endfacet
  facet normal 0.9335804264972015 -0.3583679495453008 0
    outer loop
      vertex 26.90906632204075 31.00430523171858 77.5
      vertex 27.030977262661548 31.321894089996352 77.5
      vertex 27.030977262661548 31.321894089996352 80
    endloop
  endfacet
  facet normal 0.8910065241883663 -0.4539904997395497 0
    outer loop
      vertex 27.030977262661548 31.321894089996352 77.5
      vertex 27.185417437700576 31.625 77.5
      vertex 27.185417437700576 31.625 80
    endloop
  endfacet
  facet normal 0.9335804264972015 -0.3583679495453008 0
    outer loop
      vertex 26.90906632204075 31.00430523171858 77.5
      vertex 27.030977262661548 31.321894089996352 80
      vertex 26.90906632204075 31.00430523171858 80
    endloop
  endfacet
  facet normal 0.8910065241883663 -0.4539904997395497 0
    outer loop
      vertex 27.030977262661548 31.321894089996352 77.5
      vertex 27.185417437700576 31.625 80
      vertex 27.030977262661548 31.321894089996352 80
    endloop
  endfacet
  facet normal 0.8386705679454267 -0.5446390350150229 0
    outer loop
      vertex 27.185417437700576 31.625 77.5
      vertex 27.37069476828142 31.91030206995054 77.5
      vertex 27.37069476828142 31.91030206995054 80
    endloop
  endfacet
  facet normal 0.8386705679454267 -0.5446390350150229 0
    outer loop
      vertex 27.185417437700576 31.625 77.5
      vertex 27.37069476828142 31.91030206995054 80
      vertex 27.185417437700576 31.625 80
    endloop
  endfacet
  facet normal 0.7771459614569711 -0.6293203910498373 0
    outer loop
      vertex 27.37069476828142 31.91030206995054 77.5
      vertex 27.584779317198468 32.17467447066629 77.5
      vertex 27.584779317198468 32.17467447066629 80
    endloop
  endfacet
  facet normal 0.7071067811865476 -0.7071067811865476 0
    outer loop
      vertex 27.584779317198468 32.17467447066629 77.5
      vertex 27.82532552933371 32.41522068280153 77.5
      vertex 27.82532552933371 32.41522068280153 80
    endloop
  endfacet
  facet normal 0.629320391049831 -0.7771459614569762 0
    outer loop
      vertex 27.82532552933371 32.41522068280153 77.5
      vertex 28.08969793004946 32.629305231718575 77.5
      vertex 28.08969793004946 32.629305231718575 80
    endloop
  endfacet
  facet normal 0.7771459614569711 -0.6293203910498373 0
    outer loop
      vertex 27.37069476828142 31.91030206995054 77.5
      vertex 27.584779317198468 32.17467447066629 80
      vertex 27.37069476828142 31.91030206995054 80
    endloop
  endfacet
  facet normal 0.7071067811865476 -0.7071067811865476 0
    outer loop
      vertex 27.584779317198468 32.17467447066629 77.5
      vertex 27.82532552933371 32.41522068280153 80
      vertex 27.584779317198468 32.17467447066629 80
    endloop
  endfacet
  facet normal 0.629320391049831 -0.7771459614569762 0
    outer loop
      vertex 27.82532552933371 32.41522068280153 77.5
      vertex 28.08969793004946 32.629305231718575 80
      vertex 27.82532552933371 32.41522068280153 80
    endloop
  endfacet
  facet normal 0.5446390350150375 -0.8386705679454173 0
    outer loop
      vertex 28.08969793004946 32.629305231718575 77.5
      vertex 28.375 32.81458256229943 77.5
      vertex 28.375 32.81458256229943 80
    endloop
  endfacet
  facet normal 0.5446390350150375 -0.8386705679454173 0
    outer loop
      vertex 28.08969793004946 32.629305231718575 77.5
      vertex 28.375 32.81458256229943 80
      vertex 28.08969793004946 32.629305231718575 80
    endloop
  endfacet
  facet normal 0.4539904997395497 -0.8910065241883663 0
    outer loop
      vertex 28.375 32.81458256229943 77.5
      vertex 28.678105910003648 32.969022737338456 77.5
      vertex 28.678105910003648 32.969022737338456 80
    endloop
  endfacet
  facet normal 0.3583679495452917 -0.9335804264972051 0
    outer loop
      vertex 28.678105910003648 32.969022737338456 77.5
      vertex 28.99569476828142 33.09093367795925 77.5
      vertex 28.99569476828142 33.09093367795925 80
    endloop
  endfacet
  facet normal 0.4539904997395497 -0.8910065241883663 0
    outer loop
      vertex 28.375 32.81458256229943 77.5
      vertex 28.678105910003648 32.969022737338456 80
      vertex 28.375 32.81458256229943 80
    endloop
  endfacet
  facet normal 0.3583679495452917 -0.9335804264972051 0
    outer loop
      vertex 28.678105910003648 32.969022737338456 77.5
      vertex 28.99569476828142 33.09093367795925 80
      vertex 28.678105910003648 32.969022737338456 80
    endloop
  endfacet
  facet normal 0.2588190451025103 -0.9659258262890711 0
    outer loop
      vertex 28.99569476828142 33.09093367795925 77.5
      vertex 29.324287004842283 33.178979702384865 77.5
      vertex 29.324287004842283 33.178979702384865 80
    endloop
  endfacet
  facet normal 0.15643446504023922 -0.9876883405951363 0
    outer loop
      vertex 29.324287004842283 33.178979702384865 77.5
      vertex 29.660282494380127 33.23219615994689 77.5
      vertex 29.660282494380127 33.23219615994689 80
    endloop
  endfacet
  facet normal 0.052335956242945486 -0.9986295347545737 0
    outer loop
      vertex 29.660282494380127 33.23219615994689 77.5
      vertex 30 33.25 77.5
      vertex 30 33.25 80
    endloop
  endfacet
  facet normal 0.2588190451025103 -0.9659258262890711 0
    outer loop
      vertex 28.99569476828142 33.09093367795925 77.5
      vertex 29.324287004842283 33.178979702384865 80
      vertex 28.99569476828142 33.09093367795925 80
    endloop
  endfacet
  facet normal 0.15643446504023922 -0.9876883405951363 0
    outer loop
      vertex 29.324287004842283 33.178979702384865 77.5
      vertex 29.660282494380127 33.23219615994689 80
      vertex 29.324287004842283 33.178979702384865 80
    endloop
  endfacet
  facet normal 0.052335956242945486 -0.9986295347545737 0
    outer loop
      vertex 29.660282494380127 33.23219615994689 77.5
      vertex 30 33.25 80
      vertex 29.660282494380127 33.23219615994689 80
    endloop
  endfacet
  facet normal 0 0 1
    outer loop
      vertex 30 26.75 40
      vertex 30.339717505619873 26.767803840053112 40
      vertex 30.339717505619873 33.23219615994689 40
    endloop
  endfacet
  facet normal 0 0 1
    outer loop
      vertex 30.339717505619873 26.767803840053112 40
      vertex 30.675712995157717 26.82102029761513 40
      vertex 30.675712995157717 33.178979702384865 40
    endloop
  endfacet
  facet normal 0 0 1
    outer loop
      vertex 30.675712995157717 26.82102029761513 40
      vertex 31.00430523171858 26.90906632204075 40
      vertex 31.00430523171858 33.09093367795925 40
    endloop
  endfacet
  facet normal 0 0 1
    outer loop
      vertex 31.00430523171858 26.90906632204075 40
      vertex 31.321894089996352 27.030977262661548 40
      vertex 31.321894089996352 32.969022737338456 40
    endloop
  endfacet
  facet normal 0 0 1
    outer loop
      vertex 31.321894089996352 27.030977262661548 40
      vertex 31.625 27.185417437700576 40
      vertex 31.625 32.81458256229943 40
    endloop
  endfacet
  facet normal 0 0 1
    outer loop
      vertex 31.625 27.185417437700576 40
      vertex 31.91030206995054 27.37069476828142 40
      vertex 31.91030206995054 32.629305231718575 40
    endloop
  endfacet
  facet normal 0 0 1
    outer loop
      vertex 31.91030206995054 27.37069476828142 40
      vertex 32.17467447066629 27.584779317198468 40
      vertex 32.17467447066629 32.41522068280153 40
    endloop
  endfacet
  facet normal 0 0 1
    outer loop
      vertex 32.17467447066629 27.584779317198468 40
      vertex 32.41522068280153 27.82532552933371 40
      vertex 32.41522068280153 32.17467447066629 40
    endloop
  endfacet
  facet normal 0 0 1
    outer loop
      vertex 32.41522068280153 27.82532552933371 40
      vertex 32.629305231718575 28.08969793004946 40
      vertex 32.629305231718575 31.91030206995054 40
    endloop
  endfacet
  facet normal 0 0 1
    outer loop
      vertex 32.629305231718575 28.08969793004946 40
      vertex 32.81458256229943 28.375 40
      vertex 32.81458256229943 31.625 40
    endloop
  endfacet
  facet normal 0 0 1
    outer loop
      vertex 32.81458256229943 28.375 40
      vertex 32.969022737338456 28.678105910003648 40
      vertex 32.969022737338456 31.321894089996352 40
    endloop
  endfacet
  facet normal 0 0 1
    outer loop
      vertex 32.969022737338456 28.678105910003648 40
      vertex 33.09093367795925 28.99569476828142 40
      vertex 33.09093367795925 31.00430523171858 40
    endloop
  endfacet
  facet normal 0 0 1
    outer loop
      vertex 33.09093367795925 28.99569476828142 40
      vertex 33.178979702384865 29.324287004842283 40
      vertex 33.178979702384865 30.675712995157717 40
    endloop
  endfacet
  facet normal 0 0 1
    outer loop
      vertex 33.178979702384865 29.324287004842283 40
      vertex 33.23219615994689 29.660282494380127 40
      vertex 33.23219615994689 30.339717505619873 40
    endloop
  endfacet
  facet normal -0.052335956242945486 0.9986295347545737 0
    outer loop
      vertex 30 26.75 40
      vertex 30 26.75 72
      vertex 30.339717505619873 26.767803840053112 40
    endloop
  endfacet
  facet normal -0.15643446504022904 0.9876883405951381 0
    outer loop
      vertex 30.339717505619873 26.767803840053112 40
      vertex 30.339717505619873 26.767803840053112 72
      vertex 30.675712995157717 26.82102029761513 40
    endloop
  endfacet
  facet normal -0.25881904510252 0.9659258262890684 0
    outer loop
      vertex 30.675712995157717 26.82102029761513 40
      vertex 30.675712995157717 26.82102029761513 72
      vertex 31.00430523171858 26.90906632204075 40
    endloop
  endfacet
  facet normal -0.3583679495453008 0.9335804264972015 0
    outer loop
      vertex 31.00430523171858 26.90906632204075 40
      vertex 31.00430523171858 26.90906632204075 72
      vertex 31.321894089996352 27.030977262661548 40
    endloop
  endfacet
  facet normal -0.45399049973954975 0.8910065241883665 0
    outer loop
      vertex 31.321894089996352 27.030977262661548 40
      vertex 31.321894089996352 27.030977262661548 72
      vertex 31.625 27.185417437700576 40
    endloop
  endfacet
  facet normal -0.5446390350150229 0.8386705679454268 0
    outer loop
      vertex 31.625 27.185417437700576 40
      vertex 31.625 27.185417437700576 72
      vertex 31.91030206995054 27.37069476828142 40
    endloop
  endfacet
  facet normal -0.6293203910498372 0.777145961456971 0
    outer loop
      vertex 31.91030206995054 27.37069476828142 40
      vertex 31.91030206995054 27.37069476828142 72
      vertex 32.17467447066629 27.584779317198468 40
    endloop
  endfacet
  facet normal -0.7071067811865476 0.7071067811865476 0
    outer loop
      vertex 32.17467447066629 27.584779317198468 40
      vertex 32.17467447066629 27.584779317198468 72
      vertex 32.41522068280153 27.82532552933371 40
    endloop
  endfacet
  facet normal -0.7771459614569762 0.629320391049831 0
    outer loop
      vertex 32.41522068280153 27.82532552933371 40
      vertex 32.41522068280153 27.82532552933371 72
      vertex 32.629305231718575 28.08969793004946 40
    endloop
  endfacet
  facet normal -0.8386705679454173 0.5446390350150375 0
    outer loop
      vertex 32.629305231718575 28.08969793004946 40
      vertex 32.629305231718575 28.08969793004946 72
      vertex 32.81458256229943 28.375 40
    endloop
  endfacet
  facet normal -0.8910065241883665 0.45399049973954975 0
    outer loop
      vertex 32.81458256229943 28.375 40
      vertex 32.81458256229943 28.375 72
      vertex 32.969022737338456 28.678105910003648 40
    endloop
  endfacet
  facet normal -0.933580426497205 0.3583679495452917 0
    outer loop
      vertex 32.969022737338456 28.678105910003648 40
      vertex 32.969022737338456 28.678105910003648 72
      vertex 33.09093367795925 28.99569476828142 40
    endloop
  endfacet
  facet normal -0.9659258262890711 0.2588190451025103 0
    outer loop
      vertex 33.09093367795925 28.99569476828142 40
      vertex 33.09093367795925 28.99569476828142 72
      vertex 33.178979702384865 29.324287004842283 40
    endloop
  endfacet
  facet normal -0.9876883405951365 0.15643446504023925 0
    outer loop
      vertex 33.178979702384865 29.324287004842283 40
      vertex 33.178979702384865 29.324287004842283 72
      vertex 33.23219615994689 29.660282494380127 40
    endloop
  endfacet
  facet normal -0.9986295347545737 0.052335956242945486 0
    outer loop
      vertex 33.23219615994689 29.660282494380127 40
      vertex 33.23219615994689 29.660282494380127 72
      vertex 33.25 30 40
    endloop
  endfacet
  facet normal -0.052335956242945486 0.9986295347545737 0
    outer loop
      vertex 30.339717505619873 26.767803840053112 40
      vertex 30 26.75 72
      vertex 30.339717505619873 26.767803840053112 72
    endloop
  endfacet
  facet normal -0.15643446504022904 0.9876883405951381 0
    outer loop
      vertex 30.675712995157717 26.82102029761513 40
      vertex 30.339717505619873 26.767803840053112 72
      vertex 30.675712995157717 26.82102029761513 72
    endloop
  endfacet
  facet normal -0.25881904510252 0.9659258262890684 0
    outer loop
      vertex 31.00430523171858 26.90906632204075 40
      vertex 30.675712995157717 26.82102029761513 72
      vertex 31.00430523171858 26.90906632204075 72
    endloop
  endfacet
  facet normal -0.3583679495453008 0.9335804264972015 0
    outer loop
      vertex 31.321894089996352 27.030977262661548 40
      vertex 31.00430523171858 26.90906632204075 72
      vertex 31.321894089996352 27.030977262661548 72
    endloop
  endfacet
  facet normal -0.45399049973954975 0.8910065241883665 0
    outer loop
      vertex 31.625 27.185417437700576 40
      vertex 31.321894089996352 27.030977262661548 72
      vertex 31.625 27.185417437700576 72
    endloop
  endfacet
  facet normal -0.5446390350150229 0.8386705679454268 0
    outer loop
      vertex 31.91030206995054 27.37069476828142 40
      vertex 31.625 27.185417437700576 72
      vertex 31.91030206995054 27.37069476828142 72
    endloop
  endfacet
  facet normal -0.6293203910498372 0.777145961456971 0
    outer loop
      vertex 32.17467447066629 27.584779317198468 40
      vertex 31.91030206995054 27.37069476828142 72
      vertex 32.17467447066629 27.584779317198468 72
    endloop
  endfacet
  facet normal -0.7071067811865476 0.7071067811865476 0
    outer loop
      vertex 32.41522068280153 27.82532552933371 40
      vertex 32.17467447066629 27.584779317198468 72
      vertex 32.41522068280153 27.82532552933371 72
    endloop
  endfacet
  facet normal -0.7771459614569762 0.629320391049831 0
    outer loop
      vertex 32.629305231718575 28.08969793004946 40
      vertex 32.41522068280153 27.82532552933371 72
      vertex 32.629305231718575 28.08969793004946 72
    endloop
  endfacet
  facet normal -0.8386705679454173 0.5446390350150375 0
    outer loop
      vertex 32.81458256229943 28.375 40
      vertex 32.629305231718575 28.08969793004946 72
      vertex 32.81458256229943 28.375 72
    endloop
  endfacet
  facet normal -0.8910065241883665 0.45399049973954975 0
    outer loop
      vertex 32.969022737338456 28.678105910003648 40
      vertex 32.81458256229943 28.375 72
      vertex 32.969022737338456 28.678105910003648 72
    endloop
  endfacet
  facet normal -0.933580426497205 0.3583679495452917 0
    outer loop
      vertex 33.09093367795925 28.99569476828142 40
      vertex 32.969022737338456 28.678105910003648 72
      vertex 33.09093367795925 28.99569476828142 72
    endloop
  endfacet
  facet normal -0.9659258262890711 0.2588190451025103 0
    outer loop
      vertex 33.178979702384865 29.324287004842283 40
      vertex 33.09093367795925 28.99569476828142 72
      vertex 33.178979702384865 29.324287004842283 72
    endloop
  endfacet
  facet normal -0.9876883405951365 0.15643446504023925 0
    outer loop
      vertex 33.23219615994689 29.660282494380127 40
      vertex 33.178979702384865 29.324287004842283 72
      vertex 33.23219615994689 29.660282494380127 72
    endloop
  endfacet
  facet normal -0.9986295347545737 0.052335956242945486 0
    outer loop
      vertex 33.23219615994689 29.660282494380127 72
      vertex 33.25 30 72
      vertex 33.25 30 40
    endloop
  endfacet
  facet normal -0.052335956242945486 0.9986295347545737 0
    outer loop
      vertex 30 26.75 77.5
      vertex 30 26.75 80
      vertex 30.339717505619873 26.767803840053112 77.5
    endloop
  endfacet
  facet normal -0.15643446504022904 0.987688340595138 0
    outer loop
      vertex 30.339717505619873 26.767803840053112 77.5
      vertex 30.339717505619873 26.767803840053112 80
      vertex 30.675712995157717 26.82102029761513 77.5
    endloop
  endfacet
  facet normal -0.2588190451025201 0.9659258262890685 0
    outer loop
      vertex 30.675712995157717 26.82102029761513 77.5
      vertex 30.675712995157717 26.82102029761513 80
      vertex 31.00430523171858 26.90906632204075 77.5
    endloop
  endfacet
  facet normal -0.052335956242945486 0.9986295347545737 0
    outer loop
      vertex 30.339717505619873 26.767803840053112 77.5
      vertex 30 26.75 80
      vertex 30.339717505619873 26.767803840053112 80
    endloop
  endfacet
  facet normal -0.15643446504022904 0.987688340595138 0
    outer loop
      vertex 30.675712995157717 26.82102029761513 77.5
      vertex 30.339717505619873 26.767803840053112 80
      vertex 30.675712995157717 26.82102029761513 80
    endloop
  endfacet
  facet normal -0.2588190451025201 0.9659258262890685 0
    outer loop
      vertex 31.00430523171858 26.90906632204075 77.5
      vertex 30.675712995157717 26.82102029761513 80
      vertex 31.00430523171858 26.90906632204075 80
    endloop
  endfacet
  facet normal -0.3583679495453008 0.9335804264972015 0
    outer loop
      vertex 31.00430523171858 26.90906632204075 77.5
      vertex 31.00430523171858 26.90906632204075 80
      vertex 31.321894089996352 27.030977262661548 77.5
    endloop
  endfacet
  facet normal -0.4539904997395497 0.8910065241883663 0
    outer loop
      vertex 31.321894089996352 27.030977262661548 77.5
      vertex 31.321894089996352 27.030977262661548 80
      vertex 31.625 27.185417437700576 77.5
    endloop
  endfacet
  facet normal -0.3583679495453008 0.9335804264972015 0
    outer loop
      vertex 31.321894089996352 27.030977262661548 77.5
      vertex 31.00430523171858 26.90906632204075 80
      vertex 31.321894089996352 27.030977262661548 80
    endloop
  endfacet
  facet normal -0.4539904997395497 0.8910065241883663 0
    outer loop
      vertex 31.625 27.185417437700576 77.5
      vertex 31.321894089996352 27.030977262661548 80
      vertex 31.625 27.185417437700576 80
    endloop
  endfacet
  facet normal -0.5446390350150229 0.8386705679454267 0
    outer loop
      vertex 31.625 27.185417437700576 77.5
      vertex 31.625 27.185417437700576 80
      vertex 31.91030206995054 27.37069476828142 77.5
    endloop
  endfacet
  facet normal -0.5446390350150229 0.8386705679454267 0
    outer loop
      vertex 31.91030206995054 27.37069476828142 77.5
      vertex 31.625 27.185417437700576 80
      vertex 31.91030206995054 27.37069476828142 80
    endloop
  endfacet
  facet normal -0.6293203910498373 0.7771459614569711 0
    outer loop
      vertex 31.91030206995054 27.37069476828142 77.5
      vertex 31.91030206995054 27.37069476828142 80
      vertex 32.17467447066629 27.584779317198468 77.5
    endloop
  endfacet
  facet normal -0.7071067811865476 0.7071067811865476 0
    outer loop
      vertex 32.17467447066629 27.584779317198468 77.5
      vertex 32.17467447066629 27.584779317198468 80
      vertex 32.41522068280153 27.82532552933371 77.5
    endloop
  endfacet
  facet normal -0.7771459614569762 0.629320391049831 0
    outer loop
      vertex 32.41522068280153 27.82532552933371 77.5
      vertex 32.41522068280153 27.82532552933371 80
      vertex 32.629305231718575 28.08969793004946 77.5
    endloop
  endfacet
  facet normal -0.6293203910498373 0.7771459614569711 0
    outer loop
      vertex 32.17467447066629 27.584779317198468 77.5
      vertex 31.91030206995054 27.37069476828142 80
      vertex 32.17467447066629 27.584779317198468 80
    endloop
  endfacet
  facet normal -0.7071067811865476 0.7071067811865476 0
    outer loop
      vertex 32.41522068280153 27.82532552933371 77.5
      vertex 32.17467447066629 27.584779317198468 80
      vertex 32.41522068280153 27.82532552933371 80
    endloop
  endfacet
  facet normal -0.7771459614569762 0.629320391049831 0
    outer loop
      vertex 32.629305231718575 28.08969793004946 77.5
      vertex 32.41522068280153 27.82532552933371 80
      vertex 32.629305231718575 28.08969793004946 80
    endloop
  endfacet
  facet normal -0.8386705679454173 0.5446390350150375 0
    outer loop
      vertex 32.629305231718575 28.08969793004946 77.5
      vertex 32.629305231718575 28.08969793004946 80
      vertex 32.81458256229943 28.375 77.5
    endloop
  endfacet
  facet normal -0.8386705679454173 0.5446390350150375 0
    outer loop
      vertex 32.81458256229943 28.375 77.5
      vertex 32.629305231718575 28.08969793004946 80
      vertex 32.81458256229943 28.375 80
    endloop
  endfacet
  facet normal -0.8910065241883663 0.4539904997395497 0
    outer loop
      vertex 32.81458256229943 28.375 77.5
      vertex 32.81458256229943 28.375 80
      vertex 32.969022737338456 28.678105910003648 77.5
    endloop
  endfacet
  facet normal -0.9335804264972051 0.3583679495452917 0
    outer loop
      vertex 32.969022737338456 28.678105910003648 77.5
      vertex 32.969022737338456 28.678105910003648 80
      vertex 33.09093367795925 28.99569476828142 77.5
    endloop
  endfacet
  facet normal -0.8910065241883663 0.4539904997395497 0
    outer loop
      vertex 32.969022737338456 28.678105910003648 77.5
      vertex 32.81458256229943 28.375 80
      vertex 32.969022737338456 28.678105910003648 80
    endloop
  endfacet
  facet normal -0.9335804264972051 0.3583679495452917 0
    outer loop
      vertex 33.09093367795925 28.99569476828142 77.5
      vertex 32.969022737338456 28.678105910003648 80
      vertex 33.09093367795925 28.99569476828142 80
    endloop
  endfacet
  facet normal -0.9659258262890711 0.2588190451025103 0
    outer loop
      vertex 33.09093367795925 28.99569476828142 77.5
      vertex 33.09093367795925 28.99569476828142 80
      vertex 33.178979702384865 29.324287004842283 77.5
    endloop
  endfacet
  facet normal -0.9876883405951363 0.15643446504023922 0
    outer loop
      vertex 33.178979702384865 29.324287004842283 77.5
      vertex 33.178979702384865 29.324287004842283 80
      vertex 33.23219615994689 29.660282494380127 77.5
    endloop
  endfacet
  facet normal -0.9986295347545737 0.052335956242945486 0
    outer loop
      vertex 33.23219615994689 29.660282494380127 77.5
      vertex 33.23219615994689 29.660282494380127 80
      vertex 33.25 30 77.5
    endloop
  endfacet
  facet normal -0.9659258262890711 0.2588190451025103 0
    outer loop
      vertex 33.178979702384865 29.324287004842283 77.5
      vertex 33.09093367795925 28.99569476828142 80
      vertex 33.178979702384865 29.324287004842283 80
    endloop
  endfacet
  facet normal -0.9876883405951363 0.15643446504023922 0
    outer loop
      vertex 33.23219615994689 29.660282494380127 77.5
      vertex 33.178979702384865 29.324287004842283 80
      vertex 33.23219615994689 29.660282494380127 80
    endloop
  endfacet
  facet normal -0.9986295347545737 0.052335956242945486 0
    outer loop
      vertex 33.25 30 77.5
      vertex 33.23219615994689 29.660282494380127 80
      vertex 33.25 30 80
    endloop
  endfacet
  facet normal 0 0 1
    outer loop
      vertex 30 26.75 40
      vertex 30.339717505619873 33.23219615994689 40
      vertex 30 33.25 40
    endloop
  endfacet
  facet normal 0 0 1
    outer loop
      vertex 30.339717505619873 26.767803840053112 40
      vertex 30.675712995157717 33.178979702384865 40
      vertex 30.339717505619873 33.23219615994689 40
    endloop
  endfacet
  facet normal 0 0 1
    outer loop
      vertex 30.675712995157717 26.82102029761513 40
      vertex 31.00430523171858 33.09093367795925 40
      vertex 30.675712995157717 33.178979702384865 40
    endloop
  endfacet
  facet normal 0 0 1
    outer loop
      vertex 31.625 27.185417437700576 40
      vertex 31.91030206995054 32.629305231718575 40
      vertex 31.625 32.81458256229943 40
    endloop
  endfacet
  facet normal 0 0 1
    outer loop
      vertex 31.00430523171858 26.90906632204075 40
      vertex 31.321894089996352 32.969022737338456 40
      vertex 31.00430523171858 33.09093367795925 40
    endloop
  endfacet
  facet normal 0 0 1
    outer loop
      vertex 31.321894089996352 27.030977262661548 40
      vertex 31.625 32.81458256229943 40
      vertex 31.321894089996352 32.969022737338456 40
    endloop
  endfacet
  facet normal 0 0 1
    outer loop
      vertex 31.91030206995054 27.37069476828142 40
      vertex 32.17467447066629 32.41522068280153 40
      vertex 31.91030206995054 32.629305231718575 40
    endloop
  endfacet
  facet normal 0 0 1
    outer loop
      vertex 32.17467447066629 27.584779317198468 40
      vertex 32.41522068280153 32.17467447066629 40
      vertex 32.17467447066629 32.41522068280153 40
    endloop
  endfacet
  facet normal 0 0 1
    outer loop
      vertex 32.41522068280153 27.82532552933371 40
      vertex 32.629305231718575 31.91030206995054 40
      vertex 32.41522068280153 32.17467447066629 40
    endloop
  endfacet
  facet normal 0 0 1
    outer loop
      vertex 32.629305231718575 28.08969793004946 40
      vertex 32.81458256229943 31.625 40
      vertex 32.629305231718575 31.91030206995054 40
    endloop
  endfacet
  facet normal 0 0 1
    outer loop
      vertex 32.81458256229943 28.375 40
      vertex 32.969022737338456 31.321894089996352 40
      vertex 32.81458256229943 31.625 40
    endloop
  endfacet
  facet normal 0 0 1
    outer loop
      vertex 32.969022737338456 28.678105910003648 40
      vertex 33.09093367795925 31.00430523171858 40
      vertex 32.969022737338456 31.321894089996352 40
    endloop
  endfacet
  facet normal 0 0 1
    outer loop
      vertex 33.09093367795925 28.99569476828142 40
      vertex 33.178979702384865 30.675712995157717 40
      vertex 33.09093367795925 31.00430523171858 40
    endloop
  endfacet
  facet normal 0 0 1
    outer loop
      vertex 33.178979702384865 29.324287004842283 40
      vertex 33.23219615994689 30.339717505619873 40
      vertex 33.178979702384865 30.675712995157717 40
    endloop
  endfacet
  facet normal 0 0 1
    outer loop
      vertex 33.23219615994689 29.660282494380127 40
      vertex 33.25 30 40
      vertex 33.23219615994689 30.339717505619873 40
    endloop
  endfacet
  facet normal -0.052335956242945486 -0.9986295347545737 0
    outer loop
      vertex 30.339717505619873 33.23219615994689 40
      vertex 30.339717505619873 33.23219615994689 72
      vertex 30 33.25 40
    endloop
  endfacet
  facet normal -0.15643446504023925 -0.9876883405951365 0
    outer loop
      vertex 30.339717505619873 33.23219615994689 40
      vertex 30.675712995157717 33.178979702384865 40
      vertex 30.675712995157717 33.178979702384865 72
    endloop
  endfacet
  facet normal -0.2588190451025103 -0.9659258262890711 0
    outer loop
      vertex 30.675712995157717 33.178979702384865 40
      vertex 31.00430523171858 33.09093367795925 40
      vertex 31.00430523171858 33.09093367795925 72
    endloop
  endfacet
  facet normal -0.5446390350150375 -0.8386705679454173 0
    outer loop
      vertex 31.625 32.81458256229943 40
      vertex 31.91030206995054 32.629305231718575 40
      vertex 31.91030206995054 32.629305231718575 72
    endloop
  endfacet
  facet normal -0.3583679495452917 -0.933580426497205 0
    outer loop
      vertex 31.00430523171858 33.09093367795925 40
      vertex 31.321894089996352 32.969022737338456 40
      vertex 31.321894089996352 32.969022737338456 72
    endloop
  endfacet
  facet normal -0.45399049973954975 -0.8910065241883665 0
    outer loop
      vertex 31.321894089996352 32.969022737338456 40
      vertex 31.625 32.81458256229943 40
      vertex 31.625 32.81458256229943 72
    endloop
  endfacet
  facet normal -0.8386705679454173 -0.5446390350150375 0
    outer loop
      vertex 32.629305231718575 31.91030206995054 40
      vertex 32.81458256229943 31.625 40
      vertex 32.81458256229943 31.625 72
    endloop
  endfacet
  facet normal -0.9986295347545737 -0.052335956242945486 0
    outer loop
      vertex 33.25 30 40
      vertex 33.25 30 72
      vertex 33.23219615994689 30.339717505619873 40
    endloop
  endfacet
  facet normal -0.9876883405951365 -0.15643446504023925 0
    outer loop
      vertex 33.23219615994689 30.339717505619873 40
      vertex 33.23219615994689 30.339717505619873 72
      vertex 33.178979702384865 30.675712995157717 40
    endloop
  endfacet
  facet normal -0.9659258262890711 -0.2588190451025103 0
    outer loop
      vertex 33.178979702384865 30.675712995157717 40
      vertex 33.178979702384865 30.675712995157717 72
      vertex 33.09093367795925 31.00430523171858 40
    endloop
  endfacet
  facet normal -0.933580426497205 -0.3583679495452917 0
    outer loop
      vertex 32.969022737338456 31.321894089996352 40
      vertex 33.09093367795925 31.00430523171858 40
      vertex 33.09093367795925 31.00430523171858 72
    endloop
  endfacet
  facet normal -0.8910065241883665 -0.45399049973954975 0
    outer loop
      vertex 32.969022737338456 31.321894089996352 40
      vertex 32.969022737338456 31.321894089996352 72
      vertex 32.81458256229943 31.625 40
    endloop
  endfacet
  facet normal -0.7071067811865476 -0.7071067811865476 0
    outer loop
      vertex 32.17467447066629 32.41522068280153 40
      vertex 32.41522068280153 32.17467447066629 40
      vertex 32.41522068280153 32.17467447066629 72
    endloop
  endfacet
  facet normal -0.629320391049831 -0.7771459614569762 0
    outer loop
      vertex 32.17467447066629 32.41522068280153 40
      vertex 32.17467447066629 32.41522068280153 72
      vertex 31.91030206995054 32.629305231718575 40
    endloop
  endfacet
  facet normal -0.7771459614569762 -0.629320391049831 0
    outer loop
      vertex 32.629305231718575 31.91030206995054 40
      vertex 32.629305231718575 31.91030206995054 72
      vertex 32.41522068280153 32.17467447066629 40
    endloop
  endfacet
  facet normal -0.052335956242945486 -0.9986295347545737 0
    outer loop
      vertex 30 33.25 40
      vertex 30.339717505619873 33.23219615994689 72
      vertex 30 33.25 72
    endloop
  endfacet
  facet normal -0.15643446504023925 -0.9876883405951365 0
    outer loop
      vertex 30.339717505619873 33.23219615994689 40
      vertex 30.675712995157717 33.178979702384865 72
      vertex 30.339717505619873 33.23219615994689 72
    endloop
  endfacet
  facet normal -0.2588190451025103 -0.9659258262890711 0
    outer loop
      vertex 30.675712995157717 33.178979702384865 40
      vertex 31.00430523171858 33.09093367795925 72
      vertex 30.675712995157717 33.178979702384865 72
    endloop
  endfacet
  facet normal -0.5446390350150375 -0.8386705679454173 0
    outer loop
      vertex 31.625 32.81458256229943 40
      vertex 31.91030206995054 32.629305231718575 72
      vertex 31.625 32.81458256229943 72
    endloop
  endfacet
  facet normal -0.3583679495452917 -0.933580426497205 0
    outer loop
      vertex 31.00430523171858 33.09093367795925 40
      vertex 31.321894089996352 32.969022737338456 72
      vertex 31.00430523171858 33.09093367795925 72
    endloop
  endfacet
  facet normal -0.45399049973954975 -0.8910065241883665 0
    outer loop
      vertex 31.321894089996352 32.969022737338456 40
      vertex 31.625 32.81458256229943 72
      vertex 31.321894089996352 32.969022737338456 72
    endloop
  endfacet
  facet normal -0.8386705679454173 -0.5446390350150375 0
    outer loop
      vertex 32.629305231718575 31.91030206995054 40
      vertex 32.81458256229943 31.625 72
      vertex 32.629305231718575 31.91030206995054 72
    endloop
  endfacet
  facet normal -0.9986295347545737 -0.052335956242945486 0
    outer loop
      vertex 33.23219615994689 30.339717505619873 40
      vertex 33.25 30 72
      vertex 33.23219615994689 30.339717505619873 72
    endloop
  endfacet
  facet normal -0.9876883405951365 -0.15643446504023925 0
    outer loop
      vertex 33.178979702384865 30.675712995157717 40
      vertex 33.23219615994689 30.339717505619873 72
      vertex 33.178979702384865 30.675712995157717 72
    endloop
  endfacet
  facet normal -0.9659258262890711 -0.2588190451025103 0
    outer loop
      vertex 33.09093367795925 31.00430523171858 40
      vertex 33.178979702384865 30.675712995157717 72
      vertex 33.09093367795925 31.00430523171858 72
    endloop
  endfacet
  facet normal -0.933580426497205 -0.3583679495452917 0
    outer loop
      vertex 32.969022737338456 31.321894089996352 40
      vertex 33.09093367795925 31.00430523171858 72
      vertex 32.969022737338456 31.321894089996352 72
    endloop
  endfacet
  facet normal -0.8910065241883665 -0.45399049973954975 0
    outer loop
      vertex 32.81458256229943 31.625 40
      vertex 32.969022737338456 31.321894089996352 72
      vertex 32.81458256229943 31.625 72
    endloop
  endfacet
  facet normal -0.7071067811865476 -0.7071067811865476 0
    outer loop
      vertex 32.17467447066629 32.41522068280153 40
      vertex 32.41522068280153 32.17467447066629 72
      vertex 32.17467447066629 32.41522068280153 72
    endloop
  endfacet
  facet normal -0.629320391049831 -0.7771459614569762 0
    outer loop
      vertex 31.91030206995054 32.629305231718575 40
      vertex 32.17467447066629 32.41522068280153 72
      vertex 31.91030206995054 32.629305231718575 72
    endloop
  endfacet
  facet normal -0.7771459614569762 -0.629320391049831 0
    outer loop
      vertex 32.41522068280153 32.17467447066629 40
      vertex 32.629305231718575 31.91030206995054 72
      vertex 32.41522068280153 32.17467447066629 72
    endloop
  endfacet
  facet normal -0.052335956242945486 -0.9986295347545737 0
    outer loop
      vertex 30.339717505619873 33.23219615994689 77.5
      vertex 30.339717505619873 33.23219615994689 80
      vertex 30 33.25 77.5
    endloop
  endfacet
  facet normal -0.15643446504023922 -0.9876883405951363 0
    outer loop
      vertex 30.339717505619873 33.23219615994689 77.5
      vertex 30.675712995157717 33.178979702384865 77.5
      vertex 30.675712995157717 33.178979702384865 80
    endloop
  endfacet
  facet normal -0.2588190451025103 -0.9659258262890711 0
    outer loop
      vertex 30.675712995157717 33.178979702384865 77.5
      vertex 31.00430523171858 33.09093367795925 77.5
      vertex 31.00430523171858 33.09093367795925 80
    endloop
  endfacet
  facet normal -0.052335956242945486 -0.9986295347545737 0
    outer loop
      vertex 30 33.25 77.5
      vertex 30.339717505619873 33.23219615994689 80
      vertex 30 33.25 80
    endloop
  endfacet
  facet normal -0.15643446504023922 -0.9876883405951363 0
    outer loop
      vertex 30.339717505619873 33.23219615994689 77.5
      vertex 30.675712995157717 33.178979702384865 80
      vertex 30.339717505619873 33.23219615994689 80
    endloop
  endfacet
  facet normal -0.2588190451025103 -0.9659258262890711 0
    outer loop
      vertex 30.675712995157717 33.178979702384865 77.5
      vertex 31.00430523171858 33.09093367795925 80
      vertex 30.675712995157717 33.178979702384865 80
    endloop
  endfacet
  facet normal -0.5446390350150375 -0.8386705679454173 0
    outer loop
      vertex 31.625 32.81458256229943 77.5
      vertex 31.91030206995054 32.629305231718575 77.5
      vertex 31.91030206995054 32.629305231718575 80
    endloop
  endfacet
  facet normal -0.5446390350150375 -0.8386705679454173 0
    outer loop
      vertex 31.625 32.81458256229943 77.5
      vertex 31.91030206995054 32.629305231718575 80
      vertex 31.625 32.81458256229943 80
    endloop
  endfacet
  facet normal -0.3583679495452917 -0.9335804264972051 0
    outer loop
      vertex 31.00430523171858 33.09093367795925 77.5
      vertex 31.321894089996352 32.969022737338456 77.5
      vertex 31.321894089996352 32.969022737338456 80
    endloop
  endfacet
  facet normal -0.4539904997395497 -0.8910065241883663 0
    outer loop
      vertex 31.321894089996352 32.969022737338456 77.5
      vertex 31.625 32.81458256229943 77.5
      vertex 31.625 32.81458256229943 80
    endloop
  endfacet
  facet normal -0.3583679495452917 -0.9335804264972051 0
    outer loop
      vertex 31.00430523171858 33.09093367795925 77.5
      vertex 31.321894089996352 32.969022737338456 80
      vertex 31.00430523171858 33.09093367795925 80
    endloop
  endfacet
  facet normal -0.4539904997395497 -0.8910065241883663 0
    outer loop
      vertex 31.321894089996352 32.969022737338456 77.5
      vertex 31.625 32.81458256229943 80
      vertex 31.321894089996352 32.969022737338456 80
    endloop
  endfacet
  facet normal -0.8386705679454173 -0.5446390350150375 0
    outer loop
      vertex 32.629305231718575 31.91030206995054 77.5
      vertex 32.81458256229943 31.625 77.5
      vertex 32.81458256229943 31.625 80
    endloop
  endfacet
  facet normal -0.8386705679454173 -0.5446390350150375 0
    outer loop
      vertex 32.629305231718575 31.91030206995054 77.5
      vertex 32.81458256229943 31.625 80
      vertex 32.629305231718575 31.91030206995054 80
    endloop
  endfacet
  facet normal -0.9986295347545737 -0.052335956242945486 0
    outer loop
      vertex 33.25 30 77.5
      vertex 33.25 30 80
      vertex 33.23219615994689 30.339717505619873 77.5
    endloop
  endfacet
  facet normal -0.9876883405951363 -0.15643446504023922 0
    outer loop
      vertex 33.23219615994689 30.339717505619873 77.5
      vertex 33.23219615994689 30.339717505619873 80
      vertex 33.178979702384865 30.675712995157717 77.5
    endloop
  endfacet
  facet normal -0.9659258262890711 -0.2588190451025103 0
    outer loop
      vertex 33.178979702384865 30.675712995157717 77.5
      vertex 33.178979702384865 30.675712995157717 80
      vertex 33.09093367795925 31.00430523171858 77.5
    endloop
  endfacet
  facet normal -0.9986295347545737 -0.052335956242945486 0
    outer loop
      vertex 33.23219615994689 30.339717505619873 77.5
      vertex 33.25 30 80
      vertex 33.23219615994689 30.339717505619873 80
    endloop
  endfacet
  facet normal -0.9876883405951363 -0.15643446504023922 0
    outer loop
      vertex 33.178979702384865 30.675712995157717 77.5
      vertex 33.23219615994689 30.339717505619873 80
      vertex 33.178979702384865 30.675712995157717 80
    endloop
  endfacet
  facet normal -0.9659258262890711 -0.2588190451025103 0
    outer loop
      vertex 33.09093367795925 31.00430523171858 77.5
      vertex 33.178979702384865 30.675712995157717 80
      vertex 33.09093367795925 31.00430523171858 80
    endloop
  endfacet
  facet normal -0.9335804264972051 -0.3583679495452917 0
    outer loop
      vertex 32.969022737338456 31.321894089996352 77.5
      vertex 33.09093367795925 31.00430523171858 77.5
      vertex 33.09093367795925 31.00430523171858 80
    endloop
  endfacet
  facet normal -0.8910065241883663 -0.4539904997395497 0
    outer loop
      vertex 32.969022737338456 31.321894089996352 77.5
      vertex 32.969022737338456 31.321894089996352 80
      vertex 32.81458256229943 31.625 77.5
    endloop
  endfacet
  facet normal -0.9335804264972051 -0.3583679495452917 0
    outer loop
      vertex 32.969022737338456 31.321894089996352 77.5
      vertex 33.09093367795925 31.00430523171858 80
      vertex 32.969022737338456 31.321894089996352 80
    endloop
  endfacet
  facet normal -0.8910065241883663 -0.4539904997395497 0
    outer loop
      vertex 32.81458256229943 31.625 77.5
      vertex 32.969022737338456 31.321894089996352 80
      vertex 32.81458256229943 31.625 80
    endloop
  endfacet
  facet normal -0.7071067811865476 -0.7071067811865476 0
    outer loop
      vertex 32.17467447066629 32.41522068280153 77.5
      vertex 32.41522068280153 32.17467447066629 77.5
      vertex 32.41522068280153 32.17467447066629 80
    endloop
  endfacet
  facet normal -0.629320391049831 -0.7771459614569762 0
    outer loop
      vertex 32.17467447066629 32.41522068280153 77.5
      vertex 32.17467447066629 32.41522068280153 80
      vertex 31.91030206995054 32.629305231718575 77.5
    endloop
  endfacet
  facet normal -0.7771459614569762 -0.629320391049831 0
    outer loop
      vertex 32.629305231718575 31.91030206995054 77.5
      vertex 32.629305231718575 31.91030206995054 80
      vertex 32.41522068280153 32.17467447066629 77.5
    endloop
  endfacet
  facet normal -0.7071067811865476 -0.7071067811865476 0
    outer loop
      vertex 32.17467447066629 32.41522068280153 77.5
      vertex 32.41522068280153 32.17467447066629 80
      vertex 32.17467447066629 32.41522068280153 80
    endloop
  endfacet
  facet normal -0.629320391049831 -0.7771459614569762 0
    outer loop
      vertex 31.91030206995054 32.629305231718575 77.5
      vertex 32.17467447066629 32.41522068280153 80
      vertex 31.91030206995054 32.629305231718575 80
    endloop
  endfacet
  facet normal -0.7771459614569762 -0.629320391049831 0
    outer loop
      vertex 32.41522068280153 32.17467447066629 77.5
      vertex 32.629305231718575 31.91030206995054 80
      vertex 32.41522068280153 32.17467447066629 80
    endloop
  endfacet
  facet normal 0 0 1
    outer loop
      vertex 26.90906632204075 28.99569476828142 72
      vertex 24 30 72
      vertex 27 24.803847577293368 72
    endloop
  endfacet
  facet normal 0 0 1
    outer loop
      vertex 26.90906632204075 28.99569476828142 72
      vertex 26.82102029761513 29.324287004842283 72
      vertex 24 30 72
    endloop
  endfacet
  facet normal 0 0 1
    outer loop
      vertex 26.82102029761513 29.324287004842283 72
      vertex 26.767803840053112 29.660282494380127 72
      vertex 24 30 72
    endloop
  endfacet
  facet normal 0 0 1
    outer loop
      vertex 26.767803840053112 29.660282494380127 72
      vertex 26.75 30 72
      vertex 24 30 72
    endloop
  endfacet
  facet normal 0.8660254037844387 0.5 0
    outer loop
      vertex 27 24.803847577293368 72
      vertex 24 30 72
      vertex 24 30 77.5
    endloop
  endfacet
  facet normal 0.8660254037844387 0.5 0
    outer loop
      vertex 27 24.803847577293368 72
      vertex 24 30 77.5
      vertex 27 24.803847577293368 77.5
    endloop
  endfacet
  facet normal 0 0 -1
    outer loop
      vertex 27 24.803847577293368 77.5
      vertex 24 30 77.5
      vertex 27.030977262661548 28.678105910003648 77.5
    endloop
  endfacet
  facet normal 0 0 -1
    outer loop
      vertex 26.90906632204075 28.99569476828142 77.5
      vertex 27.030977262661548 28.678105910003648 77.5
      vertex 24 30 77.5
    endloop
  endfacet
  facet normal 0 0 -1
    outer loop
      vertex 26.90906632204075 28.99569476828142 77.5
      vertex 24 30 77.5
      vertex 26.82102029761513 29.324287004842283 77.5
    endloop
  endfacet
  facet normal 0 0 -1
    outer loop
      vertex 26.82102029761513 29.324287004842283 77.5
      vertex 24 30 77.5
      vertex 26.767803840053112 29.660282494380127 77.5
    endloop
  endfacet
  facet normal 0 0 -1
    outer loop
      vertex 26.767803840053112 29.660282494380127 77.5
      vertex 24 30 77.5
      vertex 26.75 30 77.5
    endloop
  endfacet
  facet normal 0 0 1
    outer loop
      vertex 27 24.803847577293368 72
      vertex 28.99569476828142 26.90906632204075 72
      vertex 28.678105910003648 27.030977262661548 72
    endloop
  endfacet
  facet normal 0 0 1
    outer loop
      vertex 27 24.803847577293368 72
      vertex 29.324287004842283 26.82102029761513 72
      vertex 28.99569476828142 26.90906632204075 72
    endloop
  endfacet
  facet normal 0 0 1
    outer loop
      vertex 27 24.803847577293368 72
      vertex 29.660282494380127 26.767803840053112 72
      vertex 29.324287004842283 26.82102029761513 72
    endloop
  endfacet
  facet normal 0 0 1
    outer loop
      vertex 27 24.803847577293368 72
      vertex 30 26.75 72
      vertex 29.660282494380127 26.767803840053112 72
    endloop
  endfacet
  facet normal 0 0 1
    outer loop
      vertex 27 24.803847577293368 72
      vertex 30.339717505619873 26.767803840053112 72
      vertex 30 26.75 72
    endloop
  endfacet
  facet normal 0 1 0
    outer loop
      vertex 27 24.803847577293368 72
      vertex 27 24.803847577293368 77.5
      vertex 33 24.803847577293368 77.5
    endloop
  endfacet
  facet normal 0 0 -1
    outer loop
      vertex 27 24.803847577293368 77.5
      vertex 28.678105910003648 27.030977262661548 77.5
      vertex 28.99569476828142 26.90906632204075 77.5
    endloop
  endfacet
  facet normal 0 0 -1
    outer loop
      vertex 27 24.803847577293368 77.5
      vertex 28.99569476828142 26.90906632204075 77.5
      vertex 29.324287004842283 26.82102029761513 77.5
    endloop
  endfacet
  facet normal 0 0 -1
    outer loop
      vertex 27 24.803847577293368 77.5
      vertex 29.324287004842283 26.82102029761513 77.5
      vertex 29.660282494380127 26.767803840053112 77.5
    endloop
  endfacet
  facet normal 0 0 -1
    outer loop
      vertex 27 24.803847577293368 77.5
      vertex 29.660282494380127 26.767803840053112 77.5
      vertex 33 24.803847577293368 77.5
    endloop
  endfacet
  facet normal 0 0 1
    outer loop
      vertex 27 24.803847577293368 72
      vertex 27.37069476828142 28.08969793004946 72
      vertex 27.185417437700576 28.375 72
    endloop
  endfacet
  facet normal 0 0 1
    outer loop
      vertex 27 24.803847577293368 72
      vertex 27.185417437700576 28.375 72
      vertex 27.030977262661548 28.678105910003648 72
    endloop
  endfacet
  facet normal 0 0 1
    outer loop
      vertex 26.90906632204075 28.99569476828142 72
      vertex 27 24.803847577293368 72
      vertex 27.030977262661548 28.678105910003648 72
    endloop
  endfacet
  facet normal 0 0 1
    outer loop
      vertex 27 24.803847577293368 72
      vertex 28.08969793004946 27.37069476828142 72
      vertex 27.82532552933371 27.584779317198468 72
    endloop
  endfacet
  facet normal 0 0 1
    outer loop
      vertex 27 24.803847577293368 72
      vertex 27.584779317198468 27.82532552933371 72
      vertex 27.37069476828142 28.08969793004946 72
    endloop
  endfacet
  facet normal 0 0 1
    outer loop
      vertex 27 24.803847577293368 72
      vertex 27.82532552933371 27.584779317198468 72
      vertex 27.584779317198468 27.82532552933371 72
    endloop
  endfacet
  facet normal 0 0 1
    outer loop
      vertex 27 24.803847577293368 72
      vertex 28.375 27.185417437700576 72
      vertex 28.08969793004946 27.37069476828142 72
    endloop
  endfacet
  facet normal 0 0 1
    outer loop
      vertex 27 24.803847577293368 72
      vertex 28.678105910003648 27.030977262661548 72
      vertex 28.375 27.185417437700576 72
    endloop
  endfacet
  facet normal 0 0 -1
    outer loop
      vertex 27 24.803847577293368 77.5
      vertex 27.185417437700576 28.375 77.5
      vertex 27.37069476828142 28.08969793004946 77.5
    endloop
  endfacet
  facet normal 0 0 -1
    outer loop
      vertex 27 24.803847577293368 77.5
      vertex 27.030977262661548 28.678105910003648 77.5
      vertex 27.185417437700576 28.375 77.5
    endloop
  endfacet
  facet normal 0 0 -1
    outer loop
      vertex 27 24.803847577293368 77.5
      vertex 27.82532552933371 27.584779317198468 77.5
      vertex 28.08969793004946 27.37069476828142 77.5
    endloop
  endfacet
  facet normal 0 0 -1
    outer loop
      vertex 27 24.803847577293368 77.5
      vertex 27.37069476828142 28.08969793004946 77.5
      vertex 27.584779317198468 27.82532552933371 77.5
    endloop
  endfacet
  facet normal 0 0 -1
    outer loop
      vertex 27 24.803847577293368 77.5
      vertex 27.584779317198468 27.82532552933371 77.5
      vertex 27.82532552933371 27.584779317198468 77.5
    endloop
  endfacet
  facet normal 0 0 -1
    outer loop
      vertex 27 24.803847577293368 77.5
      vertex 28.08969793004946 27.37069476828142 77.5
      vertex 28.375 27.185417437700576 77.5
    endloop
  endfacet
  facet normal 0 0 -1
    outer loop
      vertex 27 24.803847577293368 77.5
      vertex 28.375 27.185417437700576 77.5
      vertex 28.678105910003648 27.030977262661548 77.5
    endloop
  endfacet
  facet normal 0 0 1
    outer loop
      vertex 24 30 72
      vertex 26.75 30 72
      vertex 26.767803840053112 30.339717505619873 72
    endloop
  endfacet
  facet normal 0 0 1
    outer loop
      vertex 24 30 72
      vertex 26.767803840053112 30.339717505619873 72
      vertex 26.82102029761513 30.675712995157717 72
    endloop
  endfacet
  facet normal 0 0 1
    outer loop
      vertex 24 30 72
      vertex 26.82102029761513 30.675712995157717 72
      vertex 26.90906632204075 31.00430523171858 72
    endloop
  endfacet
  facet normal 0 0 1
    outer loop
      vertex 24 30 72
      vertex 26.90906632204075 31.00430523171858 72
      vertex 27.030977262661548 31.321894089996352 72
    endloop
  endfacet
  facet normal 0 0 1
    outer loop
      vertex 24 30 72
      vertex 27.030977262661548 31.321894089996352 72
      vertex 27 35.19615242270663 72
    endloop
  endfacet
  facet normal 0.8660254037844387 -0.5 0
    outer loop
      vertex 24 30 72
      vertex 27 35.19615242270663 72
      vertex 27 35.19615242270663 77.5
    endloop
  endfacet
  facet normal 0.8660254037844387 -0.5 0
    outer loop
      vertex 24 30 72
      vertex 27 35.19615242270663 77.5
      vertex 24 30 77.5
    endloop
  endfacet
  facet normal 0 0 -1
    outer loop
      vertex 24 30 77.5
      vertex 26.767803840053112 30.339717505619873 77.5
      vertex 26.75 30 77.5
    endloop
  endfacet
  facet normal 0 0 -1
    outer loop
      vertex 24 30 77.5
      vertex 26.82102029761513 30.675712995157717 77.5
      vertex 26.767803840053112 30.339717505619873 77.5
    endloop
  endfacet
  facet normal 0 0 -1
    outer loop
      vertex 24 30 77.5
      vertex 26.90906632204075 31.00430523171858 77.5
      vertex 26.82102029761513 30.675712995157717 77.5
    endloop
  endfacet
  facet normal 0 0 -1
    outer loop
      vertex 24 30 77.5
      vertex 27 35.19615242270663 77.5
      vertex 26.90906632204075 31.00430523171858 77.5
    endloop
  endfacet
  facet normal 0 0 1
    outer loop
      vertex 27.030977262661548 31.321894089996352 72
      vertex 27.185417437700576 31.625 72
      vertex 27 35.19615242270663 72
    endloop
  endfacet
  facet normal 0 0 1
    outer loop
      vertex 27.185417437700576 31.625 72
      vertex 27.37069476828142 31.91030206995054 72
      vertex 27 35.19615242270663 72
    endloop
  endfacet
  facet normal 0 0 1
    outer loop
      vertex 27.37069476828142 31.91030206995054 72
      vertex 27.584779317198468 32.17467447066629 72
      vertex 27 35.19615242270663 72
    endloop
  endfacet
  facet normal 0 0 1
    outer loop
      vertex 27.584779317198468 32.17467447066629 72
      vertex 27.82532552933371 32.41522068280153 72
      vertex 27 35.19615242270663 72
    endloop
  endfacet
  facet normal 0 0 1
    outer loop
      vertex 27.82532552933371 32.41522068280153 72
      vertex 28.08969793004946 32.629305231718575 72
      vertex 27 35.19615242270663 72
    endloop
  endfacet
  facet normal 0 0 1
    outer loop
      vertex 28.08969793004946 32.629305231718575 72
      vertex 28.375 32.81458256229943 72
      vertex 27 35.19615242270663 72
    endloop
  endfacet
  facet normal 0 0 1
    outer loop
      vertex 28.375 32.81458256229943 72
      vertex 28.678105910003648 32.969022737338456 72
      vertex 27 35.19615242270663 72
    endloop
  endfacet
  facet normal 0 0 -1
    outer loop
      vertex 26.90906632204075 31.00430523171858 77.5
      vertex 27 35.19615242270663 77.5
      vertex 27.030977262661548 31.321894089996352 77.5
    endloop
  endfacet
  facet normal 0 0 -1
    outer loop
      vertex 27.030977262661548 31.321894089996352 77.5
      vertex 27 35.19615242270663 77.5
      vertex 27.185417437700576 31.625 77.5
    endloop
  endfacet
  facet normal 0 0 -1
    outer loop
      vertex 27.185417437700576 31.625 77.5
      vertex 27 35.19615242270663 77.5
      vertex 27.37069476828142 31.91030206995054 77.5
    endloop
  endfacet
  facet normal 0 0 -1
    outer loop
      vertex 27.37069476828142 31.91030206995054 77.5
      vertex 27 35.19615242270663 77.5
      vertex 27.584779317198468 32.17467447066629 77.5
    endloop
  endfacet
  facet normal 0 0 -1
    outer loop
      vertex 27.584779317198468 32.17467447066629 77.5
      vertex 27 35.19615242270663 77.5
      vertex 27.82532552933371 32.41522068280153 77.5
    endloop
  endfacet
  facet normal 0 0 -1
    outer loop
      vertex 27.82532552933371 32.41522068280153 77.5
      vertex 27 35.19615242270663 77.5
      vertex 28.08969793004946 32.629305231718575 77.5
    endloop
  endfacet
  facet normal 0 0 -1
    outer loop
      vertex 28.08969793004946 32.629305231718575 77.5
      vertex 27 35.19615242270663 77.5
      vertex 28.375 32.81458256229943 77.5
    endloop
  endfacet
  facet normal 0 0 -1
    outer loop
      vertex 28.375 32.81458256229943 77.5
      vertex 27 35.19615242270663 77.5
      vertex 28.678105910003648 32.969022737338456 77.5
    endloop
  endfacet
  facet normal 0 0 1
    outer loop
      vertex 27 35.19615242270663 72
      vertex 28.678105910003648 32.969022737338456 72
      vertex 28.99569476828142 33.09093367795925 72
    endloop
  endfacet
  facet normal 0 0 1
    outer loop
      vertex 27 35.19615242270663 72
      vertex 28.99569476828142 33.09093367795925 72
      vertex 29.324287004842283 33.178979702384865 72
    endloop
  endfacet
  facet normal 0 0 1
    outer loop
      vertex 27 35.19615242270663 72
      vertex 29.324287004842283 33.178979702384865 72
      vertex 29.660282494380127 33.23219615994689 72
    endloop
  endfacet
  facet normal 0 0 1
    outer loop
      vertex 27 35.19615242270663 72
      vertex 29.660282494380127 33.23219615994689 72
      vertex 30 33.25 72
    endloop
  endfacet
  facet normal 0 0 1
    outer loop
      vertex 27 35.19615242270663 72
      vertex 30 33.25 72
      vertex 30.339717505619873 33.23219615994689 72
    endloop
  endfacet
  facet normal 0 0 1
    outer loop
      vertex 27 35.19615242270663 72
      vertex 30.339717505619873 33.23219615994689 72
      vertex 30.675712995157717 33.178979702384865 72
    endloop
  endfacet
  facet normal 0 -1 0
    outer loop
      vertex 27 35.19615242270663 72
      vertex 33 35.19615242270663 72
      vertex 27 35.19615242270663 77.5
    endloop
  endfacet
  facet normal 0 0 -1
    outer loop
      vertex 27 35.19615242270663 77.5
      vertex 28.99569476828142 33.09093367795925 77.5
      vertex 28.678105910003648 32.969022737338456 77.5
    endloop
  endfacet
  facet normal 0 0 -1
    outer loop
      vertex 27 35.19615242270663 77.5
      vertex 29.324287004842283 33.178979702384865 77.5
      vertex 28.99569476828142 33.09093367795925 77.5
    endloop
  endfacet
  facet normal 0 0 -1
    outer loop
      vertex 27 35.19615242270663 77.5
      vertex 29.660282494380127 33.23219615994689 77.5
      vertex 29.324287004842283 33.178979702384865 77.5
    endloop
  endfacet
  facet normal 0 0 -1
    outer loop
      vertex 27 35.19615242270663 77.5
      vertex 30 33.25 77.5
      vertex 29.660282494380127 33.23219615994689 77.5
    endloop
  endfacet
  facet normal 0 0 -1
    outer loop
      vertex 27 35.19615242270663 77.5
      vertex 30.339717505619873 33.23219615994689 77.5
      vertex 30 33.25 77.5
    endloop
  endfacet
  facet normal 0 0 1
    outer loop
      vertex 27 24.803847577293368 72
      vertex 33 24.803847577293368 72
      vertex 30.339717505619873 26.767803840053112 72
    endloop
  endfacet
  facet normal 0 0 1
    outer loop
      vertex 30.339717505619873 26.767803840053112 72
      vertex 33 24.803847577293368 72
      vertex 30.675712995157717 26.82102029761513 72
    endloop
  endfacet
  facet normal 0 0 1
    outer loop
      vertex 30.675712995157717 26.82102029761513 72
      vertex 33 24.803847577293368 72
      vertex 31.00430523171858 26.90906632204075 72
    endloop
  endfacet
  facet normal 0 0 1
    outer loop
      vertex 31.00430523171858 26.90906632204075 72
      vertex 33 24.803847577293368 72
      vertex 31.321894089996352 27.030977262661548 72
    endloop
  endfacet
  facet normal 0 1 0
    outer loop
      vertex 27 24.803847577293368 72
      vertex 33 24.803847577293368 77.5
      vertex 33 24.803847577293368 72
    endloop
  endfacet
  facet normal 0 0 -1
    outer loop
      vertex 29.660282494380127 26.767803840053112 77.5
      vertex 30 26.75 77.5
      vertex 33 24.803847577293368 77.5
    endloop
  endfacet
  facet normal 0 0 -1
    outer loop
      vertex 30 26.75 77.5
      vertex 30.339717505619873 26.767803840053112 77.5
      vertex 33 24.803847577293368 77.5
    endloop
  endfacet
  facet normal 0 0 -1
    outer loop
      vertex 30.339717505619873 26.767803840053112 77.5
      vertex 30.675712995157717 26.82102029761513 77.5
      vertex 33 24.803847577293368 77.5
    endloop
  endfacet
  facet normal 0 0 -1
    outer loop
      vertex 30.675712995157717 26.82102029761513 77.5
      vertex 31.00430523171858 26.90906632204075 77.5
      vertex 33 24.803847577293368 77.5
    endloop
  endfacet
  facet normal 0 0 -1
    outer loop
      vertex 31.00430523171858 26.90906632204075 77.5
      vertex 31.321894089996352 27.030977262661548 77.5
      vertex 33 24.803847577293368 77.5
    endloop
  endfacet
  facet normal 0 0 1
    outer loop
      vertex 31.321894089996352 27.030977262661548 72
      vertex 33 24.803847577293368 72
      vertex 31.625 27.185417437700576 72
    endloop
  endfacet
  facet normal 0 0 1
    outer loop
      vertex 31.625 27.185417437700576 72
      vertex 33 24.803847577293368 72
      vertex 31.91030206995054 27.37069476828142 72
    endloop
  endfacet
  facet normal 0 0 1
    outer loop
      vertex 31.91030206995054 27.37069476828142 72
      vertex 33 24.803847577293368 72
      vertex 32.17467447066629 27.584779317198468 72
    endloop
  endfacet
  facet normal 0 0 1
    outer loop
      vertex 32.17467447066629 27.584779317198468 72
      vertex 33 24.803847577293368 72
      vertex 32.41522068280153 27.82532552933371 72
    endloop
  endfacet
  facet normal 0 0 1
    outer loop
      vertex 32.41522068280153 27.82532552933371 72
      vertex 33 24.803847577293368 72
      vertex 32.629305231718575 28.08969793004946 72
    endloop
  endfacet
  facet normal 0 0 1
    outer loop
      vertex 32.629305231718575 28.08969793004946 72
      vertex 33 24.803847577293368 72
      vertex 32.81458256229943 28.375 72
    endloop
  endfacet
  facet normal 0 0 1
    outer loop
      vertex 32.81458256229943 28.375 72
      vertex 33 24.803847577293368 72
      vertex 32.969022737338456 28.678105910003648 72
    endloop
  endfacet
  facet normal 0 0 -1
    outer loop
      vertex 31.321894089996352 27.030977262661548 77.5
      vertex 31.625 27.185417437700576 77.5
      vertex 33 24.803847577293368 77.5
    endloop
  endfacet
  facet normal 0 0 -1
    outer loop
      vertex 31.625 27.185417437700576 77.5
      vertex 31.91030206995054 27.37069476828142 77.5
      vertex 33 24.803847577293368 77.5
    endloop
  endfacet
  facet normal 0 0 -1
    outer loop
      vertex 31.91030206995054 27.37069476828142 77.5
      vertex 32.17467447066629 27.584779317198468 77.5
      vertex 33 24.803847577293368 77.5
    endloop
  endfacet
  facet normal 0 0 -1
    outer loop
      vertex 32.17467447066629 27.584779317198468 77.5
      vertex 32.41522068280153 27.82532552933371 77.5
      vertex 33 24.803847577293368 77.5
    endloop
  endfacet
  facet normal 0 0 -1
    outer loop
      vertex 32.41522068280153 27.82532552933371 77.5
      vertex 32.629305231718575 28.08969793004946 77.5
      vertex 33 24.803847577293368 77.5
    endloop
  endfacet
  facet normal 0 0 -1
    outer loop
      vertex 32.629305231718575 28.08969793004946 77.5
      vertex 32.81458256229943 28.375 77.5
      vertex 33 24.803847577293368 77.5
    endloop
  endfacet
  facet normal 0 0 -1
    outer loop
      vertex 32.81458256229943 28.375 77.5
      vertex 32.969022737338456 28.678105910003648 77.5
      vertex 33 24.803847577293368 77.5
    endloop
  endfacet
  facet normal 0 0 -1
    outer loop
      vertex 32.969022737338456 28.678105910003648 77.5
      vertex 33.09093367795925 28.99569476828142 77.5
      vertex 33 24.803847577293368 77.5
    endloop
  endfacet
  facet normal 0 0 1
    outer loop
      vertex 32.969022737338456 28.678105910003648 72
      vertex 33 24.803847577293368 72
      vertex 36 30 72
    endloop
  endfacet
  facet normal -0.8660254037844387 0.5 0
    outer loop
      vertex 33 24.803847577293368 72
      vertex 33 24.803847577293368 77.5
      vertex 36 30 72
    endloop
  endfacet
  facet normal 0 0 1
    outer loop
      vertex 32.969022737338456 28.678105910003648 72
      vertex 36 30 72
      vertex 33.09093367795925 28.99569476828142 72
    endloop
  endfacet
  facet normal 0 0 1
    outer loop
      vertex 33.09093367795925 28.99569476828142 72
      vertex 36 30 72
      vertex 33.178979702384865 29.324287004842283 72
    endloop
  endfacet
  facet normal 0 0 1
    outer loop
      vertex 33.178979702384865 29.324287004842283 72
      vertex 36 30 72
      vertex 33.23219615994689 29.660282494380127 72
    endloop
  endfacet
  facet normal 0 0 1
    outer loop
      vertex 33.23219615994689 29.660282494380127 72
      vertex 36 30 72
      vertex 33.25 30 72
    endloop
  endfacet
  facet normal 0 0 -1
    outer loop
      vertex 33 24.803847577293368 77.5
      vertex 33.09093367795925 28.99569476828142 77.5
      vertex 36 30 77.5
    endloop
  endfacet
  facet normal -0.8660254037844387 0.5 0
    outer loop
      vertex 33 24.803847577293368 77.5
      vertex 36 30 77.5
      vertex 36 30 72
    endloop
  endfacet
  facet normal 0 0 -1
    outer loop
      vertex 33.09093367795925 28.99569476828142 77.5
      vertex 33.178979702384865 29.324287004842283 77.5
      vertex 36 30 77.5
    endloop
  endfacet
  facet normal 0 0 -1
    outer loop
      vertex 33.178979702384865 29.324287004842283 77.5
      vertex 33.23219615994689 29.660282494380127 77.5
      vertex 36 30 77.5
    endloop
  endfacet
  facet normal 0 0 -1
    outer loop
      vertex 33.23219615994689 29.660282494380127 77.5
      vertex 33.25 30 77.5
      vertex 36 30 77.5
    endloop
  endfacet
  facet normal 0 0 1
    outer loop
      vertex 31.321894089996352 32.969022737338456 72
      vertex 31.625 32.81458256229943 72
      vertex 33 35.19615242270663 72
    endloop
  endfacet
  facet normal 0 0 1
    outer loop
      vertex 31.625 32.81458256229943 72
      vertex 31.91030206995054 32.629305231718575 72
      vertex 33 35.19615242270663 72
    endloop
  endfacet
  facet normal 0 0 1
    outer loop
      vertex 32.17467447066629 32.41522068280153 72
      vertex 32.41522068280153 32.17467447066629 72
      vertex 33 35.19615242270663 72
    endloop
  endfacet
  facet normal 0 0 1
    outer loop
      vertex 32.629305231718575 31.91030206995054 72
      vertex 33 35.19615242270663 72
      vertex 32.41522068280153 32.17467447066629 72
    endloop
  endfacet
  facet normal 0 0 1
    outer loop
      vertex 32.17467447066629 32.41522068280153 72
      vertex 33 35.19615242270663 72
      vertex 31.91030206995054 32.629305231718575 72
    endloop
  endfacet
  facet normal 0 0 1
    outer loop
      vertex 32.969022737338456 31.321894089996352 72
      vertex 33.09093367795925 31.00430523171858 72
      vertex 33 35.19615242270663 72
    endloop
  endfacet
  facet normal 0 0 1
    outer loop
      vertex 32.969022737338456 31.321894089996352 72
      vertex 33 35.19615242270663 72
      vertex 32.81458256229943 31.625 72
    endloop
  endfacet
  facet normal 0 0 1
    outer loop
      vertex 32.629305231718575 31.91030206995054 72
      vertex 32.81458256229943 31.625 72
      vertex 33 35.19615242270663 72
    endloop
  endfacet
  facet normal 0 0 -1
    outer loop
      vertex 31.321894089996352 32.969022737338456 77.5
      vertex 33 35.19615242270663 77.5
      vertex 31.625 32.81458256229943 77.5
    endloop
  endfacet
  facet normal 0 0 -1
    outer loop
      vertex 31.625 32.81458256229943 77.5
      vertex 33 35.19615242270663 77.5
      vertex 31.91030206995054 32.629305231718575 77.5
    endloop
  endfacet
  facet normal 0 0 -1
    outer loop
      vertex 32.17467447066629 32.41522068280153 77.5
      vertex 33 35.19615242270663 77.5
      vertex 32.41522068280153 32.17467447066629 77.5
    endloop
  endfacet
  facet normal 0 0 -1
    outer loop
      vertex 32.629305231718575 31.91030206995054 77.5
      vertex 32.41522068280153 32.17467447066629 77.5
      vertex 33 35.19615242270663 77.5
    endloop
  endfacet
  facet normal 0 0 -1
    outer loop
      vertex 32.17467447066629 32.41522068280153 77.5
      vertex 31.91030206995054 32.629305231718575 77.5
      vertex 33 35.19615242270663 77.5
    endloop
  endfacet
  facet normal 0 0 -1
    outer loop
      vertex 32.969022737338456 31.321894089996352 77.5
      vertex 32.81458256229943 31.625 77.5
      vertex 33 35.19615242270663 77.5
    endloop
  endfacet
  facet normal 0 0 -1
    outer loop
      vertex 32.629305231718575 31.91030206995054 77.5
      vertex 33 35.19615242270663 77.5
      vertex 32.81458256229943 31.625 77.5
    endloop
  endfacet
  facet normal 0 0 1
    outer loop
      vertex 27 35.19615242270663 72
      vertex 30.675712995157717 33.178979702384865 72
      vertex 33 35.19615242270663 72
    endloop
  endfacet
  facet normal 0 0 1
    outer loop
      vertex 30.675712995157717 33.178979702384865 72
      vertex 31.00430523171858 33.09093367795925 72
      vertex 33 35.19615242270663 72
    endloop
  endfacet
  facet normal 0 0 1
    outer loop
      vertex 31.00430523171858 33.09093367795925 72
      vertex 31.321894089996352 32.969022737338456 72
      vertex 33 35.19615242270663 72
    endloop
  endfacet
  facet normal 0 -1 0
    outer loop
      vertex 27 35.19615242270663 77.5
      vertex 33 35.19615242270663 72
      vertex 33 35.19615242270663 77.5
    endloop
  endfacet
  facet normal 0 0 -1
    outer loop
      vertex 27 35.19615242270663 77.5
      vertex 33 35.19615242270663 77.5
      vertex 30.339717505619873 33.23219615994689 77.5
    endloop
  endfacet
  facet normal 0 0 -1
    outer loop
      vertex 30.339717505619873 33.23219615994689 77.5
      vertex 33 35.19615242270663 77.5
      vertex 30.675712995157717 33.178979702384865 77.5
    endloop
  endfacet
  facet normal 0 0 -1
    outer loop
      vertex 30.675712995157717 33.178979702384865 77.5
      vertex 33 35.19615242270663 77.5
      vertex 31.00430523171858 33.09093367795925 77.5
    endloop
  endfacet
  facet normal 0 0 -1
    outer loop
      vertex 31.00430523171858 33.09093367795925 77.5
      vertex 33 35.19615242270663 77.5
      vertex 31.321894089996352 32.969022737338456 77.5
    endloop
  endfacet
  facet normal 0 0 1
    outer loop
      vertex 33.25 30 72
      vertex 36 30 72
      vertex 33.23219615994689 30.339717505619873 72
    endloop
  endfacet
  facet normal 0 0 1
    outer loop
      vertex 33.23219615994689 30.339717505619873 72
      vertex 36 30 72
      vertex 33.178979702384865 30.675712995157717 72
    endloop
  endfacet
  facet normal 0 0 1
    outer loop
      vertex 33.178979702384865 30.675712995157717 72
      vertex 36 30 72
      vertex 33.09093367795925 31.00430523171858 72
    endloop
  endfacet
  facet normal -0.8660254037844387 -0.5 0
    outer loop
      vertex 36 30 72
      vertex 36 30 77.5
      vertex 33 35.19615242270663 72
    endloop
  endfacet
  facet normal 0 0 1
    outer loop
      vertex 33.09093367795925 31.00430523171858 72
      vertex 36 30 72
      vertex 33 35.19615242270663 72
    endloop
  endfacet
  facet normal 0 0 -1
    outer loop
      vertex 33.25 30 77.5
      vertex 33.23219615994689 30.339717505619873 77.5
      vertex 36 30 77.5
    endloop
  endfacet
  facet normal 0 0 -1
    outer loop
      vertex 33.23219615994689 30.339717505619873 77.5
      vertex 33.178979702384865 30.675712995157717 77.5
      vertex 36 30 77.5
    endloop
  endfacet
  facet normal 0 0 -1
    outer loop
      vertex 33.178979702384865 30.675712995157717 77.5
      vertex 33.09093367795925 31.00430523171858 77.5
      vertex 36 30 77.5
    endloop
  endfacet
  facet normal 0 0 -1
    outer loop
      vertex 32.969022737338456 31.321894089996352 77.5
      vertex 36 30 77.5
      vertex 33.09093367795925 31.00430523171858 77.5
    endloop
  endfacet
  facet normal -0.8660254037844387 -0.5 0
    outer loop
      vertex 36 30 77.5
      vertex 33 35.19615242270663 77.5
      vertex 33 35.19615242270663 72
    endloop
  endfacet
  facet normal 0 0 -1
    outer loop
      vertex 32.969022737338456 31.321894089996352 77.5
      vertex 33 35.19615242270663 77.5
      vertex 36 30 77.5
    endloop
  endfacet
endsolid OpenSCAD_Model
