06-11 10:55 motorbench_logging:28   INFO     --------------------------------------------------------------------------------
06-11 10:55 motorbench_logging:29   INFO     Logging setup complete (2026-06-11T08:55:33.200999)
06-11 10:55 motorbench_logging:31   INFO     logdir_source=motorBench, logdir=C:\___data\_GIT\droneESC\fw\cdvc_drone_racestar.X\motorbench\log\
06-11 10:55 init_data_model:466  INFO     code_generation_tag_map 1: {u'diagnostics': u'x2cscope', u'application': u'sample'}
06-11 10:55 ui_data     :148  INFO     not shadowed spec={'display': {'note': 'Primary estimator'}, 'source': 'state:estimator-type=pll', 'name': 'estimator', 'replacement': {'value': True}}
06-11 10:55 ui_data     :148  INFO     not shadowed spec={'display': {'note': 'Primary estimator'}, 'source': 'state:estimator-type=smo', 'name': 'estimator', 'replacement': {'value': True}}
06-11 10:55 ui_data     :148  INFO     not shadowed spec={'display': {'note': 'Primary estimator'}, 'source': 'state:estimator-type=qei', 'name': 'estimator', 'replacement': {'value': True}}
06-11 10:55 ui_data     :161  INFO     shadowed: replacement=True spec={'display': {'note': 'Primary estimator'}, 'source': 'state:estimator-type=atpll', 'name': 'estimator', 'replacement': {'value': True}}
06-11 10:55 ui_data     :148  INFO     not shadowed spec={'display': {'note': 'Primary estimator'}, 'source': 'state:estimator-type=zsmt', 'name': 'estimator', 'replacement': {'value': True}}
06-11 10:55 ui_data     :148  INFO     not shadowed spec={'display': {'note': 'Primary estimator'}, 'source': 'state:estimator-type=ideal', 'name': 'estimator', 'replacement': {'value': True}}
06-11 10:55 ui_data     :161  INFO     shadowed: replacement=False spec={'display': {'coverage': 'full', 'note': 'Not available on selected board'}, 'source': {'subject': 'drive.configuration.peripherals.adc.other.bridgeTemperature', 'operator': '!?', 'space': 'model', 'value': False}, 'name': 'adc', 'replacement': {'value': False}}
06-11 10:55 ui_data     :161  INFO     shadowed: replacement=False spec={'display': {'coverage': 'full', 'note': 'Not available on selected board'}, 'source': {'subject': 'drive.configuration.peripherals.adc.voltage.absoluteReference', 'operator': '!?', 'space': 'model', 'value': False}, 'name': 'adc', 'replacement': {'value': False}}
06-11 10:55 ui_data     :148  INFO     not shadowed spec={'display': {'coverage': 'full', 'note': 'Not available on selected board'}, 'source': {'subject': 'drive.configuration.peripherals.adc.voltage.a', 'operator': '!?', 'space': 'model', 'value': False}, 'name': 'adc', 'replacement': {'value': False}}
06-11 10:55 ui_data     :148  INFO     not shadowed spec={'display': {'coverage': 'full', 'note': 'Not available on selected board'}, 'source': {'subject': 'drive.configuration.peripherals.adc.voltage.b', 'operator': '!?', 'space': 'model', 'value': False}, 'name': 'adc', 'replacement': {'value': False}}
06-11 10:55 ui_data     :148  INFO     not shadowed spec={'display': {'coverage': 'full', 'note': 'Not available on selected board'}, 'source': {'subject': 'drive.configuration.peripherals.adc.voltage.c', 'operator': '!?', 'space': 'model', 'value': False}, 'name': 'adc', 'replacement': {'value': False}}
06-11 10:55 ui_data     :148  INFO     not shadowed spec={'display': {'coverage': 'full', 'note': 'Diagnostics UART not available on selected board'}, 'source': {'subject': 'drive.configuration.peripherals.uart', 'operator': '!?', 'space': 'model'}, 'name': 'uart', 'replacement': {'value': 'none'}}
06-11 10:55 init_data_model:473  INFO     code_generation_tag_map 2: {'estimator=ideal': False, 'deadtimecomp': u'none', 'estimator=pll': False, 'estimator=zsmt': False, 'flux_control': u'none', 'current_measure': u'dual_channel', 'estimator=smo': False, 'estimator=qei': False, 'estimator=minotaur': False, u'diagnostics': u'x2cscope', 'estimator=atpll': True, 'qei_sync': u'align', u'application': u'sample', 'startup': u'weathervane', 'dyn_current': u'none'}
06-11 10:55 init_data_model:108  INFO     Relocating None from None to velocity/fullscale
06-11 10:55 mcaf_parameters._init_manager:198  INFO     conditionally_declared_modules={'estimator=ideal': False, u'deadtimecomp=none': True, u'dyn_current=none': True, 'estimator=pll': False, u'diagnostics=x2cscope': True, 'estimator=zsmt': False, u'application=sample': True, 'estimator=smo': False, 'estimator=qei': False, 'estimator=minotaur': False, 'estimator=atpll': True, u'startup=weathervane': True, u'flux_control=none': True, u'qei_sync=align': True, u'current_measure=dual_channel': True}
06-11 10:55 mcaf_parameters._init_manager:154  INFO     Initializer audit: skip _common
06-11 10:55 mcaf_parameters._init_manager:154  INFO     Initializer audit: skip _estimator
06-11 10:55 mcaf_parameters._init_manager:154  INFO     Initializer audit: skip _init_manager
06-11 10:55 mcaf_parameters._init_manager:154  INFO     Initializer audit: skip _units
06-11 10:55 mcaf_parameters._init_manager:154  INFO     Initializer audit: use  adc
06-11 10:55 mcaf_parameters._init_manager:154  INFO     Initializer audit: use  atpll
06-11 10:55 mcaf_parameters._init_manager:154  INFO     Initializer audit: use  board_service
06-11 10:55 mcaf_parameters._init_manager:154  INFO     Initializer audit: skip current_measure
06-11 10:55 mcaf_parameters._init_manager:154  INFO     Initializer audit: skip deadtimecomp
06-11 10:55 mcaf_parameters._init_manager:154  INFO     Initializer audit: skip dyn_current1
06-11 10:55 mcaf_parameters._init_manager:154  INFO     Initializer audit: skip estimator_minotaur
06-11 10:55 mcaf_parameters._init_manager:154  INFO     Initializer audit: use  fault_detect
06-11 10:55 mcaf_parameters._init_manager:154  INFO     Initializer audit: skip flux_control
06-11 10:55 mcaf_parameters._init_manager:154  INFO     Initializer audit: use  foc
06-11 10:55 mcaf_parameters._init_manager:154  INFO     Initializer audit: use  hal
06-11 10:55 mcaf_parameters._init_manager:154  INFO     Initializer audit: use  mcapi
06-11 10:55 mcaf_parameters._init_manager:154  INFO     Initializer audit: use  motor
06-11 10:55 mcaf_parameters._init_manager:154  INFO     Initializer audit: use  operation
06-11 10:55 mcaf_parameters._init_manager:154  INFO     Initializer audit: use  outerloop
06-11 10:55 mcaf_parameters._init_manager:154  INFO     Initializer audit: use  overmodulation
06-11 10:55 mcaf_parameters._init_manager:154  INFO     Initializer audit: skip pll
06-11 10:55 mcaf_parameters._init_manager:154  INFO     Initializer audit: skip qei
06-11 10:55 mcaf_parameters._init_manager:154  INFO     Initializer audit: use  qei_sync
06-11 10:55 mcaf_parameters._init_manager:154  INFO     Initializer audit: use  recovery
06-11 10:55 mcaf_parameters._init_manager:154  INFO     Initializer audit: use  sat_pi
06-11 10:55 mcaf_parameters._init_manager:154  INFO     Initializer audit: skip smo
06-11 10:55 mcaf_parameters._init_manager:154  INFO     Initializer audit: use  startup
06-11 10:55 mcaf_parameters._init_manager:154  INFO     Initializer audit: use  timing
06-11 10:55 mcaf_parameters._init_manager:154  INFO     Initializer audit: skip zsmt
06-11 10:55 mcaf_parameters._init_manager:152  INFO     Initializer audit: adc.init_data_model=ok
06-11 10:55 mcaf_parameters._init_manager:152  INFO     Initializer audit: atpll.init_data_model=ok
06-11 10:55 mcaf_parameters._init_manager:152  INFO     Initializer audit: board_service.init_data_model=ok
06-11 10:55 mcaf_parameters._init_manager:152  INFO     Initializer audit: fault_detect.init_data_model=ok
06-11 10:55 mcaf_parameters._init_manager:152  INFO     Initializer audit: foc.init_data_model=ok
06-11 10:55 mcaf_parameters._init_manager:152  INFO     Initializer audit: hal.init_data_model=ok
06-11 10:55 mcaf_parameters._init_manager:152  INFO     Initializer audit: mcapi.init_data_model=ok
06-11 10:55 mcaf_parameters._init_manager:152  INFO     Initializer audit: motor.init_data_model=ok
06-11 10:55 mcaf_parameters._init_manager:152  INFO     Initializer audit: operation.init_data_model=absent
06-11 10:55 mcaf_parameters._init_manager:152  INFO     Initializer audit: outerloop.init_data_model=absent
06-11 10:55 mcaf_parameters._init_manager:152  INFO     Initializer audit: overmodulation.init_data_model=absent
06-11 10:55 mcaf_parameters._init_manager:152  INFO     Initializer audit: qei_sync.init_data_model=ok
06-11 10:55 mcaf_parameters._init_manager:152  INFO     Initializer audit: recovery.init_data_model=ok
06-11 10:55 mcaf_parameters._init_manager:152  INFO     Initializer audit: sat_pi.init_data_model=ok
06-11 10:55 mcaf_parameters._init_manager:152  INFO     Initializer audit: startup.init_data_model=ok
06-11 10:55 mcaf_parameters._init_manager:152  INFO     Initializer audit: timing.init_data_model=ok
06-11 10:55 mcaf_parameters._init_manager:243  INFO     Calculating parameters for mcaf_parameters.adc
06-11 10:55 mcaf_parameters._init_manager:243  INFO     Calculating parameters for mcaf_parameters.atpll
06-11 10:55 mcaf_parameters._init_manager:243  INFO     Calculating parameters for mcaf_parameters.board_service
06-11 10:55 mcaf_parameters._init_manager:243  INFO     Calculating parameters for mcaf_parameters.fault_detect
06-11 10:55 mcaf_parameters._init_manager:243  INFO     Calculating parameters for mcaf_parameters.foc
06-11 10:55 mcaf_parameters._init_manager:243  INFO     Calculating parameters for mcaf_parameters.hal
06-11 10:55 mcaf_parameters._init_manager:243  INFO     Calculating parameters for mcaf_parameters.mcapi
06-11 10:55 mcaf_parameters._init_manager:243  INFO     Calculating parameters for mcaf_parameters.motor
06-11 10:55 mcaf_parameters._init_manager:243  INFO     Calculating parameters for mcaf_parameters.operation
06-11 10:55 mcaf_parameters._init_manager:243  INFO     Calculating parameters for mcaf_parameters.outerloop
06-11 10:55 mcaf_parameters._init_manager:243  INFO     Calculating parameters for mcaf_parameters.overmodulation
06-11 10:55 mcaf_parameters._init_manager:243  INFO     Calculating parameters for mcaf_parameters.recovery
06-11 10:55 mcaf_parameters._init_manager:243  INFO     Calculating parameters for mcaf_parameters.startup
06-11 10:55 mcaf_parameters._init_manager:243  INFO     Calculating parameters for mcaf_parameters.timing
06-11 10:55 mcaf_parameters._init_manager:152  INFO     Initializer audit: adc.calculate_parameters=ok
06-11 10:55 mcaf_parameters._init_manager:152  INFO     Initializer audit: atpll.calculate_parameters=ok
06-11 10:55 mcaf_parameters._init_manager:152  INFO     Initializer audit: board_service.calculate_parameters=ok
06-11 10:55 mcaf_parameters._init_manager:152  INFO     Initializer audit: fault_detect.calculate_parameters=ok
06-11 10:55 mcaf_parameters._init_manager:152  INFO     Initializer audit: foc.calculate_parameters=ok
06-11 10:55 mcaf_parameters._init_manager:152  INFO     Initializer audit: hal.calculate_parameters=ok
06-11 10:55 mcaf_parameters._init_manager:152  INFO     Initializer audit: mcapi.calculate_parameters=ok
06-11 10:55 mcaf_parameters._init_manager:152  INFO     Initializer audit: motor.calculate_parameters=ok
06-11 10:55 mcaf_parameters._init_manager:152  INFO     Initializer audit: operation.calculate_parameters=ok
06-11 10:55 mcaf_parameters._init_manager:152  INFO     Initializer audit: outerloop.calculate_parameters=ok
06-11 10:55 mcaf_parameters._init_manager:152  INFO     Initializer audit: overmodulation.calculate_parameters=ok
06-11 10:55 mcaf_parameters._init_manager:152  INFO     Initializer audit: qei_sync.calculate_parameters=absent
06-11 10:55 mcaf_parameters._init_manager:152  INFO     Initializer audit: recovery.calculate_parameters=ok
06-11 10:55 mcaf_parameters._init_manager:152  INFO     Initializer audit: sat_pi.calculate_parameters=absent
06-11 10:55 mcaf_parameters._init_manager:152  INFO     Initializer audit: startup.calculate_parameters=ok
06-11 10:55 mcaf_parameters._init_manager:152  INFO     Initializer audit: timing.calculate_parameters=ok
06-11 10:55 mcaf_parameters._init_manager:152  INFO     Initializer audit: adc.annotate_parameters=ok
06-11 10:55 mcaf_parameters._init_manager:152  INFO     Initializer audit: atpll.annotate_parameters=ok
06-11 10:55 mcaf_parameters._init_manager:152  INFO     Initializer audit: board_service.annotate_parameters=ok
06-11 10:55 mcaf_parameters._init_manager:152  INFO     Initializer audit: fault_detect.annotate_parameters=ok
06-11 10:55 mcaf_parameters._init_manager:152  INFO     Initializer audit: foc.annotate_parameters=ok
06-11 10:55 mcaf_parameters._init_manager:152  INFO     Initializer audit: hal.annotate_parameters=ok
06-11 10:55 mcaf_parameters._init_manager:152  INFO     Initializer audit: mcapi.annotate_parameters=ok
06-11 10:55 mcaf_parameters._init_manager:152  INFO     Initializer audit: motor.annotate_parameters=ok
06-11 10:55 mcaf_parameters._init_manager:152  INFO     Initializer audit: operation.annotate_parameters=ok
06-11 10:55 mcaf_parameters._init_manager:152  INFO     Initializer audit: outerloop.annotate_parameters=absent
06-11 10:55 mcaf_parameters._init_manager:152  INFO     Initializer audit: overmodulation.annotate_parameters=ok
06-11 10:55 mcaf_parameters._init_manager:152  INFO     Initializer audit: qei_sync.annotate_parameters=absent
06-11 10:55 mcaf_parameters._init_manager:152  INFO     Initializer audit: recovery.annotate_parameters=ok
06-11 10:55 mcaf_parameters._init_manager:152  INFO     Initializer audit: sat_pi.annotate_parameters=ok
06-11 10:55 mcaf_parameters._init_manager:152  INFO     Initializer audit: startup.annotate_parameters=ok
06-11 10:55 mcaf_parameters._init_manager:152  INFO     Initializer audit: timing.annotate_parameters=ok
06-11 11:00 motorbench_logging:28   INFO     --------------------------------------------------------------------------------
06-11 11:00 motorbench_logging:29   INFO     Logging setup complete (2026-06-11T09:00:03.555999)
06-11 11:00 motorbench_logging:31   INFO     logdir_source=motorBench, logdir=C:\___data\_GIT\droneESC\fw\cdvc_drone_racestar.X\motorbench\log\
06-11 11:00 init_data_model:466  INFO     code_generation_tag_map 1: {u'diagnostics': u'x2cscope', u'application': u'sample'}
06-11 11:00 ui_data     :148  INFO     not shadowed spec={'display': {'note': 'Primary estimator'}, 'source': 'state:estimator-type=pll', 'name': 'estimator', 'replacement': {'value': True}}
06-11 11:00 ui_data     :148  INFO     not shadowed spec={'display': {'note': 'Primary estimator'}, 'source': 'state:estimator-type=smo', 'name': 'estimator', 'replacement': {'value': True}}
06-11 11:00 ui_data     :148  INFO     not shadowed spec={'display': {'note': 'Primary estimator'}, 'source': 'state:estimator-type=qei', 'name': 'estimator', 'replacement': {'value': True}}
06-11 11:00 ui_data     :161  INFO     shadowed: replacement=True spec={'display': {'note': 'Primary estimator'}, 'source': 'state:estimator-type=atpll', 'name': 'estimator', 'replacement': {'value': True}}
06-11 11:00 ui_data     :148  INFO     not shadowed spec={'display': {'note': 'Primary estimator'}, 'source': 'state:estimator-type=zsmt', 'name': 'estimator', 'replacement': {'value': True}}
06-11 11:00 ui_data     :148  INFO     not shadowed spec={'display': {'note': 'Primary estimator'}, 'source': 'state:estimator-type=ideal', 'name': 'estimator', 'replacement': {'value': True}}
06-11 11:00 ui_data     :161  INFO     shadowed: replacement=False spec={'display': {'coverage': 'full', 'note': 'Not available on selected board'}, 'source': {'subject': 'drive.configuration.peripherals.adc.other.bridgeTemperature', 'operator': '!?', 'space': 'model', 'value': False}, 'name': 'adc', 'replacement': {'value': False}}
06-11 11:00 ui_data     :161  INFO     shadowed: replacement=False spec={'display': {'coverage': 'full', 'note': 'Not available on selected board'}, 'source': {'subject': 'drive.configuration.peripherals.adc.voltage.absoluteReference', 'operator': '!?', 'space': 'model', 'value': False}, 'name': 'adc', 'replacement': {'value': False}}
06-11 11:00 ui_data     :148  INFO     not shadowed spec={'display': {'coverage': 'full', 'note': 'Not available on selected board'}, 'source': {'subject': 'drive.configuration.peripherals.adc.voltage.a', 'operator': '!?', 'space': 'model', 'value': False}, 'name': 'adc', 'replacement': {'value': False}}
06-11 11:00 ui_data     :148  INFO     not shadowed spec={'display': {'coverage': 'full', 'note': 'Not available on selected board'}, 'source': {'subject': 'drive.configuration.peripherals.adc.voltage.b', 'operator': '!?', 'space': 'model', 'value': False}, 'name': 'adc', 'replacement': {'value': False}}
06-11 11:00 ui_data     :148  INFO     not shadowed spec={'display': {'coverage': 'full', 'note': 'Not available on selected board'}, 'source': {'subject': 'drive.configuration.peripherals.adc.voltage.c', 'operator': '!?', 'space': 'model', 'value': False}, 'name': 'adc', 'replacement': {'value': False}}
06-11 11:00 ui_data     :148  INFO     not shadowed spec={'display': {'coverage': 'full', 'note': 'Diagnostics UART not available on selected board'}, 'source': {'subject': 'drive.configuration.peripherals.uart', 'operator': '!?', 'space': 'model'}, 'name': 'uart', 'replacement': {'value': 'none'}}
06-11 11:00 init_data_model:473  INFO     code_generation_tag_map 2: {'estimator=ideal': False, 'deadtimecomp': u'none', 'estimator=pll': False, 'estimator=zsmt': False, 'flux_control': u'none', 'current_measure': u'dual_channel', 'estimator=smo': False, 'estimator=qei': False, 'estimator=minotaur': False, u'diagnostics': u'x2cscope', 'estimator=atpll': True, 'qei_sync': u'align', u'application': u'sample', 'startup': u'weathervane', 'dyn_current': u'none'}
06-11 11:00 init_data_model:108  INFO     Relocating None from None to velocity/fullscale
06-11 11:00 mcaf_parameters._init_manager:198  INFO     conditionally_declared_modules={'estimator=ideal': False, u'deadtimecomp=none': True, u'dyn_current=none': True, 'estimator=pll': False, u'diagnostics=x2cscope': True, 'estimator=zsmt': False, u'application=sample': True, 'estimator=smo': False, 'estimator=qei': False, 'estimator=minotaur': False, 'estimator=atpll': True, u'startup=weathervane': True, u'flux_control=none': True, u'qei_sync=align': True, u'current_measure=dual_channel': True}
06-11 11:00 mcaf_parameters._init_manager:154  INFO     Initializer audit: skip _common
06-11 11:00 mcaf_parameters._init_manager:154  INFO     Initializer audit: skip _estimator
06-11 11:00 mcaf_parameters._init_manager:154  INFO     Initializer audit: skip _init_manager
06-11 11:00 mcaf_parameters._init_manager:154  INFO     Initializer audit: skip _units
06-11 11:00 mcaf_parameters._init_manager:154  INFO     Initializer audit: use  adc
06-11 11:00 mcaf_parameters._init_manager:154  INFO     Initializer audit: use  atpll
06-11 11:00 mcaf_parameters._init_manager:154  INFO     Initializer audit: use  board_service
06-11 11:00 mcaf_parameters._init_manager:154  INFO     Initializer audit: skip current_measure
06-11 11:00 mcaf_parameters._init_manager:154  INFO     Initializer audit: skip deadtimecomp
06-11 11:00 mcaf_parameters._init_manager:154  INFO     Initializer audit: skip dyn_current1
06-11 11:00 mcaf_parameters._init_manager:154  INFO     Initializer audit: skip estimator_minotaur
06-11 11:00 mcaf_parameters._init_manager:154  INFO     Initializer audit: use  fault_detect
06-11 11:00 mcaf_parameters._init_manager:154  INFO     Initializer audit: skip flux_control
06-11 11:00 mcaf_parameters._init_manager:154  INFO     Initializer audit: use  foc
06-11 11:00 mcaf_parameters._init_manager:154  INFO     Initializer audit: use  hal
06-11 11:00 mcaf_parameters._init_manager:154  INFO     Initializer audit: use  mcapi
06-11 11:00 mcaf_parameters._init_manager:154  INFO     Initializer audit: use  motor
06-11 11:00 mcaf_parameters._init_manager:154  INFO     Initializer audit: use  operation
06-11 11:00 mcaf_parameters._init_manager:154  INFO     Initializer audit: use  outerloop
06-11 11:00 mcaf_parameters._init_manager:154  INFO     Initializer audit: use  overmodulation
06-11 11:00 mcaf_parameters._init_manager:154  INFO     Initializer audit: skip pll
06-11 11:00 mcaf_parameters._init_manager:154  INFO     Initializer audit: skip qei
06-11 11:00 mcaf_parameters._init_manager:154  INFO     Initializer audit: use  qei_sync
06-11 11:00 mcaf_parameters._init_manager:154  INFO     Initializer audit: use  recovery
06-11 11:00 mcaf_parameters._init_manager:154  INFO     Initializer audit: use  sat_pi
06-11 11:00 mcaf_parameters._init_manager:154  INFO     Initializer audit: skip smo
06-11 11:00 mcaf_parameters._init_manager:154  INFO     Initializer audit: use  startup
06-11 11:00 mcaf_parameters._init_manager:154  INFO     Initializer audit: use  timing
06-11 11:00 mcaf_parameters._init_manager:154  INFO     Initializer audit: skip zsmt
06-11 11:00 mcaf_parameters._init_manager:152  INFO     Initializer audit: adc.init_data_model=ok
06-11 11:00 mcaf_parameters._init_manager:152  INFO     Initializer audit: atpll.init_data_model=ok
06-11 11:00 mcaf_parameters._init_manager:152  INFO     Initializer audit: board_service.init_data_model=ok
06-11 11:00 mcaf_parameters._init_manager:152  INFO     Initializer audit: fault_detect.init_data_model=ok
06-11 11:00 mcaf_parameters._init_manager:152  INFO     Initializer audit: foc.init_data_model=ok
06-11 11:00 mcaf_parameters._init_manager:152  INFO     Initializer audit: hal.init_data_model=ok
06-11 11:00 mcaf_parameters._init_manager:152  INFO     Initializer audit: mcapi.init_data_model=ok
06-11 11:00 mcaf_parameters._init_manager:152  INFO     Initializer audit: motor.init_data_model=ok
06-11 11:00 mcaf_parameters._init_manager:152  INFO     Initializer audit: operation.init_data_model=absent
06-11 11:00 mcaf_parameters._init_manager:152  INFO     Initializer audit: outerloop.init_data_model=absent
06-11 11:00 mcaf_parameters._init_manager:152  INFO     Initializer audit: overmodulation.init_data_model=absent
06-11 11:00 mcaf_parameters._init_manager:152  INFO     Initializer audit: qei_sync.init_data_model=ok
06-11 11:00 mcaf_parameters._init_manager:152  INFO     Initializer audit: recovery.init_data_model=ok
06-11 11:00 mcaf_parameters._init_manager:152  INFO     Initializer audit: sat_pi.init_data_model=ok
06-11 11:00 mcaf_parameters._init_manager:152  INFO     Initializer audit: startup.init_data_model=ok
06-11 11:00 mcaf_parameters._init_manager:152  INFO     Initializer audit: timing.init_data_model=ok
06-11 11:00 mcaf_parameters._init_manager:243  INFO     Calculating parameters for mcaf_parameters.adc
06-11 11:00 mcaf_parameters._init_manager:243  INFO     Calculating parameters for mcaf_parameters.atpll
06-11 11:00 mcaf_parameters._init_manager:243  INFO     Calculating parameters for mcaf_parameters.board_service
06-11 11:00 mcaf_parameters._init_manager:243  INFO     Calculating parameters for mcaf_parameters.fault_detect
06-11 11:00 mcaf_parameters._init_manager:243  INFO     Calculating parameters for mcaf_parameters.foc
06-11 11:00 mcaf_parameters._init_manager:243  INFO     Calculating parameters for mcaf_parameters.hal
06-11 11:00 mcaf_parameters._init_manager:243  INFO     Calculating parameters for mcaf_parameters.mcapi
06-11 11:00 mcaf_parameters._init_manager:243  INFO     Calculating parameters for mcaf_parameters.motor
06-11 11:00 mcaf_parameters._init_manager:243  INFO     Calculating parameters for mcaf_parameters.operation
06-11 11:00 mcaf_parameters._init_manager:243  INFO     Calculating parameters for mcaf_parameters.outerloop
06-11 11:00 mcaf_parameters._init_manager:243  INFO     Calculating parameters for mcaf_parameters.overmodulation
06-11 11:00 mcaf_parameters._init_manager:243  INFO     Calculating parameters for mcaf_parameters.recovery
06-11 11:00 mcaf_parameters._init_manager:243  INFO     Calculating parameters for mcaf_parameters.startup
06-11 11:00 mcaf_parameters._init_manager:243  INFO     Calculating parameters for mcaf_parameters.timing
06-11 11:00 mcaf_parameters._init_manager:152  INFO     Initializer audit: adc.calculate_parameters=ok
06-11 11:00 mcaf_parameters._init_manager:152  INFO     Initializer audit: atpll.calculate_parameters=ok
06-11 11:00 mcaf_parameters._init_manager:152  INFO     Initializer audit: board_service.calculate_parameters=ok
06-11 11:00 mcaf_parameters._init_manager:152  INFO     Initializer audit: fault_detect.calculate_parameters=ok
06-11 11:00 mcaf_parameters._init_manager:152  INFO     Initializer audit: foc.calculate_parameters=ok
06-11 11:00 mcaf_parameters._init_manager:152  INFO     Initializer audit: hal.calculate_parameters=ok
06-11 11:00 mcaf_parameters._init_manager:152  INFO     Initializer audit: mcapi.calculate_parameters=ok
06-11 11:00 mcaf_parameters._init_manager:152  INFO     Initializer audit: motor.calculate_parameters=ok
06-11 11:00 mcaf_parameters._init_manager:152  INFO     Initializer audit: operation.calculate_parameters=ok
06-11 11:00 mcaf_parameters._init_manager:152  INFO     Initializer audit: outerloop.calculate_parameters=ok
06-11 11:00 mcaf_parameters._init_manager:152  INFO     Initializer audit: overmodulation.calculate_parameters=ok
06-11 11:00 mcaf_parameters._init_manager:152  INFO     Initializer audit: qei_sync.calculate_parameters=absent
06-11 11:00 mcaf_parameters._init_manager:152  INFO     Initializer audit: recovery.calculate_parameters=ok
06-11 11:00 mcaf_parameters._init_manager:152  INFO     Initializer audit: sat_pi.calculate_parameters=absent
06-11 11:00 mcaf_parameters._init_manager:152  INFO     Initializer audit: startup.calculate_parameters=ok
06-11 11:00 mcaf_parameters._init_manager:152  INFO     Initializer audit: timing.calculate_parameters=ok
06-11 11:00 mcaf_parameters._init_manager:152  INFO     Initializer audit: adc.annotate_parameters=ok
06-11 11:00 mcaf_parameters._init_manager:152  INFO     Initializer audit: atpll.annotate_parameters=ok
06-11 11:00 mcaf_parameters._init_manager:152  INFO     Initializer audit: board_service.annotate_parameters=ok
06-11 11:00 mcaf_parameters._init_manager:152  INFO     Initializer audit: fault_detect.annotate_parameters=ok
06-11 11:00 mcaf_parameters._init_manager:152  INFO     Initializer audit: foc.annotate_parameters=ok
06-11 11:00 mcaf_parameters._init_manager:152  INFO     Initializer audit: hal.annotate_parameters=ok
06-11 11:00 mcaf_parameters._init_manager:152  INFO     Initializer audit: mcapi.annotate_parameters=ok
06-11 11:00 mcaf_parameters._init_manager:152  INFO     Initializer audit: motor.annotate_parameters=ok
06-11 11:00 mcaf_parameters._init_manager:152  INFO     Initializer audit: operation.annotate_parameters=ok
06-11 11:00 mcaf_parameters._init_manager:152  INFO     Initializer audit: outerloop.annotate_parameters=absent
06-11 11:00 mcaf_parameters._init_manager:152  INFO     Initializer audit: overmodulation.annotate_parameters=ok
06-11 11:00 mcaf_parameters._init_manager:152  INFO     Initializer audit: qei_sync.annotate_parameters=absent
06-11 11:00 mcaf_parameters._init_manager:152  INFO     Initializer audit: recovery.annotate_parameters=ok
06-11 11:00 mcaf_parameters._init_manager:152  INFO     Initializer audit: sat_pi.annotate_parameters=ok
06-11 11:00 mcaf_parameters._init_manager:152  INFO     Initializer audit: startup.annotate_parameters=ok
06-11 11:00 mcaf_parameters._init_manager:152  INFO     Initializer audit: timing.annotate_parameters=ok
06-11 11:07 motorbench_logging:28   INFO     --------------------------------------------------------------------------------
06-11 11:07 motorbench_logging:29   INFO     Logging setup complete (2026-06-11T09:07:07.559999)
06-11 11:07 motorbench_logging:31   INFO     logdir_source=motorBench, logdir=C:\___data\_GIT\droneESC\fw\cdvc_drone_racestar.X\motorbench\log\
06-11 11:07 init_data_model:466  INFO     code_generation_tag_map 1: {u'diagnostics': u'x2cscope', u'application': u'sample'}
06-11 11:07 ui_data     :148  INFO     not shadowed spec={'display': {'note': 'Primary estimator'}, 'source': 'state:estimator-type=pll', 'name': 'estimator', 'replacement': {'value': True}}
06-11 11:07 ui_data     :148  INFO     not shadowed spec={'display': {'note': 'Primary estimator'}, 'source': 'state:estimator-type=smo', 'name': 'estimator', 'replacement': {'value': True}}
06-11 11:07 ui_data     :148  INFO     not shadowed spec={'display': {'note': 'Primary estimator'}, 'source': 'state:estimator-type=qei', 'name': 'estimator', 'replacement': {'value': True}}
06-11 11:07 ui_data     :161  INFO     shadowed: replacement=True spec={'display': {'note': 'Primary estimator'}, 'source': 'state:estimator-type=atpll', 'name': 'estimator', 'replacement': {'value': True}}
06-11 11:07 ui_data     :148  INFO     not shadowed spec={'display': {'note': 'Primary estimator'}, 'source': 'state:estimator-type=zsmt', 'name': 'estimator', 'replacement': {'value': True}}
06-11 11:07 ui_data     :148  INFO     not shadowed spec={'display': {'note': 'Primary estimator'}, 'source': 'state:estimator-type=ideal', 'name': 'estimator', 'replacement': {'value': True}}
06-11 11:07 ui_data     :161  INFO     shadowed: replacement=False spec={'display': {'coverage': 'full', 'note': 'Not available on selected board'}, 'source': {'subject': 'drive.configuration.peripherals.adc.other.bridgeTemperature', 'operator': '!?', 'space': 'model', 'value': False}, 'name': 'adc', 'replacement': {'value': False}}
06-11 11:07 ui_data     :161  INFO     shadowed: replacement=False spec={'display': {'coverage': 'full', 'note': 'Not available on selected board'}, 'source': {'subject': 'drive.configuration.peripherals.adc.voltage.absoluteReference', 'operator': '!?', 'space': 'model', 'value': False}, 'name': 'adc', 'replacement': {'value': False}}
06-11 11:07 ui_data     :148  INFO     not shadowed spec={'display': {'coverage': 'full', 'note': 'Not available on selected board'}, 'source': {'subject': 'drive.configuration.peripherals.adc.voltage.a', 'operator': '!?', 'space': 'model', 'value': False}, 'name': 'adc', 'replacement': {'value': False}}
06-11 11:07 ui_data     :148  INFO     not shadowed spec={'display': {'coverage': 'full', 'note': 'Not available on selected board'}, 'source': {'subject': 'drive.configuration.peripherals.adc.voltage.b', 'operator': '!?', 'space': 'model', 'value': False}, 'name': 'adc', 'replacement': {'value': False}}
06-11 11:07 ui_data     :148  INFO     not shadowed spec={'display': {'coverage': 'full', 'note': 'Not available on selected board'}, 'source': {'subject': 'drive.configuration.peripherals.adc.voltage.c', 'operator': '!?', 'space': 'model', 'value': False}, 'name': 'adc', 'replacement': {'value': False}}
06-11 11:07 ui_data     :148  INFO     not shadowed spec={'display': {'coverage': 'full', 'note': 'Diagnostics UART not available on selected board'}, 'source': {'subject': 'drive.configuration.peripherals.uart', 'operator': '!?', 'space': 'model'}, 'name': 'uart', 'replacement': {'value': 'none'}}
06-11 11:07 init_data_model:473  INFO     code_generation_tag_map 2: {'estimator=ideal': False, 'deadtimecomp': u'none', 'estimator=pll': False, 'estimator=zsmt': False, 'flux_control': u'none', 'current_measure': u'dual_channel', 'estimator=smo': False, 'estimator=qei': False, 'estimator=minotaur': False, u'diagnostics': u'x2cscope', 'estimator=atpll': True, 'qei_sync': u'align', u'application': u'sample', 'startup': u'weathervane', 'dyn_current': u'none'}
06-11 11:07 init_data_model:108  INFO     Relocating None from None to velocity/fullscale
06-11 11:07 mcaf_parameters._init_manager:198  INFO     conditionally_declared_modules={'estimator=ideal': False, u'deadtimecomp=none': True, u'dyn_current=none': True, 'estimator=pll': False, u'diagnostics=x2cscope': True, 'estimator=zsmt': False, u'application=sample': True, 'estimator=smo': False, 'estimator=qei': False, 'estimator=minotaur': False, 'estimator=atpll': True, u'startup=weathervane': True, u'flux_control=none': True, u'qei_sync=align': True, u'current_measure=dual_channel': True}
06-11 11:07 mcaf_parameters._init_manager:154  INFO     Initializer audit: skip _common
06-11 11:07 mcaf_parameters._init_manager:154  INFO     Initializer audit: skip _estimator
06-11 11:07 mcaf_parameters._init_manager:154  INFO     Initializer audit: skip _init_manager
06-11 11:07 mcaf_parameters._init_manager:154  INFO     Initializer audit: skip _units
06-11 11:07 mcaf_parameters._init_manager:154  INFO     Initializer audit: use  adc
06-11 11:07 mcaf_parameters._init_manager:154  INFO     Initializer audit: use  atpll
06-11 11:07 mcaf_parameters._init_manager:154  INFO     Initializer audit: use  board_service
06-11 11:07 mcaf_parameters._init_manager:154  INFO     Initializer audit: skip current_measure
06-11 11:07 mcaf_parameters._init_manager:154  INFO     Initializer audit: skip deadtimecomp
06-11 11:07 mcaf_parameters._init_manager:154  INFO     Initializer audit: skip dyn_current1
06-11 11:07 mcaf_parameters._init_manager:154  INFO     Initializer audit: skip estimator_minotaur
06-11 11:07 mcaf_parameters._init_manager:154  INFO     Initializer audit: use  fault_detect
06-11 11:07 mcaf_parameters._init_manager:154  INFO     Initializer audit: skip flux_control
06-11 11:07 mcaf_parameters._init_manager:154  INFO     Initializer audit: use  foc
06-11 11:07 mcaf_parameters._init_manager:154  INFO     Initializer audit: use  hal
06-11 11:07 mcaf_parameters._init_manager:154  INFO     Initializer audit: use  mcapi
06-11 11:07 mcaf_parameters._init_manager:154  INFO     Initializer audit: use  motor
06-11 11:07 mcaf_parameters._init_manager:154  INFO     Initializer audit: use  operation
06-11 11:07 mcaf_parameters._init_manager:154  INFO     Initializer audit: use  outerloop
06-11 11:07 mcaf_parameters._init_manager:154  INFO     Initializer audit: use  overmodulation
06-11 11:07 mcaf_parameters._init_manager:154  INFO     Initializer audit: skip pll
06-11 11:07 mcaf_parameters._init_manager:154  INFO     Initializer audit: skip qei
06-11 11:07 mcaf_parameters._init_manager:154  INFO     Initializer audit: use  qei_sync
06-11 11:07 mcaf_parameters._init_manager:154  INFO     Initializer audit: use  recovery
06-11 11:07 mcaf_parameters._init_manager:154  INFO     Initializer audit: use  sat_pi
06-11 11:07 mcaf_parameters._init_manager:154  INFO     Initializer audit: skip smo
06-11 11:07 mcaf_parameters._init_manager:154  INFO     Initializer audit: use  startup
06-11 11:07 mcaf_parameters._init_manager:154  INFO     Initializer audit: use  timing
06-11 11:07 mcaf_parameters._init_manager:154  INFO     Initializer audit: skip zsmt
06-11 11:07 mcaf_parameters._init_manager:152  INFO     Initializer audit: adc.init_data_model=ok
06-11 11:07 mcaf_parameters._init_manager:152  INFO     Initializer audit: atpll.init_data_model=ok
06-11 11:07 mcaf_parameters._init_manager:152  INFO     Initializer audit: board_service.init_data_model=ok
06-11 11:07 mcaf_parameters._init_manager:152  INFO     Initializer audit: fault_detect.init_data_model=ok
06-11 11:07 mcaf_parameters._init_manager:152  INFO     Initializer audit: foc.init_data_model=ok
06-11 11:07 mcaf_parameters._init_manager:152  INFO     Initializer audit: hal.init_data_model=ok
06-11 11:07 mcaf_parameters._init_manager:152  INFO     Initializer audit: mcapi.init_data_model=ok
06-11 11:07 mcaf_parameters._init_manager:152  INFO     Initializer audit: motor.init_data_model=ok
06-11 11:07 mcaf_parameters._init_manager:152  INFO     Initializer audit: operation.init_data_model=absent
06-11 11:07 mcaf_parameters._init_manager:152  INFO     Initializer audit: outerloop.init_data_model=absent
06-11 11:07 mcaf_parameters._init_manager:152  INFO     Initializer audit: overmodulation.init_data_model=absent
06-11 11:07 mcaf_parameters._init_manager:152  INFO     Initializer audit: qei_sync.init_data_model=ok
06-11 11:07 mcaf_parameters._init_manager:152  INFO     Initializer audit: recovery.init_data_model=ok
06-11 11:07 mcaf_parameters._init_manager:152  INFO     Initializer audit: sat_pi.init_data_model=ok
06-11 11:07 mcaf_parameters._init_manager:152  INFO     Initializer audit: startup.init_data_model=ok
06-11 11:07 mcaf_parameters._init_manager:152  INFO     Initializer audit: timing.init_data_model=ok
06-11 11:07 mcaf_parameters._init_manager:243  INFO     Calculating parameters for mcaf_parameters.adc
06-11 11:07 mcaf_parameters._init_manager:243  INFO     Calculating parameters for mcaf_parameters.atpll
06-11 11:07 mcaf_parameters._init_manager:243  INFO     Calculating parameters for mcaf_parameters.board_service
06-11 11:07 mcaf_parameters._init_manager:243  INFO     Calculating parameters for mcaf_parameters.fault_detect
06-11 11:07 mcaf_parameters._init_manager:243  INFO     Calculating parameters for mcaf_parameters.foc
06-11 11:07 mcaf_parameters._init_manager:243  INFO     Calculating parameters for mcaf_parameters.hal
06-11 11:07 mcaf_parameters._init_manager:243  INFO     Calculating parameters for mcaf_parameters.mcapi
06-11 11:07 mcaf_parameters._init_manager:243  INFO     Calculating parameters for mcaf_parameters.motor
06-11 11:07 mcaf_parameters._init_manager:243  INFO     Calculating parameters for mcaf_parameters.operation
06-11 11:07 mcaf_parameters._init_manager:243  INFO     Calculating parameters for mcaf_parameters.outerloop
06-11 11:07 mcaf_parameters._init_manager:243  INFO     Calculating parameters for mcaf_parameters.overmodulation
06-11 11:07 mcaf_parameters._init_manager:243  INFO     Calculating parameters for mcaf_parameters.recovery
06-11 11:07 mcaf_parameters._init_manager:243  INFO     Calculating parameters for mcaf_parameters.startup
06-11 11:07 mcaf_parameters._init_manager:243  INFO     Calculating parameters for mcaf_parameters.timing
06-11 11:07 mcaf_parameters._init_manager:152  INFO     Initializer audit: adc.calculate_parameters=ok
06-11 11:07 mcaf_parameters._init_manager:152  INFO     Initializer audit: atpll.calculate_parameters=ok
06-11 11:07 mcaf_parameters._init_manager:152  INFO     Initializer audit: board_service.calculate_parameters=ok
06-11 11:07 mcaf_parameters._init_manager:152  INFO     Initializer audit: fault_detect.calculate_parameters=ok
06-11 11:07 mcaf_parameters._init_manager:152  INFO     Initializer audit: foc.calculate_parameters=ok
06-11 11:07 mcaf_parameters._init_manager:152  INFO     Initializer audit: hal.calculate_parameters=ok
06-11 11:07 mcaf_parameters._init_manager:152  INFO     Initializer audit: mcapi.calculate_parameters=ok
06-11 11:07 mcaf_parameters._init_manager:152  INFO     Initializer audit: motor.calculate_parameters=ok
06-11 11:07 mcaf_parameters._init_manager:152  INFO     Initializer audit: operation.calculate_parameters=ok
06-11 11:07 mcaf_parameters._init_manager:152  INFO     Initializer audit: outerloop.calculate_parameters=ok
06-11 11:07 mcaf_parameters._init_manager:152  INFO     Initializer audit: overmodulation.calculate_parameters=ok
06-11 11:07 mcaf_parameters._init_manager:152  INFO     Initializer audit: qei_sync.calculate_parameters=absent
06-11 11:07 mcaf_parameters._init_manager:152  INFO     Initializer audit: recovery.calculate_parameters=ok
06-11 11:07 mcaf_parameters._init_manager:152  INFO     Initializer audit: sat_pi.calculate_parameters=absent
06-11 11:07 mcaf_parameters._init_manager:152  INFO     Initializer audit: startup.calculate_parameters=ok
06-11 11:07 mcaf_parameters._init_manager:152  INFO     Initializer audit: timing.calculate_parameters=ok
06-11 11:07 mcaf_parameters._init_manager:152  INFO     Initializer audit: adc.annotate_parameters=ok
06-11 11:07 mcaf_parameters._init_manager:152  INFO     Initializer audit: atpll.annotate_parameters=ok
06-11 11:07 mcaf_parameters._init_manager:152  INFO     Initializer audit: board_service.annotate_parameters=ok
06-11 11:07 mcaf_parameters._init_manager:152  INFO     Initializer audit: fault_detect.annotate_parameters=ok
06-11 11:07 mcaf_parameters._init_manager:152  INFO     Initializer audit: foc.annotate_parameters=ok
06-11 11:07 mcaf_parameters._init_manager:152  INFO     Initializer audit: hal.annotate_parameters=ok
06-11 11:07 mcaf_parameters._init_manager:152  INFO     Initializer audit: mcapi.annotate_parameters=ok
06-11 11:07 mcaf_parameters._init_manager:152  INFO     Initializer audit: motor.annotate_parameters=ok
06-11 11:07 mcaf_parameters._init_manager:152  INFO     Initializer audit: operation.annotate_parameters=ok
06-11 11:07 mcaf_parameters._init_manager:152  INFO     Initializer audit: outerloop.annotate_parameters=absent
06-11 11:07 mcaf_parameters._init_manager:152  INFO     Initializer audit: overmodulation.annotate_parameters=ok
06-11 11:07 mcaf_parameters._init_manager:152  INFO     Initializer audit: qei_sync.annotate_parameters=absent
06-11 11:07 mcaf_parameters._init_manager:152  INFO     Initializer audit: recovery.annotate_parameters=ok
06-11 11:07 mcaf_parameters._init_manager:152  INFO     Initializer audit: sat_pi.annotate_parameters=ok
06-11 11:07 mcaf_parameters._init_manager:152  INFO     Initializer audit: startup.annotate_parameters=ok
06-11 11:07 mcaf_parameters._init_manager:152  INFO     Initializer audit: timing.annotate_parameters=ok
06-11 11:09 motorbench_logging:28   INFO     --------------------------------------------------------------------------------
06-11 11:09 motorbench_logging:29   INFO     Logging setup complete (2026-06-11T09:09:08.194000)
06-11 11:09 motorbench_logging:31   INFO     logdir_source=motorBench, logdir=C:\___data\_GIT\droneESC\fw\cdvc_drone_racestar.X\motorbench\log\
06-11 11:09 init_data_model:466  INFO     code_generation_tag_map 1: {u'diagnostics': u'x2cscope', u'application': u'sample'}
06-11 11:09 ui_data     :148  INFO     not shadowed spec={'display': {'note': 'Primary estimator'}, 'source': 'state:estimator-type=pll', 'name': 'estimator', 'replacement': {'value': True}}
06-11 11:09 ui_data     :148  INFO     not shadowed spec={'display': {'note': 'Primary estimator'}, 'source': 'state:estimator-type=smo', 'name': 'estimator', 'replacement': {'value': True}}
06-11 11:09 ui_data     :148  INFO     not shadowed spec={'display': {'note': 'Primary estimator'}, 'source': 'state:estimator-type=qei', 'name': 'estimator', 'replacement': {'value': True}}
06-11 11:09 ui_data     :161  INFO     shadowed: replacement=True spec={'display': {'note': 'Primary estimator'}, 'source': 'state:estimator-type=atpll', 'name': 'estimator', 'replacement': {'value': True}}
06-11 11:09 ui_data     :148  INFO     not shadowed spec={'display': {'note': 'Primary estimator'}, 'source': 'state:estimator-type=zsmt', 'name': 'estimator', 'replacement': {'value': True}}
06-11 11:09 ui_data     :148  INFO     not shadowed spec={'display': {'note': 'Primary estimator'}, 'source': 'state:estimator-type=ideal', 'name': 'estimator', 'replacement': {'value': True}}
06-11 11:09 ui_data     :161  INFO     shadowed: replacement=False spec={'display': {'coverage': 'full', 'note': 'Not available on selected board'}, 'source': {'subject': 'drive.configuration.peripherals.adc.other.bridgeTemperature', 'operator': '!?', 'space': 'model', 'value': False}, 'name': 'adc', 'replacement': {'value': False}}
06-11 11:09 ui_data     :161  INFO     shadowed: replacement=False spec={'display': {'coverage': 'full', 'note': 'Not available on selected board'}, 'source': {'subject': 'drive.configuration.peripherals.adc.voltage.absoluteReference', 'operator': '!?', 'space': 'model', 'value': False}, 'name': 'adc', 'replacement': {'value': False}}
06-11 11:09 ui_data     :148  INFO     not shadowed spec={'display': {'coverage': 'full', 'note': 'Not available on selected board'}, 'source': {'subject': 'drive.configuration.peripherals.adc.voltage.a', 'operator': '!?', 'space': 'model', 'value': False}, 'name': 'adc', 'replacement': {'value': False}}
06-11 11:09 ui_data     :148  INFO     not shadowed spec={'display': {'coverage': 'full', 'note': 'Not available on selected board'}, 'source': {'subject': 'drive.configuration.peripherals.adc.voltage.b', 'operator': '!?', 'space': 'model', 'value': False}, 'name': 'adc', 'replacement': {'value': False}}
06-11 11:09 ui_data     :148  INFO     not shadowed spec={'display': {'coverage': 'full', 'note': 'Not available on selected board'}, 'source': {'subject': 'drive.configuration.peripherals.adc.voltage.c', 'operator': '!?', 'space': 'model', 'value': False}, 'name': 'adc', 'replacement': {'value': False}}
06-11 11:09 ui_data     :148  INFO     not shadowed spec={'display': {'coverage': 'full', 'note': 'Diagnostics UART not available on selected board'}, 'source': {'subject': 'drive.configuration.peripherals.uart', 'operator': '!?', 'space': 'model'}, 'name': 'uart', 'replacement': {'value': 'none'}}
06-11 11:09 init_data_model:473  INFO     code_generation_tag_map 2: {'estimator=ideal': False, 'deadtimecomp': u'none', 'estimator=pll': False, 'estimator=zsmt': False, 'flux_control': u'none', 'current_measure': u'dual_channel', 'estimator=smo': False, 'estimator=qei': False, 'estimator=minotaur': False, u'diagnostics': u'x2cscope', 'estimator=atpll': True, 'qei_sync': u'align', u'application': u'sample', 'startup': u'weathervane', 'dyn_current': u'none'}
06-11 11:09 init_data_model:108  INFO     Relocating None from None to velocity/fullscale
06-11 11:09 mcaf_parameters._init_manager:198  INFO     conditionally_declared_modules={'estimator=ideal': False, u'deadtimecomp=none': True, u'dyn_current=none': True, 'estimator=pll': False, u'diagnostics=x2cscope': True, 'estimator=zsmt': False, u'application=sample': True, 'estimator=smo': False, 'estimator=qei': False, 'estimator=minotaur': False, 'estimator=atpll': True, u'startup=weathervane': True, u'flux_control=none': True, u'qei_sync=align': True, u'current_measure=dual_channel': True}
06-11 11:09 mcaf_parameters._init_manager:154  INFO     Initializer audit: skip _common
06-11 11:09 mcaf_parameters._init_manager:154  INFO     Initializer audit: skip _estimator
06-11 11:09 mcaf_parameters._init_manager:154  INFO     Initializer audit: skip _init_manager
06-11 11:09 mcaf_parameters._init_manager:154  INFO     Initializer audit: skip _units
06-11 11:09 mcaf_parameters._init_manager:154  INFO     Initializer audit: use  adc
06-11 11:09 mcaf_parameters._init_manager:154  INFO     Initializer audit: use  atpll
06-11 11:09 mcaf_parameters._init_manager:154  INFO     Initializer audit: use  board_service
06-11 11:09 mcaf_parameters._init_manager:154  INFO     Initializer audit: skip current_measure
06-11 11:09 mcaf_parameters._init_manager:154  INFO     Initializer audit: skip deadtimecomp
06-11 11:09 mcaf_parameters._init_manager:154  INFO     Initializer audit: skip dyn_current1
06-11 11:09 mcaf_parameters._init_manager:154  INFO     Initializer audit: skip estimator_minotaur
06-11 11:09 mcaf_parameters._init_manager:154  INFO     Initializer audit: use  fault_detect
06-11 11:09 mcaf_parameters._init_manager:154  INFO     Initializer audit: skip flux_control
06-11 11:09 mcaf_parameters._init_manager:154  INFO     Initializer audit: use  foc
06-11 11:09 mcaf_parameters._init_manager:154  INFO     Initializer audit: use  hal
06-11 11:09 mcaf_parameters._init_manager:154  INFO     Initializer audit: use  mcapi
06-11 11:09 mcaf_parameters._init_manager:154  INFO     Initializer audit: use  motor
06-11 11:09 mcaf_parameters._init_manager:154  INFO     Initializer audit: use  operation
06-11 11:09 mcaf_parameters._init_manager:154  INFO     Initializer audit: use  outerloop
06-11 11:09 mcaf_parameters._init_manager:154  INFO     Initializer audit: use  overmodulation
06-11 11:09 mcaf_parameters._init_manager:154  INFO     Initializer audit: skip pll
06-11 11:09 mcaf_parameters._init_manager:154  INFO     Initializer audit: skip qei
06-11 11:09 mcaf_parameters._init_manager:154  INFO     Initializer audit: use  qei_sync
06-11 11:09 mcaf_parameters._init_manager:154  INFO     Initializer audit: use  recovery
06-11 11:09 mcaf_parameters._init_manager:154  INFO     Initializer audit: use  sat_pi
06-11 11:09 mcaf_parameters._init_manager:154  INFO     Initializer audit: skip smo
06-11 11:09 mcaf_parameters._init_manager:154  INFO     Initializer audit: use  startup
06-11 11:09 mcaf_parameters._init_manager:154  INFO     Initializer audit: use  timing
06-11 11:09 mcaf_parameters._init_manager:154  INFO     Initializer audit: skip zsmt
06-11 11:09 mcaf_parameters._init_manager:152  INFO     Initializer audit: adc.init_data_model=ok
06-11 11:09 mcaf_parameters._init_manager:152  INFO     Initializer audit: atpll.init_data_model=ok
06-11 11:09 mcaf_parameters._init_manager:152  INFO     Initializer audit: board_service.init_data_model=ok
06-11 11:09 mcaf_parameters._init_manager:152  INFO     Initializer audit: fault_detect.init_data_model=ok
06-11 11:09 mcaf_parameters._init_manager:152  INFO     Initializer audit: foc.init_data_model=ok
06-11 11:09 mcaf_parameters._init_manager:152  INFO     Initializer audit: hal.init_data_model=ok
06-11 11:09 mcaf_parameters._init_manager:152  INFO     Initializer audit: mcapi.init_data_model=ok
06-11 11:09 mcaf_parameters._init_manager:152  INFO     Initializer audit: motor.init_data_model=ok
06-11 11:09 mcaf_parameters._init_manager:152  INFO     Initializer audit: operation.init_data_model=absent
06-11 11:09 mcaf_parameters._init_manager:152  INFO     Initializer audit: outerloop.init_data_model=absent
06-11 11:09 mcaf_parameters._init_manager:152  INFO     Initializer audit: overmodulation.init_data_model=absent
06-11 11:09 mcaf_parameters._init_manager:152  INFO     Initializer audit: qei_sync.init_data_model=ok
06-11 11:09 mcaf_parameters._init_manager:152  INFO     Initializer audit: recovery.init_data_model=ok
06-11 11:09 mcaf_parameters._init_manager:152  INFO     Initializer audit: sat_pi.init_data_model=ok
06-11 11:09 mcaf_parameters._init_manager:152  INFO     Initializer audit: startup.init_data_model=ok
06-11 11:09 mcaf_parameters._init_manager:152  INFO     Initializer audit: timing.init_data_model=ok
06-11 11:09 mcaf_parameters._init_manager:243  INFO     Calculating parameters for mcaf_parameters.adc
06-11 11:09 mcaf_parameters._init_manager:243  INFO     Calculating parameters for mcaf_parameters.atpll
06-11 11:09 mcaf_parameters._init_manager:243  INFO     Calculating parameters for mcaf_parameters.board_service
06-11 11:09 mcaf_parameters._init_manager:243  INFO     Calculating parameters for mcaf_parameters.fault_detect
06-11 11:09 mcaf_parameters._init_manager:243  INFO     Calculating parameters for mcaf_parameters.foc
06-11 11:09 mcaf_parameters._init_manager:243  INFO     Calculating parameters for mcaf_parameters.hal
06-11 11:09 mcaf_parameters._init_manager:243  INFO     Calculating parameters for mcaf_parameters.mcapi
06-11 11:09 mcaf_parameters._init_manager:243  INFO     Calculating parameters for mcaf_parameters.motor
06-11 11:09 mcaf_parameters._init_manager:243  INFO     Calculating parameters for mcaf_parameters.operation
06-11 11:09 mcaf_parameters._init_manager:243  INFO     Calculating parameters for mcaf_parameters.outerloop
06-11 11:09 mcaf_parameters._init_manager:243  INFO     Calculating parameters for mcaf_parameters.overmodulation
06-11 11:09 mcaf_parameters._init_manager:243  INFO     Calculating parameters for mcaf_parameters.recovery
06-11 11:09 mcaf_parameters._init_manager:243  INFO     Calculating parameters for mcaf_parameters.startup
06-11 11:09 mcaf_parameters._init_manager:243  INFO     Calculating parameters for mcaf_parameters.timing
06-11 11:09 mcaf_parameters._init_manager:152  INFO     Initializer audit: adc.calculate_parameters=ok
06-11 11:09 mcaf_parameters._init_manager:152  INFO     Initializer audit: atpll.calculate_parameters=ok
06-11 11:09 mcaf_parameters._init_manager:152  INFO     Initializer audit: board_service.calculate_parameters=ok
06-11 11:09 mcaf_parameters._init_manager:152  INFO     Initializer audit: fault_detect.calculate_parameters=ok
06-11 11:09 mcaf_parameters._init_manager:152  INFO     Initializer audit: foc.calculate_parameters=ok
06-11 11:09 mcaf_parameters._init_manager:152  INFO     Initializer audit: hal.calculate_parameters=ok
06-11 11:09 mcaf_parameters._init_manager:152  INFO     Initializer audit: mcapi.calculate_parameters=ok
06-11 11:09 mcaf_parameters._init_manager:152  INFO     Initializer audit: motor.calculate_parameters=ok
06-11 11:09 mcaf_parameters._init_manager:152  INFO     Initializer audit: operation.calculate_parameters=ok
06-11 11:09 mcaf_parameters._init_manager:152  INFO     Initializer audit: outerloop.calculate_parameters=ok
06-11 11:09 mcaf_parameters._init_manager:152  INFO     Initializer audit: overmodulation.calculate_parameters=ok
06-11 11:09 mcaf_parameters._init_manager:152  INFO     Initializer audit: qei_sync.calculate_parameters=absent
06-11 11:09 mcaf_parameters._init_manager:152  INFO     Initializer audit: recovery.calculate_parameters=ok
06-11 11:09 mcaf_parameters._init_manager:152  INFO     Initializer audit: sat_pi.calculate_parameters=absent
06-11 11:09 mcaf_parameters._init_manager:152  INFO     Initializer audit: startup.calculate_parameters=ok
06-11 11:09 mcaf_parameters._init_manager:152  INFO     Initializer audit: timing.calculate_parameters=ok
06-11 11:09 mcaf_parameters._init_manager:152  INFO     Initializer audit: adc.annotate_parameters=ok
06-11 11:09 mcaf_parameters._init_manager:152  INFO     Initializer audit: atpll.annotate_parameters=ok
06-11 11:09 mcaf_parameters._init_manager:152  INFO     Initializer audit: board_service.annotate_parameters=ok
06-11 11:09 mcaf_parameters._init_manager:152  INFO     Initializer audit: fault_detect.annotate_parameters=ok
06-11 11:09 mcaf_parameters._init_manager:152  INFO     Initializer audit: foc.annotate_parameters=ok
06-11 11:09 mcaf_parameters._init_manager:152  INFO     Initializer audit: hal.annotate_parameters=ok
06-11 11:09 mcaf_parameters._init_manager:152  INFO     Initializer audit: mcapi.annotate_parameters=ok
06-11 11:09 mcaf_parameters._init_manager:152  INFO     Initializer audit: motor.annotate_parameters=ok
06-11 11:09 mcaf_parameters._init_manager:152  INFO     Initializer audit: operation.annotate_parameters=ok
06-11 11:09 mcaf_parameters._init_manager:152  INFO     Initializer audit: outerloop.annotate_parameters=absent
06-11 11:09 mcaf_parameters._init_manager:152  INFO     Initializer audit: overmodulation.annotate_parameters=ok
06-11 11:09 mcaf_parameters._init_manager:152  INFO     Initializer audit: qei_sync.annotate_parameters=absent
06-11 11:09 mcaf_parameters._init_manager:152  INFO     Initializer audit: recovery.annotate_parameters=ok
06-11 11:09 mcaf_parameters._init_manager:152  INFO     Initializer audit: sat_pi.annotate_parameters=ok
06-11 11:09 mcaf_parameters._init_manager:152  INFO     Initializer audit: startup.annotate_parameters=ok
06-11 11:09 mcaf_parameters._init_manager:152  INFO     Initializer audit: timing.annotate_parameters=ok
06-11 11:11 motorbench_logging:28   INFO     --------------------------------------------------------------------------------
06-11 11:11 motorbench_logging:29   INFO     Logging setup complete (2026-06-11T09:11:55.543999)
06-11 11:11 motorbench_logging:31   INFO     logdir_source=motorBench, logdir=C:\___data\_GIT\droneESC\fw\cdvc_drone_racestar.X\motorbench\log\
06-11 11:11 init_data_model:466  INFO     code_generation_tag_map 1: {u'diagnostics': u'x2cscope', u'application': u'sample'}
06-11 11:11 ui_data     :148  INFO     not shadowed spec={'display': {'note': 'Primary estimator'}, 'source': 'state:estimator-type=pll', 'name': 'estimator', 'replacement': {'value': True}}
06-11 11:11 ui_data     :148  INFO     not shadowed spec={'display': {'note': 'Primary estimator'}, 'source': 'state:estimator-type=smo', 'name': 'estimator', 'replacement': {'value': True}}
06-11 11:11 ui_data     :148  INFO     not shadowed spec={'display': {'note': 'Primary estimator'}, 'source': 'state:estimator-type=qei', 'name': 'estimator', 'replacement': {'value': True}}
06-11 11:11 ui_data     :161  INFO     shadowed: replacement=True spec={'display': {'note': 'Primary estimator'}, 'source': 'state:estimator-type=atpll', 'name': 'estimator', 'replacement': {'value': True}}
06-11 11:11 ui_data     :148  INFO     not shadowed spec={'display': {'note': 'Primary estimator'}, 'source': 'state:estimator-type=zsmt', 'name': 'estimator', 'replacement': {'value': True}}
06-11 11:11 ui_data     :148  INFO     not shadowed spec={'display': {'note': 'Primary estimator'}, 'source': 'state:estimator-type=ideal', 'name': 'estimator', 'replacement': {'value': True}}
06-11 11:11 ui_data     :161  INFO     shadowed: replacement=False spec={'display': {'coverage': 'full', 'note': 'Not available on selected board'}, 'source': {'subject': 'drive.configuration.peripherals.adc.other.bridgeTemperature', 'operator': '!?', 'space': 'model', 'value': False}, 'name': 'adc', 'replacement': {'value': False}}
06-11 11:11 ui_data     :161  INFO     shadowed: replacement=False spec={'display': {'coverage': 'full', 'note': 'Not available on selected board'}, 'source': {'subject': 'drive.configuration.peripherals.adc.voltage.absoluteReference', 'operator': '!?', 'space': 'model', 'value': False}, 'name': 'adc', 'replacement': {'value': False}}
06-11 11:11 ui_data     :148  INFO     not shadowed spec={'display': {'coverage': 'full', 'note': 'Not available on selected board'}, 'source': {'subject': 'drive.configuration.peripherals.adc.voltage.a', 'operator': '!?', 'space': 'model', 'value': False}, 'name': 'adc', 'replacement': {'value': False}}
06-11 11:11 ui_data     :148  INFO     not shadowed spec={'display': {'coverage': 'full', 'note': 'Not available on selected board'}, 'source': {'subject': 'drive.configuration.peripherals.adc.voltage.b', 'operator': '!?', 'space': 'model', 'value': False}, 'name': 'adc', 'replacement': {'value': False}}
06-11 11:11 ui_data     :148  INFO     not shadowed spec={'display': {'coverage': 'full', 'note': 'Not available on selected board'}, 'source': {'subject': 'drive.configuration.peripherals.adc.voltage.c', 'operator': '!?', 'space': 'model', 'value': False}, 'name': 'adc', 'replacement': {'value': False}}
06-11 11:11 ui_data     :148  INFO     not shadowed spec={'display': {'coverage': 'full', 'note': 'Diagnostics UART not available on selected board'}, 'source': {'subject': 'drive.configuration.peripherals.uart', 'operator': '!?', 'space': 'model'}, 'name': 'uart', 'replacement': {'value': 'none'}}
06-11 11:11 init_data_model:473  INFO     code_generation_tag_map 2: {'estimator=ideal': False, 'deadtimecomp': u'none', 'estimator=pll': False, 'estimator=zsmt': False, 'flux_control': u'none', 'current_measure': u'dual_channel', 'estimator=smo': False, 'estimator=qei': False, 'estimator=minotaur': False, u'diagnostics': u'x2cscope', 'estimator=atpll': True, 'qei_sync': u'align', u'application': u'sample', 'startup': u'weathervane', 'dyn_current': u'none'}
06-11 11:11 init_data_model:108  INFO     Relocating None from None to velocity/fullscale
06-11 11:11 mcaf_parameters._init_manager:198  INFO     conditionally_declared_modules={'estimator=ideal': False, u'deadtimecomp=none': True, u'dyn_current=none': True, 'estimator=pll': False, u'diagnostics=x2cscope': True, 'estimator=zsmt': False, u'application=sample': True, 'estimator=smo': False, 'estimator=qei': False, 'estimator=minotaur': False, 'estimator=atpll': True, u'startup=weathervane': True, u'flux_control=none': True, u'qei_sync=align': True, u'current_measure=dual_channel': True}
06-11 11:11 mcaf_parameters._init_manager:154  INFO     Initializer audit: skip _common
06-11 11:11 mcaf_parameters._init_manager:154  INFO     Initializer audit: skip _estimator
06-11 11:11 mcaf_parameters._init_manager:154  INFO     Initializer audit: skip _init_manager
06-11 11:11 mcaf_parameters._init_manager:154  INFO     Initializer audit: skip _units
06-11 11:11 mcaf_parameters._init_manager:154  INFO     Initializer audit: use  adc
06-11 11:11 mcaf_parameters._init_manager:154  INFO     Initializer audit: use  atpll
06-11 11:11 mcaf_parameters._init_manager:154  INFO     Initializer audit: use  board_service
06-11 11:11 mcaf_parameters._init_manager:154  INFO     Initializer audit: skip current_measure
06-11 11:11 mcaf_parameters._init_manager:154  INFO     Initializer audit: skip deadtimecomp
06-11 11:11 mcaf_parameters._init_manager:154  INFO     Initializer audit: skip dyn_current1
06-11 11:11 mcaf_parameters._init_manager:154  INFO     Initializer audit: skip estimator_minotaur
06-11 11:11 mcaf_parameters._init_manager:154  INFO     Initializer audit: use  fault_detect
06-11 11:11 mcaf_parameters._init_manager:154  INFO     Initializer audit: skip flux_control
06-11 11:11 mcaf_parameters._init_manager:154  INFO     Initializer audit: use  foc
06-11 11:11 mcaf_parameters._init_manager:154  INFO     Initializer audit: use  hal
06-11 11:11 mcaf_parameters._init_manager:154  INFO     Initializer audit: use  mcapi
06-11 11:11 mcaf_parameters._init_manager:154  INFO     Initializer audit: use  motor
06-11 11:11 mcaf_parameters._init_manager:154  INFO     Initializer audit: use  operation
06-11 11:11 mcaf_parameters._init_manager:154  INFO     Initializer audit: use  outerloop
06-11 11:11 mcaf_parameters._init_manager:154  INFO     Initializer audit: use  overmodulation
06-11 11:11 mcaf_parameters._init_manager:154  INFO     Initializer audit: skip pll
06-11 11:11 mcaf_parameters._init_manager:154  INFO     Initializer audit: skip qei
06-11 11:11 mcaf_parameters._init_manager:154  INFO     Initializer audit: use  qei_sync
06-11 11:11 mcaf_parameters._init_manager:154  INFO     Initializer audit: use  recovery
06-11 11:11 mcaf_parameters._init_manager:154  INFO     Initializer audit: use  sat_pi
06-11 11:11 mcaf_parameters._init_manager:154  INFO     Initializer audit: skip smo
06-11 11:11 mcaf_parameters._init_manager:154  INFO     Initializer audit: use  startup
06-11 11:11 mcaf_parameters._init_manager:154  INFO     Initializer audit: use  timing
06-11 11:11 mcaf_parameters._init_manager:154  INFO     Initializer audit: skip zsmt
06-11 11:11 mcaf_parameters._init_manager:152  INFO     Initializer audit: adc.init_data_model=ok
06-11 11:11 mcaf_parameters._init_manager:152  INFO     Initializer audit: atpll.init_data_model=ok
06-11 11:11 mcaf_parameters._init_manager:152  INFO     Initializer audit: board_service.init_data_model=ok
06-11 11:11 mcaf_parameters._init_manager:152  INFO     Initializer audit: fault_detect.init_data_model=ok
06-11 11:11 mcaf_parameters._init_manager:152  INFO     Initializer audit: foc.init_data_model=ok
06-11 11:11 mcaf_parameters._init_manager:152  INFO     Initializer audit: hal.init_data_model=ok
06-11 11:11 mcaf_parameters._init_manager:152  INFO     Initializer audit: mcapi.init_data_model=ok
06-11 11:11 mcaf_parameters._init_manager:152  INFO     Initializer audit: motor.init_data_model=ok
06-11 11:11 mcaf_parameters._init_manager:152  INFO     Initializer audit: operation.init_data_model=absent
06-11 11:11 mcaf_parameters._init_manager:152  INFO     Initializer audit: outerloop.init_data_model=absent
06-11 11:11 mcaf_parameters._init_manager:152  INFO     Initializer audit: overmodulation.init_data_model=absent
06-11 11:11 mcaf_parameters._init_manager:152  INFO     Initializer audit: qei_sync.init_data_model=ok
06-11 11:11 mcaf_parameters._init_manager:152  INFO     Initializer audit: recovery.init_data_model=ok
06-11 11:11 mcaf_parameters._init_manager:152  INFO     Initializer audit: sat_pi.init_data_model=ok
06-11 11:11 mcaf_parameters._init_manager:152  INFO     Initializer audit: startup.init_data_model=ok
06-11 11:11 mcaf_parameters._init_manager:152  INFO     Initializer audit: timing.init_data_model=ok
06-11 11:11 mcaf_parameters._init_manager:243  INFO     Calculating parameters for mcaf_parameters.adc
06-11 11:11 mcaf_parameters._init_manager:243  INFO     Calculating parameters for mcaf_parameters.atpll
06-11 11:11 mcaf_parameters._init_manager:243  INFO     Calculating parameters for mcaf_parameters.board_service
06-11 11:11 mcaf_parameters._init_manager:243  INFO     Calculating parameters for mcaf_parameters.fault_detect
06-11 11:11 mcaf_parameters._init_manager:243  INFO     Calculating parameters for mcaf_parameters.foc
06-11 11:11 mcaf_parameters._init_manager:243  INFO     Calculating parameters for mcaf_parameters.hal
06-11 11:11 mcaf_parameters._init_manager:243  INFO     Calculating parameters for mcaf_parameters.mcapi
06-11 11:11 mcaf_parameters._init_manager:243  INFO     Calculating parameters for mcaf_parameters.motor
06-11 11:11 mcaf_parameters._init_manager:243  INFO     Calculating parameters for mcaf_parameters.operation
06-11 11:11 mcaf_parameters._init_manager:243  INFO     Calculating parameters for mcaf_parameters.outerloop
06-11 11:11 mcaf_parameters._init_manager:243  INFO     Calculating parameters for mcaf_parameters.overmodulation
06-11 11:11 mcaf_parameters._init_manager:243  INFO     Calculating parameters for mcaf_parameters.recovery
06-11 11:11 mcaf_parameters._init_manager:243  INFO     Calculating parameters for mcaf_parameters.startup
06-11 11:11 mcaf_parameters._init_manager:243  INFO     Calculating parameters for mcaf_parameters.timing
06-11 11:11 mcaf_parameters._init_manager:152  INFO     Initializer audit: adc.calculate_parameters=ok
06-11 11:11 mcaf_parameters._init_manager:152  INFO     Initializer audit: atpll.calculate_parameters=ok
06-11 11:11 mcaf_parameters._init_manager:152  INFO     Initializer audit: board_service.calculate_parameters=ok
06-11 11:11 mcaf_parameters._init_manager:152  INFO     Initializer audit: fault_detect.calculate_parameters=ok
06-11 11:11 mcaf_parameters._init_manager:152  INFO     Initializer audit: foc.calculate_parameters=ok
06-11 11:11 mcaf_parameters._init_manager:152  INFO     Initializer audit: hal.calculate_parameters=ok
06-11 11:11 mcaf_parameters._init_manager:152  INFO     Initializer audit: mcapi.calculate_parameters=ok
06-11 11:11 mcaf_parameters._init_manager:152  INFO     Initializer audit: motor.calculate_parameters=ok
06-11 11:11 mcaf_parameters._init_manager:152  INFO     Initializer audit: operation.calculate_parameters=ok
06-11 11:11 mcaf_parameters._init_manager:152  INFO     Initializer audit: outerloop.calculate_parameters=ok
06-11 11:11 mcaf_parameters._init_manager:152  INFO     Initializer audit: overmodulation.calculate_parameters=ok
06-11 11:11 mcaf_parameters._init_manager:152  INFO     Initializer audit: qei_sync.calculate_parameters=absent
06-11 11:11 mcaf_parameters._init_manager:152  INFO     Initializer audit: recovery.calculate_parameters=ok
06-11 11:11 mcaf_parameters._init_manager:152  INFO     Initializer audit: sat_pi.calculate_parameters=absent
06-11 11:11 mcaf_parameters._init_manager:152  INFO     Initializer audit: startup.calculate_parameters=ok
06-11 11:11 mcaf_parameters._init_manager:152  INFO     Initializer audit: timing.calculate_parameters=ok
06-11 11:11 mcaf_parameters._init_manager:152  INFO     Initializer audit: adc.annotate_parameters=ok
06-11 11:11 mcaf_parameters._init_manager:152  INFO     Initializer audit: atpll.annotate_parameters=ok
06-11 11:11 mcaf_parameters._init_manager:152  INFO     Initializer audit: board_service.annotate_parameters=ok
06-11 11:11 mcaf_parameters._init_manager:152  INFO     Initializer audit: fault_detect.annotate_parameters=ok
06-11 11:11 mcaf_parameters._init_manager:152  INFO     Initializer audit: foc.annotate_parameters=ok
06-11 11:11 mcaf_parameters._init_manager:152  INFO     Initializer audit: hal.annotate_parameters=ok
06-11 11:11 mcaf_parameters._init_manager:152  INFO     Initializer audit: mcapi.annotate_parameters=ok
06-11 11:11 mcaf_parameters._init_manager:152  INFO     Initializer audit: motor.annotate_parameters=ok
06-11 11:11 mcaf_parameters._init_manager:152  INFO     Initializer audit: operation.annotate_parameters=ok
06-11 11:11 mcaf_parameters._init_manager:152  INFO     Initializer audit: outerloop.annotate_parameters=absent
06-11 11:11 mcaf_parameters._init_manager:152  INFO     Initializer audit: overmodulation.annotate_parameters=ok
06-11 11:11 mcaf_parameters._init_manager:152  INFO     Initializer audit: qei_sync.annotate_parameters=absent
06-11 11:11 mcaf_parameters._init_manager:152  INFO     Initializer audit: recovery.annotate_parameters=ok
06-11 11:11 mcaf_parameters._init_manager:152  INFO     Initializer audit: sat_pi.annotate_parameters=ok
06-11 11:11 mcaf_parameters._init_manager:152  INFO     Initializer audit: startup.annotate_parameters=ok
06-11 11:11 mcaf_parameters._init_manager:152  INFO     Initializer audit: timing.annotate_parameters=ok
06-11 11:21 motorbench_logging:28   INFO     --------------------------------------------------------------------------------
06-11 11:21 motorbench_logging:29   INFO     Logging setup complete (2026-06-11T09:21:43.637000)
06-11 11:21 motorbench_logging:31   INFO     logdir_source=motorBench, logdir=C:\___data\_GIT\droneESC\fw\cdvc_drone_racestar.X\motorbench\log\
06-11 11:21 init_data_model:466  INFO     code_generation_tag_map 1: {u'diagnostics': u'x2cscope', u'application': u'sample'}
06-11 11:21 ui_data     :148  INFO     not shadowed spec={'display': {'note': 'Primary estimator'}, 'source': 'state:estimator-type=pll', 'name': 'estimator', 'replacement': {'value': True}}
06-11 11:21 ui_data     :148  INFO     not shadowed spec={'display': {'note': 'Primary estimator'}, 'source': 'state:estimator-type=smo', 'name': 'estimator', 'replacement': {'value': True}}
06-11 11:21 ui_data     :148  INFO     not shadowed spec={'display': {'note': 'Primary estimator'}, 'source': 'state:estimator-type=qei', 'name': 'estimator', 'replacement': {'value': True}}
06-11 11:21 ui_data     :161  INFO     shadowed: replacement=True spec={'display': {'note': 'Primary estimator'}, 'source': 'state:estimator-type=atpll', 'name': 'estimator', 'replacement': {'value': True}}
06-11 11:21 ui_data     :148  INFO     not shadowed spec={'display': {'note': 'Primary estimator'}, 'source': 'state:estimator-type=zsmt', 'name': 'estimator', 'replacement': {'value': True}}
06-11 11:21 ui_data     :148  INFO     not shadowed spec={'display': {'note': 'Primary estimator'}, 'source': 'state:estimator-type=ideal', 'name': 'estimator', 'replacement': {'value': True}}
06-11 11:21 ui_data     :161  INFO     shadowed: replacement=False spec={'display': {'coverage': 'full', 'note': 'Not available on selected board'}, 'source': {'subject': 'drive.configuration.peripherals.adc.other.bridgeTemperature', 'operator': '!?', 'space': 'model', 'value': False}, 'name': 'adc', 'replacement': {'value': False}}
06-11 11:21 ui_data     :161  INFO     shadowed: replacement=False spec={'display': {'coverage': 'full', 'note': 'Not available on selected board'}, 'source': {'subject': 'drive.configuration.peripherals.adc.voltage.absoluteReference', 'operator': '!?', 'space': 'model', 'value': False}, 'name': 'adc', 'replacement': {'value': False}}
06-11 11:21 ui_data     :148  INFO     not shadowed spec={'display': {'coverage': 'full', 'note': 'Not available on selected board'}, 'source': {'subject': 'drive.configuration.peripherals.adc.voltage.a', 'operator': '!?', 'space': 'model', 'value': False}, 'name': 'adc', 'replacement': {'value': False}}
06-11 11:21 ui_data     :148  INFO     not shadowed spec={'display': {'coverage': 'full', 'note': 'Not available on selected board'}, 'source': {'subject': 'drive.configuration.peripherals.adc.voltage.b', 'operator': '!?', 'space': 'model', 'value': False}, 'name': 'adc', 'replacement': {'value': False}}
06-11 11:21 ui_data     :148  INFO     not shadowed spec={'display': {'coverage': 'full', 'note': 'Not available on selected board'}, 'source': {'subject': 'drive.configuration.peripherals.adc.voltage.c', 'operator': '!?', 'space': 'model', 'value': False}, 'name': 'adc', 'replacement': {'value': False}}
06-11 11:21 ui_data     :148  INFO     not shadowed spec={'display': {'coverage': 'full', 'note': 'Diagnostics UART not available on selected board'}, 'source': {'subject': 'drive.configuration.peripherals.uart', 'operator': '!?', 'space': 'model'}, 'name': 'uart', 'replacement': {'value': 'none'}}
06-11 11:21 init_data_model:473  INFO     code_generation_tag_map 2: {'estimator=ideal': False, 'deadtimecomp': u'none', 'estimator=pll': False, 'estimator=zsmt': False, 'flux_control': u'none', 'current_measure': u'dual_channel', 'estimator=smo': False, 'estimator=qei': False, 'estimator=minotaur': False, u'diagnostics': u'x2cscope', 'estimator=atpll': True, 'qei_sync': u'align', u'application': u'sample', 'startup': u'weathervane', 'dyn_current': u'none'}
06-11 11:21 init_data_model:108  INFO     Relocating None from None to velocity/fullscale
06-11 11:21 mcaf_parameters._init_manager:198  INFO     conditionally_declared_modules={'estimator=ideal': False, u'deadtimecomp=none': True, u'dyn_current=none': True, 'estimator=pll': False, u'diagnostics=x2cscope': True, 'estimator=zsmt': False, u'application=sample': True, 'estimator=smo': False, 'estimator=qei': False, 'estimator=minotaur': False, 'estimator=atpll': True, u'startup=weathervane': True, u'flux_control=none': True, u'qei_sync=align': True, u'current_measure=dual_channel': True}
06-11 11:21 mcaf_parameters._init_manager:154  INFO     Initializer audit: skip _common
06-11 11:21 mcaf_parameters._init_manager:154  INFO     Initializer audit: skip _estimator
06-11 11:21 mcaf_parameters._init_manager:154  INFO     Initializer audit: skip _init_manager
06-11 11:21 mcaf_parameters._init_manager:154  INFO     Initializer audit: skip _units
06-11 11:21 mcaf_parameters._init_manager:154  INFO     Initializer audit: use  adc
06-11 11:21 mcaf_parameters._init_manager:154  INFO     Initializer audit: use  atpll
06-11 11:21 mcaf_parameters._init_manager:154  INFO     Initializer audit: use  board_service
06-11 11:21 mcaf_parameters._init_manager:154  INFO     Initializer audit: skip current_measure
06-11 11:21 mcaf_parameters._init_manager:154  INFO     Initializer audit: skip deadtimecomp
06-11 11:21 mcaf_parameters._init_manager:154  INFO     Initializer audit: skip dyn_current1
06-11 11:21 mcaf_parameters._init_manager:154  INFO     Initializer audit: skip estimator_minotaur
06-11 11:21 mcaf_parameters._init_manager:154  INFO     Initializer audit: use  fault_detect
06-11 11:21 mcaf_parameters._init_manager:154  INFO     Initializer audit: skip flux_control
06-11 11:21 mcaf_parameters._init_manager:154  INFO     Initializer audit: use  foc
06-11 11:21 mcaf_parameters._init_manager:154  INFO     Initializer audit: use  hal
06-11 11:21 mcaf_parameters._init_manager:154  INFO     Initializer audit: use  mcapi
06-11 11:21 mcaf_parameters._init_manager:154  INFO     Initializer audit: use  motor
06-11 11:21 mcaf_parameters._init_manager:154  INFO     Initializer audit: use  operation
06-11 11:21 mcaf_parameters._init_manager:154  INFO     Initializer audit: use  outerloop
06-11 11:21 mcaf_parameters._init_manager:154  INFO     Initializer audit: use  overmodulation
06-11 11:21 mcaf_parameters._init_manager:154  INFO     Initializer audit: skip pll
06-11 11:21 mcaf_parameters._init_manager:154  INFO     Initializer audit: skip qei
06-11 11:21 mcaf_parameters._init_manager:154  INFO     Initializer audit: use  qei_sync
06-11 11:21 mcaf_parameters._init_manager:154  INFO     Initializer audit: use  recovery
06-11 11:21 mcaf_parameters._init_manager:154  INFO     Initializer audit: use  sat_pi
06-11 11:21 mcaf_parameters._init_manager:154  INFO     Initializer audit: skip smo
06-11 11:21 mcaf_parameters._init_manager:154  INFO     Initializer audit: use  startup
06-11 11:21 mcaf_parameters._init_manager:154  INFO     Initializer audit: use  timing
06-11 11:21 mcaf_parameters._init_manager:154  INFO     Initializer audit: skip zsmt
06-11 11:21 mcaf_parameters._init_manager:152  INFO     Initializer audit: adc.init_data_model=ok
06-11 11:21 mcaf_parameters._init_manager:152  INFO     Initializer audit: atpll.init_data_model=ok
06-11 11:21 mcaf_parameters._init_manager:152  INFO     Initializer audit: board_service.init_data_model=ok
06-11 11:21 mcaf_parameters._init_manager:152  INFO     Initializer audit: fault_detect.init_data_model=ok
06-11 11:21 mcaf_parameters._init_manager:152  INFO     Initializer audit: foc.init_data_model=ok
06-11 11:21 mcaf_parameters._init_manager:152  INFO     Initializer audit: hal.init_data_model=ok
06-11 11:21 mcaf_parameters._init_manager:152  INFO     Initializer audit: mcapi.init_data_model=ok
06-11 11:21 mcaf_parameters._init_manager:152  INFO     Initializer audit: motor.init_data_model=ok
06-11 11:21 mcaf_parameters._init_manager:152  INFO     Initializer audit: operation.init_data_model=absent
06-11 11:21 mcaf_parameters._init_manager:152  INFO     Initializer audit: outerloop.init_data_model=absent
06-11 11:21 mcaf_parameters._init_manager:152  INFO     Initializer audit: overmodulation.init_data_model=absent
06-11 11:21 mcaf_parameters._init_manager:152  INFO     Initializer audit: qei_sync.init_data_model=ok
06-11 11:21 mcaf_parameters._init_manager:152  INFO     Initializer audit: recovery.init_data_model=ok
06-11 11:21 mcaf_parameters._init_manager:152  INFO     Initializer audit: sat_pi.init_data_model=ok
06-11 11:21 mcaf_parameters._init_manager:152  INFO     Initializer audit: startup.init_data_model=ok
06-11 11:21 mcaf_parameters._init_manager:152  INFO     Initializer audit: timing.init_data_model=ok
06-11 11:21 mcaf_parameters._init_manager:243  INFO     Calculating parameters for mcaf_parameters.adc
06-11 11:21 mcaf_parameters._init_manager:243  INFO     Calculating parameters for mcaf_parameters.atpll
06-11 11:21 mcaf_parameters._init_manager:243  INFO     Calculating parameters for mcaf_parameters.board_service
06-11 11:21 mcaf_parameters._init_manager:243  INFO     Calculating parameters for mcaf_parameters.fault_detect
06-11 11:21 mcaf_parameters._init_manager:243  INFO     Calculating parameters for mcaf_parameters.foc
06-11 11:21 mcaf_parameters._init_manager:243  INFO     Calculating parameters for mcaf_parameters.hal
06-11 11:21 mcaf_parameters._init_manager:243  INFO     Calculating parameters for mcaf_parameters.mcapi
06-11 11:21 mcaf_parameters._init_manager:243  INFO     Calculating parameters for mcaf_parameters.motor
06-11 11:21 mcaf_parameters._init_manager:243  INFO     Calculating parameters for mcaf_parameters.operation
06-11 11:21 mcaf_parameters._init_manager:243  INFO     Calculating parameters for mcaf_parameters.outerloop
06-11 11:21 mcaf_parameters._init_manager:243  INFO     Calculating parameters for mcaf_parameters.overmodulation
06-11 11:21 mcaf_parameters._init_manager:243  INFO     Calculating parameters for mcaf_parameters.recovery
06-11 11:21 mcaf_parameters._init_manager:243  INFO     Calculating parameters for mcaf_parameters.startup
06-11 11:21 mcaf_parameters._init_manager:243  INFO     Calculating parameters for mcaf_parameters.timing
06-11 11:21 mcaf_parameters._init_manager:152  INFO     Initializer audit: adc.calculate_parameters=ok
06-11 11:21 mcaf_parameters._init_manager:152  INFO     Initializer audit: atpll.calculate_parameters=ok
06-11 11:21 mcaf_parameters._init_manager:152  INFO     Initializer audit: board_service.calculate_parameters=ok
06-11 11:21 mcaf_parameters._init_manager:152  INFO     Initializer audit: fault_detect.calculate_parameters=ok
06-11 11:21 mcaf_parameters._init_manager:152  INFO     Initializer audit: foc.calculate_parameters=ok
06-11 11:21 mcaf_parameters._init_manager:152  INFO     Initializer audit: hal.calculate_parameters=ok
06-11 11:21 mcaf_parameters._init_manager:152  INFO     Initializer audit: mcapi.calculate_parameters=ok
06-11 11:21 mcaf_parameters._init_manager:152  INFO     Initializer audit: motor.calculate_parameters=ok
06-11 11:21 mcaf_parameters._init_manager:152  INFO     Initializer audit: operation.calculate_parameters=ok
06-11 11:21 mcaf_parameters._init_manager:152  INFO     Initializer audit: outerloop.calculate_parameters=ok
06-11 11:21 mcaf_parameters._init_manager:152  INFO     Initializer audit: overmodulation.calculate_parameters=ok
06-11 11:21 mcaf_parameters._init_manager:152  INFO     Initializer audit: qei_sync.calculate_parameters=absent
06-11 11:21 mcaf_parameters._init_manager:152  INFO     Initializer audit: recovery.calculate_parameters=ok
06-11 11:21 mcaf_parameters._init_manager:152  INFO     Initializer audit: sat_pi.calculate_parameters=absent
06-11 11:21 mcaf_parameters._init_manager:152  INFO     Initializer audit: startup.calculate_parameters=ok
06-11 11:21 mcaf_parameters._init_manager:152  INFO     Initializer audit: timing.calculate_parameters=ok
06-11 11:21 mcaf_parameters._init_manager:152  INFO     Initializer audit: adc.annotate_parameters=ok
06-11 11:21 mcaf_parameters._init_manager:152  INFO     Initializer audit: atpll.annotate_parameters=ok
06-11 11:21 mcaf_parameters._init_manager:152  INFO     Initializer audit: board_service.annotate_parameters=ok
06-11 11:21 mcaf_parameters._init_manager:152  INFO     Initializer audit: fault_detect.annotate_parameters=ok
06-11 11:21 mcaf_parameters._init_manager:152  INFO     Initializer audit: foc.annotate_parameters=ok
06-11 11:21 mcaf_parameters._init_manager:152  INFO     Initializer audit: hal.annotate_parameters=ok
06-11 11:21 mcaf_parameters._init_manager:152  INFO     Initializer audit: mcapi.annotate_parameters=ok
06-11 11:21 mcaf_parameters._init_manager:152  INFO     Initializer audit: motor.annotate_parameters=ok
06-11 11:21 mcaf_parameters._init_manager:152  INFO     Initializer audit: operation.annotate_parameters=ok
06-11 11:21 mcaf_parameters._init_manager:152  INFO     Initializer audit: outerloop.annotate_parameters=absent
06-11 11:21 mcaf_parameters._init_manager:152  INFO     Initializer audit: overmodulation.annotate_parameters=ok
06-11 11:21 mcaf_parameters._init_manager:152  INFO     Initializer audit: qei_sync.annotate_parameters=absent
06-11 11:21 mcaf_parameters._init_manager:152  INFO     Initializer audit: recovery.annotate_parameters=ok
06-11 11:21 mcaf_parameters._init_manager:152  INFO     Initializer audit: sat_pi.annotate_parameters=ok
06-11 11:21 mcaf_parameters._init_manager:152  INFO     Initializer audit: startup.annotate_parameters=ok
06-11 11:21 mcaf_parameters._init_manager:152  INFO     Initializer audit: timing.annotate_parameters=ok
06-11 11:25 motorbench_logging:28   INFO     --------------------------------------------------------------------------------
06-11 11:25 motorbench_logging:29   INFO     Logging setup complete (2026-06-11T09:25:49.796000)
06-11 11:25 motorbench_logging:31   INFO     logdir_source=motorBench, logdir=C:\___data\_GIT\droneESC\fw\cdvc_drone_racestar.X\motorbench\log\
06-11 11:25 init_data_model:466  INFO     code_generation_tag_map 1: {u'diagnostics': u'x2cscope', u'application': u'sample'}
06-11 11:25 ui_data     :148  INFO     not shadowed spec={'display': {'note': 'Primary estimator'}, 'source': 'state:estimator-type=pll', 'name': 'estimator', 'replacement': {'value': True}}
06-11 11:25 ui_data     :148  INFO     not shadowed spec={'display': {'note': 'Primary estimator'}, 'source': 'state:estimator-type=smo', 'name': 'estimator', 'replacement': {'value': True}}
06-11 11:25 ui_data     :148  INFO     not shadowed spec={'display': {'note': 'Primary estimator'}, 'source': 'state:estimator-type=qei', 'name': 'estimator', 'replacement': {'value': True}}
06-11 11:25 ui_data     :161  INFO     shadowed: replacement=True spec={'display': {'note': 'Primary estimator'}, 'source': 'state:estimator-type=atpll', 'name': 'estimator', 'replacement': {'value': True}}
06-11 11:25 ui_data     :148  INFO     not shadowed spec={'display': {'note': 'Primary estimator'}, 'source': 'state:estimator-type=zsmt', 'name': 'estimator', 'replacement': {'value': True}}
06-11 11:25 ui_data     :148  INFO     not shadowed spec={'display': {'note': 'Primary estimator'}, 'source': 'state:estimator-type=ideal', 'name': 'estimator', 'replacement': {'value': True}}
06-11 11:25 ui_data     :161  INFO     shadowed: replacement=False spec={'display': {'coverage': 'full', 'note': 'Not available on selected board'}, 'source': {'subject': 'drive.configuration.peripherals.adc.other.bridgeTemperature', 'operator': '!?', 'space': 'model', 'value': False}, 'name': 'adc', 'replacement': {'value': False}}
06-11 11:25 ui_data     :161  INFO     shadowed: replacement=False spec={'display': {'coverage': 'full', 'note': 'Not available on selected board'}, 'source': {'subject': 'drive.configuration.peripherals.adc.voltage.absoluteReference', 'operator': '!?', 'space': 'model', 'value': False}, 'name': 'adc', 'replacement': {'value': False}}
06-11 11:25 ui_data     :148  INFO     not shadowed spec={'display': {'coverage': 'full', 'note': 'Not available on selected board'}, 'source': {'subject': 'drive.configuration.peripherals.adc.voltage.a', 'operator': '!?', 'space': 'model', 'value': False}, 'name': 'adc', 'replacement': {'value': False}}
06-11 11:25 ui_data     :148  INFO     not shadowed spec={'display': {'coverage': 'full', 'note': 'Not available on selected board'}, 'source': {'subject': 'drive.configuration.peripherals.adc.voltage.b', 'operator': '!?', 'space': 'model', 'value': False}, 'name': 'adc', 'replacement': {'value': False}}
06-11 11:25 ui_data     :148  INFO     not shadowed spec={'display': {'coverage': 'full', 'note': 'Not available on selected board'}, 'source': {'subject': 'drive.configuration.peripherals.adc.voltage.c', 'operator': '!?', 'space': 'model', 'value': False}, 'name': 'adc', 'replacement': {'value': False}}
06-11 11:25 ui_data     :148  INFO     not shadowed spec={'display': {'coverage': 'full', 'note': 'Diagnostics UART not available on selected board'}, 'source': {'subject': 'drive.configuration.peripherals.uart', 'operator': '!?', 'space': 'model'}, 'name': 'uart', 'replacement': {'value': 'none'}}
06-11 11:25 init_data_model:473  INFO     code_generation_tag_map 2: {'estimator=ideal': False, 'deadtimecomp': u'none', 'estimator=pll': False, 'estimator=zsmt': False, 'flux_control': u'none', 'current_measure': u'dual_channel', 'estimator=smo': False, 'estimator=qei': False, 'estimator=minotaur': False, u'diagnostics': u'x2cscope', 'estimator=atpll': True, 'qei_sync': u'align', u'application': u'sample', 'startup': u'weathervane', 'dyn_current': u'none'}
06-11 11:25 init_data_model:108  INFO     Relocating None from None to velocity/fullscale
06-11 11:25 mcaf_parameters._init_manager:198  INFO     conditionally_declared_modules={'estimator=ideal': False, u'deadtimecomp=none': True, u'dyn_current=none': True, 'estimator=pll': False, u'diagnostics=x2cscope': True, 'estimator=zsmt': False, u'application=sample': True, 'estimator=smo': False, 'estimator=qei': False, 'estimator=minotaur': False, 'estimator=atpll': True, u'startup=weathervane': True, u'flux_control=none': True, u'qei_sync=align': True, u'current_measure=dual_channel': True}
06-11 11:25 mcaf_parameters._init_manager:154  INFO     Initializer audit: skip _common
06-11 11:25 mcaf_parameters._init_manager:154  INFO     Initializer audit: skip _estimator
06-11 11:25 mcaf_parameters._init_manager:154  INFO     Initializer audit: skip _init_manager
06-11 11:25 mcaf_parameters._init_manager:154  INFO     Initializer audit: skip _units
06-11 11:25 mcaf_parameters._init_manager:154  INFO     Initializer audit: use  adc
06-11 11:25 mcaf_parameters._init_manager:154  INFO     Initializer audit: use  atpll
06-11 11:25 mcaf_parameters._init_manager:154  INFO     Initializer audit: use  board_service
06-11 11:25 mcaf_parameters._init_manager:154  INFO     Initializer audit: skip current_measure
06-11 11:25 mcaf_parameters._init_manager:154  INFO     Initializer audit: skip deadtimecomp
06-11 11:25 mcaf_parameters._init_manager:154  INFO     Initializer audit: skip dyn_current1
06-11 11:25 mcaf_parameters._init_manager:154  INFO     Initializer audit: skip estimator_minotaur
06-11 11:25 mcaf_parameters._init_manager:154  INFO     Initializer audit: use  fault_detect
06-11 11:25 mcaf_parameters._init_manager:154  INFO     Initializer audit: skip flux_control
06-11 11:25 mcaf_parameters._init_manager:154  INFO     Initializer audit: use  foc
06-11 11:25 mcaf_parameters._init_manager:154  INFO     Initializer audit: use  hal
06-11 11:25 mcaf_parameters._init_manager:154  INFO     Initializer audit: use  mcapi
06-11 11:25 mcaf_parameters._init_manager:154  INFO     Initializer audit: use  motor
06-11 11:25 mcaf_parameters._init_manager:154  INFO     Initializer audit: use  operation
06-11 11:25 mcaf_parameters._init_manager:154  INFO     Initializer audit: use  outerloop
06-11 11:25 mcaf_parameters._init_manager:154  INFO     Initializer audit: use  overmodulation
06-11 11:25 mcaf_parameters._init_manager:154  INFO     Initializer audit: skip pll
06-11 11:25 mcaf_parameters._init_manager:154  INFO     Initializer audit: skip qei
06-11 11:25 mcaf_parameters._init_manager:154  INFO     Initializer audit: use  qei_sync
06-11 11:25 mcaf_parameters._init_manager:154  INFO     Initializer audit: use  recovery
06-11 11:25 mcaf_parameters._init_manager:154  INFO     Initializer audit: use  sat_pi
06-11 11:25 mcaf_parameters._init_manager:154  INFO     Initializer audit: skip smo
06-11 11:25 mcaf_parameters._init_manager:154  INFO     Initializer audit: use  startup
06-11 11:25 mcaf_parameters._init_manager:154  INFO     Initializer audit: use  timing
06-11 11:25 mcaf_parameters._init_manager:154  INFO     Initializer audit: skip zsmt
06-11 11:25 mcaf_parameters._init_manager:152  INFO     Initializer audit: adc.init_data_model=ok
06-11 11:25 mcaf_parameters._init_manager:152  INFO     Initializer audit: atpll.init_data_model=ok
06-11 11:25 mcaf_parameters._init_manager:152  INFO     Initializer audit: board_service.init_data_model=ok
06-11 11:25 mcaf_parameters._init_manager:152  INFO     Initializer audit: fault_detect.init_data_model=ok
06-11 11:25 mcaf_parameters._init_manager:152  INFO     Initializer audit: foc.init_data_model=ok
06-11 11:25 mcaf_parameters._init_manager:152  INFO     Initializer audit: hal.init_data_model=ok
06-11 11:25 mcaf_parameters._init_manager:152  INFO     Initializer audit: mcapi.init_data_model=ok
06-11 11:25 mcaf_parameters._init_manager:152  INFO     Initializer audit: motor.init_data_model=ok
06-11 11:25 mcaf_parameters._init_manager:152  INFO     Initializer audit: operation.init_data_model=absent
06-11 11:25 mcaf_parameters._init_manager:152  INFO     Initializer audit: outerloop.init_data_model=absent
06-11 11:25 mcaf_parameters._init_manager:152  INFO     Initializer audit: overmodulation.init_data_model=absent
06-11 11:25 mcaf_parameters._init_manager:152  INFO     Initializer audit: qei_sync.init_data_model=ok
06-11 11:25 mcaf_parameters._init_manager:152  INFO     Initializer audit: recovery.init_data_model=ok
06-11 11:25 mcaf_parameters._init_manager:152  INFO     Initializer audit: sat_pi.init_data_model=ok
06-11 11:25 mcaf_parameters._init_manager:152  INFO     Initializer audit: startup.init_data_model=ok
06-11 11:25 mcaf_parameters._init_manager:152  INFO     Initializer audit: timing.init_data_model=ok
06-11 11:25 mcaf_parameters._init_manager:243  INFO     Calculating parameters for mcaf_parameters.adc
06-11 11:25 mcaf_parameters._init_manager:243  INFO     Calculating parameters for mcaf_parameters.atpll
06-11 11:25 mcaf_parameters._init_manager:243  INFO     Calculating parameters for mcaf_parameters.board_service
06-11 11:25 mcaf_parameters._init_manager:243  INFO     Calculating parameters for mcaf_parameters.fault_detect
06-11 11:25 mcaf_parameters._init_manager:243  INFO     Calculating parameters for mcaf_parameters.foc
06-11 11:25 mcaf_parameters._init_manager:243  INFO     Calculating parameters for mcaf_parameters.hal
06-11 11:25 mcaf_parameters._init_manager:243  INFO     Calculating parameters for mcaf_parameters.mcapi
06-11 11:25 mcaf_parameters._init_manager:243  INFO     Calculating parameters for mcaf_parameters.motor
06-11 11:25 mcaf_parameters._init_manager:243  INFO     Calculating parameters for mcaf_parameters.operation
06-11 11:25 mcaf_parameters._init_manager:243  INFO     Calculating parameters for mcaf_parameters.outerloop
06-11 11:25 mcaf_parameters._init_manager:243  INFO     Calculating parameters for mcaf_parameters.overmodulation
06-11 11:25 mcaf_parameters._init_manager:243  INFO     Calculating parameters for mcaf_parameters.recovery
06-11 11:25 mcaf_parameters._init_manager:243  INFO     Calculating parameters for mcaf_parameters.startup
06-11 11:25 mcaf_parameters._init_manager:243  INFO     Calculating parameters for mcaf_parameters.timing
06-11 11:25 mcaf_parameters._init_manager:152  INFO     Initializer audit: adc.calculate_parameters=ok
06-11 11:25 mcaf_parameters._init_manager:152  INFO     Initializer audit: atpll.calculate_parameters=ok
06-11 11:25 mcaf_parameters._init_manager:152  INFO     Initializer audit: board_service.calculate_parameters=ok
06-11 11:25 mcaf_parameters._init_manager:152  INFO     Initializer audit: fault_detect.calculate_parameters=ok
06-11 11:25 mcaf_parameters._init_manager:152  INFO     Initializer audit: foc.calculate_parameters=ok
06-11 11:25 mcaf_parameters._init_manager:152  INFO     Initializer audit: hal.calculate_parameters=ok
06-11 11:25 mcaf_parameters._init_manager:152  INFO     Initializer audit: mcapi.calculate_parameters=ok
06-11 11:25 mcaf_parameters._init_manager:152  INFO     Initializer audit: motor.calculate_parameters=ok
06-11 11:25 mcaf_parameters._init_manager:152  INFO     Initializer audit: operation.calculate_parameters=ok
06-11 11:25 mcaf_parameters._init_manager:152  INFO     Initializer audit: outerloop.calculate_parameters=ok
06-11 11:25 mcaf_parameters._init_manager:152  INFO     Initializer audit: overmodulation.calculate_parameters=ok
06-11 11:25 mcaf_parameters._init_manager:152  INFO     Initializer audit: qei_sync.calculate_parameters=absent
06-11 11:25 mcaf_parameters._init_manager:152  INFO     Initializer audit: recovery.calculate_parameters=ok
06-11 11:25 mcaf_parameters._init_manager:152  INFO     Initializer audit: sat_pi.calculate_parameters=absent
06-11 11:25 mcaf_parameters._init_manager:152  INFO     Initializer audit: startup.calculate_parameters=ok
06-11 11:25 mcaf_parameters._init_manager:152  INFO     Initializer audit: timing.calculate_parameters=ok
06-11 11:25 mcaf_parameters._init_manager:152  INFO     Initializer audit: adc.annotate_parameters=ok
06-11 11:25 mcaf_parameters._init_manager:152  INFO     Initializer audit: atpll.annotate_parameters=ok
06-11 11:25 mcaf_parameters._init_manager:152  INFO     Initializer audit: board_service.annotate_parameters=ok
06-11 11:25 mcaf_parameters._init_manager:152  INFO     Initializer audit: fault_detect.annotate_parameters=ok
06-11 11:25 mcaf_parameters._init_manager:152  INFO     Initializer audit: foc.annotate_parameters=ok
06-11 11:25 mcaf_parameters._init_manager:152  INFO     Initializer audit: hal.annotate_parameters=ok
06-11 11:25 mcaf_parameters._init_manager:152  INFO     Initializer audit: mcapi.annotate_parameters=ok
06-11 11:25 mcaf_parameters._init_manager:152  INFO     Initializer audit: motor.annotate_parameters=ok
06-11 11:25 mcaf_parameters._init_manager:152  INFO     Initializer audit: operation.annotate_parameters=ok
06-11 11:25 mcaf_parameters._init_manager:152  INFO     Initializer audit: outerloop.annotate_parameters=absent
06-11 11:25 mcaf_parameters._init_manager:152  INFO     Initializer audit: overmodulation.annotate_parameters=ok
06-11 11:25 mcaf_parameters._init_manager:152  INFO     Initializer audit: qei_sync.annotate_parameters=absent
06-11 11:25 mcaf_parameters._init_manager:152  INFO     Initializer audit: recovery.annotate_parameters=ok
06-11 11:25 mcaf_parameters._init_manager:152  INFO     Initializer audit: sat_pi.annotate_parameters=ok
06-11 11:25 mcaf_parameters._init_manager:152  INFO     Initializer audit: startup.annotate_parameters=ok
06-11 11:25 mcaf_parameters._init_manager:152  INFO     Initializer audit: timing.annotate_parameters=ok
06-11 11:42 motorbench_logging:28   INFO     --------------------------------------------------------------------------------
06-11 11:42 motorbench_logging:29   INFO     Logging setup complete (2026-06-11T09:42:06.765000)
06-11 11:42 motorbench_logging:31   INFO     logdir_source=motorBench, logdir=C:\___data\_GIT\droneESC\fw\cdvc_drone_racestar.X\motorbench\log\
06-11 11:42 init_data_model:466  INFO     code_generation_tag_map 1: {u'diagnostics': u'x2cscope', u'application': u'sample'}
06-11 11:42 ui_data     :148  INFO     not shadowed spec={'display': {'note': 'Primary estimator'}, 'source': 'state:estimator-type=pll', 'name': 'estimator', 'replacement': {'value': True}}
06-11 11:42 ui_data     :148  INFO     not shadowed spec={'display': {'note': 'Primary estimator'}, 'source': 'state:estimator-type=smo', 'name': 'estimator', 'replacement': {'value': True}}
06-11 11:42 ui_data     :148  INFO     not shadowed spec={'display': {'note': 'Primary estimator'}, 'source': 'state:estimator-type=qei', 'name': 'estimator', 'replacement': {'value': True}}
06-11 11:42 ui_data     :161  INFO     shadowed: replacement=True spec={'display': {'note': 'Primary estimator'}, 'source': 'state:estimator-type=atpll', 'name': 'estimator', 'replacement': {'value': True}}
06-11 11:42 ui_data     :148  INFO     not shadowed spec={'display': {'note': 'Primary estimator'}, 'source': 'state:estimator-type=zsmt', 'name': 'estimator', 'replacement': {'value': True}}
06-11 11:42 ui_data     :148  INFO     not shadowed spec={'display': {'note': 'Primary estimator'}, 'source': 'state:estimator-type=ideal', 'name': 'estimator', 'replacement': {'value': True}}
06-11 11:42 ui_data     :161  INFO     shadowed: replacement=False spec={'display': {'coverage': 'full', 'note': 'Not available on selected board'}, 'source': {'subject': 'drive.configuration.peripherals.adc.other.bridgeTemperature', 'operator': '!?', 'space': 'model', 'value': False}, 'name': 'adc', 'replacement': {'value': False}}
06-11 11:42 ui_data     :161  INFO     shadowed: replacement=False spec={'display': {'coverage': 'full', 'note': 'Not available on selected board'}, 'source': {'subject': 'drive.configuration.peripherals.adc.voltage.absoluteReference', 'operator': '!?', 'space': 'model', 'value': False}, 'name': 'adc', 'replacement': {'value': False}}
06-11 11:42 ui_data     :148  INFO     not shadowed spec={'display': {'coverage': 'full', 'note': 'Not available on selected board'}, 'source': {'subject': 'drive.configuration.peripherals.adc.voltage.a', 'operator': '!?', 'space': 'model', 'value': False}, 'name': 'adc', 'replacement': {'value': False}}
06-11 11:42 ui_data     :148  INFO     not shadowed spec={'display': {'coverage': 'full', 'note': 'Not available on selected board'}, 'source': {'subject': 'drive.configuration.peripherals.adc.voltage.b', 'operator': '!?', 'space': 'model', 'value': False}, 'name': 'adc', 'replacement': {'value': False}}
06-11 11:42 ui_data     :148  INFO     not shadowed spec={'display': {'coverage': 'full', 'note': 'Not available on selected board'}, 'source': {'subject': 'drive.configuration.peripherals.adc.voltage.c', 'operator': '!?', 'space': 'model', 'value': False}, 'name': 'adc', 'replacement': {'value': False}}
06-11 11:42 ui_data     :148  INFO     not shadowed spec={'display': {'coverage': 'full', 'note': 'Diagnostics UART not available on selected board'}, 'source': {'subject': 'drive.configuration.peripherals.uart', 'operator': '!?', 'space': 'model'}, 'name': 'uart', 'replacement': {'value': 'none'}}
06-11 11:42 init_data_model:473  INFO     code_generation_tag_map 2: {'estimator=ideal': False, 'deadtimecomp': u'none', 'estimator=pll': False, 'estimator=zsmt': False, 'flux_control': u'none', 'current_measure': u'dual_channel', 'estimator=smo': False, 'estimator=qei': False, 'estimator=minotaur': False, u'diagnostics': u'x2cscope', 'estimator=atpll': True, 'qei_sync': u'align', u'application': u'sample', 'startup': u'weathervane', 'dyn_current': u'none'}
06-11 11:42 init_data_model:108  INFO     Relocating None from None to velocity/fullscale
06-11 11:42 mcaf_parameters._init_manager:198  INFO     conditionally_declared_modules={'estimator=ideal': False, u'deadtimecomp=none': True, u'dyn_current=none': True, 'estimator=pll': False, u'diagnostics=x2cscope': True, 'estimator=zsmt': False, u'application=sample': True, 'estimator=smo': False, 'estimator=qei': False, 'estimator=minotaur': False, 'estimator=atpll': True, u'startup=weathervane': True, u'flux_control=none': True, u'qei_sync=align': True, u'current_measure=dual_channel': True}
06-11 11:42 mcaf_parameters._init_manager:154  INFO     Initializer audit: skip _common
06-11 11:42 mcaf_parameters._init_manager:154  INFO     Initializer audit: skip _estimator
06-11 11:42 mcaf_parameters._init_manager:154  INFO     Initializer audit: skip _init_manager
06-11 11:42 mcaf_parameters._init_manager:154  INFO     Initializer audit: skip _units
06-11 11:42 mcaf_parameters._init_manager:154  INFO     Initializer audit: use  adc
06-11 11:42 mcaf_parameters._init_manager:154  INFO     Initializer audit: use  atpll
06-11 11:42 mcaf_parameters._init_manager:154  INFO     Initializer audit: use  board_service
06-11 11:42 mcaf_parameters._init_manager:154  INFO     Initializer audit: skip current_measure
06-11 11:42 mcaf_parameters._init_manager:154  INFO     Initializer audit: skip deadtimecomp
06-11 11:42 mcaf_parameters._init_manager:154  INFO     Initializer audit: skip dyn_current1
06-11 11:42 mcaf_parameters._init_manager:154  INFO     Initializer audit: skip estimator_minotaur
06-11 11:42 mcaf_parameters._init_manager:154  INFO     Initializer audit: use  fault_detect
06-11 11:42 mcaf_parameters._init_manager:154  INFO     Initializer audit: skip flux_control
06-11 11:42 mcaf_parameters._init_manager:154  INFO     Initializer audit: use  foc
06-11 11:42 mcaf_parameters._init_manager:154  INFO     Initializer audit: use  hal
06-11 11:42 mcaf_parameters._init_manager:154  INFO     Initializer audit: use  mcapi
06-11 11:42 mcaf_parameters._init_manager:154  INFO     Initializer audit: use  motor
06-11 11:42 mcaf_parameters._init_manager:154  INFO     Initializer audit: use  operation
06-11 11:42 mcaf_parameters._init_manager:154  INFO     Initializer audit: use  outerloop
06-11 11:42 mcaf_parameters._init_manager:154  INFO     Initializer audit: use  overmodulation
06-11 11:42 mcaf_parameters._init_manager:154  INFO     Initializer audit: skip pll
06-11 11:42 mcaf_parameters._init_manager:154  INFO     Initializer audit: skip qei
06-11 11:42 mcaf_parameters._init_manager:154  INFO     Initializer audit: use  qei_sync
06-11 11:42 mcaf_parameters._init_manager:154  INFO     Initializer audit: use  recovery
06-11 11:42 mcaf_parameters._init_manager:154  INFO     Initializer audit: use  sat_pi
06-11 11:42 mcaf_parameters._init_manager:154  INFO     Initializer audit: skip smo
06-11 11:42 mcaf_parameters._init_manager:154  INFO     Initializer audit: use  startup
06-11 11:42 mcaf_parameters._init_manager:154  INFO     Initializer audit: use  timing
06-11 11:42 mcaf_parameters._init_manager:154  INFO     Initializer audit: skip zsmt
06-11 11:42 mcaf_parameters._init_manager:152  INFO     Initializer audit: adc.init_data_model=ok
06-11 11:42 mcaf_parameters._init_manager:152  INFO     Initializer audit: atpll.init_data_model=ok
06-11 11:42 mcaf_parameters._init_manager:152  INFO     Initializer audit: board_service.init_data_model=ok
06-11 11:42 mcaf_parameters._init_manager:152  INFO     Initializer audit: fault_detect.init_data_model=ok
06-11 11:42 mcaf_parameters._init_manager:152  INFO     Initializer audit: foc.init_data_model=ok
06-11 11:42 mcaf_parameters._init_manager:152  INFO     Initializer audit: hal.init_data_model=ok
06-11 11:42 mcaf_parameters._init_manager:152  INFO     Initializer audit: mcapi.init_data_model=ok
06-11 11:42 mcaf_parameters._init_manager:152  INFO     Initializer audit: motor.init_data_model=ok
06-11 11:42 mcaf_parameters._init_manager:152  INFO     Initializer audit: operation.init_data_model=absent
06-11 11:42 mcaf_parameters._init_manager:152  INFO     Initializer audit: outerloop.init_data_model=absent
06-11 11:42 mcaf_parameters._init_manager:152  INFO     Initializer audit: overmodulation.init_data_model=absent
06-11 11:42 mcaf_parameters._init_manager:152  INFO     Initializer audit: qei_sync.init_data_model=ok
06-11 11:42 mcaf_parameters._init_manager:152  INFO     Initializer audit: recovery.init_data_model=ok
06-11 11:42 mcaf_parameters._init_manager:152  INFO     Initializer audit: sat_pi.init_data_model=ok
06-11 11:42 mcaf_parameters._init_manager:152  INFO     Initializer audit: startup.init_data_model=ok
06-11 11:42 mcaf_parameters._init_manager:152  INFO     Initializer audit: timing.init_data_model=ok
06-11 11:42 mcaf_parameters._init_manager:243  INFO     Calculating parameters for mcaf_parameters.adc
06-11 11:42 mcaf_parameters._init_manager:243  INFO     Calculating parameters for mcaf_parameters.atpll
06-11 11:42 mcaf_parameters._init_manager:243  INFO     Calculating parameters for mcaf_parameters.board_service
06-11 11:42 mcaf_parameters._init_manager:243  INFO     Calculating parameters for mcaf_parameters.fault_detect
06-11 11:42 mcaf_parameters._init_manager:243  INFO     Calculating parameters for mcaf_parameters.foc
06-11 11:42 mcaf_parameters._init_manager:243  INFO     Calculating parameters for mcaf_parameters.hal
06-11 11:42 mcaf_parameters._init_manager:243  INFO     Calculating parameters for mcaf_parameters.mcapi
06-11 11:42 mcaf_parameters._init_manager:243  INFO     Calculating parameters for mcaf_parameters.motor
06-11 11:42 mcaf_parameters._init_manager:243  INFO     Calculating parameters for mcaf_parameters.operation
06-11 11:42 mcaf_parameters._init_manager:243  INFO     Calculating parameters for mcaf_parameters.outerloop
06-11 11:42 mcaf_parameters._init_manager:243  INFO     Calculating parameters for mcaf_parameters.overmodulation
06-11 11:42 mcaf_parameters._init_manager:243  INFO     Calculating parameters for mcaf_parameters.recovery
06-11 11:42 mcaf_parameters._init_manager:243  INFO     Calculating parameters for mcaf_parameters.startup
06-11 11:42 mcaf_parameters._init_manager:243  INFO     Calculating parameters for mcaf_parameters.timing
06-11 11:42 mcaf_parameters._init_manager:152  INFO     Initializer audit: adc.calculate_parameters=ok
06-11 11:42 mcaf_parameters._init_manager:152  INFO     Initializer audit: atpll.calculate_parameters=ok
06-11 11:42 mcaf_parameters._init_manager:152  INFO     Initializer audit: board_service.calculate_parameters=ok
06-11 11:42 mcaf_parameters._init_manager:152  INFO     Initializer audit: fault_detect.calculate_parameters=ok
06-11 11:42 mcaf_parameters._init_manager:152  INFO     Initializer audit: foc.calculate_parameters=ok
06-11 11:42 mcaf_parameters._init_manager:152  INFO     Initializer audit: hal.calculate_parameters=ok
06-11 11:42 mcaf_parameters._init_manager:152  INFO     Initializer audit: mcapi.calculate_parameters=ok
06-11 11:42 mcaf_parameters._init_manager:152  INFO     Initializer audit: motor.calculate_parameters=ok
06-11 11:42 mcaf_parameters._init_manager:152  INFO     Initializer audit: operation.calculate_parameters=ok
06-11 11:42 mcaf_parameters._init_manager:152  INFO     Initializer audit: outerloop.calculate_parameters=ok
06-11 11:42 mcaf_parameters._init_manager:152  INFO     Initializer audit: overmodulation.calculate_parameters=ok
06-11 11:42 mcaf_parameters._init_manager:152  INFO     Initializer audit: qei_sync.calculate_parameters=absent
06-11 11:42 mcaf_parameters._init_manager:152  INFO     Initializer audit: recovery.calculate_parameters=ok
06-11 11:42 mcaf_parameters._init_manager:152  INFO     Initializer audit: sat_pi.calculate_parameters=absent
06-11 11:42 mcaf_parameters._init_manager:152  INFO     Initializer audit: startup.calculate_parameters=ok
06-11 11:42 mcaf_parameters._init_manager:152  INFO     Initializer audit: timing.calculate_parameters=ok
06-11 11:42 mcaf_parameters._init_manager:152  INFO     Initializer audit: adc.annotate_parameters=ok
06-11 11:42 mcaf_parameters._init_manager:152  INFO     Initializer audit: atpll.annotate_parameters=ok
06-11 11:42 mcaf_parameters._init_manager:152  INFO     Initializer audit: board_service.annotate_parameters=ok
06-11 11:42 mcaf_parameters._init_manager:152  INFO     Initializer audit: fault_detect.annotate_parameters=ok
06-11 11:42 mcaf_parameters._init_manager:152  INFO     Initializer audit: foc.annotate_parameters=ok
06-11 11:42 mcaf_parameters._init_manager:152  INFO     Initializer audit: hal.annotate_parameters=ok
06-11 11:42 mcaf_parameters._init_manager:152  INFO     Initializer audit: mcapi.annotate_parameters=ok
06-11 11:42 mcaf_parameters._init_manager:152  INFO     Initializer audit: motor.annotate_parameters=ok
06-11 11:42 mcaf_parameters._init_manager:152  INFO     Initializer audit: operation.annotate_parameters=ok
06-11 11:42 mcaf_parameters._init_manager:152  INFO     Initializer audit: outerloop.annotate_parameters=absent
06-11 11:42 mcaf_parameters._init_manager:152  INFO     Initializer audit: overmodulation.annotate_parameters=ok
06-11 11:42 mcaf_parameters._init_manager:152  INFO     Initializer audit: qei_sync.annotate_parameters=absent
06-11 11:42 mcaf_parameters._init_manager:152  INFO     Initializer audit: recovery.annotate_parameters=ok
06-11 11:42 mcaf_parameters._init_manager:152  INFO     Initializer audit: sat_pi.annotate_parameters=ok
06-11 11:42 mcaf_parameters._init_manager:152  INFO     Initializer audit: startup.annotate_parameters=ok
06-11 11:42 mcaf_parameters._init_manager:152  INFO     Initializer audit: timing.annotate_parameters=ok
06-11 12:07 motorbench_logging:28   INFO     --------------------------------------------------------------------------------
06-11 12:07 motorbench_logging:29   INFO     Logging setup complete (2026-06-11T10:07:27.461999)
06-11 12:07 motorbench_logging:31   INFO     logdir_source=motorBench, logdir=C:\___data\_GIT\droneESC\fw\cdvc_drone_racestar.X\motorbench\log\
06-11 12:07 init_data_model:466  INFO     code_generation_tag_map 1: {u'diagnostics': u'x2cscope', u'application': u'sample'}
06-11 12:07 ui_data     :148  INFO     not shadowed spec={'display': {'note': 'Primary estimator'}, 'source': 'state:estimator-type=pll', 'name': 'estimator', 'replacement': {'value': True}}
06-11 12:07 ui_data     :148  INFO     not shadowed spec={'display': {'note': 'Primary estimator'}, 'source': 'state:estimator-type=smo', 'name': 'estimator', 'replacement': {'value': True}}
06-11 12:07 ui_data     :148  INFO     not shadowed spec={'display': {'note': 'Primary estimator'}, 'source': 'state:estimator-type=qei', 'name': 'estimator', 'replacement': {'value': True}}
06-11 12:07 ui_data     :161  INFO     shadowed: replacement=True spec={'display': {'note': 'Primary estimator'}, 'source': 'state:estimator-type=atpll', 'name': 'estimator', 'replacement': {'value': True}}
06-11 12:07 ui_data     :148  INFO     not shadowed spec={'display': {'note': 'Primary estimator'}, 'source': 'state:estimator-type=zsmt', 'name': 'estimator', 'replacement': {'value': True}}
06-11 12:07 ui_data     :148  INFO     not shadowed spec={'display': {'note': 'Primary estimator'}, 'source': 'state:estimator-type=ideal', 'name': 'estimator', 'replacement': {'value': True}}
06-11 12:07 ui_data     :161  INFO     shadowed: replacement=False spec={'display': {'coverage': 'full', 'note': 'Not available on selected board'}, 'source': {'subject': 'drive.configuration.peripherals.adc.other.bridgeTemperature', 'operator': '!?', 'space': 'model', 'value': False}, 'name': 'adc', 'replacement': {'value': False}}
06-11 12:07 ui_data     :161  INFO     shadowed: replacement=False spec={'display': {'coverage': 'full', 'note': 'Not available on selected board'}, 'source': {'subject': 'drive.configuration.peripherals.adc.voltage.absoluteReference', 'operator': '!?', 'space': 'model', 'value': False}, 'name': 'adc', 'replacement': {'value': False}}
06-11 12:07 ui_data     :148  INFO     not shadowed spec={'display': {'coverage': 'full', 'note': 'Not available on selected board'}, 'source': {'subject': 'drive.configuration.peripherals.adc.voltage.a', 'operator': '!?', 'space': 'model', 'value': False}, 'name': 'adc', 'replacement': {'value': False}}
06-11 12:07 ui_data     :148  INFO     not shadowed spec={'display': {'coverage': 'full', 'note': 'Not available on selected board'}, 'source': {'subject': 'drive.configuration.peripherals.adc.voltage.b', 'operator': '!?', 'space': 'model', 'value': False}, 'name': 'adc', 'replacement': {'value': False}}
06-11 12:07 ui_data     :148  INFO     not shadowed spec={'display': {'coverage': 'full', 'note': 'Not available on selected board'}, 'source': {'subject': 'drive.configuration.peripherals.adc.voltage.c', 'operator': '!?', 'space': 'model', 'value': False}, 'name': 'adc', 'replacement': {'value': False}}
06-11 12:07 ui_data     :148  INFO     not shadowed spec={'display': {'coverage': 'full', 'note': 'Diagnostics UART not available on selected board'}, 'source': {'subject': 'drive.configuration.peripherals.uart', 'operator': '!?', 'space': 'model'}, 'name': 'uart', 'replacement': {'value': 'none'}}
06-11 12:07 init_data_model:473  INFO     code_generation_tag_map 2: {'estimator=ideal': False, 'deadtimecomp': u'none', 'estimator=pll': False, 'estimator=zsmt': False, 'flux_control': u'none', 'current_measure': u'dual_channel', 'estimator=smo': False, 'estimator=qei': False, 'estimator=minotaur': False, u'diagnostics': u'x2cscope', 'estimator=atpll': True, 'qei_sync': u'align', u'application': u'sample', 'startup': u'weathervane', 'dyn_current': u'none'}
06-11 12:07 init_data_model:108  INFO     Relocating None from None to velocity/fullscale
06-11 12:07 mcaf_parameters._init_manager:198  INFO     conditionally_declared_modules={'estimator=ideal': False, u'deadtimecomp=none': True, u'dyn_current=none': True, 'estimator=pll': False, u'diagnostics=x2cscope': True, 'estimator=zsmt': False, u'application=sample': True, 'estimator=smo': False, 'estimator=qei': False, 'estimator=minotaur': False, 'estimator=atpll': True, u'startup=weathervane': True, u'flux_control=none': True, u'qei_sync=align': True, u'current_measure=dual_channel': True}
06-11 12:07 mcaf_parameters._init_manager:154  INFO     Initializer audit: skip _common
06-11 12:07 mcaf_parameters._init_manager:154  INFO     Initializer audit: skip _estimator
06-11 12:07 mcaf_parameters._init_manager:154  INFO     Initializer audit: skip _init_manager
06-11 12:07 mcaf_parameters._init_manager:154  INFO     Initializer audit: skip _units
06-11 12:07 mcaf_parameters._init_manager:154  INFO     Initializer audit: use  adc
06-11 12:07 mcaf_parameters._init_manager:154  INFO     Initializer audit: use  atpll
06-11 12:07 mcaf_parameters._init_manager:154  INFO     Initializer audit: use  board_service
06-11 12:07 mcaf_parameters._init_manager:154  INFO     Initializer audit: skip current_measure
06-11 12:07 mcaf_parameters._init_manager:154  INFO     Initializer audit: skip deadtimecomp
06-11 12:07 mcaf_parameters._init_manager:154  INFO     Initializer audit: skip dyn_current1
06-11 12:07 mcaf_parameters._init_manager:154  INFO     Initializer audit: skip estimator_minotaur
06-11 12:07 mcaf_parameters._init_manager:154  INFO     Initializer audit: use  fault_detect
06-11 12:07 mcaf_parameters._init_manager:154  INFO     Initializer audit: skip flux_control
06-11 12:07 mcaf_parameters._init_manager:154  INFO     Initializer audit: use  foc
06-11 12:07 mcaf_parameters._init_manager:154  INFO     Initializer audit: use  hal
06-11 12:07 mcaf_parameters._init_manager:154  INFO     Initializer audit: use  mcapi
06-11 12:07 mcaf_parameters._init_manager:154  INFO     Initializer audit: use  motor
06-11 12:07 mcaf_parameters._init_manager:154  INFO     Initializer audit: use  operation
06-11 12:07 mcaf_parameters._init_manager:154  INFO     Initializer audit: use  outerloop
06-11 12:07 mcaf_parameters._init_manager:154  INFO     Initializer audit: use  overmodulation
06-11 12:07 mcaf_parameters._init_manager:154  INFO     Initializer audit: skip pll
06-11 12:07 mcaf_parameters._init_manager:154  INFO     Initializer audit: skip qei
06-11 12:07 mcaf_parameters._init_manager:154  INFO     Initializer audit: use  qei_sync
06-11 12:07 mcaf_parameters._init_manager:154  INFO     Initializer audit: use  recovery
06-11 12:07 mcaf_parameters._init_manager:154  INFO     Initializer audit: use  sat_pi
06-11 12:07 mcaf_parameters._init_manager:154  INFO     Initializer audit: skip smo
06-11 12:07 mcaf_parameters._init_manager:154  INFO     Initializer audit: use  startup
06-11 12:07 mcaf_parameters._init_manager:154  INFO     Initializer audit: use  timing
06-11 12:07 mcaf_parameters._init_manager:154  INFO     Initializer audit: skip zsmt
06-11 12:07 mcaf_parameters._init_manager:152  INFO     Initializer audit: adc.init_data_model=ok
06-11 12:07 mcaf_parameters._init_manager:152  INFO     Initializer audit: atpll.init_data_model=ok
06-11 12:07 mcaf_parameters._init_manager:152  INFO     Initializer audit: board_service.init_data_model=ok
06-11 12:07 mcaf_parameters._init_manager:152  INFO     Initializer audit: fault_detect.init_data_model=ok
06-11 12:07 mcaf_parameters._init_manager:152  INFO     Initializer audit: foc.init_data_model=ok
06-11 12:07 mcaf_parameters._init_manager:152  INFO     Initializer audit: hal.init_data_model=ok
06-11 12:07 mcaf_parameters._init_manager:152  INFO     Initializer audit: mcapi.init_data_model=ok
06-11 12:07 mcaf_parameters._init_manager:152  INFO     Initializer audit: motor.init_data_model=ok
06-11 12:07 mcaf_parameters._init_manager:152  INFO     Initializer audit: operation.init_data_model=absent
06-11 12:07 mcaf_parameters._init_manager:152  INFO     Initializer audit: outerloop.init_data_model=absent
06-11 12:07 mcaf_parameters._init_manager:152  INFO     Initializer audit: overmodulation.init_data_model=absent
06-11 12:07 mcaf_parameters._init_manager:152  INFO     Initializer audit: qei_sync.init_data_model=ok
06-11 12:07 mcaf_parameters._init_manager:152  INFO     Initializer audit: recovery.init_data_model=ok
06-11 12:07 mcaf_parameters._init_manager:152  INFO     Initializer audit: sat_pi.init_data_model=ok
06-11 12:07 mcaf_parameters._init_manager:152  INFO     Initializer audit: startup.init_data_model=ok
06-11 12:07 mcaf_parameters._init_manager:152  INFO     Initializer audit: timing.init_data_model=ok
06-11 12:07 mcaf_parameters._init_manager:243  INFO     Calculating parameters for mcaf_parameters.adc
06-11 12:07 mcaf_parameters._init_manager:243  INFO     Calculating parameters for mcaf_parameters.atpll
06-11 12:07 mcaf_parameters._init_manager:243  INFO     Calculating parameters for mcaf_parameters.board_service
06-11 12:07 mcaf_parameters._init_manager:243  INFO     Calculating parameters for mcaf_parameters.fault_detect
06-11 12:07 mcaf_parameters._init_manager:243  INFO     Calculating parameters for mcaf_parameters.foc
06-11 12:07 mcaf_parameters._init_manager:243  INFO     Calculating parameters for mcaf_parameters.hal
06-11 12:07 mcaf_parameters._init_manager:243  INFO     Calculating parameters for mcaf_parameters.mcapi
06-11 12:07 mcaf_parameters._init_manager:243  INFO     Calculating parameters for mcaf_parameters.motor
06-11 12:07 mcaf_parameters._init_manager:243  INFO     Calculating parameters for mcaf_parameters.operation
06-11 12:07 mcaf_parameters._init_manager:243  INFO     Calculating parameters for mcaf_parameters.outerloop
06-11 12:07 mcaf_parameters._init_manager:243  INFO     Calculating parameters for mcaf_parameters.overmodulation
06-11 12:07 mcaf_parameters._init_manager:243  INFO     Calculating parameters for mcaf_parameters.recovery
06-11 12:07 mcaf_parameters._init_manager:243  INFO     Calculating parameters for mcaf_parameters.startup
06-11 12:07 mcaf_parameters._init_manager:243  INFO     Calculating parameters for mcaf_parameters.timing
06-11 12:07 mcaf_parameters._init_manager:152  INFO     Initializer audit: adc.calculate_parameters=ok
06-11 12:07 mcaf_parameters._init_manager:152  INFO     Initializer audit: atpll.calculate_parameters=ok
06-11 12:07 mcaf_parameters._init_manager:152  INFO     Initializer audit: board_service.calculate_parameters=ok
06-11 12:07 mcaf_parameters._init_manager:152  INFO     Initializer audit: fault_detect.calculate_parameters=ok
06-11 12:07 mcaf_parameters._init_manager:152  INFO     Initializer audit: foc.calculate_parameters=ok
06-11 12:07 mcaf_parameters._init_manager:152  INFO     Initializer audit: hal.calculate_parameters=ok
06-11 12:07 mcaf_parameters._init_manager:152  INFO     Initializer audit: mcapi.calculate_parameters=ok
06-11 12:07 mcaf_parameters._init_manager:152  INFO     Initializer audit: motor.calculate_parameters=ok
06-11 12:07 mcaf_parameters._init_manager:152  INFO     Initializer audit: operation.calculate_parameters=ok
06-11 12:07 mcaf_parameters._init_manager:152  INFO     Initializer audit: outerloop.calculate_parameters=ok
06-11 12:07 mcaf_parameters._init_manager:152  INFO     Initializer audit: overmodulation.calculate_parameters=ok
06-11 12:07 mcaf_parameters._init_manager:152  INFO     Initializer audit: qei_sync.calculate_parameters=absent
06-11 12:07 mcaf_parameters._init_manager:152  INFO     Initializer audit: recovery.calculate_parameters=ok
06-11 12:07 mcaf_parameters._init_manager:152  INFO     Initializer audit: sat_pi.calculate_parameters=absent
06-11 12:07 mcaf_parameters._init_manager:152  INFO     Initializer audit: startup.calculate_parameters=ok
06-11 12:07 mcaf_parameters._init_manager:152  INFO     Initializer audit: timing.calculate_parameters=ok
06-11 12:07 mcaf_parameters._init_manager:152  INFO     Initializer audit: adc.annotate_parameters=ok
06-11 12:07 mcaf_parameters._init_manager:152  INFO     Initializer audit: atpll.annotate_parameters=ok
06-11 12:07 mcaf_parameters._init_manager:152  INFO     Initializer audit: board_service.annotate_parameters=ok
06-11 12:07 mcaf_parameters._init_manager:152  INFO     Initializer audit: fault_detect.annotate_parameters=ok
06-11 12:07 mcaf_parameters._init_manager:152  INFO     Initializer audit: foc.annotate_parameters=ok
06-11 12:07 mcaf_parameters._init_manager:152  INFO     Initializer audit: hal.annotate_parameters=ok
06-11 12:07 mcaf_parameters._init_manager:152  INFO     Initializer audit: mcapi.annotate_parameters=ok
06-11 12:07 mcaf_parameters._init_manager:152  INFO     Initializer audit: motor.annotate_parameters=ok
06-11 12:07 mcaf_parameters._init_manager:152  INFO     Initializer audit: operation.annotate_parameters=ok
06-11 12:07 mcaf_parameters._init_manager:152  INFO     Initializer audit: outerloop.annotate_parameters=absent
06-11 12:07 mcaf_parameters._init_manager:152  INFO     Initializer audit: overmodulation.annotate_parameters=ok
06-11 12:07 mcaf_parameters._init_manager:152  INFO     Initializer audit: qei_sync.annotate_parameters=absent
06-11 12:07 mcaf_parameters._init_manager:152  INFO     Initializer audit: recovery.annotate_parameters=ok
06-11 12:07 mcaf_parameters._init_manager:152  INFO     Initializer audit: sat_pi.annotate_parameters=ok
06-11 12:07 mcaf_parameters._init_manager:152  INFO     Initializer audit: startup.annotate_parameters=ok
06-11 12:07 mcaf_parameters._init_manager:152  INFO     Initializer audit: timing.annotate_parameters=ok
06-11 12:09 motorbench_logging:28   INFO     --------------------------------------------------------------------------------
06-11 12:09 motorbench_logging:29   INFO     Logging setup complete (2026-06-11T10:09:13.108999)
06-11 12:09 motorbench_logging:31   INFO     logdir_source=motorBench, logdir=C:\___data\_GIT\droneESC\fw\cdvc_drone_racestar.X\motorbench\log\
06-11 12:09 init_data_model:466  INFO     code_generation_tag_map 1: {u'diagnostics': u'x2cscope', u'application': u'sample'}
06-11 12:09 ui_data     :148  INFO     not shadowed spec={'display': {'note': 'Primary estimator'}, 'source': 'state:estimator-type=pll', 'name': 'estimator', 'replacement': {'value': True}}
06-11 12:09 ui_data     :148  INFO     not shadowed spec={'display': {'note': 'Primary estimator'}, 'source': 'state:estimator-type=smo', 'name': 'estimator', 'replacement': {'value': True}}
06-11 12:09 ui_data     :148  INFO     not shadowed spec={'display': {'note': 'Primary estimator'}, 'source': 'state:estimator-type=qei', 'name': 'estimator', 'replacement': {'value': True}}
06-11 12:09 ui_data     :161  INFO     shadowed: replacement=True spec={'display': {'note': 'Primary estimator'}, 'source': 'state:estimator-type=atpll', 'name': 'estimator', 'replacement': {'value': True}}
06-11 12:09 ui_data     :148  INFO     not shadowed spec={'display': {'note': 'Primary estimator'}, 'source': 'state:estimator-type=zsmt', 'name': 'estimator', 'replacement': {'value': True}}
06-11 12:09 ui_data     :148  INFO     not shadowed spec={'display': {'note': 'Primary estimator'}, 'source': 'state:estimator-type=ideal', 'name': 'estimator', 'replacement': {'value': True}}
06-11 12:09 ui_data     :161  INFO     shadowed: replacement=False spec={'display': {'coverage': 'full', 'note': 'Not available on selected board'}, 'source': {'subject': 'drive.configuration.peripherals.adc.other.bridgeTemperature', 'operator': '!?', 'space': 'model', 'value': False}, 'name': 'adc', 'replacement': {'value': False}}
06-11 12:09 ui_data     :161  INFO     shadowed: replacement=False spec={'display': {'coverage': 'full', 'note': 'Not available on selected board'}, 'source': {'subject': 'drive.configuration.peripherals.adc.voltage.absoluteReference', 'operator': '!?', 'space': 'model', 'value': False}, 'name': 'adc', 'replacement': {'value': False}}
06-11 12:09 ui_data     :148  INFO     not shadowed spec={'display': {'coverage': 'full', 'note': 'Not available on selected board'}, 'source': {'subject': 'drive.configuration.peripherals.adc.voltage.a', 'operator': '!?', 'space': 'model', 'value': False}, 'name': 'adc', 'replacement': {'value': False}}
06-11 12:09 ui_data     :148  INFO     not shadowed spec={'display': {'coverage': 'full', 'note': 'Not available on selected board'}, 'source': {'subject': 'drive.configuration.peripherals.adc.voltage.b', 'operator': '!?', 'space': 'model', 'value': False}, 'name': 'adc', 'replacement': {'value': False}}
06-11 12:09 ui_data     :148  INFO     not shadowed spec={'display': {'coverage': 'full', 'note': 'Not available on selected board'}, 'source': {'subject': 'drive.configuration.peripherals.adc.voltage.c', 'operator': '!?', 'space': 'model', 'value': False}, 'name': 'adc', 'replacement': {'value': False}}
06-11 12:09 ui_data     :148  INFO     not shadowed spec={'display': {'coverage': 'full', 'note': 'Diagnostics UART not available on selected board'}, 'source': {'subject': 'drive.configuration.peripherals.uart', 'operator': '!?', 'space': 'model'}, 'name': 'uart', 'replacement': {'value': 'none'}}
06-11 12:09 init_data_model:473  INFO     code_generation_tag_map 2: {'estimator=ideal': False, 'deadtimecomp': u'none', 'estimator=pll': False, 'estimator=zsmt': False, 'flux_control': u'none', 'current_measure': u'dual_channel', 'estimator=smo': False, 'estimator=qei': False, 'estimator=minotaur': False, u'diagnostics': u'x2cscope', 'estimator=atpll': True, 'qei_sync': u'align', u'application': u'sample', 'startup': u'weathervane', 'dyn_current': u'none'}
06-11 12:09 init_data_model:108  INFO     Relocating None from None to velocity/fullscale
06-11 12:09 mcaf_parameters._init_manager:198  INFO     conditionally_declared_modules={'estimator=ideal': False, u'deadtimecomp=none': True, u'dyn_current=none': True, 'estimator=pll': False, u'diagnostics=x2cscope': True, 'estimator=zsmt': False, u'application=sample': True, 'estimator=smo': False, 'estimator=qei': False, 'estimator=minotaur': False, 'estimator=atpll': True, u'startup=weathervane': True, u'flux_control=none': True, u'qei_sync=align': True, u'current_measure=dual_channel': True}
06-11 12:09 mcaf_parameters._init_manager:154  INFO     Initializer audit: skip _common
06-11 12:09 mcaf_parameters._init_manager:154  INFO     Initializer audit: skip _estimator
06-11 12:09 mcaf_parameters._init_manager:154  INFO     Initializer audit: skip _init_manager
06-11 12:09 mcaf_parameters._init_manager:154  INFO     Initializer audit: skip _units
06-11 12:09 mcaf_parameters._init_manager:154  INFO     Initializer audit: use  adc
06-11 12:09 mcaf_parameters._init_manager:154  INFO     Initializer audit: use  atpll
06-11 12:09 mcaf_parameters._init_manager:154  INFO     Initializer audit: use  board_service
06-11 12:09 mcaf_parameters._init_manager:154  INFO     Initializer audit: skip current_measure
06-11 12:09 mcaf_parameters._init_manager:154  INFO     Initializer audit: skip deadtimecomp
06-11 12:09 mcaf_parameters._init_manager:154  INFO     Initializer audit: skip dyn_current1
06-11 12:09 mcaf_parameters._init_manager:154  INFO     Initializer audit: skip estimator_minotaur
06-11 12:09 mcaf_parameters._init_manager:154  INFO     Initializer audit: use  fault_detect
06-11 12:09 mcaf_parameters._init_manager:154  INFO     Initializer audit: skip flux_control
06-11 12:09 mcaf_parameters._init_manager:154  INFO     Initializer audit: use  foc
06-11 12:09 mcaf_parameters._init_manager:154  INFO     Initializer audit: use  hal
06-11 12:09 mcaf_parameters._init_manager:154  INFO     Initializer audit: use  mcapi
06-11 12:09 mcaf_parameters._init_manager:154  INFO     Initializer audit: use  motor
06-11 12:09 mcaf_parameters._init_manager:154  INFO     Initializer audit: use  operation
06-11 12:09 mcaf_parameters._init_manager:154  INFO     Initializer audit: use  outerloop
06-11 12:09 mcaf_parameters._init_manager:154  INFO     Initializer audit: use  overmodulation
06-11 12:09 mcaf_parameters._init_manager:154  INFO     Initializer audit: skip pll
06-11 12:09 mcaf_parameters._init_manager:154  INFO     Initializer audit: skip qei
06-11 12:09 mcaf_parameters._init_manager:154  INFO     Initializer audit: use  qei_sync
06-11 12:09 mcaf_parameters._init_manager:154  INFO     Initializer audit: use  recovery
06-11 12:09 mcaf_parameters._init_manager:154  INFO     Initializer audit: use  sat_pi
06-11 12:09 mcaf_parameters._init_manager:154  INFO     Initializer audit: skip smo
06-11 12:09 mcaf_parameters._init_manager:154  INFO     Initializer audit: use  startup
06-11 12:09 mcaf_parameters._init_manager:154  INFO     Initializer audit: use  timing
06-11 12:09 mcaf_parameters._init_manager:154  INFO     Initializer audit: skip zsmt
06-11 12:09 mcaf_parameters._init_manager:152  INFO     Initializer audit: adc.init_data_model=ok
06-11 12:09 mcaf_parameters._init_manager:152  INFO     Initializer audit: atpll.init_data_model=ok
06-11 12:09 mcaf_parameters._init_manager:152  INFO     Initializer audit: board_service.init_data_model=ok
06-11 12:09 mcaf_parameters._init_manager:152  INFO     Initializer audit: fault_detect.init_data_model=ok
06-11 12:09 mcaf_parameters._init_manager:152  INFO     Initializer audit: foc.init_data_model=ok
06-11 12:09 mcaf_parameters._init_manager:152  INFO     Initializer audit: hal.init_data_model=ok
06-11 12:09 mcaf_parameters._init_manager:152  INFO     Initializer audit: mcapi.init_data_model=ok
06-11 12:09 mcaf_parameters._init_manager:152  INFO     Initializer audit: motor.init_data_model=ok
06-11 12:09 mcaf_parameters._init_manager:152  INFO     Initializer audit: operation.init_data_model=absent
06-11 12:09 mcaf_parameters._init_manager:152  INFO     Initializer audit: outerloop.init_data_model=absent
06-11 12:09 mcaf_parameters._init_manager:152  INFO     Initializer audit: overmodulation.init_data_model=absent
06-11 12:09 mcaf_parameters._init_manager:152  INFO     Initializer audit: qei_sync.init_data_model=ok
06-11 12:09 mcaf_parameters._init_manager:152  INFO     Initializer audit: recovery.init_data_model=ok
06-11 12:09 mcaf_parameters._init_manager:152  INFO     Initializer audit: sat_pi.init_data_model=ok
06-11 12:09 mcaf_parameters._init_manager:152  INFO     Initializer audit: startup.init_data_model=ok
06-11 12:09 mcaf_parameters._init_manager:152  INFO     Initializer audit: timing.init_data_model=ok
06-11 12:09 mcaf_parameters._init_manager:243  INFO     Calculating parameters for mcaf_parameters.adc
06-11 12:09 mcaf_parameters._init_manager:243  INFO     Calculating parameters for mcaf_parameters.atpll
06-11 12:09 mcaf_parameters._init_manager:243  INFO     Calculating parameters for mcaf_parameters.board_service
06-11 12:09 mcaf_parameters._init_manager:243  INFO     Calculating parameters for mcaf_parameters.fault_detect
06-11 12:09 mcaf_parameters._init_manager:243  INFO     Calculating parameters for mcaf_parameters.foc
06-11 12:09 mcaf_parameters._init_manager:243  INFO     Calculating parameters for mcaf_parameters.hal
06-11 12:09 mcaf_parameters._init_manager:243  INFO     Calculating parameters for mcaf_parameters.mcapi
06-11 12:09 mcaf_parameters._init_manager:243  INFO     Calculating parameters for mcaf_parameters.motor
06-11 12:09 mcaf_parameters._init_manager:243  INFO     Calculating parameters for mcaf_parameters.operation
06-11 12:09 mcaf_parameters._init_manager:243  INFO     Calculating parameters for mcaf_parameters.outerloop
06-11 12:09 mcaf_parameters._init_manager:243  INFO     Calculating parameters for mcaf_parameters.overmodulation
06-11 12:09 mcaf_parameters._init_manager:243  INFO     Calculating parameters for mcaf_parameters.recovery
06-11 12:09 mcaf_parameters._init_manager:243  INFO     Calculating parameters for mcaf_parameters.startup
06-11 12:09 mcaf_parameters._init_manager:243  INFO     Calculating parameters for mcaf_parameters.timing
06-11 12:09 mcaf_parameters._init_manager:152  INFO     Initializer audit: adc.calculate_parameters=ok
06-11 12:09 mcaf_parameters._init_manager:152  INFO     Initializer audit: atpll.calculate_parameters=ok
06-11 12:09 mcaf_parameters._init_manager:152  INFO     Initializer audit: board_service.calculate_parameters=ok
06-11 12:09 mcaf_parameters._init_manager:152  INFO     Initializer audit: fault_detect.calculate_parameters=ok
06-11 12:09 mcaf_parameters._init_manager:152  INFO     Initializer audit: foc.calculate_parameters=ok
06-11 12:09 mcaf_parameters._init_manager:152  INFO     Initializer audit: hal.calculate_parameters=ok
06-11 12:09 mcaf_parameters._init_manager:152  INFO     Initializer audit: mcapi.calculate_parameters=ok
06-11 12:09 mcaf_parameters._init_manager:152  INFO     Initializer audit: motor.calculate_parameters=ok
06-11 12:09 mcaf_parameters._init_manager:152  INFO     Initializer audit: operation.calculate_parameters=ok
06-11 12:09 mcaf_parameters._init_manager:152  INFO     Initializer audit: outerloop.calculate_parameters=ok
06-11 12:09 mcaf_parameters._init_manager:152  INFO     Initializer audit: overmodulation.calculate_parameters=ok
06-11 12:09 mcaf_parameters._init_manager:152  INFO     Initializer audit: qei_sync.calculate_parameters=absent
06-11 12:09 mcaf_parameters._init_manager:152  INFO     Initializer audit: recovery.calculate_parameters=ok
06-11 12:09 mcaf_parameters._init_manager:152  INFO     Initializer audit: sat_pi.calculate_parameters=absent
06-11 12:09 mcaf_parameters._init_manager:152  INFO     Initializer audit: startup.calculate_parameters=ok
06-11 12:09 mcaf_parameters._init_manager:152  INFO     Initializer audit: timing.calculate_parameters=ok
06-11 12:09 mcaf_parameters._init_manager:152  INFO     Initializer audit: adc.annotate_parameters=ok
06-11 12:09 mcaf_parameters._init_manager:152  INFO     Initializer audit: atpll.annotate_parameters=ok
06-11 12:09 mcaf_parameters._init_manager:152  INFO     Initializer audit: board_service.annotate_parameters=ok
06-11 12:09 mcaf_parameters._init_manager:152  INFO     Initializer audit: fault_detect.annotate_parameters=ok
06-11 12:09 mcaf_parameters._init_manager:152  INFO     Initializer audit: foc.annotate_parameters=ok
06-11 12:09 mcaf_parameters._init_manager:152  INFO     Initializer audit: hal.annotate_parameters=ok
06-11 12:09 mcaf_parameters._init_manager:152  INFO     Initializer audit: mcapi.annotate_parameters=ok
06-11 12:09 mcaf_parameters._init_manager:152  INFO     Initializer audit: motor.annotate_parameters=ok
06-11 12:09 mcaf_parameters._init_manager:152  INFO     Initializer audit: operation.annotate_parameters=ok
06-11 12:09 mcaf_parameters._init_manager:152  INFO     Initializer audit: outerloop.annotate_parameters=absent
06-11 12:09 mcaf_parameters._init_manager:152  INFO     Initializer audit: overmodulation.annotate_parameters=ok
06-11 12:09 mcaf_parameters._init_manager:152  INFO     Initializer audit: qei_sync.annotate_parameters=absent
06-11 12:09 mcaf_parameters._init_manager:152  INFO     Initializer audit: recovery.annotate_parameters=ok
06-11 12:09 mcaf_parameters._init_manager:152  INFO     Initializer audit: sat_pi.annotate_parameters=ok
06-11 12:09 mcaf_parameters._init_manager:152  INFO     Initializer audit: startup.annotate_parameters=ok
06-11 12:09 mcaf_parameters._init_manager:152  INFO     Initializer audit: timing.annotate_parameters=ok
06-11 12:11 motorbench_logging:28   INFO     --------------------------------------------------------------------------------
06-11 12:11 motorbench_logging:29   INFO     Logging setup complete (2026-06-11T10:11:01.857000)
06-11 12:11 motorbench_logging:31   INFO     logdir_source=motorBench, logdir=C:\___data\_GIT\droneESC\fw\cdvc_drone_racestar.X\motorbench\log\
06-11 12:11 init_data_model:466  INFO     code_generation_tag_map 1: {u'diagnostics': u'x2cscope', u'application': u'sample'}
06-11 12:11 ui_data     :148  INFO     not shadowed spec={'display': {'note': 'Primary estimator'}, 'source': 'state:estimator-type=pll', 'name': 'estimator', 'replacement': {'value': True}}
06-11 12:11 ui_data     :148  INFO     not shadowed spec={'display': {'note': 'Primary estimator'}, 'source': 'state:estimator-type=smo', 'name': 'estimator', 'replacement': {'value': True}}
06-11 12:11 ui_data     :148  INFO     not shadowed spec={'display': {'note': 'Primary estimator'}, 'source': 'state:estimator-type=qei', 'name': 'estimator', 'replacement': {'value': True}}
06-11 12:11 ui_data     :161  INFO     shadowed: replacement=True spec={'display': {'note': 'Primary estimator'}, 'source': 'state:estimator-type=atpll', 'name': 'estimator', 'replacement': {'value': True}}
06-11 12:11 ui_data     :148  INFO     not shadowed spec={'display': {'note': 'Primary estimator'}, 'source': 'state:estimator-type=zsmt', 'name': 'estimator', 'replacement': {'value': True}}
06-11 12:11 ui_data     :148  INFO     not shadowed spec={'display': {'note': 'Primary estimator'}, 'source': 'state:estimator-type=ideal', 'name': 'estimator', 'replacement': {'value': True}}
06-11 12:11 ui_data     :161  INFO     shadowed: replacement=False spec={'display': {'coverage': 'full', 'note': 'Not available on selected board'}, 'source': {'subject': 'drive.configuration.peripherals.adc.other.bridgeTemperature', 'operator': '!?', 'space': 'model', 'value': False}, 'name': 'adc', 'replacement': {'value': False}}
06-11 12:11 ui_data     :161  INFO     shadowed: replacement=False spec={'display': {'coverage': 'full', 'note': 'Not available on selected board'}, 'source': {'subject': 'drive.configuration.peripherals.adc.voltage.absoluteReference', 'operator': '!?', 'space': 'model', 'value': False}, 'name': 'adc', 'replacement': {'value': False}}
06-11 12:11 ui_data     :148  INFO     not shadowed spec={'display': {'coverage': 'full', 'note': 'Not available on selected board'}, 'source': {'subject': 'drive.configuration.peripherals.adc.voltage.a', 'operator': '!?', 'space': 'model', 'value': False}, 'name': 'adc', 'replacement': {'value': False}}
06-11 12:11 ui_data     :148  INFO     not shadowed spec={'display': {'coverage': 'full', 'note': 'Not available on selected board'}, 'source': {'subject': 'drive.configuration.peripherals.adc.voltage.b', 'operator': '!?', 'space': 'model', 'value': False}, 'name': 'adc', 'replacement': {'value': False}}
06-11 12:11 ui_data     :148  INFO     not shadowed spec={'display': {'coverage': 'full', 'note': 'Not available on selected board'}, 'source': {'subject': 'drive.configuration.peripherals.adc.voltage.c', 'operator': '!?', 'space': 'model', 'value': False}, 'name': 'adc', 'replacement': {'value': False}}
06-11 12:11 ui_data     :148  INFO     not shadowed spec={'display': {'coverage': 'full', 'note': 'Diagnostics UART not available on selected board'}, 'source': {'subject': 'drive.configuration.peripherals.uart', 'operator': '!?', 'space': 'model'}, 'name': 'uart', 'replacement': {'value': 'none'}}
06-11 12:11 init_data_model:473  INFO     code_generation_tag_map 2: {'estimator=ideal': False, 'deadtimecomp': u'none', 'estimator=pll': False, 'estimator=zsmt': False, 'flux_control': u'none', 'current_measure': u'dual_channel', 'estimator=smo': False, 'estimator=qei': False, 'estimator=minotaur': False, u'diagnostics': u'x2cscope', 'estimator=atpll': True, 'qei_sync': u'align', u'application': u'sample', 'startup': u'weathervane', 'dyn_current': u'none'}
06-11 12:11 init_data_model:108  INFO     Relocating None from None to velocity/fullscale
06-11 12:11 mcaf_parameters._init_manager:198  INFO     conditionally_declared_modules={'estimator=ideal': False, u'deadtimecomp=none': True, u'dyn_current=none': True, 'estimator=pll': False, u'diagnostics=x2cscope': True, 'estimator=zsmt': False, u'application=sample': True, 'estimator=smo': False, 'estimator=qei': False, 'estimator=minotaur': False, 'estimator=atpll': True, u'startup=weathervane': True, u'flux_control=none': True, u'qei_sync=align': True, u'current_measure=dual_channel': True}
06-11 12:11 mcaf_parameters._init_manager:154  INFO     Initializer audit: skip _common
06-11 12:11 mcaf_parameters._init_manager:154  INFO     Initializer audit: skip _estimator
06-11 12:11 mcaf_parameters._init_manager:154  INFO     Initializer audit: skip _init_manager
06-11 12:11 mcaf_parameters._init_manager:154  INFO     Initializer audit: skip _units
06-11 12:11 mcaf_parameters._init_manager:154  INFO     Initializer audit: use  adc
06-11 12:11 mcaf_parameters._init_manager:154  INFO     Initializer audit: use  atpll
06-11 12:11 mcaf_parameters._init_manager:154  INFO     Initializer audit: use  board_service
06-11 12:11 mcaf_parameters._init_manager:154  INFO     Initializer audit: skip current_measure
06-11 12:11 mcaf_parameters._init_manager:154  INFO     Initializer audit: skip deadtimecomp
06-11 12:11 mcaf_parameters._init_manager:154  INFO     Initializer audit: skip dyn_current1
06-11 12:11 mcaf_parameters._init_manager:154  INFO     Initializer audit: skip estimator_minotaur
06-11 12:11 mcaf_parameters._init_manager:154  INFO     Initializer audit: use  fault_detect
06-11 12:11 mcaf_parameters._init_manager:154  INFO     Initializer audit: skip flux_control
06-11 12:11 mcaf_parameters._init_manager:154  INFO     Initializer audit: use  foc
06-11 12:11 mcaf_parameters._init_manager:154  INFO     Initializer audit: use  hal
06-11 12:11 mcaf_parameters._init_manager:154  INFO     Initializer audit: use  mcapi
06-11 12:11 mcaf_parameters._init_manager:154  INFO     Initializer audit: use  motor
06-11 12:11 mcaf_parameters._init_manager:154  INFO     Initializer audit: use  operation
06-11 12:11 mcaf_parameters._init_manager:154  INFO     Initializer audit: use  outerloop
06-11 12:11 mcaf_parameters._init_manager:154  INFO     Initializer audit: use  overmodulation
06-11 12:11 mcaf_parameters._init_manager:154  INFO     Initializer audit: skip pll
06-11 12:11 mcaf_parameters._init_manager:154  INFO     Initializer audit: skip qei
06-11 12:11 mcaf_parameters._init_manager:154  INFO     Initializer audit: use  qei_sync
06-11 12:11 mcaf_parameters._init_manager:154  INFO     Initializer audit: use  recovery
06-11 12:11 mcaf_parameters._init_manager:154  INFO     Initializer audit: use  sat_pi
06-11 12:11 mcaf_parameters._init_manager:154  INFO     Initializer audit: skip smo
06-11 12:11 mcaf_parameters._init_manager:154  INFO     Initializer audit: use  startup
06-11 12:11 mcaf_parameters._init_manager:154  INFO     Initializer audit: use  timing
06-11 12:11 mcaf_parameters._init_manager:154  INFO     Initializer audit: skip zsmt
06-11 12:11 mcaf_parameters._init_manager:152  INFO     Initializer audit: adc.init_data_model=ok
06-11 12:11 mcaf_parameters._init_manager:152  INFO     Initializer audit: atpll.init_data_model=ok
06-11 12:11 mcaf_parameters._init_manager:152  INFO     Initializer audit: board_service.init_data_model=ok
06-11 12:11 mcaf_parameters._init_manager:152  INFO     Initializer audit: fault_detect.init_data_model=ok
06-11 12:11 mcaf_parameters._init_manager:152  INFO     Initializer audit: foc.init_data_model=ok
06-11 12:11 mcaf_parameters._init_manager:152  INFO     Initializer audit: hal.init_data_model=ok
06-11 12:11 mcaf_parameters._init_manager:152  INFO     Initializer audit: mcapi.init_data_model=ok
06-11 12:11 mcaf_parameters._init_manager:152  INFO     Initializer audit: motor.init_data_model=ok
06-11 12:11 mcaf_parameters._init_manager:152  INFO     Initializer audit: operation.init_data_model=absent
06-11 12:11 mcaf_parameters._init_manager:152  INFO     Initializer audit: outerloop.init_data_model=absent
06-11 12:11 mcaf_parameters._init_manager:152  INFO     Initializer audit: overmodulation.init_data_model=absent
06-11 12:11 mcaf_parameters._init_manager:152  INFO     Initializer audit: qei_sync.init_data_model=ok
06-11 12:11 mcaf_parameters._init_manager:152  INFO     Initializer audit: recovery.init_data_model=ok
06-11 12:11 mcaf_parameters._init_manager:152  INFO     Initializer audit: sat_pi.init_data_model=ok
06-11 12:11 mcaf_parameters._init_manager:152  INFO     Initializer audit: startup.init_data_model=ok
06-11 12:11 mcaf_parameters._init_manager:152  INFO     Initializer audit: timing.init_data_model=ok
06-11 12:11 mcaf_parameters._init_manager:243  INFO     Calculating parameters for mcaf_parameters.adc
06-11 12:11 mcaf_parameters._init_manager:243  INFO     Calculating parameters for mcaf_parameters.atpll
06-11 12:11 mcaf_parameters._init_manager:243  INFO     Calculating parameters for mcaf_parameters.board_service
06-11 12:11 mcaf_parameters._init_manager:243  INFO     Calculating parameters for mcaf_parameters.fault_detect
06-11 12:11 mcaf_parameters._init_manager:243  INFO     Calculating parameters for mcaf_parameters.foc
06-11 12:11 mcaf_parameters._init_manager:243  INFO     Calculating parameters for mcaf_parameters.hal
06-11 12:11 mcaf_parameters._init_manager:243  INFO     Calculating parameters for mcaf_parameters.mcapi
06-11 12:11 mcaf_parameters._init_manager:243  INFO     Calculating parameters for mcaf_parameters.motor
06-11 12:11 mcaf_parameters._init_manager:243  INFO     Calculating parameters for mcaf_parameters.operation
06-11 12:11 mcaf_parameters._init_manager:243  INFO     Calculating parameters for mcaf_parameters.outerloop
06-11 12:11 mcaf_parameters._init_manager:243  INFO     Calculating parameters for mcaf_parameters.overmodulation
06-11 12:11 mcaf_parameters._init_manager:243  INFO     Calculating parameters for mcaf_parameters.recovery
06-11 12:11 mcaf_parameters._init_manager:243  INFO     Calculating parameters for mcaf_parameters.startup
06-11 12:11 mcaf_parameters._init_manager:243  INFO     Calculating parameters for mcaf_parameters.timing
06-11 12:11 mcaf_parameters._init_manager:152  INFO     Initializer audit: adc.calculate_parameters=ok
06-11 12:11 mcaf_parameters._init_manager:152  INFO     Initializer audit: atpll.calculate_parameters=ok
06-11 12:11 mcaf_parameters._init_manager:152  INFO     Initializer audit: board_service.calculate_parameters=ok
06-11 12:11 mcaf_parameters._init_manager:152  INFO     Initializer audit: fault_detect.calculate_parameters=ok
06-11 12:11 mcaf_parameters._init_manager:152  INFO     Initializer audit: foc.calculate_parameters=ok
06-11 12:11 mcaf_parameters._init_manager:152  INFO     Initializer audit: hal.calculate_parameters=ok
06-11 12:11 mcaf_parameters._init_manager:152  INFO     Initializer audit: mcapi.calculate_parameters=ok
06-11 12:11 mcaf_parameters._init_manager:152  INFO     Initializer audit: motor.calculate_parameters=ok
06-11 12:11 mcaf_parameters._init_manager:152  INFO     Initializer audit: operation.calculate_parameters=ok
06-11 12:11 mcaf_parameters._init_manager:152  INFO     Initializer audit: outerloop.calculate_parameters=ok
06-11 12:11 mcaf_parameters._init_manager:152  INFO     Initializer audit: overmodulation.calculate_parameters=ok
06-11 12:11 mcaf_parameters._init_manager:152  INFO     Initializer audit: qei_sync.calculate_parameters=absent
06-11 12:11 mcaf_parameters._init_manager:152  INFO     Initializer audit: recovery.calculate_parameters=ok
06-11 12:11 mcaf_parameters._init_manager:152  INFO     Initializer audit: sat_pi.calculate_parameters=absent
06-11 12:11 mcaf_parameters._init_manager:152  INFO     Initializer audit: startup.calculate_parameters=ok
06-11 12:11 mcaf_parameters._init_manager:152  INFO     Initializer audit: timing.calculate_parameters=ok
06-11 12:11 mcaf_parameters._init_manager:152  INFO     Initializer audit: adc.annotate_parameters=ok
06-11 12:11 mcaf_parameters._init_manager:152  INFO     Initializer audit: atpll.annotate_parameters=ok
06-11 12:11 mcaf_parameters._init_manager:152  INFO     Initializer audit: board_service.annotate_parameters=ok
06-11 12:11 mcaf_parameters._init_manager:152  INFO     Initializer audit: fault_detect.annotate_parameters=ok
06-11 12:11 mcaf_parameters._init_manager:152  INFO     Initializer audit: foc.annotate_parameters=ok
06-11 12:11 mcaf_parameters._init_manager:152  INFO     Initializer audit: hal.annotate_parameters=ok
06-11 12:11 mcaf_parameters._init_manager:152  INFO     Initializer audit: mcapi.annotate_parameters=ok
06-11 12:11 mcaf_parameters._init_manager:152  INFO     Initializer audit: motor.annotate_parameters=ok
06-11 12:11 mcaf_parameters._init_manager:152  INFO     Initializer audit: operation.annotate_parameters=ok
06-11 12:11 mcaf_parameters._init_manager:152  INFO     Initializer audit: outerloop.annotate_parameters=absent
06-11 12:11 mcaf_parameters._init_manager:152  INFO     Initializer audit: overmodulation.annotate_parameters=ok
06-11 12:11 mcaf_parameters._init_manager:152  INFO     Initializer audit: qei_sync.annotate_parameters=absent
06-11 12:11 mcaf_parameters._init_manager:152  INFO     Initializer audit: recovery.annotate_parameters=ok
06-11 12:11 mcaf_parameters._init_manager:152  INFO     Initializer audit: sat_pi.annotate_parameters=ok
06-11 12:11 mcaf_parameters._init_manager:152  INFO     Initializer audit: startup.annotate_parameters=ok
06-11 12:11 mcaf_parameters._init_manager:152  INFO     Initializer audit: timing.annotate_parameters=ok
06-11 12:12 motorbench_logging:28   INFO     --------------------------------------------------------------------------------
06-11 12:12 motorbench_logging:29   INFO     Logging setup complete (2026-06-11T10:12:54.210000)
06-11 12:12 motorbench_logging:31   INFO     logdir_source=motorBench, logdir=C:\___data\_GIT\droneESC\fw\cdvc_drone_racestar.X\motorbench\log\
06-11 12:12 init_data_model:466  INFO     code_generation_tag_map 1: {u'diagnostics': u'x2cscope', u'application': u'sample'}
06-11 12:12 ui_data     :148  INFO     not shadowed spec={'display': {'note': 'Primary estimator'}, 'source': 'state:estimator-type=pll', 'name': 'estimator', 'replacement': {'value': True}}
06-11 12:12 ui_data     :148  INFO     not shadowed spec={'display': {'note': 'Primary estimator'}, 'source': 'state:estimator-type=smo', 'name': 'estimator', 'replacement': {'value': True}}
06-11 12:12 ui_data     :148  INFO     not shadowed spec={'display': {'note': 'Primary estimator'}, 'source': 'state:estimator-type=qei', 'name': 'estimator', 'replacement': {'value': True}}
06-11 12:12 ui_data     :161  INFO     shadowed: replacement=True spec={'display': {'note': 'Primary estimator'}, 'source': 'state:estimator-type=atpll', 'name': 'estimator', 'replacement': {'value': True}}
06-11 12:12 ui_data     :148  INFO     not shadowed spec={'display': {'note': 'Primary estimator'}, 'source': 'state:estimator-type=zsmt', 'name': 'estimator', 'replacement': {'value': True}}
06-11 12:12 ui_data     :148  INFO     not shadowed spec={'display': {'note': 'Primary estimator'}, 'source': 'state:estimator-type=ideal', 'name': 'estimator', 'replacement': {'value': True}}
06-11 12:12 ui_data     :161  INFO     shadowed: replacement=False spec={'display': {'coverage': 'full', 'note': 'Not available on selected board'}, 'source': {'subject': 'drive.configuration.peripherals.adc.other.bridgeTemperature', 'operator': '!?', 'space': 'model', 'value': False}, 'name': 'adc', 'replacement': {'value': False}}
06-11 12:12 ui_data     :161  INFO     shadowed: replacement=False spec={'display': {'coverage': 'full', 'note': 'Not available on selected board'}, 'source': {'subject': 'drive.configuration.peripherals.adc.voltage.absoluteReference', 'operator': '!?', 'space': 'model', 'value': False}, 'name': 'adc', 'replacement': {'value': False}}
06-11 12:12 ui_data     :148  INFO     not shadowed spec={'display': {'coverage': 'full', 'note': 'Not available on selected board'}, 'source': {'subject': 'drive.configuration.peripherals.adc.voltage.a', 'operator': '!?', 'space': 'model', 'value': False}, 'name': 'adc', 'replacement': {'value': False}}
06-11 12:12 ui_data     :148  INFO     not shadowed spec={'display': {'coverage': 'full', 'note': 'Not available on selected board'}, 'source': {'subject': 'drive.configuration.peripherals.adc.voltage.b', 'operator': '!?', 'space': 'model', 'value': False}, 'name': 'adc', 'replacement': {'value': False}}
06-11 12:12 ui_data     :148  INFO     not shadowed spec={'display': {'coverage': 'full', 'note': 'Not available on selected board'}, 'source': {'subject': 'drive.configuration.peripherals.adc.voltage.c', 'operator': '!?', 'space': 'model', 'value': False}, 'name': 'adc', 'replacement': {'value': False}}
06-11 12:12 ui_data     :148  INFO     not shadowed spec={'display': {'coverage': 'full', 'note': 'Diagnostics UART not available on selected board'}, 'source': {'subject': 'drive.configuration.peripherals.uart', 'operator': '!?', 'space': 'model'}, 'name': 'uart', 'replacement': {'value': 'none'}}
06-11 12:12 init_data_model:473  INFO     code_generation_tag_map 2: {'estimator=ideal': False, 'deadtimecomp': u'none', 'estimator=pll': False, 'estimator=zsmt': False, 'flux_control': u'none', 'current_measure': u'dual_channel', 'estimator=smo': False, 'estimator=qei': False, 'estimator=minotaur': False, u'diagnostics': u'x2cscope', 'estimator=atpll': True, 'qei_sync': u'align', u'application': u'sample', 'startup': u'weathervane', 'dyn_current': u'none'}
06-11 12:12 init_data_model:108  INFO     Relocating None from None to velocity/fullscale
06-11 12:12 mcaf_parameters._init_manager:198  INFO     conditionally_declared_modules={'estimator=ideal': False, u'deadtimecomp=none': True, u'dyn_current=none': True, 'estimator=pll': False, u'diagnostics=x2cscope': True, 'estimator=zsmt': False, u'application=sample': True, 'estimator=smo': False, 'estimator=qei': False, 'estimator=minotaur': False, 'estimator=atpll': True, u'startup=weathervane': True, u'flux_control=none': True, u'qei_sync=align': True, u'current_measure=dual_channel': True}
06-11 12:12 mcaf_parameters._init_manager:154  INFO     Initializer audit: skip _common
06-11 12:12 mcaf_parameters._init_manager:154  INFO     Initializer audit: skip _estimator
06-11 12:12 mcaf_parameters._init_manager:154  INFO     Initializer audit: skip _init_manager
06-11 12:12 mcaf_parameters._init_manager:154  INFO     Initializer audit: skip _units
06-11 12:12 mcaf_parameters._init_manager:154  INFO     Initializer audit: use  adc
06-11 12:12 mcaf_parameters._init_manager:154  INFO     Initializer audit: use  atpll
06-11 12:12 mcaf_parameters._init_manager:154  INFO     Initializer audit: use  board_service
06-11 12:12 mcaf_parameters._init_manager:154  INFO     Initializer audit: skip current_measure
06-11 12:12 mcaf_parameters._init_manager:154  INFO     Initializer audit: skip deadtimecomp
06-11 12:12 mcaf_parameters._init_manager:154  INFO     Initializer audit: skip dyn_current1
06-11 12:12 mcaf_parameters._init_manager:154  INFO     Initializer audit: skip estimator_minotaur
06-11 12:12 mcaf_parameters._init_manager:154  INFO     Initializer audit: use  fault_detect
06-11 12:12 mcaf_parameters._init_manager:154  INFO     Initializer audit: skip flux_control
06-11 12:12 mcaf_parameters._init_manager:154  INFO     Initializer audit: use  foc
06-11 12:12 mcaf_parameters._init_manager:154  INFO     Initializer audit: use  hal
06-11 12:12 mcaf_parameters._init_manager:154  INFO     Initializer audit: use  mcapi
06-11 12:12 mcaf_parameters._init_manager:154  INFO     Initializer audit: use  motor
06-11 12:12 mcaf_parameters._init_manager:154  INFO     Initializer audit: use  operation
06-11 12:12 mcaf_parameters._init_manager:154  INFO     Initializer audit: use  outerloop
06-11 12:12 mcaf_parameters._init_manager:154  INFO     Initializer audit: use  overmodulation
06-11 12:12 mcaf_parameters._init_manager:154  INFO     Initializer audit: skip pll
06-11 12:12 mcaf_parameters._init_manager:154  INFO     Initializer audit: skip qei
06-11 12:12 mcaf_parameters._init_manager:154  INFO     Initializer audit: use  qei_sync
06-11 12:12 mcaf_parameters._init_manager:154  INFO     Initializer audit: use  recovery
06-11 12:12 mcaf_parameters._init_manager:154  INFO     Initializer audit: use  sat_pi
06-11 12:12 mcaf_parameters._init_manager:154  INFO     Initializer audit: skip smo
06-11 12:12 mcaf_parameters._init_manager:154  INFO     Initializer audit: use  startup
06-11 12:12 mcaf_parameters._init_manager:154  INFO     Initializer audit: use  timing
06-11 12:12 mcaf_parameters._init_manager:154  INFO     Initializer audit: skip zsmt
06-11 12:12 mcaf_parameters._init_manager:152  INFO     Initializer audit: adc.init_data_model=ok
06-11 12:12 mcaf_parameters._init_manager:152  INFO     Initializer audit: atpll.init_data_model=ok
06-11 12:12 mcaf_parameters._init_manager:152  INFO     Initializer audit: board_service.init_data_model=ok
06-11 12:12 mcaf_parameters._init_manager:152  INFO     Initializer audit: fault_detect.init_data_model=ok
06-11 12:12 mcaf_parameters._init_manager:152  INFO     Initializer audit: foc.init_data_model=ok
06-11 12:12 mcaf_parameters._init_manager:152  INFO     Initializer audit: hal.init_data_model=ok
06-11 12:12 mcaf_parameters._init_manager:152  INFO     Initializer audit: mcapi.init_data_model=ok
06-11 12:12 mcaf_parameters._init_manager:152  INFO     Initializer audit: motor.init_data_model=ok
06-11 12:12 mcaf_parameters._init_manager:152  INFO     Initializer audit: operation.init_data_model=absent
06-11 12:12 mcaf_parameters._init_manager:152  INFO     Initializer audit: outerloop.init_data_model=absent
06-11 12:12 mcaf_parameters._init_manager:152  INFO     Initializer audit: overmodulation.init_data_model=absent
06-11 12:12 mcaf_parameters._init_manager:152  INFO     Initializer audit: qei_sync.init_data_model=ok
06-11 12:12 mcaf_parameters._init_manager:152  INFO     Initializer audit: recovery.init_data_model=ok
06-11 12:12 mcaf_parameters._init_manager:152  INFO     Initializer audit: sat_pi.init_data_model=ok
06-11 12:12 mcaf_parameters._init_manager:152  INFO     Initializer audit: startup.init_data_model=ok
06-11 12:12 mcaf_parameters._init_manager:152  INFO     Initializer audit: timing.init_data_model=ok
06-11 12:12 mcaf_parameters._init_manager:243  INFO     Calculating parameters for mcaf_parameters.adc
06-11 12:12 mcaf_parameters._init_manager:243  INFO     Calculating parameters for mcaf_parameters.atpll
06-11 12:12 mcaf_parameters._init_manager:243  INFO     Calculating parameters for mcaf_parameters.board_service
06-11 12:12 mcaf_parameters._init_manager:243  INFO     Calculating parameters for mcaf_parameters.fault_detect
06-11 12:12 mcaf_parameters._init_manager:243  INFO     Calculating parameters for mcaf_parameters.foc
06-11 12:12 mcaf_parameters._init_manager:243  INFO     Calculating parameters for mcaf_parameters.hal
06-11 12:12 mcaf_parameters._init_manager:243  INFO     Calculating parameters for mcaf_parameters.mcapi
06-11 12:12 mcaf_parameters._init_manager:243  INFO     Calculating parameters for mcaf_parameters.motor
06-11 12:12 mcaf_parameters._init_manager:243  INFO     Calculating parameters for mcaf_parameters.operation
06-11 12:12 mcaf_parameters._init_manager:243  INFO     Calculating parameters for mcaf_parameters.outerloop
06-11 12:12 mcaf_parameters._init_manager:243  INFO     Calculating parameters for mcaf_parameters.overmodulation
06-11 12:12 mcaf_parameters._init_manager:243  INFO     Calculating parameters for mcaf_parameters.recovery
06-11 12:12 mcaf_parameters._init_manager:243  INFO     Calculating parameters for mcaf_parameters.startup
06-11 12:12 mcaf_parameters._init_manager:243  INFO     Calculating parameters for mcaf_parameters.timing
06-11 12:12 mcaf_parameters._init_manager:152  INFO     Initializer audit: adc.calculate_parameters=ok
06-11 12:12 mcaf_parameters._init_manager:152  INFO     Initializer audit: atpll.calculate_parameters=ok
06-11 12:12 mcaf_parameters._init_manager:152  INFO     Initializer audit: board_service.calculate_parameters=ok
06-11 12:12 mcaf_parameters._init_manager:152  INFO     Initializer audit: fault_detect.calculate_parameters=ok
06-11 12:12 mcaf_parameters._init_manager:152  INFO     Initializer audit: foc.calculate_parameters=ok
06-11 12:12 mcaf_parameters._init_manager:152  INFO     Initializer audit: hal.calculate_parameters=ok
06-11 12:12 mcaf_parameters._init_manager:152  INFO     Initializer audit: mcapi.calculate_parameters=ok
06-11 12:12 mcaf_parameters._init_manager:152  INFO     Initializer audit: motor.calculate_parameters=ok
06-11 12:12 mcaf_parameters._init_manager:152  INFO     Initializer audit: operation.calculate_parameters=ok
06-11 12:12 mcaf_parameters._init_manager:152  INFO     Initializer audit: outerloop.calculate_parameters=ok
06-11 12:12 mcaf_parameters._init_manager:152  INFO     Initializer audit: overmodulation.calculate_parameters=ok
06-11 12:12 mcaf_parameters._init_manager:152  INFO     Initializer audit: qei_sync.calculate_parameters=absent
06-11 12:12 mcaf_parameters._init_manager:152  INFO     Initializer audit: recovery.calculate_parameters=ok
06-11 12:12 mcaf_parameters._init_manager:152  INFO     Initializer audit: sat_pi.calculate_parameters=absent
06-11 12:12 mcaf_parameters._init_manager:152  INFO     Initializer audit: startup.calculate_parameters=ok
06-11 12:12 mcaf_parameters._init_manager:152  INFO     Initializer audit: timing.calculate_parameters=ok
06-11 12:12 mcaf_parameters._init_manager:152  INFO     Initializer audit: adc.annotate_parameters=ok
06-11 12:12 mcaf_parameters._init_manager:152  INFO     Initializer audit: atpll.annotate_parameters=ok
06-11 12:12 mcaf_parameters._init_manager:152  INFO     Initializer audit: board_service.annotate_parameters=ok
06-11 12:12 mcaf_parameters._init_manager:152  INFO     Initializer audit: fault_detect.annotate_parameters=ok
06-11 12:12 mcaf_parameters._init_manager:152  INFO     Initializer audit: foc.annotate_parameters=ok
06-11 12:12 mcaf_parameters._init_manager:152  INFO     Initializer audit: hal.annotate_parameters=ok
06-11 12:12 mcaf_parameters._init_manager:152  INFO     Initializer audit: mcapi.annotate_parameters=ok
06-11 12:12 mcaf_parameters._init_manager:152  INFO     Initializer audit: motor.annotate_parameters=ok
06-11 12:12 mcaf_parameters._init_manager:152  INFO     Initializer audit: operation.annotate_parameters=ok
06-11 12:12 mcaf_parameters._init_manager:152  INFO     Initializer audit: outerloop.annotate_parameters=absent
06-11 12:12 mcaf_parameters._init_manager:152  INFO     Initializer audit: overmodulation.annotate_parameters=ok
06-11 12:12 mcaf_parameters._init_manager:152  INFO     Initializer audit: qei_sync.annotate_parameters=absent
06-11 12:12 mcaf_parameters._init_manager:152  INFO     Initializer audit: recovery.annotate_parameters=ok
06-11 12:12 mcaf_parameters._init_manager:152  INFO     Initializer audit: sat_pi.annotate_parameters=ok
06-11 12:12 mcaf_parameters._init_manager:152  INFO     Initializer audit: startup.annotate_parameters=ok
06-11 12:12 mcaf_parameters._init_manager:152  INFO     Initializer audit: timing.annotate_parameters=ok
06-11 12:17 motorbench_logging:28   INFO     --------------------------------------------------------------------------------
06-11 12:17 motorbench_logging:29   INFO     Logging setup complete (2026-06-11T10:17:11.056999)
06-11 12:17 motorbench_logging:31   INFO     logdir_source=motorBench, logdir=C:\___data\_GIT\droneESC\fw\cdvc_drone_racestar.X\motorbench\log\
06-11 12:17 init_data_model:466  INFO     code_generation_tag_map 1: {u'diagnostics': u'x2cscope', u'application': u'sample'}
06-11 12:17 ui_data     :148  INFO     not shadowed spec={'display': {'note': 'Primary estimator'}, 'source': 'state:estimator-type=pll', 'name': 'estimator', 'replacement': {'value': True}}
06-11 12:17 ui_data     :148  INFO     not shadowed spec={'display': {'note': 'Primary estimator'}, 'source': 'state:estimator-type=smo', 'name': 'estimator', 'replacement': {'value': True}}
06-11 12:17 ui_data     :148  INFO     not shadowed spec={'display': {'note': 'Primary estimator'}, 'source': 'state:estimator-type=qei', 'name': 'estimator', 'replacement': {'value': True}}
06-11 12:17 ui_data     :161  INFO     shadowed: replacement=True spec={'display': {'note': 'Primary estimator'}, 'source': 'state:estimator-type=atpll', 'name': 'estimator', 'replacement': {'value': True}}
06-11 12:17 ui_data     :148  INFO     not shadowed spec={'display': {'note': 'Primary estimator'}, 'source': 'state:estimator-type=zsmt', 'name': 'estimator', 'replacement': {'value': True}}
06-11 12:17 ui_data     :148  INFO     not shadowed spec={'display': {'note': 'Primary estimator'}, 'source': 'state:estimator-type=ideal', 'name': 'estimator', 'replacement': {'value': True}}
06-11 12:17 ui_data     :161  INFO     shadowed: replacement=False spec={'display': {'coverage': 'full', 'note': 'Not available on selected board'}, 'source': {'subject': 'drive.configuration.peripherals.adc.other.bridgeTemperature', 'operator': '!?', 'space': 'model', 'value': False}, 'name': 'adc', 'replacement': {'value': False}}
06-11 12:17 ui_data     :161  INFO     shadowed: replacement=False spec={'display': {'coverage': 'full', 'note': 'Not available on selected board'}, 'source': {'subject': 'drive.configuration.peripherals.adc.voltage.absoluteReference', 'operator': '!?', 'space': 'model', 'value': False}, 'name': 'adc', 'replacement': {'value': False}}
06-11 12:17 ui_data     :148  INFO     not shadowed spec={'display': {'coverage': 'full', 'note': 'Not available on selected board'}, 'source': {'subject': 'drive.configuration.peripherals.adc.voltage.a', 'operator': '!?', 'space': 'model', 'value': False}, 'name': 'adc', 'replacement': {'value': False}}
06-11 12:17 ui_data     :148  INFO     not shadowed spec={'display': {'coverage': 'full', 'note': 'Not available on selected board'}, 'source': {'subject': 'drive.configuration.peripherals.adc.voltage.b', 'operator': '!?', 'space': 'model', 'value': False}, 'name': 'adc', 'replacement': {'value': False}}
06-11 12:17 ui_data     :148  INFO     not shadowed spec={'display': {'coverage': 'full', 'note': 'Not available on selected board'}, 'source': {'subject': 'drive.configuration.peripherals.adc.voltage.c', 'operator': '!?', 'space': 'model', 'value': False}, 'name': 'adc', 'replacement': {'value': False}}
06-11 12:17 ui_data     :148  INFO     not shadowed spec={'display': {'coverage': 'full', 'note': 'Diagnostics UART not available on selected board'}, 'source': {'subject': 'drive.configuration.peripherals.uart', 'operator': '!?', 'space': 'model'}, 'name': 'uart', 'replacement': {'value': 'none'}}
06-11 12:17 init_data_model:473  INFO     code_generation_tag_map 2: {'estimator=ideal': False, 'deadtimecomp': u'none', 'estimator=pll': False, 'estimator=zsmt': False, 'flux_control': u'none', 'current_measure': u'dual_channel', 'estimator=smo': False, 'estimator=qei': False, 'estimator=minotaur': False, u'diagnostics': u'x2cscope', 'estimator=atpll': True, 'qei_sync': u'align', u'application': u'sample', 'startup': u'weathervane', 'dyn_current': u'none'}
06-11 12:17 init_data_model:108  INFO     Relocating None from None to velocity/fullscale
06-11 12:17 mcaf_parameters._init_manager:198  INFO     conditionally_declared_modules={'estimator=ideal': False, u'deadtimecomp=none': True, u'dyn_current=none': True, 'estimator=pll': False, u'diagnostics=x2cscope': True, 'estimator=zsmt': False, u'application=sample': True, 'estimator=smo': False, 'estimator=qei': False, 'estimator=minotaur': False, 'estimator=atpll': True, u'startup=weathervane': True, u'flux_control=none': True, u'qei_sync=align': True, u'current_measure=dual_channel': True}
06-11 12:17 mcaf_parameters._init_manager:154  INFO     Initializer audit: skip _common
06-11 12:17 mcaf_parameters._init_manager:154  INFO     Initializer audit: skip _estimator
06-11 12:17 mcaf_parameters._init_manager:154  INFO     Initializer audit: skip _init_manager
06-11 12:17 mcaf_parameters._init_manager:154  INFO     Initializer audit: skip _units
06-11 12:17 mcaf_parameters._init_manager:154  INFO     Initializer audit: use  adc
06-11 12:17 mcaf_parameters._init_manager:154  INFO     Initializer audit: use  atpll
06-11 12:17 mcaf_parameters._init_manager:154  INFO     Initializer audit: use  board_service
06-11 12:17 mcaf_parameters._init_manager:154  INFO     Initializer audit: skip current_measure
06-11 12:17 mcaf_parameters._init_manager:154  INFO     Initializer audit: skip deadtimecomp
06-11 12:17 mcaf_parameters._init_manager:154  INFO     Initializer audit: skip dyn_current1
06-11 12:17 mcaf_parameters._init_manager:154  INFO     Initializer audit: skip estimator_minotaur
06-11 12:17 mcaf_parameters._init_manager:154  INFO     Initializer audit: use  fault_detect
06-11 12:17 mcaf_parameters._init_manager:154  INFO     Initializer audit: skip flux_control
06-11 12:17 mcaf_parameters._init_manager:154  INFO     Initializer audit: use  foc
06-11 12:17 mcaf_parameters._init_manager:154  INFO     Initializer audit: use  hal
06-11 12:17 mcaf_parameters._init_manager:154  INFO     Initializer audit: use  mcapi
06-11 12:17 mcaf_parameters._init_manager:154  INFO     Initializer audit: use  motor
06-11 12:17 mcaf_parameters._init_manager:154  INFO     Initializer audit: use  operation
06-11 12:17 mcaf_parameters._init_manager:154  INFO     Initializer audit: use  outerloop
06-11 12:17 mcaf_parameters._init_manager:154  INFO     Initializer audit: use  overmodulation
06-11 12:17 mcaf_parameters._init_manager:154  INFO     Initializer audit: skip pll
06-11 12:17 mcaf_parameters._init_manager:154  INFO     Initializer audit: skip qei
06-11 12:17 mcaf_parameters._init_manager:154  INFO     Initializer audit: use  qei_sync
06-11 12:17 mcaf_parameters._init_manager:154  INFO     Initializer audit: use  recovery
06-11 12:17 mcaf_parameters._init_manager:154  INFO     Initializer audit: use  sat_pi
06-11 12:17 mcaf_parameters._init_manager:154  INFO     Initializer audit: skip smo
06-11 12:17 mcaf_parameters._init_manager:154  INFO     Initializer audit: use  startup
06-11 12:17 mcaf_parameters._init_manager:154  INFO     Initializer audit: use  timing
06-11 12:17 mcaf_parameters._init_manager:154  INFO     Initializer audit: skip zsmt
06-11 12:17 mcaf_parameters._init_manager:152  INFO     Initializer audit: adc.init_data_model=ok
06-11 12:17 mcaf_parameters._init_manager:152  INFO     Initializer audit: atpll.init_data_model=ok
06-11 12:17 mcaf_parameters._init_manager:152  INFO     Initializer audit: board_service.init_data_model=ok
06-11 12:17 mcaf_parameters._init_manager:152  INFO     Initializer audit: fault_detect.init_data_model=ok
06-11 12:17 mcaf_parameters._init_manager:152  INFO     Initializer audit: foc.init_data_model=ok
06-11 12:17 mcaf_parameters._init_manager:152  INFO     Initializer audit: hal.init_data_model=ok
06-11 12:17 mcaf_parameters._init_manager:152  INFO     Initializer audit: mcapi.init_data_model=ok
06-11 12:17 mcaf_parameters._init_manager:152  INFO     Initializer audit: motor.init_data_model=ok
06-11 12:17 mcaf_parameters._init_manager:152  INFO     Initializer audit: operation.init_data_model=absent
06-11 12:17 mcaf_parameters._init_manager:152  INFO     Initializer audit: outerloop.init_data_model=absent
06-11 12:17 mcaf_parameters._init_manager:152  INFO     Initializer audit: overmodulation.init_data_model=absent
06-11 12:17 mcaf_parameters._init_manager:152  INFO     Initializer audit: qei_sync.init_data_model=ok
06-11 12:17 mcaf_parameters._init_manager:152  INFO     Initializer audit: recovery.init_data_model=ok
06-11 12:17 mcaf_parameters._init_manager:152  INFO     Initializer audit: sat_pi.init_data_model=ok
06-11 12:17 mcaf_parameters._init_manager:152  INFO     Initializer audit: startup.init_data_model=ok
06-11 12:17 mcaf_parameters._init_manager:152  INFO     Initializer audit: timing.init_data_model=ok
06-11 12:17 mcaf_parameters._init_manager:243  INFO     Calculating parameters for mcaf_parameters.adc
06-11 12:17 mcaf_parameters._init_manager:243  INFO     Calculating parameters for mcaf_parameters.atpll
06-11 12:17 mcaf_parameters._init_manager:243  INFO     Calculating parameters for mcaf_parameters.board_service
06-11 12:17 mcaf_parameters._init_manager:243  INFO     Calculating parameters for mcaf_parameters.fault_detect
06-11 12:17 mcaf_parameters._init_manager:243  INFO     Calculating parameters for mcaf_parameters.foc
06-11 12:17 mcaf_parameters._init_manager:243  INFO     Calculating parameters for mcaf_parameters.hal
06-11 12:17 mcaf_parameters._init_manager:243  INFO     Calculating parameters for mcaf_parameters.mcapi
06-11 12:17 mcaf_parameters._init_manager:243  INFO     Calculating parameters for mcaf_parameters.motor
06-11 12:17 mcaf_parameters._init_manager:243  INFO     Calculating parameters for mcaf_parameters.operation
06-11 12:17 mcaf_parameters._init_manager:243  INFO     Calculating parameters for mcaf_parameters.outerloop
06-11 12:17 mcaf_parameters._init_manager:243  INFO     Calculating parameters for mcaf_parameters.overmodulation
06-11 12:17 mcaf_parameters._init_manager:243  INFO     Calculating parameters for mcaf_parameters.recovery
06-11 12:17 mcaf_parameters._init_manager:243  INFO     Calculating parameters for mcaf_parameters.startup
06-11 12:17 mcaf_parameters._init_manager:243  INFO     Calculating parameters for mcaf_parameters.timing
06-11 12:17 mcaf_parameters._init_manager:152  INFO     Initializer audit: adc.calculate_parameters=ok
06-11 12:17 mcaf_parameters._init_manager:152  INFO     Initializer audit: atpll.calculate_parameters=ok
06-11 12:17 mcaf_parameters._init_manager:152  INFO     Initializer audit: board_service.calculate_parameters=ok
06-11 12:17 mcaf_parameters._init_manager:152  INFO     Initializer audit: fault_detect.calculate_parameters=ok
06-11 12:17 mcaf_parameters._init_manager:152  INFO     Initializer audit: foc.calculate_parameters=ok
06-11 12:17 mcaf_parameters._init_manager:152  INFO     Initializer audit: hal.calculate_parameters=ok
06-11 12:17 mcaf_parameters._init_manager:152  INFO     Initializer audit: mcapi.calculate_parameters=ok
06-11 12:17 mcaf_parameters._init_manager:152  INFO     Initializer audit: motor.calculate_parameters=ok
06-11 12:17 mcaf_parameters._init_manager:152  INFO     Initializer audit: operation.calculate_parameters=ok
06-11 12:17 mcaf_parameters._init_manager:152  INFO     Initializer audit: outerloop.calculate_parameters=ok
06-11 12:17 mcaf_parameters._init_manager:152  INFO     Initializer audit: overmodulation.calculate_parameters=ok
06-11 12:17 mcaf_parameters._init_manager:152  INFO     Initializer audit: qei_sync.calculate_parameters=absent
06-11 12:17 mcaf_parameters._init_manager:152  INFO     Initializer audit: recovery.calculate_parameters=ok
06-11 12:17 mcaf_parameters._init_manager:152  INFO     Initializer audit: sat_pi.calculate_parameters=absent
06-11 12:17 mcaf_parameters._init_manager:152  INFO     Initializer audit: startup.calculate_parameters=ok
06-11 12:17 mcaf_parameters._init_manager:152  INFO     Initializer audit: timing.calculate_parameters=ok
06-11 12:17 mcaf_parameters._init_manager:152  INFO     Initializer audit: adc.annotate_parameters=ok
06-11 12:17 mcaf_parameters._init_manager:152  INFO     Initializer audit: atpll.annotate_parameters=ok
06-11 12:17 mcaf_parameters._init_manager:152  INFO     Initializer audit: board_service.annotate_parameters=ok
06-11 12:17 mcaf_parameters._init_manager:152  INFO     Initializer audit: fault_detect.annotate_parameters=ok
06-11 12:17 mcaf_parameters._init_manager:152  INFO     Initializer audit: foc.annotate_parameters=ok
06-11 12:17 mcaf_parameters._init_manager:152  INFO     Initializer audit: hal.annotate_parameters=ok
06-11 12:17 mcaf_parameters._init_manager:152  INFO     Initializer audit: mcapi.annotate_parameters=ok
06-11 12:17 mcaf_parameters._init_manager:152  INFO     Initializer audit: motor.annotate_parameters=ok
06-11 12:17 mcaf_parameters._init_manager:152  INFO     Initializer audit: operation.annotate_parameters=ok
06-11 12:17 mcaf_parameters._init_manager:152  INFO     Initializer audit: outerloop.annotate_parameters=absent
06-11 12:17 mcaf_parameters._init_manager:152  INFO     Initializer audit: overmodulation.annotate_parameters=ok
06-11 12:17 mcaf_parameters._init_manager:152  INFO     Initializer audit: qei_sync.annotate_parameters=absent
06-11 12:17 mcaf_parameters._init_manager:152  INFO     Initializer audit: recovery.annotate_parameters=ok
06-11 12:17 mcaf_parameters._init_manager:152  INFO     Initializer audit: sat_pi.annotate_parameters=ok
06-11 12:17 mcaf_parameters._init_manager:152  INFO     Initializer audit: startup.annotate_parameters=ok
06-11 12:17 mcaf_parameters._init_manager:152  INFO     Initializer audit: timing.annotate_parameters=ok
